meso_cluster_id	source_seq	source_id	n_works
1	1	41354064	93890
1	2	201989124	21812
1	3	205050996	17808
1	4	133942674	15798
1	5	4210200754	11366
1	6	67393510	11227
1	7	111155417	10415
1	8	205754296	10026
1	9	152760256	8874
1	10	21317199	8039
2	1	4306400194	18916
2	2	63459445	7679
2	3	10936095	7083
2	4	196647941	6673
2	5	147316732	6223
2	6	4502562	4610
2	7	2485537415	4526
2	8	49967189	3763
2	9	4306463937	3692
2	10	2493627025	2897
3	1	5555990	7562
3	2	4306525036	7102
3	3	4306402567	7052
3	4	4306463937	5941
3	5	4306463230	5678
3	6	96638545	4823
3	7	30122339	4817
3	8	81474683	4680
3	9	80334769	4237
3	10	160566677	3745
4	1	1980519	53910
4	2	195663288	50439
4	3	205231332	38912
4	4	4306400194	28353
4	5	4210212087	10715
4	6	100695177	9756
4	7	4306463937	9534
4	8	4210175824	6871
4	9	183492911	5415
4	10	4210238307	4963
5	1	4210172589	13619
5	2	4306401271	9106
5	3	4306463937	7361
5	4	4306463855	4255
5	5	4306463223	3518
5	6	4306463716	2657
5	7	4210213280	2330
5	8	4306463409	2275
5	9	4306401280	2129
5	10	10134376	1902
6	1	4306402567	13431
6	2	103225281	9199
6	3	137468011	9117
6	4	4306463937	6144
6	5	202381698	5104
6	6	5555990	4998
6	7	9692511	4083
6	8	4306400194	3930
6	9	68719679	3742
6	10	106296714	3511
7	1	2493613807	8222
7	2	42294715	6555
7	3	4306463937	6355
7	4	32610980	5304
7	5	4306402567	4761
7	6	10623703	4226
7	7	67862205	4162
7	8	48849333	3485
7	9	202381698	3335
7	10	115455909	3260
8	1	4210172589	8737
8	2	4306463937	6676
8	3	4306463409	3215
8	4	4306463855	3155
8	5	93284759	2925
8	6	4306401271	2668
8	7	4210172023	2081
8	8	25235501	2025
8	9	4306401280	1697
8	10	10134376	1682
9	1	2898246533	11932
9	2	2898405271	6021
9	3	51360982	5325
9	4	184954342	5216
9	5	4306400194	5066
9	6	4306463937	4160
9	7	156578089	3638
9	8	88061139	2859
9	9	183498172	2768
9	10	46640599	2692
10	1	119230507	6603
10	2	195250905	6451
10	3	107629180	6010
10	4	36624081	5338
10	5	108821158	5311
10	6	4306501062	4742
10	7	4210228715	4449
10	8	187199247	4306
10	9	207178839	4118
10	10	29724373	3955
11	1	195255895	6428
11	2	4306463937	4545
11	3	202381698	3982
11	4	80660208	3838
11	5	35917800	3127
11	6	4306402567	2643
11	7	102998770	2505
11	8	5043789	2416
11	9	2482021738	2248
11	10	58716519	2140
12	1	4210172589	50858
12	2	4306401271	33548
12	3	4306463937	4272
12	4	4210171147	3498
12	5	4306463716	2511
12	6	4306463855	1992
12	7	36178057	1964
12	8	201533460	1937
12	9	141184754	1795
12	10	4306401280	1740
13	1	4306400573	16450
13	2	4306402450	8413
13	3	4306402567	5765
13	4	4210172589	3532
13	5	202381698	3363
13	6	4306525036	3351
13	7	14436165	3074
13	8	4306400194	2632
13	9	196734849	2466
13	10	2738950867	2029
14	1	4306525036	9823
14	2	49878492	4910
14	3	171311646	3059
14	4	206830620	2858
14	5	148394532	2706
14	6	4306463937	2606
14	7	72944096	2497
14	8	202381698	2440
14	9	129060628	2176
14	10	4306402450	2081
15	1	29875816	9206
15	2	58031724	5549
15	3	198098182	4410
15	4	192268925	2960
15	5	28122330	2854
15	6	2485537415	2772
15	7	203966947	2283
15	8	168377509	2118
15	9	4210179954	2094
15	10	2764857692	2041
16	1	77047749	23951
16	2	146709414	14929
16	3	44567922	8221
16	4	181332294	8044
16	5	4306463937	7649
16	6	164566984	5778
16	7	137865625	5029
16	8	6791298	4450
16	9	185621672	4347
16	10	108417319	4131
17	1	4210172589	46674
17	2	4306400194	17795
17	3	4306401271	9542
17	4	4306463937	4399
17	5	2876017	1937
17	6	9424914	1925
17	7	182850260	1799
17	8	182689569	1771
17	9	198325475	1609
17	10	128350725	1199
18	1	146636433	28363
18	2	171072222	9739
18	3	166159787	7797
18	4	171616156	6578
18	5	203479135	6308
18	6	112227793	6247
18	7	95865439	6111
18	8	4306463937	5815
18	9	16561315	5663
18	10	111155417	4686
19	1	4306400194	47679
19	2	106296714	16883
19	3	2485537415	3654
19	4	4210191458	2313
19	5	2764900261	2205
19	6	110206669	2163
19	7	45693802	2010
19	8	101949793	1975
19	9	4210173141	1748
19	10	199944782	1610
20	1	4306463937	8072
20	2	4306463855	7957
20	3	4210172589	3838
20	4	4306478302	2442
20	5	94618750	1926
20	6	4306401271	1918
20	7	74847328	1538
20	8	4306463895	1444
20	9	4306401280	1287
20	10	156752806	1211
21	1	4306463937	7066
21	2	4210172589	4970
21	3	4306463855	4164
21	4	4210213280	2060
21	5	9692511	1795
21	6	184846731	1751
21	7	166002381	1720
21	8	4306401271	1582
21	9	4306463409	1419
21	10	4317411217	1308
22	1	183492911	14347
22	2	178776955	13025
22	3	2307745	9167
22	4	27723657	8583
22	5	134390580	7735
22	6	186881120	5034
22	7	4306418073	4435
22	8	4306420648	3664
22	9	72499069	2455
22	10	201441698	2429
23	1	38008053	13199
23	2	4306525036	6960
23	3	2595292759	5281
23	4	200071133	3813
23	5	4306463937	3745
23	6	126191069	3634
23	7	202381698	3559
23	8	4306463230	2726
23	9	4306402567	2641
23	10	125754415	2538
24	1	84179801	7619
24	2	117279562	7167
24	3	52195378	6353
24	4	1959426	5249
24	5	134307298	4530
24	6	202680183	4516
24	7	95739953	4267
24	8	7359802	4038
24	9	45890008	4022
24	10	41354064	3774
25	1	201921491	6407
25	2	198098182	4341
25	3	168377509	4238
25	4	4306400194	4151
25	5	151498627	2925
25	6	2497375143	2825
25	7	109565702	2742
25	8	59604973	2725
25	9	71857517	2436
25	10	2485537415	2346
26	1	80591372	8046
26	2	36624081	5980
26	3	93478396	5791
26	4	32061424	5191
26	5	90791864	4786
26	6	55737203	4590
26	7	70522100	3544
26	8	131264402	3327
26	9	4306463937	3323
26	10	202078656	3251
27	1	4306400194	29921
27	2	164566984	21238
27	3	4210182288	11508
27	4	24807848	10988
27	5	92819544	3891
27	6	148121101	3798
27	7	194044894	3532
27	8	4306463937	3236
27	9	4210237713	3086
27	10	104875562	2998
28	1	4306400194	25544
28	2	106296714	15152
28	3	4306424877	4593
28	4	2764900261	2482
28	5	4306463937	2396
28	6	4306402512	2373
28	7	4306419219	1880
28	8	4306420508	1860
28	9	4306525036	1796
28	10	2764905038	1781
29	1	4306463855	10377
29	2	4306463937	8630
29	3	4210172589	8039
29	4	4306462995	5845
29	5	4306463716	4997
29	6	4306463708	4173
29	7	4306463717	3292
29	8	2764375719	3060
29	9	4306401271	2012
29	10	4306464262	1745
30	1	154732359	11102
30	2	87940674	7240
30	3	64016596	4670
30	4	67425620	4551
30	5	165830345	4200
30	6	127530304	3745
30	7	75411654	3626
30	8	2764696622	3593
30	9	105962883	3302
30	10	4210189194	3267
31	1	177147899	11630
31	2	198339081	11141
31	3	2764437742	7667
31	4	138759888	6781
31	5	164001016	6564
31	6	67716761	6079
31	7	2481244646	4177
31	8	149937609	3806
31	9	2502627819	3284
31	10	137979523	3253
32	1	152000018	6032
32	2	22862804	5891
32	3	4306463937	5781
32	4	53336109	4843
32	5	4306400194	3275
32	6	148709879	3250
32	7	195914795	2463
32	8	4210171160	2338
32	9	138356703	2309
32	10	4210187594	2266
33	1	4306400194	17555
33	2	55189604	5006
33	3	4210172589	4516
33	4	128350725	4478
33	5	4306463937	4208
33	6	4306401271	3141
33	7	132362803	3049
33	8	25707077	2646
33	9	153329750	2627
33	10	4394736638	2570
34	1	4306400194	36169
34	2	4210210554	16604
34	3	187585107	14062
34	4	4210238307	13624
34	5	173952182	11677
34	6	94052278	8330
34	7	4210187594	8114
34	8	4210182546	7182
34	9	24807848	5944
34	10	62159105	5689
35	1	178776955	8308
35	2	183492911	7097
35	3	105243760	5153
35	4	134390580	3259
35	5	4306400194	3192
35	6	95739953	3155
35	7	186881120	2527
35	8	143846845	2516
35	9	187991544	2506
35	10	196734849	2393
36	1	4306525036	6999
36	2	144105592	6265
36	3	4306463937	4803
36	4	113871862	4087
36	5	84074229	3114
36	6	171176648	2802
36	7	117485531	2636
36	8	168041952	2506
36	9	87202501	2372
36	10	17992710	2148
37	1	140251998	8875
37	2	4306402567	5458
37	3	4306525036	4106
37	4	202381698	3359
37	5	4306463937	3162
37	6	125754415	2889
37	7	5677253	2769
37	8	151589183	2763
37	9	188085164	2428
37	10	96410829	2332
38	1	156006901	4700
38	2	45281609	3482
38	3	4306525036	3332
38	4	4306463937	2850
38	5	142952003	2406
38	6	202381698	2357
38	7	4306402567	2207
38	8	181675524	2148
38	9	110924429	2135
38	10	38337076	1874
39	1	106296714	6303
39	2	4306400194	3705
39	3	4306463937	3168
39	4	49967189	2165
39	5	4210206007	2071
39	6	101949793	1799
39	7	2485537415	1783
39	8	2764900261	1687
39	9	2764905038	1678
39	10	4210179954	1467
40	1	135458494	9411
40	2	4306463937	3984
40	3	4210196743	2703
40	4	4306402567	2425
40	5	2493613807	2423
40	6	29946585	2171
40	7	2484704948	2156
40	8	188770946	2121
40	9	63107127	2085
40	10	85201822	2085
41	1	4306525036	7682
41	2	47215897	6283
41	3	124275759	4758
41	4	53087977	2934
41	5	5248501	2676
41	6	202381698	2573
41	7	2736332253	2561
41	8	129764719	2218
41	9	72350973	2068
41	10	4306463937	2006
42	1	106296714	9106
42	2	4306400194	4608
42	3	4306463937	3420
42	4	63392143	2343
42	5	115004586	1819
42	6	158797327	1462
42	7	62238642	1450
42	8	183492911	1372
42	9	2485537415	1305
42	10	2493627025	1256
43	1	4306402567	5895
43	2	22454499	4403
43	3	202381698	3307
43	4	96685181	3018
43	5	4306463937	2732
43	6	65932378	2517
43	7	87560609	2379
43	8	4210173499	2266
43	9	176933442	2226
43	10	149191589	1742
44	1	4210198353	11287
44	2	162708223	11196
44	3	207178839	6476
44	4	86852077	4289
44	5	36624081	3429
44	6	13479253	3347
44	7	4210205282	3200
44	8	4306463937	2977
44	9	70769875	2849
44	10	946213959	2738
45	1	200764475	14434
45	2	186054908	8071
45	3	177196338	5135
45	4	10124807	4426
45	5	123288148	3813
45	6	4306463230	3386
45	7	135472351	3084
45	8	114499311	2985
45	9	67425620	2573
45	10	4306463937	2359
46	1	62391475	4961
46	2	86852077	3573
46	3	4306463937	3250
46	4	11781297	3195
46	5	201473135	3120
46	6	59755854	2552
46	7	1666925	2528
46	8	185297315	2449
46	9	159568494	2408
46	10	148244296	2217
47	1	106296714	13074
47	2	4306400194	5545
47	3	4306463937	4441
47	4	2764900261	2217
47	5	37879656	1948
47	6	205010575	1872
47	7	6725529	1735
47	8	8351582	1453
47	9	186921487	1397
47	10	4210177767	1367
48	1	25155249	6222
48	2	108427512	6206
48	3	4306525036	4294
48	4	4306463937	3283
48	5	284573	2933
48	6	77085303	2324
48	7	79704628	2012
48	8	202381698	2012
48	9	4306402450	1886
48	10	175287009	1740
49	1	4306525036	6381
49	2	20605092	5834
49	3	202381698	5611
49	4	96615428	5506
49	5	157460402	5491
49	6	161282271	3656
49	7	6142729	3490
49	8	103377564	3247
49	9	66330005	2383
49	10	4306463937	2121
50	1	106296714	4639
50	2	4306463937	4243
50	3	4306463409	3917
50	4	4306463855	2470
50	5	4210172589	1551
50	6	4306401280	1425
50	7	4210172634	1415
50	8	4210179225	1385
50	9	104917558	1341
50	10	4306508766	1255
51	1	28349394	11263
51	2	72684844	7048
51	3	4210168508	3638
51	4	54426137	3131
51	5	14620535	2755
51	6	127169255	2682
51	7	43044067	2590
51	8	171407314	2501
51	9	66388299	2393
51	10	153189382	2298
52	1	162372621	3381
52	2	4210200322	3329
52	3	4210238371	3302
52	4	36624081	3212
52	5	4306463937	3162
52	6	207705515	3112
52	7	207178839	3101
52	8	172051550	2315
52	9	2596539584	2199
52	10	86852077	2187
53	1	4306525036	8561
53	2	108525051	5690
53	3	76900504	3225
53	4	71995303	2984
53	5	143944388	2922
53	6	105319247	2621
53	7	4210207896	2534
53	8	68090385	2515
53	9	93356601	2408
53	10	153558830	2316
54	1	159210951	6167
54	2	81424476	5022
54	3	68052730	3751
54	4	4306463937	3228
54	5	56162041	2683
54	6	119230507	2611
54	7	4306463230	2422
54	8	85417211	2337
54	9	7538555	2253
54	10	16821847	1996
55	1	4306525036	5665
55	2	110785341	3663
55	3	115427279	3395
55	4	200437886	3026
55	5	15239247	2955
55	6	126804734	2604
55	7	4306463937	2175
55	8	202381698	2078
55	9	14544163	2047
55	10	206696595	1907
56	1	76304953	11717
56	2	4306525036	8317
56	3	107025856	7268
56	4	145806103	5251
56	5	4306463937	4039
56	6	50016660	3717
56	7	207341048	3495
56	8	174695746	3314
56	9	79587146	3243
56	10	69264623	2798
57	1	4306525036	6038
57	2	143832381	5445
57	3	46732370	5338
57	4	163651451	5241
57	5	128634829	5236
57	6	4306463937	3527
57	7	116251202	3073
57	8	60865174	2971
57	9	14436165	2552
57	10	75756335	2494
58	1	105243760	7030
58	2	187991544	5867
58	3	162355128	5223
58	4	143744711	5117
58	5	2530005873	3525
58	6	84339699	3497
58	7	19887683	3475
58	8	77418581	2541
58	9	4210205149	2387
58	10	4210171700	2304
59	1	4306462995	10712
59	2	2764375719	7723
59	3	4306463716	5836
59	4	4306463855	5414
59	5	4306463937	4778
59	6	4306463708	3898
59	7	4306463717	3564
59	8	4306463122	1772
59	9	4306462964	1749
59	10	4210172589	1270
60	1	29980478	16558
60	2	186020892	4709
60	3	18714766	4098
60	4	123887920	3444
60	5	4210189194	3433
60	6	67425620	3324
60	7	4306463075	2878
60	8	111427844	2639
60	9	4210178770	2490
60	10	2764478331	2488
61	1	4306525036	6079
61	2	42921845	4754
61	3	183718435	4527
61	4	4306463937	3769
61	5	4306463230	3503
61	6	48878068	2533
61	7	169018744	2336
61	8	123151105	2234
61	9	75142505	2134
61	10	202381698	1856
62	1	106296714	12331
62	2	4306400194	5329
62	3	4306463937	3985
62	4	148324379	1643
62	5	4306402512	1537
62	6	157670870	1263
62	7	97130795	1229
62	8	32326811	1107
62	9	4210193905	1079
62	10	4306418181	1066
63	1	4210172589	41556
63	2	4306401271	5062
63	3	4306463937	2436
63	4	152282257	1620
63	5	2798341630	1580
63	6	160506855	1286
63	7	4306401280	1216
63	8	4306463855	1106
63	9	65924262	1091
63	10	48254654	943
64	1	9351502	4009
64	2	20111203	3999
64	3	171471881	3531
64	4	57183551	3438
64	5	200038611	3182
64	6	4210238371	3018
64	7	178886870	2858
64	8	28438197	2382
64	9	4306463937	2247
64	10	207943242	2229
65	1	96743589	4553
65	2	171471881	3730
65	3	4306463937	2899
65	4	155333626	2833
65	5	202381698	2643
65	6	2596539584	2630
65	7	101229256	2586
65	8	118082147	2562
65	9	104261359	2394
65	10	130807758	2388
66	1	106296714	14955
66	2	183492911	5136
66	3	4306400194	4982
66	4	4306463937	3000
66	5	110206669	1643
66	6	4210173141	1406
66	7	414566	1368
66	8	2764905038	1234
66	9	151820558	1144
66	10	4306402512	1083
67	1	4306400194	30374
67	2	187585107	23620
67	3	4210210554	13637
67	4	4210238307	10523
67	5	173952182	7507
67	6	171172751	7287
67	7	120662888	6501
67	8	94052278	4728
67	9	4210194812	4599
67	10	68175919	3333
68	1	203465130	7905
68	2	13479253	5846
68	3	86852077	5162
68	4	136710263	4724
68	5	201530359	4083
68	6	87561820	3612
68	7	13733787	3097
68	8	101229256	2679
68	9	4306463937	2669
68	10	145089992	2213
69	1	45445671	9658
69	2	4306525036	6478
69	3	127900037	4425
69	4	43044067	4252
69	5	130598054	3508
69	6	4306463937	3456
69	7	87865284	3205
69	8	206719219	2635
69	9	189402472	2546
69	10	199941106	2413
70	1	4306400194	57427
70	2	40813394	3850
70	3	184147796	2943
70	4	4306463937	2559
70	5	4210226894	2004
70	6	111381568	1972
70	7	141074886	1828
70	8	125230230	1799
70	9	53865935	1664
70	10	106296714	1639
71	1	4306402567	9613
71	2	134668137	4893
71	3	140251998	3467
71	4	4306525036	3255
71	5	202381698	3042
71	6	81455967	2258
71	7	125754415	2219
71	8	4210172139	2140
71	9	156208185	1970
71	10	64187185	1966
72	1	106296714	6068
72	2	169411308	3677
72	3	179157397	3420
72	4	4306400194	3038
72	5	4306463937	2995
72	6	192650101	2648
72	7	65753830	2292
72	8	2764905038	2005
72	9	4210229206	1708
72	10	134177497	1457
73	1	42323631	4860
73	2	134307298	4558
73	3	95739953	4086
73	4	2481244646	3560
73	5	149937609	3079
73	6	67716761	2814
73	7	102276873	2399
73	8	2764437742	2393
73	9	204609040	2328
73	10	48860480	2303
74	1	6791298	14043
74	2	119074828	12206
74	3	139340696	11454
74	4	4210237713	8220
74	5	93909106	5951
74	6	24807848	5817
74	7	119212824	4979
74	8	4210174675	4861
74	9	4306400194	4725
74	10	34296711	4705
75	1	4306525036	5218
75	2	109998069	4007
75	3	115510430	3702
75	4	70513841	3169
75	5	4306463937	2986
75	6	186215666	2443
75	7	131590804	2265
75	8	82881359	2136
75	9	60503757	1978
75	10	134936136	1694
76	1	165454098	8262
76	2	154695693	4800
76	3	4306463075	3628
76	4	93312259	3574
76	5	2898442875	3176
76	6	29980478	3054
76	7	4210178770	2771
76	8	205118121	2707
76	9	67425620	2437
76	10	128754310	2365
77	1	4306525036	7210
77	2	60865174	5295
77	3	185186944	4033
77	4	41314575	3007
77	5	4306463937	2974
77	6	116251202	2957
77	7	181568219	2442
77	8	13342628	2351
77	9	40505786	2315
77	10	46995015	2114
78	1	146976949	5473
78	2	171471881	3012
78	3	92562763	2371
78	4	31777576	2308
78	5	4306463937	2263
78	6	161676133	2008
78	7	28057480	1901
78	8	26596028	1854
78	9	202381698	1754
78	10	87930725	1600
79	1	6791298	9268
79	2	105243760	7762
79	3	183492911	6637
79	4	187991544	5087
79	5	24807848	4191
79	6	23074404	3856
79	7	10719676	3778
79	8	4210174675	3539
79	9	4306463937	3438
79	10	4210237713	3177
80	1	4306401271	19790
80	2	4210172589	18942
80	3	4306463937	3186
80	4	4306463855	2094
80	5	4306463716	1335
80	6	4306463223	1287
80	7	45372229	1273
80	8	4306401280	1270
80	9	4306462995	1004
80	10	198098467	915
81	1	4306400194	7900
81	2	106296714	6203
81	3	4306463937	2368
81	4	183492911	1928
81	5	101949793	1802
81	6	4210169774	1508
81	7	2485537415	1377
81	8	2898246533	1127
81	9	4210179954	1080
81	10	2764905038	999
82	1	4306400194	5187
82	2	183492911	5099
82	3	106296714	4538
82	4	4210173141	2369
82	5	115173108	2073
82	6	110206669	1581
82	7	4306463937	1577
82	8	2485537415	1486
82	9	38090728	976
82	10	4210179954	924
83	1	4306525036	4124
83	2	98026630	4123
83	3	134644764	3805
83	4	108911230	3069
83	5	4210196743	1762
83	6	4306463230	1744
83	7	4306463937	1611
83	8	29564236	1311
83	9	38919146	1260
83	10	2737566431	1138
84	1	4210172589	21623
84	2	4306401271	11508
84	3	4306400194	6460
84	4	4306463937	4212
84	5	106296714	3138
84	6	94044085	2423
84	7	62201805	2022
84	8	149131268	1655
84	9	36178057	1567
84	10	4306462995	1227
85	1	156181945	7241
85	2	98455728	7160
85	3	191963794	6303
85	4	79832926	4869
85	5	124795565	4047
85	6	143604795	3981
85	7	192559872	3950
85	8	198339081	3488
85	9	12065667	3110
85	10	105746325	3077
86	1	106296714	9580
86	2	4306400194	5894
86	3	4306463937	2888
86	4	2764900261	1846
86	5	2764905038	1757
86	6	12529635	1672
86	7	2485537415	1488
86	8	4210172589	1184
86	9	4210169156	1178
86	10	4306463409	1049
87	1	145575934	7197
87	2	4306400194	2835
87	3	4306463937	2372
87	4	10134376	2180
87	5	64511102	2131
87	6	144771191	1977
87	7	4210172589	1878
87	8	2764743394	1777
87	9	106296714	1765
87	10	159637997	1760
88	1	4306400194	55164
88	2	184147796	4691
88	3	53865935	3339
88	4	4805881	2245
88	5	55337115	2199
88	6	122441808	2141
88	7	20133105	2034
88	8	4210226894	1971
88	9	106486924	1882
88	10	4306463937	1568
89	1	2484704948	2941
89	2	4306402567	2902
89	3	4306525036	2641
89	4	4306463230	2481
89	5	4306402450	2464
89	6	202381698	2172
89	7	196734849	1946
89	8	110785341	1860
89	9	158228368	1702
89	10	4306463937	1455
90	1	106296714	11643
90	2	4306400194	7125
90	3	4306463937	2663
90	4	45693802	1837
90	5	414566	1792
90	6	2764905038	1498
90	7	183492911	1493
90	8	2764900261	1405
90	9	2485537415	1389
90	10	110206669	1228
91	1	4306463855	4607
91	2	4306463937	3248
91	3	4306463637	2091
91	4	4306401280	1970
91	5	4306462995	1856
91	6	130873806	1598
91	7	4306463091	1519
91	8	2764590641	1492
91	9	104917558	1266
91	10	4306463716	1242
92	1	4306525036	7258
92	2	15137598	5101
92	3	168522863	3354
92	4	4306463937	3251
92	5	142211178	2985
92	6	181123643	2178
92	7	177486402	2112
92	8	110533041	1840
92	9	41454044	1744
92	10	169520197	1700
93	1	4210172589	4177
93	2	4306463937	4038
93	3	184816971	3319
93	4	65690446	2504
93	5	10134376	2385
93	6	58516903	2377
93	7	103321696	2235
93	8	196821226	1413
93	9	149070780	1219
93	10	4210185096	929
94	1	4210237713	11269
94	2	6791298	6510
94	3	4306400194	5998
94	4	105243760	4177
94	5	24807848	3930
94	6	143846845	3043
94	7	188605413	2709
94	8	95739953	2609
94	9	145476921	2595
94	10	23181512	2497
95	1	4306463937	5956
95	2	68052730	3587
95	3	190270160	3387
95	4	2764743818	2702
95	5	4306463855	2546
95	6	173880072	2474
95	7	4306462995	2233
95	8	126146781	1910
95	9	4306463705	1683
95	10	35778795	1667
96	1	4363604106	20205
96	2	19016632	5745
96	3	186935893	4337
96	4	164770093	2539
96	5	55916960	2138
96	6	93565542	1967
96	7	4306463230	1829
96	8	35794861	1819
96	9	142630227	1818
96	10	75069817	1789
97	1	4306525036	6769
97	2	19793444	4182
97	3	54816476	2971
97	4	135934248	2926
97	5	4306463937	2553
97	6	144187503	2299
97	7	74622277	1882
97	8	4306402450	1267
97	9	47192491	1204
97	10	192814187	1152
98	1	11296630	6007
98	2	4306525036	5355
98	3	19176856	4673
98	4	82774605	3275
98	5	4306463937	2880
98	6	200672447	2647
98	7	198335345	2529
98	8	170890380	2448
98	9	42775958	2239
98	10	163740676	2070
99	1	4306525036	6434
99	2	4306402450	3632
99	3	202381698	3406
99	4	10623703	2768
99	5	196734849	2479
99	6	126644158	2372
99	7	4306402567	1948
99	8	58832373	1735
99	9	95395365	1640
99	10	151589183	1539
100	1	161954266	3932
100	2	163807576	2899
100	3	164001016	2608
100	4	131016564	2451
100	5	4306463230	2133
100	6	2479884170	2096
100	7	101287785	1866
100	8	145476921	1816
100	9	23181512	1722
100	10	22793308	1694
101	1	86852077	4866
101	2	87561820	3403
101	3	4306525036	3171
101	4	203465130	3023
101	5	13479253	2789
101	6	201530359	2594
101	7	11732831	2053
101	8	145089992	1948
101	9	101229256	1769
101	10	4306463937	1615
102	1	4306400194	3499
102	2	4306463937	3116
102	3	106296714	2826
102	4	6785741	2105
102	5	4210169774	2096
102	6	4210194614	1875
102	7	128754310	1575
102	8	92163612	1287
102	9	2913450704	1113
102	10	144620930	1112
103	1	4210202285	12635
103	2	164770093	6945
103	3	32869529	5188
103	4	4210174958	3838
103	5	48860480	2931
103	6	186935893	2024
103	7	62676688	1895
103	8	4306463937	1892
103	9	2497375143	1876
103	10	4210208105	1591
104	1	4924609	12104
104	2	41354064	9612
104	3	108008259	6910
104	4	4210168331	6587
104	5	166159787	6515
104	6	171072222	6426
104	7	111155417	5436
104	8	4210200754	5381
104	9	67393510	5262
104	10	68911691	4185
105	1	59479367	8261
105	2	85738991	7516
105	3	189798733	4938
105	4	149016011	2845
105	5	198879913	2734
105	6	130260941	2327
105	7	43247408	2153
105	8	37189094	2066
105	9	4306418306	1803
105	10	2485537415	1795
106	1	48860480	8105
106	2	177147899	6380
106	3	198339081	5473
106	4	2764437742	4084
106	5	138759888	3528
106	6	164001016	2626
106	7	95739953	2499
106	8	4210205149	2441
106	9	37391459	2090
106	10	143604795	1939
107	1	4306463855	2575
107	2	4306463937	2265
107	3	9692511	1966
107	4	61781353	1914
107	5	110744938	1705
107	6	86063550	1670
107	7	94640471	1488
107	8	145511678	1296
107	9	4306462995	1067
107	10	4306463230	1053
108	1	4306525036	7737
108	2	155128447	4317
108	3	11852655	4010
108	4	31573680	2687
108	5	46544255	2539
108	6	161475033	2163
108	7	80413395	2052
108	8	4306463937	1932
108	9	8555896	1725
108	10	4306463230	1683
109	1	4210172589	15133
109	2	4306401271	12254
109	3	4306463937	3959
109	4	4306463855	3280
109	5	4306463708	2103
109	6	4306463716	1957
109	7	4306463223	1460
109	8	4306464262	1379
109	9	4306462995	1189
109	10	163774179	847
110	1	157690423	4163
110	2	152904045	2923
110	3	121360315	2856
110	4	3006207977	2820
110	5	4306402567	2605
110	6	202381698	2467
110	7	188482970	2434
110	8	136529485	2331
110	9	87560609	2082
110	10	4306463937	1981
111	1	171076697	5183
111	2	99846442	4809
111	3	105243760	4507
111	4	2500738039	3368
111	5	164001016	2939
111	6	95739953	2931
111	7	99352657	2847
111	8	177196338	2402
111	9	135204980	2373
111	10	187991544	1879
112	1	106296714	10616
112	2	4306463937	3666
112	3	4306400194	1320
112	4	2764900261	1240
112	5	4306463409	1199
112	6	2764905038	1032
112	7	71913804	1022
112	8	4306402512	913
112	9	101949793	863
112	10	4306463230	751
113	1	200071133	17470
113	2	4306525036	5894
113	3	59987174	3909
113	4	14436165	3657
113	5	183182149	3520
113	6	149476849	2760
113	7	153015021	2352
113	8	136942575	2199
113	9	15137598	2121
113	10	4306463937	2023
114	1	4210172589	7602
114	2	4306401271	5983
114	3	58516903	4210
114	4	87561820	4181
114	5	10134376	3741
114	6	4306463937	3338
114	7	175056054	2932
114	8	94499970	1824
114	9	108239708	1735
114	10	4306463855	1453
115	1	4306463937	3990
115	2	4306525036	2184
115	3	4306463855	1779
115	4	4019948	1749
115	5	60711021	1501
115	6	87914957	1480
115	7	4306463230	1273
115	8	58220144	1188
115	9	177929781	1025
115	10	159275680	934
116	1	4306463091	6897
116	2	4306463708	4092
116	3	4306462995	2982
116	4	11296630	2515
116	5	4306463855	1646
116	6	4306402512	1609
116	7	105737376	1606
116	8	4210177968	1450
116	9	4210203166	1373
116	10	4210217077	1352
117	1	4306400194	27572
117	2	106296714	11991
117	3	18902827	5146
117	4	171741597	4078
117	5	4306463937	2743
117	6	90727058	2258
117	7	193368155	2037
117	8	186126824	1718
117	9	902237881	1616
117	10	38448739	1591
118	1	4306525036	6714
118	2	122069063	3385
118	3	75411654	2868
118	4	43139658	2400
118	5	163807576	2267
118	6	184573928	2264
118	7	166781098	1966
118	8	136026792	1916
118	9	106928643	1803
118	10	4306463230	1758
119	1	102181007	10774
119	2	4306402567	7851
119	3	2764892991	5796
119	4	52395412	2848
119	5	4306463937	2449
119	6	4210232526	2440
119	7	202381698	2351
119	8	2484704948	2106
119	9	2756006110	1873
119	10	134668137	1786
120	1	106296714	26256
120	2	4306400194	11390
120	3	4306463937	4758
120	4	50368787	2861
120	5	148324379	2367
120	6	4306402512	1913
120	7	90727058	1493
120	8	2898246533	1230
120	9	21029587	840
120	10	4210216081	840
121	1	4306525036	8191
121	2	28527816	3995
121	3	4306463937	3961
121	4	10058814	2502
121	5	15137598	2193
121	6	193617204	2128
121	7	195182175	2092
121	8	185605772	1830
121	9	181459644	1803
121	10	4306463230	1723
122	1	168584722	5566
122	2	98026630	5477
122	3	4306463230	3587
122	4	26760650	3578
122	5	134644764	3072
122	6	38919146	2522
122	7	64311837	2447
122	8	2737939966	2425
122	9	83853393	2153
122	10	106548112	2142
123	1	4306525036	7300
123	2	186113128	4414
123	3	97303050	3225
123	4	18197459	2704
123	5	4306463937	2662
123	6	31231878	2234
123	7	115693375	2230
123	8	25178087	1969
123	9	172421378	1808
123	10	4306463230	1777
124	1	4306463937	5828
124	2	4306525036	5165
124	3	51654951	3826
124	4	41600865	3631
124	5	154904565	3535
124	6	4306463230	3204
124	7	107905979	2724
124	8	194540436	2359
124	9	136578784	1984
124	10	2755168269	1928
125	1	187991544	6809
125	2	105243760	6453
125	3	67716761	5077
125	4	106928643	5062
125	5	154037165	4675
125	6	6791298	4560
125	7	189509794	3675
125	8	3649266	3296
125	9	53162366	3094
125	10	143744711	2743
126	1	4306525036	6066
126	2	200071133	5239
126	3	164469042	3703
126	4	37667796	3650
126	5	134546602	3227
126	6	206235894	2930
126	7	4306463937	2656
126	8	14436165	2642
126	9	4306463230	1655
126	10	118812467	1507
127	1	106296714	7530
127	2	4306400194	4022
127	3	4306463937	2545
127	4	4210187594	1597
127	5	186357190	1540
127	6	2764905038	1378
127	7	2764900261	1362
127	8	11065456	1119
127	9	4210206007	1092
127	10	4306463409	977
128	1	145089992	3927
128	2	149937609	3375
128	3	124203677	2824
128	4	203465130	2411
128	5	87561820	2287
128	6	2764859491	2167
128	7	2481244646	1650
128	8	204609040	1602
128	9	21442059	1415
128	10	189140625	1323
129	1	4306525036	4369
129	2	80731565	3027
129	3	93288122	2895
129	4	14436165	2485
129	5	4306463937	2292
129	6	47215897	2136
129	7	4306402567	1840
129	8	2737643958	1824
129	9	202381698	1579
129	10	154926289	1569
130	1	4306463937	5844
130	2	4306463855	5029
130	3	4210172589	4323
130	4	4306463708	1591
130	5	4306525036	1376
130	6	140831787	1343
130	7	74425203	1247
130	8	140176541	1206
130	9	4306462995	1146
130	10	27273401	1123
131	1	98455728	6377
131	2	105243760	3648
131	3	42323631	3152
131	4	84339699	3143
131	5	187991544	3037
131	6	67716761	2989
131	7	189509794	2750
131	8	55626769	2429
131	9	106928643	2063
131	10	2764696622	1714
132	1	86558740	4579
132	2	4306402567	4397
132	3	136634221	4013
132	4	4306525036	3668
132	5	202381698	2813
132	6	140251998	2175
132	7	104993753	2081
132	8	4306463937	1917
132	9	125754415	1658
132	10	4306463230	1435
133	1	152760256	6160
133	2	41354064	5354
133	3	111155417	4828
133	4	4210200754	4382
133	5	68911691	4362
133	6	67393510	4359
133	7	205050996	2552
133	8	137084839	2504
133	9	133942674	2443
133	10	2481244646	2403
134	1	4306463937	4825
134	2	4306463855	3080
134	3	4210172589	2168
134	4	94908168	1472
134	5	4306478302	1417
134	6	21299528	1188
134	7	4306401271	1156
134	8	71326023	1145
134	9	162196882	1122
134	10	4210176587	857
135	1	62532593	7486
135	2	4306525036	5137
135	3	4210174059	3112
135	4	4306463937	2961
135	5	59624048	2712
135	6	66405466	2432
135	7	101278519	2238
135	8	111727011	2075
135	9	96975567	1992
135	10	79704628	1808
136	1	4306463937	2917
136	2	4306525036	2864
136	3	29564236	2683
136	4	4210236671	2400
136	5	88454195	1906
136	6	108911230	1845
136	7	999813893	1760
136	8	205999849	1525
136	9	41354064	1490
136	10	39653451	1341
137	1	106296714	16078
137	2	4306463937	5330
137	3	4306400194	4203
137	4	4210226185	1686
137	5	2764900261	1608
137	6	4306402512	1497
137	7	4306463409	1385
137	8	30698027	922
137	9	2764905038	815
137	10	4306463230	815
138	1	83637746	4170
138	2	198879913	3078
138	3	76600781	2352
138	4	149016011	2056
138	5	37189094	2012
138	6	93916849	1979
138	7	116977442	1894
138	8	59479367	1554
138	9	4306463937	1370
138	10	4394736632	1017
139	1	90999920	8788
139	2	129676613	4239
139	3	118246204	3179
139	4	128740003	2666
139	5	4210206986	2177
139	6	2764696622	1962
139	7	29537273	1851
139	8	58867329	1549
139	9	84964104	1434
139	10	130017051	1408
140	1	4306525036	4344
140	2	202381698	2132
140	3	140251998	1766
140	4	129060628	1664
140	5	157527038	1503
140	6	151589183	1447
140	7	205775358	1370
140	8	196637695	1307
140	9	4306463937	1269
140	10	10623703	1193
141	1	106296714	19652
141	2	2764847869	7618
141	3	4306400194	4135
141	4	4306463937	3432
141	5	2485537415	1587
141	6	2764900261	1141
141	7	120683614	1001
141	8	166990724	994
141	9	2764905038	955
141	10	110206669	865
142	1	4306525036	8513
142	2	202381698	3365
142	3	124285728	2002
142	4	29633479	1692
142	5	53087977	1614
142	6	14436165	1477
142	7	171015910	1421
142	8	4306402450	1314
142	9	4306463937	1271
142	10	47215897	1197
143	1	133274750	6298
143	2	4306402567	5795
143	3	134668137	3790
143	4	102549058	3464
143	5	140251998	3307
143	6	125754415	2910
143	7	46058472	2305
143	8	202381698	2277
143	9	4306463937	2040
143	10	2484704948	1903
144	1	187991544	9767
144	2	3649266	9742
144	3	50523690	6215
144	4	105243760	5921
144	5	6791298	4809
144	6	67716761	4445
144	7	4210237713	3640
144	8	4306463937	2614
144	9	24807848	2010
144	10	190924190	1847
145	1	4306401271	5895
145	2	4210172589	3040
145	3	4306463937	2971
145	4	4306463855	2939
145	5	80485027	1617
145	6	10134376	1241
145	7	4210195883	1180
145	8	85457386	968
145	9	4317411217	936
145	10	95823145	853
146	1	4306463708	8949
146	2	4306463937	5831
146	3	4306463855	4147
146	4	255146	4018
146	5	4306462995	3226
146	6	147022693	2324
146	7	121299002	1783
146	8	63151042	1490
146	9	4306463091	1464
146	10	204374153	1344
147	1	177196338	9465
147	2	75741262	4393
147	3	200764475	4022
147	4	92465984	3769
147	5	186054908	3690
147	6	187215728	3260
147	7	6377669	2511
147	8	135472351	2182
147	9	130615878	2020
147	10	11629336	2006
148	1	150708336	6162
148	2	14544163	4195
148	3	4306525036	3974
148	4	205145379	2725
148	5	95965737	2122
148	6	2502187214	1918
148	7	140889577	1882
148	8	26699211	1602
148	9	4306463937	1433
148	10	4306514452	1409
149	1	106296714	8118
149	2	4306463937	2985
149	3	4306400194	2906
149	4	48050435	2542
149	5	140556538	1475
149	6	2764905038	1273
149	7	2764461748	1213
149	8	65753830	1035
149	9	93787993	1022
149	10	128754310	983
150	1	188673600	5744
150	2	59020844	4865
150	3	67716761	4316
150	4	199247034	4103
150	5	183492911	3402
150	6	106928643	2835
150	7	53162366	1992
150	8	178776955	1797
150	9	134390580	1606
150	10	189509794	1546
151	1	4306463937	3891
151	2	45333638	3779
151	3	53055215	3047
151	4	10873304	2655
151	5	4306525036	2340
151	6	4306463855	2181
151	7	180657665	1850
151	8	53301456	1561
151	9	4210172589	1334
151	10	91771295	952
152	1	200071133	9941
152	2	4306525036	6006
152	3	14436165	3477
152	4	27064115	2783
152	5	15137598	2729
152	6	4306463937	2305
152	7	153015021	1717
152	8	96615428	1574
152	9	4306463230	1328
152	10	23714410	1062
153	1	4306525036	3777
153	2	134668137	2932
153	3	140251998	2659
153	4	4306402567	2278
153	5	3892243	2258
153	6	29775604	1925
153	7	4306463230	1766
153	8	4306463937	1708
153	9	202381698	1476
153	10	125754415	1441
154	1	76304953	8750
154	2	19572933	4769
154	3	4306525036	4417
154	4	4306463937	2549
154	5	50016660	2457
154	6	93410275	2257
154	7	207341048	2016
154	8	79587146	1999
154	9	167047176	1816
154	10	202381698	1717
155	1	106928643	7775
155	2	158447136	5336
155	3	53162366	4241
155	4	76010543	3608
155	5	75411654	3054
155	6	154732359	3019
155	7	87940674	2881
155	8	67716761	2757
155	9	53926609	2263
155	10	67425620	2089
156	1	4306525036	5118
156	2	115964404	4484
156	3	67880631	3544
156	4	128891601	2743
156	5	154226970	2053
156	6	67902008	1678
156	7	193501741	1611
156	8	4306463937	1575
156	9	4306463230	1341
156	10	202381698	1114
157	1	4026894	8554
157	2	4306525036	5533
157	3	100227592	5331
157	4	112180307	4654
157	5	4306463937	4326
157	6	4306463230	3073
157	7	59624048	3031
157	8	4210167578	2697
157	9	4306402450	1709
157	10	2739034459	1525
158	1	1980519	9500
158	2	207178839	7176
158	3	4210195943	6838
158	4	66354037	5384
158	5	113313948	5043
158	6	205231332	4827
158	7	36624081	4398
158	8	39223014	4345
158	9	63956823	3507
158	10	207559368	3191
159	1	52363224	4280
159	2	4306463937	2755
159	3	99182027	2681
159	4	189344224	1938
159	5	202340841	1877
159	6	205118121	1802
159	7	87240457	1599
159	8	87569533	1299
159	9	72716621	1288
159	10	4306463075	1182
160	1	4306463937	5408
160	2	151331055	2472
160	3	4306463855	2363
160	4	4210172589	2155
160	5	29984966	2010
160	6	187348256	1815
160	7	12410666	1742
160	8	9692511	1659
160	9	4306463708	1613
160	10	4306462995	1355
161	1	185621672	3734
161	2	4306402567	3627
161	3	121161810	3623
161	4	104038378	3247
161	5	77047749	3086
161	6	111155417	2319
161	7	46058472	2268
161	8	189701308	2127
161	9	98085912	2103
161	10	156919612	1937
162	1	4306400194	6640
162	2	35412551	3693
162	3	81011612	3607
162	4	70718007	3332
162	5	187806540	2979
162	6	138681734	2343
162	7	4306463937	2321
162	8	104875562	1679
162	9	24807848	1667
162	10	4210224030	1595
163	1	4306525036	5684
163	2	121725775	4415
163	3	170889201	4347
163	4	128199769	3403
163	5	4306463937	2067
163	6	4306463230	1821
163	7	197748570	1577
163	8	170982493	1206
163	9	14436165	1120
163	10	178027841	1117
164	1	4306463855	5368
164	2	4306463937	3479
164	3	4210172589	2057
164	4	50366009	1820
164	5	4306401271	1400
164	6	118082279	1109
164	7	87933477	1052
164	8	39476178	1039
164	9	4306463230	985
164	10	137445289	971
165	1	4306525036	4469
165	2	60865174	2075
165	3	67869649	1909
165	4	87609158	1861
165	5	4306463937	1824
165	6	116251202	1713
165	7	13342628	1558
165	8	185186944	1452
165	9	181568219	1315
165	10	185321339	1250
166	1	27359860	5630
166	2	4306525036	4758
166	3	202381698	3102
166	4	96615428	3098
166	5	4210226234	1812
166	6	2483136528	1542
166	7	54542293	1468
166	8	55776271	1128
166	9	93534766	1122
166	10	4306402450	1089
167	1	4306525036	7474
167	2	4393917726	2965
167	3	4210172589	2606
167	4	135745533	2222
167	5	4306463937	1690
167	6	4306401271	1668
167	7	192814187	1588
167	8	12898181	1298
167	9	2228914	1027
167	10	79233773	950
168	1	4306525036	3345
168	2	5555990	2729
168	3	4306402567	2257
168	4	95854419	1853
168	5	4306463937	1717
168	6	202381698	1689
168	7	4306463230	1522
168	8	165592611	1514
168	9	147407642	1500
168	10	30122339	1346
169	1	4306525036	5601
169	2	83651209	4175
169	3	156174673	3155
169	4	4306463937	2397
169	5	181459644	1798
169	6	206392846	1634
169	7	143352558	1480
169	8	4306463230	1372
169	9	202381698	1312
169	10	66441642	1261
170	1	106296714	10070
170	2	4306400194	5603
170	3	4306463937	2614
170	4	2764905038	1515
170	5	2764900261	1192
170	6	13144211	1181
170	7	2485537415	953
170	8	4210206007	895
170	9	192650101	828
170	10	4306463409	729
171	1	41354064	23493
171	2	133942674	3316
171	3	46134040	3310
171	4	4210168331	2580
171	5	114976158	2553
171	6	4210169613	2298
171	7	205754296	2150
171	8	73388172	1972
171	9	110436767	1764
171	10	108911230	1667
172	1	43295729	8682
172	2	183492911	3658
172	3	117411352	3647
172	4	111326731	3438
172	5	141808269	3304
172	6	2737215817	2578
172	7	117727964	2204
172	8	126920919	1907
172	9	4210179989	1541
172	10	173339282	1461
173	1	4306463937	4571
173	2	191417626	4341
173	3	4306525036	4233
173	4	108732581	3415
173	5	198804558	2085
173	6	4306402450	1704
173	7	4306463230	1658
173	8	76900504	1149
173	9	126993733	1124
173	10	744042	995
174	1	66401815	4143
174	2	4306525036	3709
174	3	132626406	2382
174	4	119525064	2277
174	5	128227336	2142
174	6	4306463230	2045
174	7	158228368	2021
174	8	202381698	1681
174	9	2484704948	1416
174	10	132853619	1339
175	1	154732359	5860
175	2	87940674	4373
175	3	67716761	4156
175	4	67425620	2441
175	5	2898407351	2267
175	6	4306463937	2222
175	7	165830345	1964
175	8	4210194876	1842
175	9	64016596	1832
175	10	4210189194	1768
176	1	4306525036	5267
176	2	4306463937	3176
176	3	3341432	2952
176	4	104698359	2637
176	5	4306463230	1865
176	6	108768312	1459
176	7	124035732	1233
176	8	14436165	1214
176	9	33418846	1108
176	10	4306402450	1078
177	1	176136234	9092
177	2	124795565	4149
177	3	192559872	3686
177	4	45406943	3382
177	5	18188872	2217
177	6	26602194	2194
177	7	151030190	2123
177	8	191963794	2074
177	9	6712347	1983
177	10	4306463230	1903
178	1	4306401280	5023
178	2	4317411217	720
178	3	4306401271	510
178	4	4306463855	473
178	5	4210174514	461
178	6	4210172589	410
178	7	2737963936	408
178	8	974534199	399
178	9	4306463937	349
178	10	98708256	338
179	1	4306463937	6030
179	2	4306463855	4689
179	3	4306464262	2342
179	4	4210172589	1763
179	5	4306463716	1653
179	6	111964278	1502
179	7	119437531	1461
179	8	194402510	1128
179	9	4306463708	1052
179	10	88603889	992
180	1	106296714	15379
180	2	4306400194	7499
180	3	4306463937	3939
180	4	4306402512	1800
180	5	4306420577	1230
180	6	4306417597	1087
180	7	4210191458	1074
180	8	4306419999	948
180	9	196139623	872
180	10	4306418308	712
181	1	4210172589	6722
181	2	4306463937	3842
181	3	76633192	3840
181	4	10134376	3029
181	5	4306463855	1945
181	6	58516903	1741
181	7	205793605	1322
181	8	12818680	1273
181	9	4306401271	1144
181	10	4306401280	809
182	1	4306463937	3289
182	2	4306463855	2945
182	3	6814119	2197
182	4	10134376	2090
182	5	51885707	1998
182	6	171183513	1517
182	7	4306401280	1377
182	8	167854760	1364
182	9	4210172589	1221
182	10	157485431	1167
183	1	4306525036	4808
183	2	140251998	3644
183	3	128439998	2172
183	4	202381698	1885
183	5	151589183	1761
183	6	168522863	1512
183	7	152938505	1499
183	8	4306463937	1496
183	9	4306402567	1324
183	10	125754415	1244
184	1	4306402512	2952
184	2	4306463797	1232
184	3	4306463525	1198
184	4	4306463937	1008
184	5	4306463802	1000
184	6	208089930	912
184	7	4306463247	799
184	8	4306463855	779
184	9	4210180777	740
184	10	4317411217	717
185	1	4306525036	10519
185	2	90605627	4954
185	3	40121896	3681
185	4	136026792	3014
185	5	50094856	2697
185	6	191726168	2365
185	7	202133162	1850
185	8	103663982	1673
185	9	92279829	1596
185	10	113867935	1508
186	1	4306463937	11430
186	2	4210187769	8322
186	3	204459408	6918
186	4	34870678	5638
186	5	189140625	4746
186	6	173979593	4006
186	7	185621672	2715
186	8	202680183	2505
186	9	77047749	2427
186	10	12574399	2218
187	1	4306525036	4306
187	2	4306463937	3130
187	3	155536936	2500
187	4	135898356	2060
187	5	39041608	1707
187	6	92692057	1471
187	7	122377002	1263
187	8	4306463708	1090
187	9	4210204300	1023
187	10	169992948	993
188	1	48915936	7962
188	2	4306525036	5186
188	3	4306463937	4865
188	4	191421250	3490
188	5	128848949	2643
188	6	51654951	2001
188	7	176044460	1924
188	8	4306463230	1899
188	9	3756010	1881
188	10	118785805	1526
189	1	181451930	5088
189	2	4306463937	4331
189	3	1824407	1838
189	4	4306463855	1806
189	5	87781914	1678
189	6	125122479	1657
189	7	191399632	1434
189	8	4306525036	1319
189	9	132320204	1033
189	10	168850678	951
190	1	104261359	8280
190	2	185347631	4228
190	3	185787987	3723
190	4	20257348	2073
190	5	25518365	2040
190	6	126023004	1950
190	7	9351502	1555
190	8	188633547	1526
190	9	193677276	1454
190	10	195136871	1340
191	1	131016564	7108
191	2	130661733	2876
191	3	162444473	2528
191	4	1234972	2458
191	5	4306525036	2424
191	6	122302516	2249
191	7	97205441	2118
191	8	30283931	2022
191	9	161954266	1970
191	10	119477091	1762
192	1	4306463937	5341
192	2	4306463855	3316
192	3	4210172589	2165
192	4	175056054	1725
192	5	10134376	1721
192	6	2764593084	1397
192	7	4306462995	1223
192	8	4306401271	1043
192	9	4306463230	1003
192	10	130638383	988
193	1	4210172589	5347
193	2	4306463855	4552
193	3	4306463937	4447
193	4	4306401271	3182
193	5	149872823	2034
193	6	4306463716	1650
193	7	96629499	1377
193	8	61710699	1218
193	9	4306462995	1142
193	10	4306463708	1101
194	1	5745031	4360
194	2	815301	2835
194	3	198098182	2574
194	4	2764696622	2422
194	5	48860480	2273
194	6	105637730	1708
194	7	75069817	1686
194	8	2497375143	1552
194	9	68497187	1517
194	10	109565702	1427
195	1	4306400194	27026
195	2	70695507	3248
195	3	151579836	2818
195	4	138240904	2217
195	5	200871675	2058
195	6	6775291	1292
195	7	4210226894	1255
195	8	100028386	1096
195	9	105977992	1096
195	10	54953690	1090
196	1	188336720	4514
196	2	4210176815	3720
196	3	145575934	3181
196	4	4210202285	2578
196	5	51141438	1897
196	6	196493665	1866
196	7	4306463937	1670
196	8	4306525036	1660
196	9	106296714	1571
196	10	4306463075	1488
197	1	14436165	4624
197	2	15137598	3753
197	3	4306402450	3240
197	4	2595292759	3121
197	5	200071133	2447
197	6	4306525036	2424
197	7	168522863	2246
197	8	2596394214	2199
197	9	4306402567	1779
197	10	2754803477	1765
198	1	106296714	9835
198	2	4306400194	4147
198	3	4306463937	2101
198	4	2764900261	1052
198	5	4306421043	981
198	6	2764905038	900
198	7	174847851	853
198	8	80113298	775
198	9	4306463409	709
198	10	13144211	707
199	1	21442059	7949
199	2	53450646	3853
199	3	52566953	2903
199	4	48860480	2425
199	5	86852077	1985
199	6	4210200103	1752
199	7	149937609	1631
199	8	203465130	1561
199	9	37011080	1418
199	10	4306463230	1370
200	1	4306525036	3726
200	2	4306402450	3006
200	3	202381698	2619
200	4	4210172589	1817
200	5	4306401271	1765
200	6	4306463937	1408
200	7	12898181	1364
200	8	49861241	1340
200	9	200437886	1318
200	10	155125020	1186
201	1	4306525036	3895
201	2	4306463937	1931
201	3	4306463230	1592
201	4	4026894	1561
201	5	140848990	1259
201	6	130455057	1229
201	7	35439863	1138
201	8	104377164	1132
201	9	4210176815	1113
201	10	94432539	1078
202	1	64311837	4863
202	2	130536152	3551
202	3	83853393	2987
202	4	200764475	2620
202	5	4306463230	2412
202	6	123288148	2060
202	7	74630304	1661
202	8	2898407351	1609
202	9	178362034	1324
202	10	67425620	1316
203	1	4306525036	6458
203	2	83651209	5195
203	3	164225461	2635
203	4	156174673	2482
203	5	49828768	1870
203	6	202381698	1847
203	7	96615428	1699
203	8	14436165	1581
203	9	181459644	1395
203	10	143352558	1240
204	1	4306525036	5871
204	2	27569427	3526
204	3	4306463937	2667
204	4	205775358	2377
204	5	4306463230	1546
204	6	2597401208	1182
204	7	2764739025	1064
204	8	14436165	1063
204	9	182143151	1046
204	10	4306402450	933
205	1	52363224	5213
205	2	52442148	2331
205	3	96365333	2249
205	4	4306463230	2235
205	5	112674977	2206
205	6	21859746	2143
205	7	4306463937	1594
205	8	189344224	1440
205	9	67425620	1402
205	10	75411654	1296
206	1	4306525036	3754
206	2	87338489	2185
206	3	187816532	1364
206	4	4306463937	1267
206	5	55107261	1266
206	6	140251998	1248
206	7	152998702	1137
206	8	4306463230	1026
206	9	202381698	1001
206	10	61167191	921
207	1	4306525036	8128
207	2	58498366	2367
207	3	61859066	2205
207	4	176204532	1733
207	5	60760007	1458
207	6	62865007	1301
207	7	52877392	1180
207	8	195000414	1171
207	9	4306402450	1128
207	10	44717366	1005
208	1	4210172589	7366
208	2	4306463937	5639
208	3	4306463855	3690
208	4	4306463708	2749
208	5	4306464262	2393
208	6	4306462995	1869
208	7	4306401271	1671
208	8	124584455	1600
208	9	4306463716	1478
208	10	2764375719	1266
209	1	4306463075	4287
209	2	178493899	3068
209	3	106576117	2542
209	4	4210178770	2227
209	5	99356198	1999
209	6	105963835	1916
209	7	143391730	1849
209	8	170199316	1809
209	9	139192911	1723
209	10	128754310	1550
210	1	4306525036	3379
210	2	4306463937	2543
210	3	64418186	1540
210	4	4306402450	1329
210	5	76880069	1166
210	6	79054089	1139
210	7	202381698	865
210	8	4306463230	848
210	9	12898181	772
210	10	192814187	707
211	1	4306463855	5371
211	2	4306463937	4443
211	3	19117828	1942
211	4	203799486	1469
211	5	121444704	1428
211	6	4306462819	1238
211	7	204777700	1107
211	8	150356354	973
211	9	4306525036	965
211	10	157766733	938
212	1	21442059	4618
212	2	4306463230	1878
212	3	178362034	1850
212	4	4306463937	1645
212	5	74630304	1625
212	6	171918450	1574
212	7	153285774	1567
212	8	70979998	1347
212	9	137860580	1233
212	10	2502047864	969
213	1	146061289	9822
213	2	11564597	6778
213	3	4306525036	4220
213	4	42270594	4030
213	5	182625382	3747
213	6	4210215907	2584
213	7	4306463937	2493
213	8	121647140	2188
213	9	205547219	1853
213	10	27713550	1465
214	1	14279044	2667
214	2	100835903	1900
214	3	4306463937	1760
214	4	37538908	1657
214	5	106296714	1300
214	6	4306418181	869
214	7	4306400194	867
214	8	200807567	807
214	9	133646729	715
214	10	4210179954	638
215	1	203465130	4832
215	2	86852077	4322
215	3	52566953	3818
215	4	145089992	3706
215	5	149937609	3690
215	6	13479253	3164
215	7	87561820	2451
215	8	69753523	1802
215	9	53450646	1486
215	10	2764859491	1443
216	1	4306525036	4140
216	2	122347013	2656
216	3	171513543	2278
216	4	1605907	2005
216	5	4306463937	1536
216	6	22881060	1440
216	7	202381698	1411
216	8	2898367572	1280
216	9	139838620	1136
216	10	4306463230	1123
217	1	15137598	4537
217	2	4306525036	4399
217	3	90745127	3939
217	4	100767427	3733
217	5	14436165	1934
217	6	41454044	1611
217	7	144860794	1556
217	8	4306463937	1542
217	9	110533041	1495
217	10	32518486	1423
218	1	4306400194	8506
218	2	159544283	2617
218	3	165473669	2608
218	4	4306463937	2526
218	5	50372074	2347
218	6	40006715	2169
218	7	148709879	1914
218	8	4210205691	1737
218	9	165512578	1588
218	10	203348814	1521
219	1	4306463855	3223
219	2	186034587	2503
219	3	4306463937	2185
219	4	4306463091	2083
219	5	4306462995	1409
219	6	4210175032	1067
219	7	4306463716	1029
219	8	4306401280	1010
219	9	57751120	930
219	10	4306463708	671
220	1	4306400194	13616
220	2	106296714	6263
220	3	24688465	2810
220	4	4306463937	1875
220	5	35412551	1578
220	6	2764900261	905
220	7	202381698	866
220	8	196734849	863
220	9	4210235286	844
220	10	2485537415	831
221	1	4306463855	4386
221	2	4306463937	3639
221	3	4306463122	3111
221	4	4306463708	1893
221	5	4306462995	1791
221	6	2764375719	1399
221	7	4306462964	1192
221	8	4306463717	1136
221	9	4306463716	1046
221	10	4210172589	1037
222	1	85738991	3439
222	2	163644703	2638
222	3	50523690	1379
222	4	59479367	1155
222	5	4306400194	1087
222	6	203966947	937
222	7	4306463937	903
222	8	189798733	884
222	9	198879913	856
222	10	72497124	813
223	1	4306401280	2896
223	2	2739064124	2371
223	3	4306526338	1791
223	4	4317411217	1017
223	5	2737687728	741
223	6	4210234566	640
223	7	2736711335	623
223	8	4210186100	621
223	9	4210224784	616
223	10	2737552301	608
224	1	4306525036	3403
224	2	4306463937	1875
224	3	202381698	1808
224	4	65139510	1768
224	5	2061155	1697
224	6	4306463230	1614
224	7	120158623	1478
224	8	4210172139	1367
224	9	4306402567	1323
224	10	27922360	1173
225	1	76910236	3482
225	2	130567056	2634
225	3	71934726	1965
225	4	4306463937	1584
225	5	4210228746	1551
225	6	2736865057	1305
225	7	43867544	1165
225	8	19503097	974
225	9	4210195883	959
225	10	4317411217	925
226	1	6846437	6112
226	2	56464651	3638
226	3	4306463937	1887
226	4	198098182	1826
226	5	10134376	1712
226	6	75069817	1541
226	7	4210195883	1505
226	8	2764478331	1338
226	9	109565702	1272
226	10	4220651895	1221
227	1	4306525036	9553
227	2	4306463937	2140
227	3	129839026	1650
227	4	53142634	1197
227	5	29620287	823
227	6	4306463230	720
227	7	192814187	712
227	8	187139995	648
227	9	106296714	641
227	10	4210172589	602
228	1	4306463937	20357
228	2	4306464262	15735
228	3	4306464022	2334
228	4	4306464240	2066
228	5	4306463091	1642
228	6	4306464232	1311
228	7	4306463491	1283
228	8	4306463667	1013
228	9	4306463855	998
228	10	28909093	828
229	1	4306463937	3534
229	2	4306525036	1687
229	3	106822843	1617
229	4	4210172589	1612
229	5	4306463855	1386
229	6	2735447094	1187
229	7	15239247	1099
229	8	4306401271	993
229	9	156988948	897
229	10	159675017	866
230	1	111326731	2585
230	2	43295729	2273
230	3	126920919	1787
230	4	183492911	1776
230	5	193624734	1655
230	6	168680287	1489
230	7	3569471	1415
230	8	4306400194	1188
230	9	154637859	1157
230	10	101949793	1037
231	1	129124101	3118
231	2	39260535	2823
231	3	4306463075	2759
231	4	4210195883	1792
231	5	67425620	1557
231	6	2764487033	1550
231	7	139192911	1384
231	8	128754310	1345
231	9	2764922013	1310
231	10	184406644	1271
232	1	163027424	4241
232	2	147691530	3274
232	3	4306525036	2396
232	4	79704628	1859
232	5	4306463937	1430
232	6	4306463230	1374
232	7	4306402567	1227
232	8	202381698	1196
232	9	1737980	999
232	10	2764943606	983
233	1	2849398	5084
233	2	116836101	4385
233	3	191963794	3110
233	4	176136234	2652
233	5	4306463937	1906
233	6	3892946	1483
233	7	96702057	1358
233	8	170809390	1220
233	9	183492911	1206
233	10	98455728	1130
234	1	4306525036	4226
234	2	145039780	3194
234	3	4306463937	1494
234	4	159852663	1404
234	5	4306463230	1357
234	6	14436165	1353
234	7	48760969	1266
234	8	140251998	1069
234	9	202381698	869
234	10	185835163	792
235	1	50523690	3615
235	2	192268925	2220
235	3	58031724	2207
235	4	64770346	1368
235	5	198098182	1218
235	6	3026325	1075
235	7	29875816	989
235	8	128754310	971
235	9	2485537415	954
235	10	91284046	948
236	1	4306400194	17644
236	2	151579836	3771
236	3	4210226894	1975
236	4	54953690	1472
236	5	7365561	1097
236	6	76385772	983
236	7	73458468	963
236	8	83211391	896
236	9	4306463937	896
236	10	77333429	854
237	1	4306400194	6438
237	2	106296714	4578
237	3	185367456	3289
237	4	67831204	2899
237	5	4306463937	1640
237	6	84775595	1581
237	7	94821547	1340
237	8	73060445	1234
237	9	135221619	1140
237	10	4210171473	1111
238	1	4306525036	3711
238	2	4306463937	2113
238	3	102860386	2060
238	4	100343354	1550
238	5	4306402450	1333
238	6	110785341	1208
238	7	45053660	1170
238	8	94854268	1057
238	9	59739785	958
238	10	14643628	916
239	1	4306463708	8125
239	2	4306462995	5760
239	3	4306463937	4584
239	4	4306463855	3588
239	5	4210172589	3082
239	6	4306463091	1830
239	7	4306463716	1379
239	8	2764375719	1052
239	9	147022693	935
239	10	4306463491	859
240	1	4317411217	3086
240	2	4306401280	2405
240	3	4393919366	1522
240	4	4210195883	616
240	5	4210172589	479
240	6	4210187594	446
240	7	4306463855	433
240	8	2765078954	411
240	9	4306516958	410
240	10	4306516739	402
241	1	55737203	3175
241	2	204847658	2518
241	3	198573919	2291
241	4	163378907	2084
241	5	134216166	1858
241	6	53579087	1759
241	7	4306463937	1671
241	8	2764832999	1536
241	9	4306463075	1153
241	10	86852077	1075
242	1	4306525036	5307
242	2	144860794	4198
242	3	127437062	2594
242	4	4306463937	2121
242	5	10542796	2037
242	6	60865174	1954
242	7	187579785	1657
242	8	41314575	1406
242	9	185186944	1387
242	10	205902839	1358
243	1	30525748	5398
243	2	4306525036	3664
243	3	15137598	3255
243	4	191188855	2553
243	5	110533041	2511
243	6	196979320	2478
243	7	4306463937	1975
243	8	96871409	1937
243	9	197000376	1831
243	10	59248909	1557
244	1	4306400194	6993
244	2	106296714	3555
244	3	4306420076	1439
244	4	4210169297	1349
244	5	199497470	1048
244	6	128025751	1001
244	7	11296630	959
244	8	4306402512	896
244	9	4306463937	835
244	10	62507282	756
245	1	4210202285	4027
245	2	198098182	2608
245	3	177147899	2549
245	4	2764865925	2047
245	5	2497375143	1341
245	6	109565702	1271
245	7	4306463937	1134
245	8	138759888	1016
245	9	2913398011	939
245	10	45181156	857
246	1	4306525036	7180
246	2	67147237	4276
246	3	2672396	2500
246	4	177636448	1937
246	5	64889221	1624
246	6	75186586	1442
246	7	38907727	1418
246	8	36642063	1241
246	9	4306463937	1101
246	10	32481061	1051
247	1	4306463937	3805
247	2	4210187594	2036
247	3	4306463855	1345
247	4	119483640	1332
247	5	4210211469	1280
247	6	131125421	1111
247	7	2764749937	932
247	8	2764739392	881
247	9	4306402512	845
247	10	161209770	830
248	1	4306463230	1857
248	2	98026630	1768
248	3	106501229	1658
248	4	38637062	1641
248	5	4306525036	1585
248	6	134644764	1571
248	7	4306463937	1275
248	8	4210196743	1235
248	9	9307485	1099
248	10	110785341	1045
249	1	76010543	6263
249	2	124577123	4751
249	3	84339699	2552
249	4	42323631	2105
249	5	187991544	1771
249	6	105243760	1528
249	7	86481247	1353
249	8	4306463937	1169
249	9	4210187594	929
249	10	67425620	922
250	1	188605413	3690
250	2	105243760	2063
250	3	95739953	1581
250	4	44567922	1577
250	5	6791298	1552
250	6	41354064	1514
250	7	206811868	1489
250	8	187991544	1154
250	9	111155417	1140
250	10	4306463937	1122
251	1	4306525036	5524
251	2	4306463937	2660
251	3	4306463230	1773
251	4	15137598	1205
251	5	66559934	930
251	6	191421250	896
251	7	14436165	862
251	8	2738950867	790
251	9	141953298	656
251	10	4306402450	644
252	1	17729819	2320
252	2	147008614	1741
252	3	55737203	1382
252	4	195255895	1336
252	5	4306463937	1280
252	6	43295729	1248
252	7	74970393	1143
252	8	71324801	1115
252	9	58631098	1103
252	10	110876149	1066
253	1	77047749	5425
253	2	4306463937	3112
253	3	6377669	2914
253	4	24807848	2870
253	5	35412551	2579
253	6	4306400194	2425
253	7	177196338	2074
253	8	75741262	1990
253	9	4210235286	1741
253	10	13281104	1545
254	1	4306421180	2581
254	2	65690446	2499
254	3	106296714	2370
254	4	4306463937	2148
254	5	4306400194	2001
254	6	103321696	1601
254	7	196821226	1428
254	8	77056576	1132
254	9	173256270	1094
254	10	148503350	973
255	1	4306401271	9319
255	2	4210172589	7536
255	3	4306463937	2232
255	4	4306463855	1579
255	5	4306463708	861
255	6	4306463716	805
255	7	85457386	700
255	8	4306401280	615
255	9	112952035	599
255	10	4317411217	517
256	1	10134376	3027
256	2	4306463937	2388
256	3	2738397068	2039
256	4	104597489	1694
256	5	194154261	1574
256	6	99909709	1500
256	7	15239247	1489
256	8	80485027	1346
256	9	60589374	1257
256	10	4306463855	1143
257	1	191963794	6457
257	2	60743949	4042
257	3	74367812	3788
257	4	182655450	2653
257	5	89689683	2591
257	6	4210172139	2482
257	7	108264783	1864
257	8	4306402567	1811
257	9	37349105	1504
257	10	104550190	1346
258	1	4306525036	3080
258	2	122347013	2272
258	3	1605907	1750
258	4	4306463937	1615
258	5	167664057	1527
258	6	18455948	1522
258	7	77494981	1516
258	8	178469169	1515
258	9	4306463230	1400
258	10	35570472	1177
259	1	148561398	4325
259	2	4306400194	1472
259	3	4210172589	1433
259	4	4306463937	1433
259	5	4306525036	1138
259	6	205292342	1124
259	7	137773608	1067
259	8	4306401280	802
259	9	80113298	680
259	10	29676049	654
260	1	75741262	3243
260	2	22862804	2209
260	3	42323631	1963
260	4	164001016	1668
260	5	94313546	1431
260	6	152000018	1420
260	7	204609040	1236
260	8	90999920	1024
260	9	76010543	969
260	10	6377669	899
261	1	4306400194	1998
261	2	4306463937	1832
261	3	2485537415	1483
261	4	106296714	1441
261	5	2480266640	1436
261	6	101949793	1116
261	7	4210169156	1027
261	8	2764905038	1001
261	9	4210179954	908
261	10	4210187594	782
262	1	111160002	7314
262	2	132538424	3031
262	3	103225281	2669
262	4	13619737	2192
262	5	45012897	1914
262	6	4306463937	1897
262	7	90573847	1684
262	8	4306525036	1229
262	9	106296714	1162
262	10	4306400194	1040
263	1	4306525036	5652
263	2	133626053	2903
263	3	4306463937	2148
263	4	57131103	1845
263	5	2478453819	1700
263	6	4306463230	1634
263	7	118780703	1319
263	8	124867825	1055
263	9	121715350	998
263	10	162191074	953
264	1	105208853	5073
264	2	4306463937	2755
264	3	4210187594	2115
264	4	54332258	1948
264	5	4306463855	1310
264	6	2764696622	1222
264	7	171036940	1065
264	8	4210167823	1001
264	9	161883588	951
264	10	52057175	937
265	1	4306525036	3981
265	2	4306463937	3075
265	3	58727509	2381
265	4	153994436	1939
265	5	45720283	1374
265	6	2755888424	1190
265	7	86638576	1045
265	8	137740113	994
265	9	4306463230	960
265	10	28607811	874
266	1	4306402567	4214
266	2	4306400573	2032
266	3	4306525036	2008
266	4	202381698	1678
266	5	136352176	1495
266	6	134425043	1394
266	7	99574856	1241
266	8	4306463937	1224
266	9	4306402450	1184
266	10	187186932	1074
267	1	77056576	7198
267	2	67425620	3212
267	3	75411654	2587
267	4	2898565713	2439
267	5	2898407351	2189
267	6	127530304	1997
267	7	128754310	1886
267	8	154368109	1698
267	9	4210189194	1609
267	10	4210184193	1380
268	1	4306463855	2252
268	2	4306463937	2110
268	3	9692511	1383
268	4	131954271	1137
268	5	33049603	668
268	6	110965136	666
268	7	4306401280	638
268	8	116921146	637
268	9	95965737	623
268	10	15510884	619
269	1	24284137	4298
269	2	4210202285	2482
269	3	16737290	2185
269	4	4210169712	1855
269	5	133299089	1760
269	6	116094739	1675
269	7	194735492	1535
269	8	128754310	1499
269	9	4306463937	1377
269	10	67425620	1333
270	1	4306462995	6909
270	2	4306463708	5787
270	3	4306462964	4789
270	4	4306463091	3476
270	5	4306463855	2101
270	6	4210173305	1438
270	7	4306463937	1431
270	8	2764375719	1374
270	9	47679038	1015
270	10	4306463491	745
271	1	119469986	10449
271	2	86512602	7982
271	3	69753523	3780
271	4	124203677	2648
271	5	4306463230	1800
271	6	4210225467	1759
271	7	200764475	1513
271	8	149937609	1402
271	9	4306463937	1350
271	10	52566953	1220
272	1	4306525036	4028
272	2	4306463230	1325
272	3	110785341	1312
272	4	4306463937	1147
272	5	168421034	1136
272	6	202381698	1073
272	7	205775358	1048
272	8	186113128	896
272	9	97303050	696
272	10	4306402450	664
273	1	4306525036	3225
273	2	180901878	2535
273	3	171405753	2181
273	4	4306463937	1691
273	5	4306402567	1336
273	6	4306463230	1160
273	7	202381698	1092
273	8	45445671	1074
273	9	198965713	847
273	10	22881060	832
274	1	25650217	5985
274	2	4306525036	5191
274	3	183989336	2787
274	4	132787887	1943
274	5	50602745	1843
274	6	44888363	1824
274	7	149170128	1750
274	8	13698240	1511
274	9	50823678	1444
274	10	14436165	1369
275	1	145630073	3609
275	2	2764696622	3001
275	3	4306400194	2409
275	4	31010182	2312
275	5	164692974	2197
275	6	149266522	1782
275	7	4210187594	1597
275	8	66354037	1387
275	9	2764823912	1264
275	10	162355128	1190
276	1	4306525036	4627
276	2	62565178	1792
276	3	40080443	1574
276	4	137832324	1428
276	5	194945867	1398
276	6	36000085	1383
276	7	172540258	1373
276	8	152990921	1115
276	9	95299427	1036
276	10	139566883	1031
277	1	4306525036	2038
277	2	4306463937	1356
277	3	101949793	1056
277	4	4306463230	871
277	5	4210169992	780
277	6	3164724	743
277	7	8427965	724
277	8	4306400194	697
277	9	5240358	633
277	10	106296714	564
278	1	4306400194	3564
278	2	50372074	2631
278	3	169017477	2037
278	4	151579836	1548
278	5	4210205691	1533
278	6	70695507	1488
278	7	89452420	1413
278	8	2764696622	1315
278	9	165473669	1114
278	10	54871839	1052
279	1	30525748	4933
279	2	90591482	4406
279	3	4306525036	3862
279	4	22797964	3774
279	5	4306463937	3102
279	6	196979320	2326
279	7	191188855	1721
279	8	59248909	1204
279	9	4306463230	995
279	10	122347013	958
280	1	50055314	3031
280	2	13506822	2801
280	3	4306525036	2423
280	4	15137598	2043
280	5	4306463937	2038
280	6	41599636	1176
280	7	4306402450	1120
280	8	126033908	1062
280	9	90347677	1029
280	10	142055198	986
281	1	106296714	6186
281	2	4306463937	3210
281	3	4210177767	2818
281	4	4306463409	1655
281	5	2764900261	897
281	6	4306400194	817
281	7	4306417665	727
281	8	4210172589	676
281	9	4306418324	501
281	10	4306402512	485
282	1	4306463937	5060
282	2	4306463855	2064
282	3	4210172589	1702
282	4	4306401271	1134
282	5	12430390	1026
282	6	146344	887
282	7	4306462995	785
282	8	151331055	768
282	9	4306463708	758
282	10	50147421	749
283	1	13054843	5241
283	2	4306525036	3082
283	3	4306463937	1463
283	4	140251998	1404
283	5	12558119	1071
283	6	4306463230	1050
283	7	25650217	933
283	8	132787887	932
283	9	4306402450	918
283	10	202381698	900
284	1	172501725	7944
284	2	4306518943	5706
284	3	4306463937	4185
284	4	4306518891	4119
284	5	147556662	3404
284	6	105500771	3209
284	7	207178839	2735
284	8	36624081	2341
284	9	205231332	2094
284	10	4210222121	1972
285	1	140848990	3070
285	2	4306525036	2285
285	3	4306463937	1835
285	4	4306463230	1384
285	5	203050076	1255
285	6	143744428	1253
285	7	194302669	1228
285	8	30122339	1134
285	9	49886757	993
285	10	96638545	966
286	1	164770093	6034
286	2	186935893	4267
286	3	58603569	2543
286	4	112051168	2302
286	5	21442059	2016
286	6	2497375143	1822
286	7	198098182	1278
286	8	171918450	1203
286	9	4306463230	1106
286	10	4210188153	1074
287	1	4306463937	4006
287	2	4210172589	2687
287	3	4306463855	2441
287	4	76877748	1716
287	5	4306463409	1361
287	6	37623806	996
287	7	39541053	932
287	8	201221823	922
287	9	106296714	917
287	10	4306463716	906
288	1	202403813	2191
288	2	128368299	1522
288	3	4306463937	1127
288	4	147767848	1025
288	5	2485537415	959
288	6	101949793	936
288	7	87725633	921
288	8	4306463075	893
288	9	128754310	860
288	10	10892749	813
289	1	2764777209	2212
289	2	4306463937	1799
289	3	69872077	1653
289	4	172073041	1426
289	5	120049674	1285
289	6	128059648	1195
289	7	4210172589	1140
289	8	144495243	922
289	9	10134376	850
289	10	196205230	777
290	1	4306525036	3439
290	2	4210217879	2064
290	3	122347013	1892
290	4	123732490	1630
290	5	139838620	1630
290	6	183131812	1355
290	7	4306463937	1226
290	8	4210216427	1207
290	9	4306402450	1177
290	10	1605907	1140
291	1	96167972	4677
291	2	149373597	3660
291	3	48583931	2131
291	4	198339081	1712
291	5	41155759	1526
291	6	138759888	1482
291	7	4306463230	1412
291	8	123418790	1311
291	9	67425620	1075
291	10	42323631	918
292	1	181849944	3804
292	2	143946080	3111
292	3	4306463937	1552
292	4	69753523	1356
292	5	2737336974	1298
292	6	67425620	1280
292	7	58516903	1094
292	8	4306463230	987
292	9	45356120	884
292	10	145089992	856
293	1	4306402567	6500
293	2	168522863	2036
293	3	4306525036	2006
293	4	202381698	1466
293	5	15137598	1274
293	6	4306402450	1250
293	7	168415115	1166
293	8	196734849	1141
293	9	4306463937	1076
293	10	126644158	1012
294	1	169796457	2408
294	2	140216511	2054
294	3	36624081	1878
294	4	141892599	1839
294	5	206570889	1732
294	6	4306463937	1596
294	7	207178839	1507
294	8	43295729	1189
294	9	75830442	769
294	10	118957039	678
295	1	4306463937	2222
295	2	2764830010	1861
295	3	86860186	1319
295	4	2754346785	1232
295	5	4306525036	1102
295	6	4210172589	1052
295	7	4306463855	942
295	8	172925388	929
295	9	4306463075	923
295	10	4306463230	918
296	1	129676613	4930
296	2	2497375143	3992
296	3	105637730	3160
296	4	186745480	2503
296	5	198098182	1887
296	6	109565702	1706
296	7	75069817	1412
296	8	815301	1377
296	9	6846437	1283
296	10	4306463230	1221
297	1	126796143	1489
297	2	4306402567	1447
297	3	202381698	1418
297	4	42032724	1384
297	5	4306463937	1340
297	6	118045308	1316
297	7	43543914	1272
297	8	146976949	901
297	9	196734849	865
297	10	171471881	772
298	1	171471881	2475
298	2	67795522	1830
298	3	234478	1721
298	4	202381698	1499
298	5	202303835	1034
298	6	48852984	975
298	7	91354186	946
298	8	11925254	832
298	9	1983995261	802
298	10	1038286569	776
299	1	41354064	3488
299	2	4306525036	3006
299	3	4306463937	2790
299	4	205999849	2037
299	5	166799026	1882
299	6	108911230	1691
299	7	88226677	1538
299	8	39653451	1455
299	9	55509983	1452
299	10	44811770	1271
300	1	203153751	5522
300	2	109517664	5377
300	3	4306525036	2751
300	4	45493217	2682
300	5	144140688	2268
300	6	4306463937	2058
300	7	79704628	1904
300	8	14436165	1602
300	9	4306463230	1216
300	10	82373125	1106
301	1	104135014	5030
301	2	4306525036	3552
301	3	124584150	2403
301	4	144860794	2045
301	5	4306463937	2010
301	6	138569045	1936
301	7	34108376	1728
301	8	127437062	1528
301	9	10542796	1278
301	10	4306463230	949
302	1	4306463937	2944
302	2	166957603	2581
302	3	85864898	2428
302	4	4306525036	2292
302	5	48790426	1438
302	6	4306463230	1099
302	7	110924429	869
302	8	13265631	842
302	9	96975567	765
302	10	202381698	650
303	1	4306463937	2635
303	2	176794141	1533
303	3	4306525036	1508
303	4	4306463855	1338
303	5	204419675	889
303	6	2737785665	850
303	7	4210179681	818
303	8	207859457	794
303	9	135207330	753
303	10	4306463230	616
304	1	4306525036	3687
304	2	104698359	1794
304	3	4306463937	1762
304	4	108768312	1487
304	5	4306463230	1438
304	6	124035732	1237
304	7	33418846	1145
304	8	148373282	1141
304	9	14436165	884
304	10	4306402450	866
305	1	2764842179	2401
305	2	154732359	2227
305	3	67716761	1920
305	4	77056576	1845
305	5	18714766	1831
305	6	173500210	1348
305	7	4210208383	1095
305	8	76010543	1037
305	9	8792693	1011
305	10	4210189194	965
306	1	4306525036	4929
306	2	143352558	2533
306	3	4306463937	1856
306	4	45434965	1660
306	5	66441642	1552
306	6	158079644	1408
306	7	181459644	1335
306	8	194656152	972
306	9	4306463230	922
306	10	47192491	882
307	1	122730748	5475
307	2	33892871	3541
307	3	202680183	1511
307	4	18204665	1332
307	5	166351637	1321
307	6	4306463937	1177
307	7	147177414	1146
307	8	149937609	1088
307	9	181849944	1076
307	10	22862804	1032
308	1	191935395	9010
308	2	149516416	7159
308	3	133992056	6791
308	4	66354037	6137
308	5	75093782	4069
308	6	104092111	3266
308	7	31010182	2999
308	8	46033839	1522
308	9	2764696622	1461
308	10	2764871868	1242
309	1	17983605	3013
309	2	71623918	2987
309	3	5226199	2265
309	4	49789000	1652
309	5	4306463937	1599
309	6	75411654	1345
309	7	179906512	1302
309	8	189344224	1258
309	9	4306462873	1213
309	10	187044170	1210
310	1	84339699	1971
310	2	95739953	1792
310	3	67716761	1338
310	4	189509794	1291
310	5	105243760	1265
310	6	166040772	1193
310	7	55626769	1185
310	8	66104727	1111
310	9	143846845	1019
310	10	187991544	1002
311	1	4306525036	3540
311	2	45954700	1024
311	3	4306463937	954
311	4	200071133	914
311	5	202381698	893
311	6	4306463230	863
311	7	88153332	818
311	8	110785341	689
311	9	140251998	635
311	10	4306402450	556
312	1	4306400194	16840
312	2	35412551	2519
312	3	185067381	1669
312	4	24688465	1562
312	5	4210235286	1426
312	6	4306463937	1336
312	7	167943036	1277
312	8	79244937	1217
312	9	24807848	1189
312	10	181633058	1169
313	1	82319153	3341
313	2	4306525036	3015
313	3	101177023	1335
313	4	4306463937	992
313	5	139838620	891
313	6	31672787	865
313	7	4306402450	747
313	8	182558529	737
313	9	4210216427	706
313	10	4306463855	677
314	1	183492911	2528
314	2	16945967	2033
314	3	170809390	1871
314	4	4210187724	1687
314	5	105243760	1341
314	6	54043040	1286
314	7	4306463937	1070
314	8	143744711	993
314	9	189694085	963
314	10	101949793	941
315	1	4306525036	3006
315	2	95311925	1974
315	3	127492747	1489
315	4	110024640	1204
315	5	4306463937	1171
315	6	168421034	1146
315	7	4306463230	869
315	8	70286497	845
315	9	157527038	736
315	10	168522863	674
316	1	4306525036	4715
316	2	28527816	2942
316	3	4306463937	2111
316	4	195182175	2099
316	5	15137598	1542
316	6	47192491	1517
316	7	170171939	1401
316	8	177486402	1349
316	9	143352558	1277
316	10	4306402450	1004
317	1	145630073	9542
317	2	116045149	4136
317	3	14279044	3886
317	4	4306400194	1979
317	5	183492911	1881
317	6	20241394	1685
317	7	4306463937	1362
317	8	129397763	1312
317	9	95522064	1293
317	10	4210187594	1081
318	1	4306463937	2749
318	2	4306463855	2671
318	3	102140811	1480
318	4	4306463122	934
318	5	28964699	816
318	6	4210172589	777
318	7	4306463716	660
318	8	46109600	614
318	9	4306463708	529
318	10	99033363	513
319	1	4306463937	2061
319	2	47258695	1442
319	3	4306463708	1405
319	4	78735424	1402
319	5	4306463855	1330
319	6	114265899	1277
319	7	91386000	1240
319	8	9692511	1215
319	9	18666220	1102
319	10	201005279	1091
320	1	63023845	5907
320	2	76547072	3952
320	3	185347286	2599
320	4	201595455	1991
320	5	4306463937	1330
320	6	112456310	1269
320	7	171072222	1224
320	8	27605946	1152
320	9	100299040	1057
320	10	13479253	904
321	1	41354064	6161
321	2	166799026	3134
321	3	201989124	1930
321	4	146563757	1874
321	5	133942674	1552
321	6	154771817	1490
321	7	4306463937	1343
321	8	205754296	1240
321	9	111155417	1169
321	10	205050996	1077
322	1	2497301991	2389
322	2	164001016	1949
322	3	183492911	1694
322	4	11146949	1438
322	5	135204980	1303
322	6	16945967	1269
322	7	99352657	1186
322	8	101949793	961
322	9	105243760	946
322	10	2765038284	887
323	1	133896805	5921
323	2	2738498342	2630
323	3	72684844	2364
323	4	111213849	1571
323	5	4210168508	1564
323	6	16398170	1526
323	7	4210178300	1322
323	8	171407314	1286
323	9	54426137	1004
323	10	118716465	974
324	1	62426309	4021
324	2	149729710	3289
324	3	4306525036	2985
324	4	186215666	1628
324	5	15239247	1311
324	6	2738140193	1071
324	7	70513841	1065
324	8	200437886	1031
324	9	182402362	919
324	10	8081180	911
325	1	2574783	5406
325	2	4306525036	4227
325	3	41026820	3429
325	4	4306463937	2002
325	5	15137598	1599
325	6	110533041	1039
325	7	177486402	1000
325	8	4306463230	786
325	9	4306402450	765
325	10	45432028	719
326	1	66354037	5140
326	2	164566984	3231
326	3	24807848	2878
326	4	4210187594	2023
326	5	31010182	1925
326	6	178776955	1887
326	7	4210182288	1760
326	8	108417319	1649
326	9	4306400194	1602
326	10	183492911	1516
327	1	4306400194	5112
327	2	52430896	2107
327	3	4306463937	1818
327	4	39403764	1649
327	5	158016561	1574
327	6	115925768	1493
327	7	50372074	1380
327	8	70695507	1267
327	9	928796702	1196
327	10	151579836	1177
328	1	92829914	2124
328	2	203530175	1971
328	3	92316360	1908
328	4	44098145	1720
328	5	4306463075	1462
328	6	4306463937	1285
328	7	134216166	1223
328	8	204847658	1076
328	9	81547547	1021
328	10	55737203	896
329	1	4306525036	3989
329	2	15137598	3493
329	3	4306463937	2263
329	4	170496595	1930
329	5	91064148	1812
329	6	164699263	1470
329	7	47192491	1373
329	8	41454044	1167
329	9	14436165	942
329	10	4306402450	942
330	1	175922936	3204
330	2	106908163	3134
330	3	4306525036	2532
330	4	4306463937	2011
330	5	15137598	1990
330	6	110533041	1544
330	7	4306463230	1250
330	8	59624048	1114
330	9	2596394214	1046
330	10	4306402450	1001
331	1	4306463937	1433
331	2	204030396	1427
331	3	4306463855	1416
331	4	4306463409	1019
331	5	4210172589	592
331	6	15239247	532
331	7	4306401280	529
331	8	118036144	527
331	9	9692511	516
331	10	4317411217	468
332	1	109113098	2735
332	2	183492911	2617
332	3	120877133	2504
332	4	11296630	2204
332	5	130447213	1409
332	6	168745376	1257
332	7	4306463937	1080
332	8	143744711	886
332	9	20241394	868
332	10	2764696622	853
333	1	4306525036	2999
333	2	58727509	2142
333	3	45720283	2025
333	4	137740113	1528
333	5	14436165	1508
333	6	28607811	1420
333	7	4306463937	1406
333	8	21432770	942
333	9	4210210846	931
333	10	108525051	927
334	1	4306525036	3628
334	2	159891131	2442
334	3	144860794	2216
334	4	4306463937	2139
334	5	122042528	1951
334	6	127437062	1540
334	7	4306463230	1372
334	8	41314575	1196
334	9	10542796	911
334	10	173391249	875
335	1	4306463937	2283
335	2	104641133	2016
335	3	148071443	1067
335	4	4306401271	1061
335	5	4210195883	804
335	6	4210196743	769
335	7	4210172589	756
335	8	10134376	737
335	9	4306463855	730
335	10	157560195	693
336	1	128368299	2378
336	2	2764696622	2355
336	3	183492911	2207
336	4	4210230151	1834
336	5	99182027	1761
336	6	168745376	1281
336	7	101949793	1225
336	8	46950560	1150
336	9	4306463075	973
336	10	11296630	967
337	1	4306400194	3239
337	2	106296714	2025
337	3	4306402450	979
337	4	4210169156	974
337	5	4306525036	885
337	6	2764905038	833
337	7	4306463937	788
337	8	4210172589	765
337	9	183492911	764
337	10	2485537415	627
338	1	4306525036	1936
338	2	15336283	1455
338	3	140972820	1451
338	4	4306463937	1299
338	5	4306463230	1236
338	6	14436165	833
338	7	80334769	832
338	8	109998069	811
338	9	36361591	765
338	10	55107261	668
339	1	176136234	1731
339	2	4306525036	1618
339	3	4306463937	1538
339	4	151564723	1494
339	5	186451451	1298
339	6	130661733	1224
339	7	4210172139	1221
339	8	4306463230	978
339	9	169123381	951
339	10	159955403	845
340	1	4306463937	2329
340	2	194752149	1987
340	3	139016016	1522
340	4	202381698	1334
340	5	165569574	1212
340	6	4306402567	1148
340	7	4306462995	1130
340	8	126146781	1088
340	9	91612243	1061
340	10	114405033	825
341	1	4306525036	3412
341	2	27359860	2593
341	3	202381698	1334
341	4	128227336	1297
341	5	109369870	1132
341	6	72350973	1016
341	7	4306463230	898
341	8	53087977	891
341	9	91748803	802
341	10	47215897	696
342	1	4306463937	2042
342	2	4306525036	1628
342	3	4306463855	1264
342	4	24324723	738
342	5	4210172589	638
342	6	15239247	547
342	7	106822843	504
342	8	13068289	479
342	9	4306402450	433
342	10	168049282	391
343	1	4306525036	3619
343	2	4306463937	1957
343	3	3376858	1233
343	4	15137598	1112
343	5	185605772	998
343	6	181459644	991
343	7	177486402	933
343	8	4306402450	868
343	9	83651209	779
343	10	4819472	754
344	1	4306400194	1499
344	2	106296714	1223
344	3	4210172589	1014
344	4	198098182	879
344	5	4306463937	782
344	6	13144211	773
344	7	4210187594	675
344	8	55737203	656
344	9	2485537415	620
344	10	2497375143	620
345	1	115920904	3338
345	2	4306525036	3247
345	3	14436165	1811
345	4	4306463230	1302
345	5	4306463937	1192
345	6	25650217	1055
345	7	38008053	1033
345	8	200071133	1012
345	9	92126311	877
345	10	183989336	875
346	1	105243760	6168
346	2	187991544	3241
346	3	10719676	2965
346	4	143744711	2697
346	5	4210174949	2419
346	6	183492911	1574
346	7	162355128	1440
346	8	2530005873	1320
346	9	7159504	1255
346	10	19887683	1254
347	1	100736837	5429
347	2	4306463937	3218
347	3	4306525036	3207
347	4	11131942	2661
347	5	23813625	2276
347	6	2754281505	1733
347	7	51047553	1296
347	8	36642063	1209
347	9	24509660	1178
347	10	22523967	1111
348	1	48277251	1791
348	2	2765017008	1679
348	3	149191589	984
348	4	2764522276	855
348	5	4306463937	839
348	6	148071443	779
348	7	139950591	759
348	8	4306401280	707
348	9	2493613807	677
348	10	201313073	630
349	1	106296714	3072
349	2	103321696	2201
349	3	4306400194	2025
349	4	4306463937	1700
349	5	173256270	1674
349	6	57667410	865
349	7	196821226	836
349	8	4210172589	647
349	9	173966628	640
349	10	169988927	611
350	1	4210172589	13430
350	2	4306462995	3771
350	3	4306463937	2116
350	4	4306463708	2096
350	5	4306463855	1674
350	6	4306401271	845
350	7	4306463223	760
350	8	2764375719	640
350	9	4306463359	595
350	10	4306463716	403
351	1	4306525036	2915
351	2	46544255	1820
351	3	96615428	1614
351	4	202381698	1489
351	5	80921037	1451
351	6	55776271	1417
351	7	100045985	1403
351	8	4306402567	1300
351	9	189281586	1165
351	10	193994340	851
352	1	4306525036	4091
352	2	45445671	2891
352	3	73678819	2496
352	4	4306463937	1523
352	5	17762386	1056
352	6	127900037	1038
352	7	139838620	976
352	8	568598	884
352	9	2764444635	798
352	10	4210216427	709
353	1	4306463230	2009
353	2	4306463937	1280
353	3	13479253	1047
353	4	2764646681	977
353	5	193535841	865
353	6	86852077	835
353	7	194298869	810
353	8	2764968653	691
353	9	4306402450	668
353	10	101287785	661
354	1	53297675	2721
354	2	2739064124	2118
354	3	150928353	2029
354	4	4306401280	1617
354	5	118474221	1436
354	6	4210167574	1225
354	7	4210172091	1200
354	8	156506154	1181
354	9	114438711	1150
354	10	83395190	957
355	1	75741262	5813
355	2	185621672	3208
355	3	94313546	2576
355	4	98085912	2474
355	5	204609040	2372
355	6	4210187475	1714
355	7	6377669	1409
355	8	189140625	1409
355	9	91430365	1133
355	10	65464001	1056
356	1	4210168441	10124
356	2	4210231191	6362
356	3	118093565	5136
356	4	4306463937	4977
356	5	62159105	4009
356	6	4210173186	3112
356	7	4210187594	2653
356	8	19068271	2448
356	9	2764696622	1924
356	10	4306400194	1850
357	1	4306525036	3476
357	2	28527816	3005
357	3	4306463937	1598
357	4	143352558	1556
357	5	66441642	1543
357	6	195182175	1397
357	7	181459644	748
357	8	3251770	695
357	9	4306463230	665
357	10	194656152	639
358	1	4306525036	3215
358	2	105051383	1886
358	3	14436165	1453
358	4	32993367	1235
358	5	4210228861	1154
358	6	50431791	1076
358	7	2498751418	913
358	8	4306463937	905
358	9	63566508	869
358	10	140231191	781
359	1	100787194	3657
359	2	163860444	1805
359	3	4306463937	1425
359	4	191717031	1355
359	5	159699259	1254
359	6	43762691	1143
359	7	157974409	1133
359	8	178451187	1075
359	9	4210200010	1009
359	10	26135258	1002
360	1	4306463937	1996
360	2	4306463855	1425
360	3	78020522	987
360	4	94663699	872
360	5	176831015	836
360	6	142259175	829
360	7	2764556220	713
360	8	186480540	674
360	9	30638350	557
360	10	64250036	542
361	1	4306525036	3858
361	2	4210201749	2256
361	3	102916872	1906
361	4	110533041	1827
361	5	4306463937	1456
361	6	15137598	1390
361	7	86387881	1017
361	8	144507673	849
361	9	163740676	803
361	10	200877091	703
362	1	4306463937	2495
362	2	4306463855	2420
362	3	4210172589	2148
362	4	4306462995	1775
362	5	2764375719	1217
362	6	4306462964	1112
362	7	12189451	910
362	8	4306463708	880
362	9	4306463716	818
362	10	4306463717	796
363	1	93003929	7041
363	2	4306525036	2597
363	3	202381698	2160
363	4	100045985	2119
363	5	4306402450	1739
363	6	4306402567	1258
363	7	80413395	955
363	8	47215897	874
363	9	196734849	832
363	10	54542293	802
364	1	4306463937	2748
364	2	4306463855	2283
364	3	4210172589	1539
364	4	28882882	1344
364	5	72915307	836
364	6	4306463708	793
364	7	4306463716	667
364	8	99768379	615
364	9	4210213280	583
364	10	4306462995	583
365	1	201595455	2655
365	2	183492911	2520
365	3	95522064	2351
365	4	8481965	2077
365	5	4306525036	1496
365	6	4306463937	1454
365	7	161085503	1386
365	8	100299040	1104
365	9	182038535	1051
365	10	147871266	1004
366	1	4210196743	9934
366	2	70397842	2870
366	3	193620188	2226
366	4	183652945	1563
366	5	174013774	1078
366	6	98026630	790
366	7	2765017008	694
366	8	55420515	677
366	9	206298197	618
366	10	4306463230	591
367	1	4306488284	4842
367	2	167262187	2905
367	3	4306400194	1825
367	4	41354064	1083
367	5	4306402567	1028
367	6	178711970	983
367	7	4306463230	935
367	8	162030435	898
367	9	180838163	896
367	10	4306402450	825
368	1	4210172589	7675
368	2	4306462995	6132
368	3	4306463708	2842
368	4	4306463937	2600
368	5	4306462967	2418
368	6	4306463855	1682
368	7	4306463223	1147
368	8	4306464021	1091
368	9	160097506	1073
368	10	89112254	822
369	1	4306463855	4057
369	2	4306463937	3010
369	3	4306463122	1912
369	4	208038180	1077
369	5	2764375719	944
369	6	4306463716	865
369	7	4306462995	729
369	8	4306462964	592
369	9	4306463708	567
369	10	4306463717	502
370	1	197743716	5961
370	2	102681701	4547
370	3	149516416	4247
370	4	140210197	2432
370	5	201829030	2255
370	6	190997038	1613
370	7	117777261	1495
370	8	82136278	1347
370	9	4306463937	1180
370	10	135345724	1161
371	1	4306463937	3076
371	2	4306463855	1756
371	3	67703274	1533
371	4	4306463708	1107
371	5	4210184657	1081
371	6	203405392	852
371	7	4306462964	804
371	8	207420867	795
371	9	4306462995	704
371	10	2764375719	634
372	1	41354064	4872
372	2	34126442	2449
372	3	188363740	1335
372	4	205050996	1298
372	5	140251998	1286
372	6	133942674	1277
372	7	4306463937	1136
372	8	4306525036	1128
372	9	201989124	1022
372	10	21317199	858
373	1	4306463937	3378
373	2	77056576	1090
373	3	2898565713	1067
373	4	128754310	940
373	5	67425620	829
373	6	106296714	740
373	7	65690446	733
373	8	152445846	584
373	9	4210185096	566
373	10	88457320	554
374	1	4306525036	3662
374	2	30525748	3589
374	3	182300451	2524
374	4	4306463937	2336
374	5	196979320	1924
374	6	12548615	1033
374	7	4306463230	907
374	8	191188855	844
374	9	4210199966	794
374	10	49004918	672
375	1	4306402567	2757
375	2	4306400194	2220
375	3	4306463937	1543
375	4	106296714	1202
375	5	52395412	1001
375	6	202381698	990
375	7	173328182	928
375	8	70979998	925
375	9	54167817	850
375	10	86033158	747
376	1	4306401280	1979
376	2	187296519	728
376	3	176484869	600
376	4	4306463937	481
376	5	4306463855	464
376	6	179029225	440
376	7	4317411217	403
376	8	4210224784	381
376	9	160717418	367
376	10	152657728	342
377	1	4306462995	3570
377	2	4306463716	2018
377	3	4306463855	1903
377	4	4306463937	1858
377	5	4210172589	1302
377	6	4306463708	1102
377	7	4306401271	1026
377	8	2764375719	1013
377	9	4306462964	798
377	10	165492527	693
378	1	50004817	1786
378	2	4306525036	1745
378	3	4306463937	1117
378	4	202381698	1084
378	5	4306402567	984
378	6	140251998	961
378	7	173274907	875
378	8	98085912	781
378	9	4306463230	708
378	10	140889577	678
379	1	4306525036	2731
379	2	4306463937	1585
379	3	200780590	1551
379	4	140251998	1282
379	5	4306463230	1253
379	6	14436165	1004
379	7	202381698	693
379	8	62704344	664
379	9	10623703	556
379	10	25293849	525
380	1	127985767	1973
380	2	133646729	1837
380	3	189509794	1170
380	4	50222406	1027
380	5	4306463937	980
380	6	158028765	812
380	7	143744711	787
380	8	67716761	776
380	9	4210197219	747
380	10	2530005873	735
381	1	29980478	5221
381	2	145575934	3626
381	3	31518343	1983
381	4	4306463075	1839
381	5	113349237	1815
381	6	111427844	1692
381	7	2764903752	906
381	8	18714766	810
381	9	4210178770	769
381	10	163152955	749
382	1	4210172589	4012
382	2	4306463937	3537
382	3	4306463708	2221
382	4	4306463855	2154
382	5	4306463716	1692
382	6	4306462995	1518
382	7	122406424	1300
382	8	22371039	1241
382	9	4306464262	1221
382	10	4306401271	1106
383	1	4306463937	1734
383	2	4306463855	1526
383	3	24435420	1469
383	4	67377460	1228
383	5	173117069	1146
383	6	4306525036	828
383	7	132320204	713
383	8	7617862	687
383	9	190353498	659
383	10	48236719	541
384	1	111927887	3015
384	2	164692974	2960
384	3	57082650	2953
384	4	66354037	2431
384	5	187991544	1591
384	6	143744711	1417
384	7	4210187594	1247
384	8	183492911	1141
384	9	199470047	1051
384	10	17577527	1040
385	1	52395412	2483
385	2	19032547	2201
385	3	4306402567	1815
385	4	202381698	1611
385	5	106296714	1587
385	6	4306525036	1381
385	7	4210172139	1370
385	8	4306463937	1321
385	9	134668137	1276
385	10	4306400194	810
386	1	4306400194	16866
386	2	106296714	4381
386	3	4306420609	1068
386	4	4306463937	1053
386	5	4210191458	1023
386	6	4306419644	797
386	7	4306402512	638
386	8	4387284112	630
386	9	4306417597	600
386	10	4306420577	582
387	1	2764548376	3982
387	2	4306463937	2922
387	3	4306525036	2742
387	4	4306463230	2400
387	5	160568490	1666
387	6	49025288	1282
387	7	2764966072	805
387	8	152696106	781
387	9	100736837	715
387	10	173274907	715
388	1	95522064	8382
388	2	110533041	4596
388	3	20241394	4490
388	4	144507673	3014
388	5	29972171	2712
388	6	138998826	1841
388	7	201595455	1414
388	8	4210187594	1264
388	9	4306463937	1089
388	10	145630073	1000
389	1	75741262	3143
389	2	95739953	2448
389	3	111155417	1473
389	4	105243760	1300
389	5	206811868	1278
389	6	6791298	1259
389	7	77047749	1110
389	8	4306463937	1013
389	9	183492911	980
389	10	143744711	935
390	1	106296714	2573
390	2	4306463937	1364
390	3	4306400194	525
390	4	2764900261	519
390	5	2764905038	469
390	6	4306463409	466
390	7	183492911	408
390	8	2495878607	406
390	9	84775595	394
390	10	4210187594	388
391	1	106174089	4800
391	2	4220650854	3088
391	3	108821158	2140
391	4	4210172657	1793
391	5	45030768	1540
391	6	100607112	1072
391	7	35316464	708
391	8	126211104	698
391	9	4363604106	672
391	10	4210239846	639
392	1	4306402567	2779
392	2	96410829	1764
392	3	4306525036	1494
392	4	188085164	1391
392	5	5677253	1370
392	6	140251998	1126
392	7	128425624	1101
392	8	202381698	1007
392	9	125754415	876
392	10	4306463937	839
393	1	56464651	1462
393	2	22685659	1300
393	3	4306463937	1070
393	4	2764899123	869
393	5	10134376	750
393	6	163634330	749
393	7	86852077	734
393	8	4210195883	685
393	9	15239247	680
393	10	4306525036	671
394	1	4306400194	1055
394	2	2485537415	831
394	3	4306463937	828
394	4	29875816	826
394	5	106296714	714
394	6	101949793	575
394	7	4210179954	468
394	8	198098182	448
394	9	85738991	426
394	10	198879913	426
395	1	4306525036	1596
395	2	79704628	1445
395	3	166515463	1221
395	4	4306402567	1182
395	5	4210172367	1040
395	6	202381698	1029
395	7	4306463937	930
395	8	4306463230	871
395	9	175814247	800
395	10	169054600	760
396	1	4306463230	2699
396	2	161638509	2566
396	3	4306525036	2099
396	4	69093139	1519
396	5	23243006	1344
396	6	191178954	1330
396	7	79984219	1250
396	8	7204592	1149
396	9	4210168508	1142
396	10	203482206	981
397	1	102544370	2695
397	2	4306525036	1904
397	3	140251998	1267
397	4	4306402567	1072
397	5	168522863	1059
397	6	202381698	1019
397	7	4306402450	879
397	8	151589183	856
397	9	126644158	783
397	10	10623703	769
398	1	4306400194	5359
398	2	201441698	1368
398	3	104875562	1365
398	4	165969127	1303
398	5	70718007	1299
398	6	79244937	1205
398	7	50372074	1177
398	8	138681734	1157
398	9	158241587	1146
398	10	39612629	992
399	1	4306462964	3182
399	2	4306463708	2592
399	3	4306462995	2300
399	4	52609742	1798
399	5	4306464232	1370
399	6	2764375719	1228
399	7	4306463091	1187
399	8	55827047	1086
399	9	4306463855	1066
399	10	4306463937	991
400	1	15239247	2281
400	2	4306402450	1799
400	3	9692511	1009
400	4	202381698	998
400	5	4306400573	975
400	6	4306525036	941
400	7	2595931848	852
400	8	92766711	768
400	9	4210172589	651
400	10	4317411217	431
401	1	4306400194	2550
401	2	105243760	2023
401	3	143744711	1324
401	4	59020844	1158
401	5	162355128	1063
401	6	19887683	1054
401	7	187991544	1018
401	8	106296714	790
401	9	4306463937	760
401	10	183492911	689
402	1	4306463855	1756
402	2	4306463937	1736
402	3	4210172589	1670
402	4	2764375719	1292
402	5	4306462995	1003
402	6	4306462841	520
402	7	4306463708	506
402	8	4306525036	485
402	9	4306463122	464
402	10	4306463716	461
403	1	4306525036	2643
403	2	205775358	2495
403	3	4210218062	1294
403	4	142774597	1271
403	5	4306463937	1211
403	6	4306463230	1203
403	7	182143151	1154
403	8	4210169230	1018
403	9	157527038	848
403	10	14436165	774
404	1	4306463937	1513
404	2	127754761	1474
404	3	134216166	1460
404	4	17551360	1366
404	5	4306401271	1059
404	6	4210172589	740
404	7	4306463855	682
404	8	124453322	647
404	9	92829914	605
404	10	24940445	591
405	1	45123234	4106
405	2	143352558	3882
405	3	2735960814	3563
405	4	4306525036	2304
405	5	66441642	2093
405	6	4306463937	1623
405	7	158079644	1176
405	8	181459644	975
405	9	197964821	938
405	10	14436165	926
406	1	4306525036	3383
406	2	4306463937	1397
406	3	202381698	963
406	4	168522863	714
406	5	206674190	682
406	6	15137598	670
406	7	4306463230	534
406	8	140251998	527
406	9	200071133	507
406	10	196734849	478
407	1	4306525036	3443
407	2	27359860	1037
407	3	6499114	955
407	4	202381698	889
407	5	4306463937	850
407	6	5382288	822
407	7	2574783	808
407	8	4306402450	634
407	9	96615428	602
407	10	121579133	550
408	1	4306525036	2515
408	2	4306463230	797
408	3	4306463937	764
408	4	88153332	624
408	5	134644764	612
408	6	4306463075	609
408	7	128018148	575
408	8	200071133	532
408	9	98026630	525
408	10	110785341	507
409	1	21442059	2702
409	2	2502055758	2371
409	3	4121844	2034
409	4	4306463230	1276
409	5	146563757	1253
409	6	4306463937	984
409	7	4210195883	821
409	8	4306525036	550
409	9	83853393	539
409	10	64311837	528
410	1	186746772	3502
410	2	4306525036	2607
410	3	4306463937	1386
410	4	56953219	1334
410	5	4210177186	985
410	6	4306463230	805
410	7	46670945	793
410	8	104698359	650
410	9	66320806	638
410	10	103961758	616
411	1	4306463855	3139
411	2	4210172589	1555
411	3	4306463937	1473
411	4	192935422	1394
411	5	18307414	1313
411	6	79386155	1061
411	7	144178814	866
411	8	4306401271	843
411	9	49327401	776
411	10	2764375719	736
412	1	108525051	3131
412	2	4306525036	2608
412	3	68090385	1404
412	4	14436165	1247
412	5	153558830	1091
412	6	4306463937	979
412	7	2754868259	959
412	8	4306463230	917
412	9	17239246	823
412	10	107063406	789
413	1	4210172589	4613
413	2	4306401271	3206
413	3	4306463937	2814
413	4	4306463855	2071
413	5	4306463716	2035
413	6	4306463223	1522
413	7	93666758	988
413	8	4306462995	893
413	9	83145862	882
413	10	67103694	736
414	1	183492911	8252
414	2	178776955	3484
414	3	180314335	1487
414	4	4210238599	1464
414	5	4210171700	1386
414	6	134390580	1348
414	7	175543413	1083
414	8	4306400194	1058
414	9	114484406	960
414	10	186881120	938
415	1	9483105	4550
415	2	98026630	1941
415	3	26760650	1290
415	4	2737939966	1163
415	5	23579880	1091
415	6	4306463230	985
415	7	72684844	890
415	8	147871266	795
415	9	106548112	736
415	10	188241495	711
416	1	4306463855	1538
416	2	4306463937	1513
416	3	114141255	789
416	4	4210172589	708
416	5	145930022	643
416	6	111552811	596
416	7	22313829	529
416	8	4306401271	509
416	9	75293123	482
416	10	143463941	422
417	1	4210204015	1575
417	2	4210179954	1520
417	3	4306463937	1350
417	4	173595373	1320
417	5	4210233367	1263
417	6	43295729	1121
417	7	113313948	942
417	8	4220651297	815
417	9	101949793	775
417	10	4306400194	737
418	1	136332993	4049
418	2	2764622253	2863
418	3	79704628	2433
418	4	4306525036	1577
418	5	137419829	1381
418	6	14436165	1142
418	7	169054600	1126
418	8	175814247	1069
418	9	4306463937	828
418	10	66034498	799
419	1	4306400194	9562
419	2	158241587	1363
419	3	79244937	1300
419	4	4306463937	939
419	5	151579836	895
419	6	165473669	867
419	7	104875562	790
419	8	4210167992	754
419	9	35093870	720
419	10	16116274	649
420	1	106296714	4876
420	2	4306400194	3091
420	3	4306463937	1370
420	4	45693802	1207
420	5	123019304	606
420	6	42080949	516
420	7	2764905038	414
420	8	147897268	393
420	9	2764461748	331
420	10	4306421047	329
421	1	140251998	1719
421	2	4306525036	1408
421	3	4306402567	1330
421	4	4210237460	1071
421	5	140584875	1043
421	6	4306463937	880
421	7	202381698	832
421	8	10623703	653
421	9	4306463230	625
421	10	151589183	604
422	1	4306525036	2145
422	2	63600306	1430
422	3	74123199	1405
422	4	17147534	1358
422	5	4306463937	1164
422	6	2764493120	920
422	7	4306402450	513
422	8	4210234749	508
422	9	4306463230	378
422	10	15239247	377
423	1	77056576	1943
423	2	127530304	1507
423	3	140152165	1441
423	4	87940674	1241
423	5	67425620	1197
423	6	120037611	1180
423	7	2898407351	1178
423	8	158178784	1142
423	9	154732359	1026
423	10	30799303	907
424	1	4210202285	3052
424	2	59320183	1143
424	3	11146949	988
424	4	16239639	975
424	5	128754310	944
424	6	99182027	920
424	7	4306463937	909
424	8	67425620	639
424	9	45331193	615
424	10	187175751	614
425	1	4306400194	9258
425	2	184147796	2188
425	3	18902827	1928
425	4	81616010	1856
425	5	4502562	1623
425	6	106296714	1425
425	7	53865935	1423
425	8	925225069	1213
425	9	8494942	755
425	10	151314372	748
426	1	4306525036	3192
426	2	14436165	1526
426	3	183989336	1156
426	4	4306463937	1144
426	5	25650217	876
426	6	4306463230	762
426	7	76900504	761
426	8	44888363	636
426	9	4306402450	536
426	10	202381698	522
427	1	4306402567	2528
427	2	20257348	1598
427	3	185787987	1543
427	4	202381698	1358
427	5	130917594	1074
427	6	98276404	1073
427	7	81563257	901
427	8	128425624	837
427	9	104261359	771
427	10	4306463937	769
428	1	4306400194	9869
428	2	200871675	2240
428	3	151579836	1792
428	4	70695507	1287
428	5	89452420	1195
428	6	74141806	945
428	7	19392275	885
428	8	4306463937	845
428	9	158241587	748
428	10	136982523	742
429	1	159512450	3719
429	2	4306525036	2415
429	3	53533005	1572
429	4	4306463937	1523
429	5	30525748	1430
429	6	90729755	681
429	7	114289926	653
429	8	196979320	650
429	9	4306463230	648
429	10	205775358	615
430	1	4210172589	10069
430	2	4306401271	4283
430	3	4306463937	1595
430	4	120991925	904
430	5	4306463223	710
430	6	183232449	642
430	7	3416249	431
430	8	36178057	418
430	9	4306462995	414
430	10	4306463855	401
431	1	183492911	2841
431	2	203479135	2460
431	3	96873385	1923
431	4	178776955	1237
431	5	134390580	1089
431	6	199247034	1078
431	7	10719676	943
431	8	105243760	897
431	9	186881120	860
431	10	201441698	792
432	1	15647332	4221
432	2	146005121	2918
432	3	4210171700	2131
432	4	183492911	1352
432	5	35412551	1342
432	6	6377669	1233
432	7	143744711	977
432	8	105243760	938
432	9	189140625	868
432	10	4306400194	794
433	1	32261165	2802
433	2	4210196743	2239
433	3	4306463937	1746
433	4	200668369	1632
433	5	196783408	1221
433	6	118568332	859
433	7	4306525036	810
433	8	193620188	776
433	9	4210172139	677
433	10	56909845	526
434	1	19003042	4415
434	2	203966947	926
434	3	198098182	864
434	4	2764603912	649
434	5	123060138	585
434	6	2764501496	568
434	7	4210187594	538
434	8	4210179954	523
434	9	2485537415	515
434	10	197975706	477
435	1	4306400194	15251
435	2	168680287	1058
435	3	106296714	867
435	4	4306420609	701
435	5	183492911	624
435	6	4502562	569
435	7	154637859	528
435	8	4306402512	508
435	9	4306419644	469
435	10	120629676	465
436	1	127985767	1804
436	2	187991544	1688
436	3	67716761	1515
436	4	105243760	1342
436	5	6791298	1090
436	6	164001016	885
436	7	4210237713	654
436	8	41354064	651
436	9	2530005873	649
436	10	4306400194	646
437	1	183492911	6751
437	2	178776955	2402
437	3	117354312	2212
437	4	134390580	1749
437	5	104118869	1724
437	6	4210238599	997
437	7	180314335	743
437	8	4306400194	740
437	9	4306463937	645
437	10	130108588	613
438	1	41354064	4953
438	2	4306463937	2179
438	3	4210168331	1835
438	4	171072222	1785
438	5	171987449	1698
438	6	168898714	1418
438	7	173751180	828
438	8	67716761	815
438	9	183947471	755
438	10	80733542	705
439	1	96615428	3023
439	2	4306525036	2352
439	3	14436165	1170
439	4	4306463230	815
439	5	4306463937	773
439	6	54542293	646
439	7	6589812	622
439	8	27359860	578
439	9	103035011	574
439	10	202381698	569
440	1	4306525036	2558
440	2	30525748	2186
440	3	15137598	1872
440	4	4306463937	1327
440	5	196979320	1165
440	6	191188855	794
440	7	182300451	776
440	8	4802544	645
440	9	4306463230	629
440	10	14436165	628
441	1	40528764	1205
441	2	4306463230	992
441	3	101793665	875
441	4	62523962	793
441	5	195830457	727
441	6	205857434	693
441	7	94385113	681
441	8	4306463855	641
441	9	189297499	630
441	10	100920005	616
442	1	4306402567	2735
442	2	4306525036	1435
442	3	202381698	1129
442	4	4306463937	1000
442	5	174672550	876
442	6	122591147	820
442	7	65932378	694
442	8	6761461	678
442	9	125754415	674
442	10	969433497	668
443	1	128479783	2578
443	2	78839210	1898
443	3	64108887	1509
443	4	135734010	914
443	5	2764448922	880
443	6	98430239	874
443	7	31777576	844
443	8	48277251	621
443	9	4306463937	605
443	10	2738977497	596
444	1	21009921	1843
444	2	41354064	1384
444	3	173499201	1051
444	4	4210230422	1039
444	5	70979998	894
444	6	83853393	867
444	7	153285774	830
444	8	88152556	759
444	9	182099265	731
444	10	113993733	680
445	1	200071133	3085
445	2	4306525036	2745
445	3	81929299	1588
445	4	186746772	1296
445	5	153015021	900
445	6	199810014	703
445	7	4306463937	692
445	8	4306463230	647
445	9	119714264	575
445	10	14436165	533
446	1	4210172589	9650
446	2	4306401271	4877
446	3	4306463937	1331
446	4	4306463855	672
446	5	4210220163	472
446	6	2042836	471
446	7	4317411217	457
446	8	4306462995	437
446	9	4306463223	437
446	10	42192170	436
447	1	4317411217	1316
447	2	4210205400	1198
447	3	4306401280	1145
447	4	4393919366	988
447	5	4210187594	767
447	6	4210236372	708
447	7	2764696622	554
447	8	4210191986	532
447	9	4210182531	335
447	10	4210209867	266
448	1	4306463937	2900
448	2	56437793	2038
448	3	92638099	1570
448	4	41354064	1458
448	5	61245073	1257
448	6	183492911	1134
448	7	171072222	949
448	8	4306525036	927
448	9	152760256	790
448	10	68911691	765
449	1	4306463122	3567
449	2	2764375719	1490
449	3	4306463855	1369
449	4	4306462995	1267
449	5	4306463937	1104
449	6	4306463717	934
449	7	4306401280	796
449	8	25748888	693
449	9	44433209	633
449	10	4210172589	618
450	1	4306462995	2583
450	2	4306463716	2310
450	3	2764375719	1625
450	4	4306463937	1599
450	5	4306463855	1453
450	6	4210172608	926
450	7	33952821	894
450	8	4306463717	781
450	9	4306462951	701
450	10	4306463091	688
451	1	4306525036	3085
451	2	4306463937	2085
451	3	86387881	1555
451	4	2506670899	1163
451	5	200877091	1140
451	6	36642063	1058
451	7	141445603	926
451	8	163740676	897
451	9	94555171	772
451	10	4306463230	746
452	1	37411791	1513
452	2	4306463075	1454
452	3	4306463937	963
452	4	93764904	794
452	5	91823780	677
452	6	19266977	632
452	7	178493899	619
452	8	105963835	592
452	9	55737203	582
452	10	201473135	573
453	1	4306400194	5884
453	2	106296714	2750
453	3	4210172589	2034
453	4	4306463937	1527
453	5	4306463409	509
453	6	2485537415	417
453	7	2764900261	413
453	8	4306463855	388
453	9	2480266640	328
453	10	2764351738	240
454	1	4306462995	3512
454	2	4306462964	1878
454	3	4306463091	1595
454	4	4306463855	1373
454	5	4306463717	1310
454	6	2764375719	1241
454	7	4306463937	1221
454	8	4306463708	1037
454	9	4306466687	549
454	10	155054565	544
455	1	4306400194	3742
455	2	184954342	1427
455	3	51360982	1193
455	4	106296714	1039
455	5	2898405271	897
455	6	156578089	750
455	7	4306463937	702
455	8	2898246533	689
455	9	4210191041	689
455	10	183498172	676
456	1	140251998	2003
456	2	4306525036	1555
456	3	4306402567	1090
456	4	202381698	1020
456	5	5415759	961
456	6	151589183	880
456	7	4306463937	628
456	8	10623703	613
456	9	196734849	575
456	10	125754415	539
457	1	3649266	2880
457	2	67716761	2343
457	3	106928643	2042
457	4	189509794	1661
457	5	187991544	1167
457	6	2764696622	784
457	7	188605413	712
457	8	5707928	677
457	9	50523690	647
457	10	89963981	639
458	1	4306463937	1707
458	2	4306525036	1274
458	3	186589312	1043
458	4	110204754	1009
458	5	4306463230	824
458	6	47649111	758
458	7	113871862	733
458	8	2504628507	620
458	9	84074229	617
458	10	192592622	614
459	1	99242495	1315
459	2	4306463937	698
459	3	8962223	686
459	4	4210172589	685
459	5	4210169245	467
459	6	4306463230	423
459	7	4306401271	414
459	8	25157213	408
459	9	4306501125	387
459	10	145575934	377
460	1	183492911	5351
460	2	102728161	1499
460	3	109302362	1213
460	4	175543413	1206
460	5	178776955	1197
460	6	4210238599	1167
460	7	180314335	1048
460	8	4306463937	937
460	9	77056576	841
460	10	147767848	776
461	1	4306525036	2152
461	2	4306463937	1565
461	3	156862075	964
461	4	15239247	717
461	5	200437886	537
461	6	195965714	460
461	7	4306401280	460
461	8	4306402450	447
461	9	202381698	379
461	10	39948230	374
462	1	4306525036	3155
462	2	4306463937	1866
462	3	153994436	1647
462	4	169297576	1111
462	5	58727509	1010
462	6	155721155	790
462	7	45720283	624
462	8	28607811	600
462	9	1027757569	587
462	10	14436165	578
463	1	4306463937	1649
463	2	106296714	1149
463	3	2764431341	834
463	4	2737215817	707
463	5	4210190054	686
463	6	4306463075	620
463	7	111872859	590
463	8	203620496	545
463	9	4306463855	500
463	10	859791518	491
464	1	101949793	1287
464	2	4306400194	987
464	3	106296714	867
464	4	2485537415	662
464	5	4306463937	653
464	6	189694085	631
464	7	4210179954	474
464	8	2480266640	457
464	9	10936095	430
464	10	63459445	410
465	1	146952083	4312
465	2	4306463937	2274
465	3	4306525036	2248
465	4	107905979	1993
465	5	154904565	1470
465	6	4306463230	1432
465	7	128848949	875
465	8	2755168269	864
465	9	2764888703	838
465	10	51654951	748
466	1	74080386	3044
466	2	4306463937	1788
466	3	47939261	1382
466	4	125585695	1331
466	5	177391433	1331
466	6	126804734	1257
466	7	131708376	1231
466	8	4306525036	1170
466	9	4210234357	898
466	10	60315679	801
467	1	46544255	1942
467	2	4306525036	1541
467	3	190456265	1187
467	4	165991124	1027
467	5	100045985	934
467	6	202381698	930
467	7	80413395	895
467	8	102868315	828
467	9	119628427	808
467	10	155128447	722
468	1	4306525036	2639
468	2	4306463937	1618
468	3	59624048	1337
468	4	1995308	1046
468	5	4306463230	1003
468	6	111727011	891
468	7	4210178590	826
468	8	19176856	799
468	9	4210197100	555
468	10	2734605188	544
469	1	4306463937	1381
469	2	4306401271	1374
469	3	4306463855	1344
469	4	4210172589	1157
469	5	10134376	758
469	6	99313352	672
469	7	4306463223	483
469	8	4306402512	458
469	9	4306463230	457
469	10	78512408	441
470	1	143352558	2768
470	2	4306525036	2390
470	3	84837402	2234
470	4	66441642	1444
470	5	4306463937	1308
470	6	39924113	958
470	7	4306463230	942
470	8	197964821	706
470	9	194656152	699
470	10	158079644	693
471	1	4306525036	2664
471	2	154451576	2154
471	3	129764719	1349
471	4	87161179	1315
471	5	4306463937	813
471	6	5303612	571
471	7	4306463230	537
471	8	182167790	444
471	9	4306402450	406
471	10	2737606590	375
472	1	106296714	1798
472	2	4306400194	1158
472	3	32898093	958
472	4	98183460	820
472	5	8427965	601
472	6	4306463937	585
472	7	101949793	574
472	8	2764905038	509
472	9	2485537415	481
472	10	115201632	473
473	1	4306525036	2127
473	2	4306463937	1649
473	3	58727509	1151
473	4	14436165	1150
473	5	28607811	1149
473	6	45720283	1034
473	7	32635664	708
473	8	3992287	703
473	9	80252431	652
473	10	4210181557	613
474	1	4306400194	1591
474	2	183492911	1398
474	3	4306419550	1090
474	4	193624734	973
474	5	101949793	911
474	6	168680287	750
474	7	4306463937	622
474	8	189694085	560
474	9	4210179954	524
474	10	2898246533	499
475	1	4306525036	4290
475	2	15444899	1397
475	3	92477597	1194
475	4	4306463937	935
475	5	4306463230	765
475	6	24135080	700
475	7	157213201	681
475	8	4310451	662
475	9	7715451	642
475	10	163220592	589
476	1	4306463937	2988
476	2	4306525036	2822
476	3	14109371	1823
476	4	65618785	1579
476	5	44433048	1289
476	6	4306463230	1216
476	7	146952083	1110
476	8	128848949	898
476	9	2764466093	827
476	10	2893128	621
477	1	135458494	3380
477	2	57491091	2155
477	3	4306463937	1719
477	4	4210196743	1259
477	5	112652565	1157
477	6	63107127	858
477	7	6147291	851
477	8	85201822	843
477	9	171471881	777
477	10	96615428	774
478	1	4210172589	2967
478	2	4306400194	2619
478	3	106296714	1716
478	4	2485537415	1000
478	5	4306463937	962
478	6	4210169156	864
478	7	2764900261	599
478	8	2764905038	441
478	9	101949793	364
478	10	2764847869	354
479	1	129060628	2171
479	2	4306525036	1558
479	3	104375418	1351
479	4	102890116	1123
479	5	146061289	949
479	6	11564597	908
479	7	202381698	831
479	8	4306463937	753
479	9	49878492	627
479	10	118758356	609
480	1	183492911	1860
480	2	67069294	1275
480	3	69755223	1184
480	4	96873385	1127
480	5	192559872	988
480	6	105746325	883
480	7	4306463230	839
480	8	191963794	808
480	9	4306525036	792
480	10	61773069	701
481	1	4306463937	3184
481	2	2898565713	1453
481	3	4210167954	1148
481	4	4210185096	710
481	5	2898405271	592
481	6	10134376	577
481	7	2898447089	575
481	8	4210184193	518
481	9	106296714	506
481	10	4210169156	492
482	1	4306462995	2577
482	2	4306463855	1992
482	3	4306463708	1981
482	4	2764375719	1805
482	5	4306463937	1122
482	6	4306463122	1055
482	7	4306463491	723
482	8	963407780	618
482	9	96006530	592
482	10	22535337	579
483	1	4306400194	2529
483	2	50372074	1243
483	3	151292657	1051
483	4	114104845	1043
483	5	151579836	1017
483	6	200871675	878
483	7	113214489	867
483	8	70718007	804
483	9	89452420	789
483	10	169017477	735
484	1	123149298	2209
484	2	4306463075	1243
484	3	97378760	1041
484	4	202403813	920
484	5	4306463937	896
484	6	4306463230	859
484	7	139295051	741
484	8	166351637	574
484	9	4306525036	537
484	10	4363604106	508
485	1	41354064	2098
485	2	134668137	1885
485	3	111155417	1366
485	4	185621672	1061
485	5	4306463937	775
485	6	30970080	772
485	7	111464279	752
485	8	10422866	736
485	9	152760256	705
485	10	4306525036	694
486	1	4306525036	2235
486	2	96615428	1743
486	3	91748803	1195
486	4	55776271	1062
486	5	57491091	938
486	6	91749377	935
486	7	27359860	874
486	8	202381698	862
486	9	114911520	801
486	10	103035011	719
487	1	200071133	5565
487	2	4306525036	2047
487	3	15137598	1113
487	4	25535963	941
487	5	186546955	924
487	6	14436165	895
487	7	153015021	726
487	8	4306463937	583
487	9	27064115	552
487	10	149476849	485
488	1	4306525036	2156
488	2	107919129	1802
488	3	80413395	1249
488	4	11852655	1194
488	5	80921037	1071
488	6	150156781	838
488	7	11075000	800
488	8	128227336	750
488	9	202381698	736
488	10	4306463937	694
489	1	106296714	2369
489	2	110206669	1841
489	3	183492911	1121
489	4	4306400194	976
489	5	2764905038	671
489	6	4210206007	668
489	7	2764900261	535
489	8	61310614	533
489	9	2485537415	478
489	10	4306463937	432
490	1	4306462995	2060
490	2	4306463855	1923
490	3	4306463937	1755
490	4	4306462964	1557
490	5	2764375719	1000
490	6	4306463717	874
490	7	4306463708	655
490	8	4306463716	629
490	9	4210172589	600
490	10	97342212	561
491	1	4210172589	8870
491	2	4306401271	4587
491	3	4306463937	1141
491	4	73680622	415
491	5	4306463855	384
491	6	4306525036	362
491	7	4306463708	352
491	8	4210224032	269
491	9	4306463716	264
491	10	189751245	252
492	1	179591353	2138
492	2	25157213	2040
492	3	113313948	1137
492	4	4306400194	1032
492	5	4306463937	902
492	6	164609412	847
492	7	153084011	710
492	8	61564791	631
492	9	2764696622	623
492	10	183492911	597
493	1	4306525036	2508
493	2	170339494	1953
493	3	112197712	1704
493	4	30045969	1155
493	5	202381698	813
493	6	4306463937	683
493	7	4306463230	635
493	8	53087977	607
493	9	128227336	532
493	10	72350973	437
494	1	4306463937	2455
494	2	4306463855	2144
494	3	4306463871	706
494	4	4306463716	605
494	5	4210182004	574
494	6	136099329	525
494	7	102059668	520
494	8	4210172589	438
494	9	4306401280	412
494	10	62036463	388
495	1	4306525036	2869
495	2	104135014	2575
495	3	4306463937	1456
495	4	124584150	1437
495	5	138569045	1074
495	6	34108376	805
495	7	41314575	713
495	8	4306463230	683
495	9	3376858	500
495	10	100253076	452
496	1	4306525036	2117
496	2	140251998	1120
496	3	4306463937	699
496	4	202381698	658
496	5	4306463230	539
496	6	18118477	470
496	7	30970080	380
496	8	151589183	379
496	9	200071133	379
496	10	14436165	351
497	1	106296714	1673
497	2	4306463937	1509
497	3	4306463855	879
497	4	4306463409	852
497	5	186921036	557
497	6	112620617	527
497	7	4306418196	505
497	8	4210172589	449
497	9	4306401280	353
497	10	2764900261	330
498	1	196498761	2449
498	2	137362610	2210
498	3	4306463230	1176
498	4	4306463075	961
498	5	26760650	877
498	6	130676932	875
498	7	151747869	844
498	8	4306463937	835
498	9	188241495	786
498	10	181365921	524
499	1	164001016	1908
499	2	123480357	1542
499	3	95739953	1419
499	4	2764437742	1381
499	5	2500738039	1313
499	6	135204980	1246
499	7	99352657	1234
499	8	4210176222	1148
499	9	2764414965	1037
499	10	2502627819	952
500	1	200764475	1110
500	2	4306463230	936
500	3	83853393	911
500	4	123288148	760
500	5	43139658	690
500	6	11629336	606
500	7	163807576	604
500	8	2481244646	562
500	9	67425620	543
500	10	63494468	523
501	1	50059124	1359
501	2	4306525036	1319
501	3	113871862	1121
501	4	4306463937	1064
501	5	109655379	861
501	6	38377033	854
501	7	84074229	545
501	8	4210172589	473
501	9	15239247	424
501	10	4306463708	385
502	1	4306463937	4913
502	2	4306462995	2950
502	3	4306463708	1642
502	4	4306462964	1507
502	5	4306463855	1007
502	6	4306463091	817
502	7	2764375719	673
502	8	4306400194	545
502	9	176377974	429
502	10	192525298	429
503	1	4306525036	1957
503	2	65770309	1543
503	3	4306463937	1519
503	4	59624048	1146
503	5	4210222112	946
503	6	4306463230	917
503	7	111727011	746
503	8	1995308	616
503	9	4210178590	606
503	10	130320380	537
504	1	87940674	4921
504	2	162355128	1220
504	3	133646729	1204
504	4	29875816	1102
504	5	187991544	705
504	6	143744711	666
504	7	105243760	601
504	8	19887683	582
504	9	10719676	477
504	10	4306418241	464
505	1	106174089	1759
505	2	100607112	1596
505	3	183492911	1095
505	4	108821158	895
505	5	4210184077	885
505	6	4220650854	747
505	7	111326731	619
505	8	39675887	584
505	9	19171858	566
505	10	45030768	503
506	1	113542562	2137
506	2	1016481467	1099
506	3	12492028	1081
506	4	4306463937	1000
506	5	10907757	944
506	6	35512523	654
506	7	2736968195	634
506	8	4206644	569
506	9	103398315	568
506	10	29980478	536
507	1	678965	2590
507	2	4306525036	1882
507	3	4306463937	1092
507	4	83891556	927
507	5	4210172589	884
507	6	43019230	789
507	7	191882557	613
507	8	90347677	592
507	9	103359281	568
507	10	4306401271	561
508	1	4210172589	4875
508	2	4306401271	2496
508	3	4306463937	1567
508	4	4306463855	1171
508	5	4306462995	476
508	6	4306463708	470
508	7	4306463223	424
508	8	4306463716	391
508	9	4306401280	353
508	10	4317411217	228
509	1	4306525036	2458
509	2	4306463937	1445
509	3	59624048	768
509	4	4306463230	724
509	5	111727011	666
509	6	1995308	566
509	7	14436165	515
509	8	141953298	515
509	9	193127762	495
509	10	101278519	449
510	1	83853393	2296
510	2	64311837	1955
510	3	79925788	1272
510	4	4306525036	1034
510	5	98026630	769
510	6	108911230	678
510	7	4306463937	538
510	8	134644764	529
510	9	168584722	516
510	10	34126442	413
511	1	4210170956	1574
511	2	106296714	1320
511	3	56112914	1258
511	4	4306463937	878
511	5	4306400194	548
511	6	4306463409	466
511	7	2764691006	426
511	8	2764905038	350
511	9	103482838	348
511	10	4306463855	334
512	1	201473135	1211
512	2	4306463937	1018
512	3	4210195883	579
512	4	4306463075	539
512	5	4306400194	534
512	6	61699894	499
512	7	43295729	496
512	8	190853250	493
512	9	183209598	409
512	10	59755854	393
513	1	4210187594	773
513	2	4306463937	684
513	3	4306463855	507
513	4	4306401280	469
513	5	4306525036	434
513	6	104917558	374
513	7	2764696622	320
513	8	4317411217	279
513	9	4393919366	269
513	10	4210194487	253
514	1	8722945	1409
514	2	194662844	1409
514	3	4306463230	1004
514	4	4306463937	848
514	5	4306525036	786
514	6	21693283	702
514	7	4306402567	597
514	8	202381698	560
514	9	167407068	485
514	10	5555990	475
515	1	53450646	2114
515	2	134185576	1226
515	3	134216166	1188
515	4	86852077	887
515	5	44455300	753
515	6	4306463937	722
515	7	4210200103	688
515	8	52566953	633
515	9	4210195883	574
515	10	4306463075	532
516	1	98208149	6833
516	2	27731274	2067
516	3	113542562	1264
516	4	114406758	1262
516	5	4306463937	1183
516	6	42323631	987
516	7	89954039	768
516	8	4306400194	764
516	9	183492911	675
516	10	4306402567	637
517	1	4210172589	2390
517	2	4306463937	696
517	3	191556934	670
517	4	66510378	661
517	5	4210224324	603
517	6	4306401271	583
517	7	4306463855	576
517	8	4306401280	510
517	9	169699294	495
517	10	91781374	482
518	1	4306525036	2481
518	2	4306463937	1221
518	3	185347286	851
518	4	129397763	826
518	5	63023845	806
518	6	15137598	692
518	7	24354371	675
518	8	191349260	534
518	9	14436165	481
518	10	4306463230	458
519	1	4306525036	2064
519	2	4306463937	1342
519	3	7689096	853
519	4	104698359	780
519	5	108768312	653
519	6	86387881	647
519	7	4306463230	641
519	8	4306462995	615
519	9	200672447	520
519	10	33418846	503
520	1	4306463937	2372
520	2	4210172589	1665
520	3	202734349	1147
520	4	112952035	1146
520	5	4306401271	1110
520	6	9692511	565
520	7	84268765	557
520	8	4306463855	513
520	9	151331055	434
520	10	4210213578	424
521	1	177147899	3517
521	2	101472891	3057
521	3	48860480	2716
521	4	4210205149	2407
521	5	138759888	1623
521	6	106928643	1323
521	7	67716761	877
521	8	158447136	742
521	9	198339081	702
521	10	2764437742	630
522	1	4306525036	3024
522	2	4306463937	1105
522	3	43051214	1060
522	4	39924113	902
522	5	4306463230	696
522	6	2738950867	586
522	7	5398819	561
522	8	141953298	501
522	9	113474406	496
522	10	2764418376	449
523	1	4306525036	1575
523	2	168522863	778
523	3	4306402567	648
523	4	202381698	645
523	5	4306402450	639
523	6	140251998	570
523	7	10623703	558
523	8	192603849	526
523	9	4306463937	526
523	10	126644158	507
524	1	106296714	2841
524	2	4306400194	1603
524	3	183492911	580
524	4	2764905038	544
524	5	2764900261	541
524	6	414566	507
524	7	4306463937	494
524	8	90108747	473
524	9	4210206007	426
524	10	4210179954	303
525	1	4306401271	2483
525	2	4210172589	1790
525	3	103321696	917
525	4	10134376	651
525	5	34280410	641
525	6	4306463937	616
525	7	58516903	449
525	8	169988927	396
525	9	201533460	387
525	10	4306401280	361
526	1	4306463855	1634
526	2	2948509140	1288
526	3	4210230940	1074
526	4	4210168471	810
526	5	4306463937	650
526	6	45653059	582
526	7	4210187767	545
526	8	998543980	458
526	9	4306401280	447
526	10	4306463091	438
527	1	4306463937	16777
527	2	4306463308	4832
527	3	4306463307	2422
527	4	4306463104	1860
527	5	4306464262	927
527	6	185609448	567
527	7	4210214373	532
527	8	4210176779	491
527	9	4306401271	473
527	10	4210228876	398
528	1	4306402567	2028
528	2	183492911	1871
528	3	178776955	1073
528	4	98085912	963
528	5	4210172139	842
528	6	196734849	774
528	7	127827428	764
528	8	104118869	762
528	9	117354312	674
528	10	4306463937	650
529	1	11296630	3028
529	2	971171794	2047
529	3	4210202285	2020
529	4	99182027	1633
529	5	105243760	646
529	6	187991544	550
529	7	86702594	515
529	8	4306463937	507
529	9	46035623	451
529	10	4306402512	437
530	1	4306525036	2165
530	2	14436165	1321
530	3	79704628	1037
530	4	4306463937	995
530	5	173274907	875
530	6	4306463230	735
530	7	137419829	699
530	8	169054600	479
530	9	175814247	435
530	10	134773490	409
531	1	158041768	1720
531	2	4306525036	1642
531	3	4306463937	1416
531	4	156006901	957
531	5	12843020	783
531	6	4306463230	644
531	7	110924429	526
531	8	14436165	446
531	9	78230319	445
531	10	44433048	400
532	1	183492911	3282
532	2	42323631	1788
532	3	52123058	1495
532	4	103398315	1354
532	5	178776955	1064
532	6	187991544	829
532	7	112574528	767
532	8	4210187594	665
532	9	26602194	625
532	10	105243760	611
533	1	4306400194	9814
533	2	14709335	1589
533	3	106296714	921
533	4	19392275	836
533	5	158842918	823
533	6	4306463937	765
533	7	4210226894	517
533	8	151579836	490
533	9	20133105	473
533	10	70718007	434
534	1	128507546	5110
534	2	4306525036	1410
534	3	4306463937	933
534	4	116251202	711
534	5	108732581	633
534	6	172125442	632
534	7	41500138	529
534	8	191417626	468
534	9	4306463230	430
534	10	4306402450	382
535	1	4306525036	1661
535	2	84590487	1187
535	3	9886411	1128
535	4	110785341	640
535	5	155604799	629
535	6	178469169	593
535	7	4306402450	551
535	8	4306463230	539
535	9	197964821	526
535	10	4306463937	523
536	1	4306525036	2243
536	2	4306463937	1398
536	3	76900504	859
536	4	144860794	628
536	5	4306463230	628
536	6	2738950867	425
536	7	2312674	369
536	8	10542796	337
536	9	125174104	333
536	10	141953298	332
537	1	4306525036	2672
537	2	4306463937	1473
537	3	14109371	1211
537	4	2312674	1157
537	5	4210177186	844
537	6	113474406	638
537	7	4306463230	616
537	8	65618785	571
537	9	90626604	505
537	10	92685437	419
538	1	4306463937	1575
538	2	10134376	1422
538	3	94060836	1096
538	4	129922104	955
538	5	4306463855	863
538	6	58516903	608
538	7	4210181232	507
538	8	4210172589	442
538	9	32271328	430
538	10	201876622	404
539	1	41354064	5493
539	2	133942674	1876
539	3	201989124	1474
539	4	205050996	1351
539	5	4210200754	1344
539	6	67393510	1310
539	7	111155417	1261
539	8	152760256	1106
539	9	179810352	984
539	10	205754296	848
540	1	4306400194	2446
540	2	1393328	1735
540	3	79267003	745
540	4	4306463937	662
540	5	4210187594	595
540	6	3164724	495
540	7	89576279	473
540	8	85738991	454
540	9	164833468	407
540	10	109302362	385
541	1	15409311	3281
541	2	86387881	1384
541	3	152176358	1336
541	4	4306525036	1108
541	5	4306463937	1032
541	6	11296630	892
541	7	174332447	730
541	8	110744938	711
541	9	200877091	544
541	10	163740676	510
542	1	203465130	1623
542	2	13479253	1499
542	3	86852077	1364
542	4	143381477	936
542	5	10446503	922
542	6	201530359	873
542	7	173943867	801
542	8	4306525036	784
542	9	87561820	745
542	10	1879512	704
543	1	4306525036	2192
543	2	76304953	617
543	3	202381698	573
543	4	134644764	480
543	5	4306463230	478
543	6	98026630	458
543	7	129637156	451
543	8	140251998	451
543	9	10623703	449
543	10	4306463937	405
544	1	30525748	3001
544	2	4306525036	2068
544	3	15137598	1311
544	4	196979320	1306
544	5	4306463937	1290
544	6	191188855	1215
544	7	4802544	1100
544	8	96871409	927
544	9	59248909	724
544	10	49004918	673
545	1	4306463937	1793
545	2	4210211349	1338
545	3	126013225	651
545	4	4210172589	498
545	5	106296714	423
545	6	4306463855	398
545	7	153020912	388
545	8	4306400194	353
545	9	69790668	349
545	10	169988927	342
546	1	134644764	1985
546	2	98026630	1716
546	3	4210196743	1422
546	4	14903550	1022
546	5	2764649054	843
546	6	4306463230	815
546	7	62863702	730
546	8	38919146	685
546	9	74940757	685
546	10	2739448144	653
547	1	63511553	3104
547	2	68503223	2531
547	3	179017329	1738
547	4	4306463937	1497
547	5	34395325	1415
547	6	4210169118	1134
547	7	23655555	798
547	8	4210208383	774
547	9	168357330	727
547	10	4949901	725
548	1	183492911	7488
548	2	178776955	1078
548	3	4306400194	997
548	4	186881120	724
548	5	175543413	644
548	6	180314335	571
548	7	72499069	548
548	8	2307745	542
548	9	4210238599	533
548	10	130108588	430
549	1	61428987	1651
549	2	74630304	1607
549	3	202705189	1401
549	4	102543962	1037
549	5	137835450	966
549	6	29980478	953
549	7	49393431	888
549	8	128777875	743
549	9	71324801	734
549	10	37840076	643
550	1	4306463937	873
550	2	25746158	743
550	3	4306463855	716
550	4	68758695	618
550	5	105044966	528
550	6	82530051	484
550	7	73400788	367
550	8	4210206506	333
550	9	94345546	324
550	10	2765021630	314
551	1	116775814	1431
551	2	4210169156	616
551	3	101949793	571
551	4	4306463937	503
551	5	4210179954	473
551	6	2764905038	465
551	7	4306400194	456
551	8	2493613807	397
551	9	2764566388	391
551	10	4210187594	387
552	1	106296714	5534
552	2	4306400194	5041
552	3	90727058	1728
552	4	4306463937	1017
552	5	75897683	661
552	6	68047077	614
552	7	39012697	420
552	8	4502562	398
552	9	4306402512	371
552	10	147953040	339
553	1	50523690	2072
553	2	3649266	1126
553	3	2764696622	668
553	4	112770955	608
553	5	67326217	566
553	6	187991544	543
553	7	183492911	542
553	8	16945967	534
553	9	4210233251	493
553	10	67425620	422
554	1	202680183	2090
554	2	75069817	1678
554	3	149937609	1392
554	4	21262371	1376
554	5	186935893	1288
554	6	48860480	1123
554	7	164770093	956
554	8	4306463230	714
554	9	109565702	691
554	10	69753523	687
555	1	4306525036	1837
555	2	4306463937	502
555	3	202381698	493
555	4	128018148	478
555	5	140251998	369
555	6	10623703	359
555	7	4306463230	353
555	8	2737566431	330
555	9	134644764	303
555	10	151589183	274
556	1	106296714	3087
556	2	4306400194	921
556	3	4306463937	841
556	4	168738021	735
556	5	2764905038	404
556	6	4306418552	361
556	7	2764900261	276
556	8	4306402512	253
556	9	4210169156	238
556	10	4210172589	238
557	1	155850388	879
557	2	76910236	757
557	3	2736865057	720
557	4	4306463075	589
557	5	4306463937	565
557	6	2765035553	509
557	7	10134376	458
557	8	2764994788	427
557	9	173966628	392
557	10	4210172589	362
558	1	183492911	2825
558	2	105243760	1317
558	3	178776955	1138
558	4	193112073	789
558	5	202289667	677
558	6	120213556	629
558	7	119074828	579
558	8	134390580	555
558	9	4306400194	526
558	10	187991544	483
559	1	4306525036	1162
559	2	52566953	880
559	3	96615428	765
559	4	27359860	617
559	5	158228368	612
559	6	13479253	567
559	7	49828768	538
559	8	4306463230	533
559	9	53450646	517
559	10	57491091	485
560	1	160215590	1301
560	2	4306463937	1131
560	3	93646482	889
560	4	21917004	789
560	5	139192911	634
560	6	106296714	596
560	7	190005310	587
560	8	45645249	555
560	9	128754310	446
560	10	24688465	441
561	1	4306525036	1616
561	2	4306463230	768
561	3	34460812	562
561	4	205878144	516
561	5	4306463937	468
561	6	128555845	432
561	7	41354064	391
561	8	10446503	363
561	9	4306463075	361
561	10	4210169613	309
562	1	51596929	2010
562	2	4306525036	1769
562	3	96615428	1393
562	4	39730559	1365
562	5	65405509	1146
562	6	157451995	663
562	7	4306463937	612
562	8	4306463230	566
562	9	202381698	534
562	10	200071133	520
563	1	4306463937	2076
563	2	2645077	1835
563	3	65957803	1177
563	4	4306463075	1052
563	5	203530175	979
563	6	86860186	959
563	7	70708404	778
563	8	184406644	707
563	9	36154601	579
563	10	198573919	571
564	1	4306525036	1090
564	2	128018148	1002
564	3	140251998	821
564	4	88052261	680
564	5	202381698	478
564	6	2595292759	475
564	7	2737566431	422
564	8	151589183	415
564	9	98455728	394
564	10	4306463937	391
565	1	12098962	5690
565	2	197961893	3103
565	3	4306463937	1807
565	4	4306525036	1168
565	5	47192491	901
565	6	4306463230	485
565	7	29918858	398
565	8	103428141	327
565	9	2764866165	275
565	10	28527816	265
566	1	181849574	2064
566	2	58867329	1904
566	3	2764696622	1095
566	4	160957154	797
566	5	114140916	697
566	6	32869529	665
566	7	5458151	641
566	8	31264339	605
566	9	41354064	574
566	10	2489075544	500
567	1	4210172589	6272
567	2	4306401271	1394
567	3	4306463937	1153
567	4	4306463223	906
567	5	4306462995	882
567	6	84022812	674
567	7	4317411217	451
567	8	82472405	445
567	9	4306463855	444
567	10	39307421	406
568	1	126530969	2326
568	2	4306463937	2142
568	3	4306525036	2002
568	4	47192491	1686
568	5	21837735	625
568	6	43051214	585
568	7	113474406	509
568	8	60318618	403
568	9	4210187659	399
568	10	2764418376	387
569	1	128990672	1857
569	2	119525064	974
569	3	81373472	813
569	4	70096214	699
569	5	84231135	657
569	6	132626406	650
569	7	134644764	647
569	8	4210190642	547
569	9	4306525036	546
569	10	4306463230	480
570	1	78518477	1389
570	2	4306525036	942
570	3	87713832	569
570	4	4306463937	517
570	5	44383424	285
570	6	2485537415	273
570	7	85738991	272
570	8	4306463075	272
570	9	201595455	241
570	10	4306400194	234
571	1	4306528759	2154
571	2	4210167977	1313
571	3	4306518851	967
571	4	4306522965	548
571	5	4306529091	503
571	6	4210223152	494
571	7	4306401280	414
571	8	4306503848	378
571	9	4210217930	373
571	10	2738562123	365
572	1	4306525036	2580
572	2	14436165	1269
572	3	4306463937	783
572	4	183989336	764
572	5	4306463230	605
572	6	25650217	543
572	7	86692366	543
572	8	44888363	457
572	9	141953298	433
572	10	2738950867	415
573	1	4210227089	1029
573	2	4210172589	846
573	3	4210193425	679
573	4	4210172087	546
573	5	4210175534	542
573	6	4210223702	398
573	7	4306463855	385
573	8	4210221659	362
573	9	4210182925	352
573	10	4306463937	330
574	1	4306525036	1772
574	2	17147534	928
574	3	27931387	468
574	4	4306463937	466
574	5	15239247	458
574	6	39041608	448
574	7	4306402450	322
574	8	108453729	315
574	9	201526756	262
574	10	202381698	228
575	1	4210167977	1084
575	2	4210172589	646
575	3	4306401280	519
575	4	4210202480	483
575	5	4210215105	409
575	6	4306531023	397
575	7	4306522965	393
575	8	4210217002	379
575	9	4306518851	352
575	10	4210236921	343
576	1	4306525036	1908
576	2	4306463937	1578
576	3	30525748	1559
576	4	12548615	912
576	5	196979320	900
576	6	4306463230	514
576	7	191188855	459
576	8	205775358	364
576	9	202381698	293
576	10	39924113	236
577	1	96331937	3555
577	2	141866484	3215
577	3	143427143	2207
577	4	4306525036	1276
577	5	4306463937	968
577	6	79704628	891
577	7	75480959	814
577	8	4306463230	691
577	9	157499488	677
577	10	4306402450	351
578	1	4306400194	8233
578	2	2883122597	1447
578	3	4306463937	1174
578	4	76279167	890
578	5	2764696622	784
578	6	70718007	679
578	7	118704488	528
578	8	38866342	434
578	9	21451252	389
578	10	187260366	336
579	1	4306401271	3751
579	2	4210172589	1440
579	3	4306463937	674
579	4	136211407	551
579	5	91754907	391
579	6	86125002	389
579	7	4306463223	307
579	8	10134376	292
579	9	4306463855	286
579	10	201533460	279
580	1	4306463937	2170
580	2	2764375719	1320
580	3	4306463855	1223
580	4	4306463716	1048
580	5	4306463122	851
580	6	4306462995	700
580	7	4306463717	663
580	8	4306463708	620
580	9	75573539	438
580	10	143466226	418
581	1	4306525036	3043
581	2	29564236	868
581	3	195727172	867
581	4	2756327665	783
581	5	108911230	746
581	6	174893293	510
581	7	132108250	500
581	8	15444899	486
581	9	41354064	469
581	10	39653451	434
582	1	11296630	1998
582	2	199286587	1885
582	3	4306463230	878
582	4	60060263	865
582	5	202381698	820
582	6	96743589	787
582	7	20257348	776
582	8	4306463937	606
582	9	2596539584	603
582	10	4210217040	540
583	1	4306525036	2224
583	2	4306463230	607
583	3	4306463937	516
583	4	53087977	365
583	5	128227336	363
583	6	109369870	349
583	7	202381698	338
583	8	2738950867	282
583	9	141953298	280
583	10	4306402450	280
584	1	203966947	1169
584	2	2764498263	996
584	3	2764649243	818
584	4	151498627	713
584	5	168377509	633
584	6	192268925	542
584	7	71857517	523
584	8	2764567417	474
584	9	2764761917	354
584	10	207216207	346
585	1	178776955	2794
585	2	134390580	2200
585	3	183492911	2173
585	4	186881120	1690
585	5	130108588	1261
585	6	4306400194	877
585	7	201441698	796
585	8	128936867	773
585	9	105243760	549
585	10	180314335	534
586	1	4306463937	1991
586	2	4306463855	1722
586	3	4306462995	735
586	4	4210172589	521
586	5	4306463716	435
586	6	4306464262	424
586	7	4306463708	403
586	8	54700294	361
586	9	2764375719	348
586	10	190552063	311
587	1	4306525036	1930
587	2	71285955	537
587	3	88153332	467
587	4	4306463230	456
587	5	4306463937	446
587	6	23975315	431
587	7	110785341	403
587	8	202381698	349
587	9	38078933	265
587	10	124948411	253
588	1	4306400194	5292
588	2	4210172589	1961
588	3	106296714	1184
588	4	4306463937	1176
588	5	4306463855	597
588	6	4210190517	441
588	7	4306463708	422
588	8	2764900261	316
588	9	2736409588	311
588	10	4210191458	277
589	1	4306463855	1414
589	2	4210172589	1264
589	3	4306463937	1259
589	4	4210168073	750
589	5	41746314	718
589	6	2764375719	697
589	7	4306462995	664
589	8	141724154	618
589	9	4306463708	514
589	10	33269604	424
590	1	4306463855	1962
590	2	4306463937	957
590	3	4306463475	835
590	4	4210172589	768
590	5	4306462995	548
590	6	4306462964	509
590	7	2764375719	454
590	8	4306401271	432
590	9	4306463716	427
590	10	4306463708	338
591	1	15336283	1949
591	2	18992820	1803
591	3	62072220	1760
591	4	70509887	1559
591	5	4210211635	1045
591	6	4306463230	890
591	7	4306525036	796
591	8	4306463937	667
591	9	23089685	624
591	10	4306402567	583
592	1	86674104	2070
592	2	4306525036	1584
592	3	4306463937	989
592	4	14436165	604
592	5	104135014	565
592	6	3376858	491
592	7	34122167	475
592	8	2764478219	394
592	9	124584150	358
592	10	63785217	331
593	1	4210172589	1870
593	2	4306463937	1130
593	3	4306401271	1093
593	4	4306463855	927
593	5	194185345	833
593	6	2765074323	816
593	7	167829764	729
593	8	126893828	696
593	9	4306463708	427
593	10	4306463716	300
594	1	106296714	3330
594	2	4306463937	979
594	3	4306463409	414
594	4	4306400194	412
594	5	2764900261	320
594	6	4210185096	268
594	7	2764905038	235
594	8	2764825856	197
594	9	128754310	179
594	10	4306402512	166
595	1	71324801	1051
595	2	195255895	906
595	3	95823145	873
595	4	115310785	610
595	5	4306463937	535
595	6	177859656	527
595	7	171918450	506
595	8	4306401280	429
595	9	79820318	404
595	10	9838493	380
596	1	147774598	3565
596	2	144578311	1108
596	3	4306525036	1060
596	4	202381698	514
596	5	4306463937	398
596	6	4210207896	374
596	7	4306463230	368
596	8	76900504	363
596	9	93356601	363
596	10	106546978	337
597	1	4306525036	2250
597	2	2672396	704
597	3	4306463937	571
597	4	4306463230	558
597	5	985209115	457
597	6	2913251149	421
597	7	190615092	417
597	8	4210201749	409
597	9	36642063	381
597	10	86387881	381
598	1	106296714	637
598	2	4306463937	612
598	3	4306400194	579
598	4	168680287	431
598	5	4306418373	270
598	6	154637859	254
598	7	120629676	251
598	8	20109229	250
598	9	116977442	250
598	10	93916849	229
599	1	150548798	758
599	2	111181672	552
599	3	69753523	538
599	4	122730748	488
599	5	52566953	401
599	6	4306463937	394
599	7	181611401	357
599	8	4306463230	356
599	9	94313546	341
599	10	53450646	338
600	1	4306463937	1449
600	2	4306463855	1326
600	3	4306463716	933
600	4	4306462995	812
600	5	122812943	729
600	6	2764375719	694
600	7	76475234	640
600	8	2764602404	495
600	9	126329860	443
600	10	2765043568	433
601	1	11296630	2946
601	2	132957497	938
601	3	101949793	508
601	4	207226196	505
601	5	4306463937	491
601	6	2485537415	340
601	7	76910236	313
601	8	4306400194	297
601	9	2736865057	273
601	10	183492911	246
602	1	183492911	1476
602	2	100373537	1245
602	3	4306463937	903
602	4	105243760	787
602	5	178776955	753
602	6	182865820	698
602	7	77654513	672
602	8	162708223	548
602	9	70769875	460
602	10	4306418073	419
603	1	106296714	984
603	2	168680287	912
603	3	154637859	795
603	4	4306400194	665
603	5	4306418373	559
603	6	4306463937	452
603	7	120629676	428
603	8	11296630	280
603	9	20109229	279
603	10	149016011	248
604	1	4306400194	2153
604	2	4210172589	959
604	3	106296714	794
604	4	4306463937	674
604	5	4306463855	652
604	6	4210169156	275
604	7	2764900261	264
604	8	4306463708	255
604	9	4387284482	254
604	10	202381698	212
605	1	4306401280	1041
605	2	2739064124	554
605	3	4210186100	455
605	4	4306525709	431
605	5	4317411217	380
605	6	4210222962	371
605	7	4306401271	301
605	8	121069939	230
605	9	2738773805	225
605	10	4210206113	217
606	1	4306525036	1091
606	2	2595292759	862
606	3	38008053	788
606	4	4306402567	772
606	5	4306402450	518
606	6	140251998	472
606	7	96615428	411
606	8	202381698	398
606	9	10623703	367
606	10	125754415	363
607	1	106296714	1156
607	2	75150585	607
607	3	167084610	472
607	4	196980128	415
607	5	4306400194	381
607	6	4306463937	379
607	7	4306463091	367
607	8	38373095	328
607	9	4306463708	328
607	10	4306463855	308
608	1	4210172589	4963
608	2	4306401271	2239
608	3	202178085	858
608	4	129086836	565
608	5	136999626	535
608	6	4306463937	528
608	7	194468602	460
608	8	57862637	451
608	9	52721111	418
608	10	50366009	321
609	1	4306463855	1363
609	2	4306463122	1320
609	3	2764375719	1095
609	4	4306463937	1015
609	5	4306462995	818
609	6	4306463717	565
609	7	94327247	544
609	8	4306463716	542
609	9	4306463708	488
609	10	4210172589	449
610	1	4306463937	1568
610	2	4306463855	1233
610	3	4306463716	1073
610	4	4306463091	600
610	5	2764375719	591
610	6	4306462995	554
610	7	144836642	524
610	8	4306463491	395
610	9	4306463717	384
610	10	4306462964	361
611	1	171471881	5185
611	2	199213172	1386
611	3	177710124	1385
611	4	48852984	705
611	5	17264655	474
611	6	24891482	466
611	7	4306400562	461
611	8	4210193854	424
611	9	4210197899	419
611	10	85157363	362
612	1	4306525036	1398
612	2	4306463937	881
612	3	57033397	498
612	4	70185877	478
612	5	109512841	419
612	6	119407788	417
612	7	17537316	411
612	8	4306463230	337
612	9	15137598	313
612	10	59378366	309
613	1	4306401280	764
613	2	4210182600	403
613	3	4317411217	270
613	4	4306463855	193
613	5	4387283194	183
613	6	4210174514	179
613	7	4210172589	159
613	8	4306463937	154
613	9	98708256	153
613	10	4306401271	152
614	1	4306525036	2261
614	2	199507061	1170
614	3	4306463937	923
614	4	14436165	844
614	5	4306463230	514
614	6	50016660	393
614	7	76304953	381
614	8	79587146	331
614	9	19572933	321
614	10	86692366	321
615	1	4306525036	2089
615	2	4306463937	1026
615	3	30525748	918
615	4	15137598	622
615	5	196979320	597
615	6	4306463230	559
615	7	39924113	413
615	8	141953298	290
615	9	14436165	281
615	10	12548615	269
616	1	47477353	1747
616	2	4306463937	1259
616	3	9692511	614
616	4	4306525036	550
616	5	4306463855	498
616	6	98882656	287
616	7	2764949934	282
616	8	4306463230	267
616	9	15239247	242
616	10	151331055	236
617	1	4306525036	1713
617	2	15137598	1444
617	3	14436165	967
617	4	4306463937	459
617	5	117498271	388
617	6	41354064	375
617	7	41454044	342
617	8	4306463230	313
617	9	4306402450	306
617	10	168522863	296
618	1	4306400194	1202
618	2	4210172589	1014
618	3	4306463937	989
618	4	106296714	983
618	5	4306463409	480
618	6	4306401271	261
618	7	4387284122	228
618	8	4210185096	211
618	9	4306402512	181
618	10	4306463855	179
619	1	4306463937	1139
619	2	4306463855	1117
619	3	4210172589	561
619	4	4306462995	514
619	5	2739045422	499
619	6	84445930	479
619	7	2764375719	434
619	8	4306463716	387
619	9	105288734	367
619	10	4306463122	314
620	1	45445671	1463
620	2	4306525036	1281
620	3	127900037	1055
620	4	4306463937	750
620	5	4210172589	620
620	6	122347013	515
620	7	206719219	479
620	8	4306462995	427
620	9	22881060	411
620	10	4306463855	330
621	1	4306463855	1168
621	2	4306463937	1105
621	3	184846731	546
621	4	174538591	464
621	5	4210198367	388
621	6	4306463716	363
621	7	4210172589	342
621	8	2764537278	269
621	9	13129305	249
621	10	4306401280	224
622	1	4306400194	7172
622	2	20133105	2671
622	3	177675236	1376
622	4	106296714	1198
622	5	172477885	822
622	6	188076996	725
622	7	172351290	671
622	8	4306463937	655
622	9	92430692	605
622	10	4210226894	599
623	1	4306400194	1807
623	2	2485537415	764
623	3	10936095	653
623	4	101949793	506
623	5	2480266640	491
623	6	4306463937	434
623	7	63459445	368
623	8	4210193350	319
623	9	4210179954	299
623	10	2500830676	296
624	1	4306401280	877
624	2	4210172589	639
624	3	140252737	392
624	4	167080051	338
624	5	35203962	305
624	6	134368790	260
624	7	170222435	255
624	8	4306401271	240
624	9	4210175593	212
624	10	2737331829	204
625	1	157718187	862
625	2	10562539	787
625	3	4306401280	699
625	4	75515220	507
625	5	4210196743	461
625	6	130555258	440
625	7	174013774	436
625	8	2739064124	423
625	9	2764363336	399
625	10	189852317	324
626	1	8999885	2186
626	2	42270594	1875
626	3	40391745	1418
626	4	144860794	802
626	5	4306525036	791
626	6	4306463937	710
626	7	185234292	550
626	8	127437062	499
626	9	10751480	438
626	10	64825020	429
627	1	4306525036	1736
627	2	4306463230	388
627	3	143352558	379
627	4	4306463937	337
627	5	14436165	290
627	6	30970080	283
627	7	140251998	275
627	8	41354064	249
627	9	49907878	203
627	10	2764501393	197
628	1	4306525036	1187
628	2	4306463937	697
628	3	96615428	482
628	4	202381698	457
628	5	4306463230	455
628	6	189281586	444
628	7	54542293	383
628	8	2756215436	326
628	9	4306402450	324
628	10	4210172589	317
629	1	4210187594	1713
629	2	815301	1625
629	3	198098182	940
629	4	79495670	925
629	5	2497375143	622
629	6	68497187	514
629	7	109751390	497
629	8	105637730	432
629	9	4210189655	427
629	10	4306463937	400
630	1	4306400194	1864
630	2	4306463937	796
630	3	202403813	753
630	4	189810516	599
630	5	4306463075	597
630	6	48050435	551
630	7	40006715	511
630	8	1507157	417
630	9	42286584	415
630	10	145196850	320
631	1	4306463937	2104
631	2	41354064	1666
631	3	45954700	807
631	4	4210168331	635
631	5	4306525036	569
631	6	4306463075	309
631	7	165809374	290
631	8	133942674	284
631	9	4306463230	247
631	10	70121411	226
632	1	4306463855	1336
632	2	4306463937	1256
632	3	4210172589	604
632	4	13629841	528
632	5	4306401271	519
632	6	132706615	431
632	7	98355519	398
632	8	4306463716	392
632	9	4306463223	359
632	10	164593530	296
633	1	4210172589	1220
633	2	4306463937	735
633	3	4317411217	634
633	4	4210209736	599
633	5	4306463855	452
633	6	141552693	446
633	7	4306401271	409
633	8	4306401280	377
633	9	129963087	327
633	10	157427695	252
634	1	106296714	2275
634	2	38993383	503
634	3	4306463937	444
634	4	180263418	304
634	5	2764905038	226
634	6	4210179954	225
634	7	4306400194	223
634	8	30338973	222
634	9	2764900261	163
634	10	101949793	157
635	1	144352947	2501
635	2	144802591	1837
635	3	180849759	1755
635	4	4306463230	1648
635	5	191178954	701
635	6	4210168508	624
635	7	161638509	616
635	8	4306525036	614
635	9	196975874	597
635	10	76811283	571
636	1	7291761	1709
636	2	183492911	1395
636	3	101466443	706
636	4	147767848	616
636	5	4210187594	616
636	6	2764696622	537
636	7	127523745	505
636	8	46058507	497
636	9	109302362	491
636	10	177975795	477
637	1	42433034	1818
637	2	4306525036	971
637	3	186577254	709
637	4	4306463937	616
637	5	71291065	451
637	6	4306463230	446
637	7	2764617610	337
637	8	79704628	333
637	9	202381698	324
637	10	4210211695	321
638	1	48860480	4960
638	2	67716761	3056
638	3	95739953	845
638	4	41354064	664
638	5	4306463937	576
638	6	177147899	503
638	7	6791298	307
638	8	181332294	279
638	9	2764437742	241
638	10	2481244646	238
639	1	106296714	1792
639	2	84775595	1747
639	3	4306400194	1199
639	4	4306463937	895
639	5	67831204	591
639	6	55152591	392
639	7	105380075	366
639	8	183492911	275
639	9	4306402512	230
639	10	2764900261	208
640	1	4210172589	1241
640	2	4306463937	1237
640	3	168572994	975
640	4	80347152	828
640	5	4306401271	715
640	6	4306463855	659
640	7	70709366	510
640	8	4306463223	276
640	9	4306463716	266
640	10	60559904	216
641	1	19710621	3905
641	2	4306463937	1694
641	3	84231135	1594
641	4	4306525036	1338
641	5	196442619	996
641	6	14436165	589
641	7	4306463230	360
641	8	45720283	316
641	9	2755888424	264
641	10	58727509	233
642	1	4363604106	7307
642	2	19016632	977
642	3	4210174741	621
642	4	105811054	479
642	5	4306463230	389
642	6	67425620	275
642	7	125705681	270
642	8	17843412	242
642	9	128754310	241
642	10	35794861	228
643	1	4306463937	446
643	2	202618210	417
643	3	4385749591	380
643	4	106296714	357
643	5	4306463855	355
643	6	10223069	344
643	7	76161538	315
643	8	181586246	310
643	9	4306463091	289
643	10	4306401280	227
644	1	2764789360	2579
644	2	202680183	2099
644	3	150671403	1599
644	4	166351637	791
644	5	4306463230	730
644	6	58516903	661
644	7	147177414	624
644	8	4306463937	598
644	9	33892871	560
644	10	94212472	494
645	1	114265159	1393
645	2	168814323	1294
645	3	62820861	971
645	4	2486410643	578
645	5	4210203173	557
645	6	132244886	496
645	7	4210186125	472
645	8	200472310	446
645	9	100787194	423
645	10	44318362	390
646	1	4306463937	1557
646	2	4306463855	771
646	3	4306462995	594
646	4	4210190285	587
646	5	2764375719	432
646	6	4306463716	391
646	7	4306463708	334
646	8	20022381	302
646	9	71495573	293
646	10	4306463091	290
647	1	159788776	2820
647	2	36642063	2460
647	3	100736837	1325
647	4	4306525036	1313
647	5	4306463937	862
647	6	2672396	602
647	7	203050583	581
647	8	38907727	443
647	9	65770309	362
647	10	4306463230	357
648	1	4306463855	1637
648	2	4306463937	1347
648	3	4306462995	496
648	4	4306463716	496
648	5	2764375719	412
648	6	4210172589	367
648	7	4306463717	358
648	8	4306463491	357
648	9	4306463122	330
648	10	4306463708	254
649	1	2913258372	951
649	2	2946866068	924
649	3	2911379390	486
649	4	2912701521	472
649	5	2915058201	467
649	6	4210229049	449
649	7	2764402380	431
649	8	2911300304	317
649	9	2764678622	293
649	10	129278335	269
650	1	4306525036	590
650	2	4306463937	520
650	3	4210172589	424
650	4	4306463855	337
650	5	119228529	328
650	6	4306401271	313
650	7	115427279	310
650	8	15239247	258
650	9	4306522055	253
650	10	190894130	247
651	1	19266977	1270
651	2	161551636	853
651	3	10134376	812
651	4	18051569	695
651	5	58516903	695
651	6	4306463937	646
651	7	4210195883	465
651	8	4306463230	398
651	9	111367495	324
651	10	4210172589	308
652	1	4306525036	1508
652	2	4306463937	872
652	3	4306463230	512
652	4	205775358	444
652	5	15137598	375
652	6	14436165	369
652	7	119714264	351
652	8	141953298	236
652	9	1118231	224
652	10	4306402450	205
653	1	4306525036	1150
653	2	186577254	1130
653	3	42433034	1095
653	4	4306463937	885
653	5	4306463230	440
653	6	4210211695	375
653	7	140251998	318
653	8	14436165	257
653	9	2764617610	248
653	10	4306463075	230
654	1	86852077	2331
654	2	101229256	2300
654	3	201530359	1320
654	4	145089992	943
654	5	203465130	816
654	6	13479253	637
654	7	87561820	547
654	8	4306463230	457
654	9	4306402450	448
654	10	4306463937	436
655	1	4306400194	2507
655	2	51920167	1289
655	3	151579836	834
655	4	87350844	764
655	5	14920484	730
655	6	2480022913	717
655	7	150892397	705
655	8	159544283	544
655	9	50372074	415
655	10	939935174	390
656	1	70817854	2367
656	2	105605216	1334
656	3	4306463230	1229
656	4	60519989	1070
656	5	5858206	797
656	6	78419349	686
656	7	67425620	592
656	8	29409266	586
656	9	137084839	572
656	10	36303399	395
657	1	4306525036	563
657	2	120382301	553
657	3	4210187475	440
657	4	47215897	438
657	5	202381698	414
657	6	10623703	380
657	7	196734849	360
657	8	184443419	291
657	9	98085912	247
657	10	2484704948	247
658	1	58516903	827
658	2	10134376	695
658	3	4306463937	637
658	4	4210238745	553
658	5	4306463230	429
658	6	110785341	322
658	7	2737939966	314
658	8	126804734	306
658	9	86852077	279
658	10	4210172589	257
659	1	4210172589	3235
659	2	4306463937	731
659	3	4306401271	565
659	4	13144211	321
659	5	106296714	256
659	6	4306463855	220
659	7	4306400194	189
659	8	4306401280	177
659	9	4306462995	167
659	10	4317411217	166
660	1	4210187594	791
660	2	235346	780
660	3	152111507	590
660	4	4306463937	583
660	5	4210209777	566
660	6	178238111	472
660	7	120683614	438
660	8	179157397	402
660	9	72372694	397
660	10	166774750	315
661	1	4210186093	1481
661	2	4210195883	789
661	3	4210189194	651
661	4	4210187594	473
661	5	143111890	460
661	6	2764696622	446
661	7	65230043	403
661	8	4317411217	400
661	9	4210202585	342
661	10	2764503789	337
662	1	4306463937	1169
662	2	9211381	908
662	3	4306463855	574
662	4	42886211	531
662	5	4306463230	511
662	6	85265705	494
662	7	4306462995	492
662	8	154849578	484
662	9	9692511	413
662	10	4210187594	233
663	1	41354064	1871
663	2	4306525036	1204
663	3	108911230	504
663	4	4306463937	500
663	5	133942674	415
663	6	166799026	403
663	7	29564236	381
663	8	205999849	363
663	9	201989124	324
663	10	39653451	317
664	1	159433931	489
664	2	2764639374	466
664	3	207741693	453
664	4	2898246533	374
664	5	4210211237	364
664	6	4306463937	346
664	7	128754310	259
664	8	4210169156	224
664	9	67425620	222
664	10	183582160	222
665	1	1627031	1315
665	2	202740514	1217
665	3	4306463855	967
665	4	180299799	778
665	5	163221538	696
665	6	100564699	570
665	7	56905953	531
665	8	4306463937	510
665	9	155671932	476
665	10	188440287	419
666	1	4210195883	1096
666	2	16737290	700
666	3	14419372	641
666	4	76910236	590
666	5	4210187594	550
666	6	4210189194	523
666	7	128754310	397
666	8	815301	383
666	9	4306463937	381
666	10	67425620	366
667	1	165633816	1437
667	2	13624874	785
667	3	128350725	698
667	4	4306400194	685
667	5	166831694	619
667	6	25707077	598
667	7	153329750	542
667	8	4306463937	513
667	9	985303	401
667	10	77056576	393
668	1	4363604106	638
668	2	145814765	574
668	3	16561315	533
668	4	100787194	360
668	5	10719676	326
668	6	75741262	299
668	7	4306463937	288
668	8	95865439	277
668	9	4306463230	237
668	10	67425620	223
669	1	4306525036	1318
669	2	14436165	621
669	3	25650217	397
669	4	4306463230	335
669	5	4306463937	332
669	6	4306402450	314
669	7	183989336	266
669	8	202381698	241
669	9	44888363	217
669	10	196734849	194
670	1	4306463091	2937
670	2	4306463491	2925
670	3	4306463937	1590
670	4	4306464022	648
670	5	4306464262	502
670	6	4210169310	404
670	7	4306462966	398
670	8	4306462951	363
670	9	4306464261	345
670	10	4306462995	286
671	1	4210227223	816
671	2	58769659	655
671	3	4306463855	601
671	4	16772596	586
671	5	4210188992	509
671	6	4306401280	458
671	7	14775208	430
671	8	4210183115	411
671	9	4210217414	401
671	10	4210187016	352
672	1	4210169156	468
672	2	4210220879	467
672	3	4210168428	341
672	4	4210202797	304
672	5	4210214210	269
672	6	4210172589	248
672	7	2764387952	240
672	8	4210229140	229
672	9	4306463855	226
672	10	2737075480	222
673	1	4306525036	1127
673	2	108911230	384
673	3	4306463937	355
673	4	41354064	291
673	5	4306463230	286
673	6	4306401280	265
673	7	206789554	255
673	8	10623703	207
673	9	134644764	190
673	10	39653451	175
674	1	4306400194	3666
674	2	4306463937	924
674	3	41354064	859
674	4	116969037	526
674	5	2764696622	515
674	6	23544583	323
674	7	5191015	258
674	8	4306463230	244
674	9	104732370	197
674	10	4306463075	193
675	1	4210172589	2278
675	2	4306401271	1578
675	3	4306463855	856
675	4	4306463937	800
675	5	4306463716	422
675	6	4306463708	381
675	7	4306462995	362
675	8	85457386	248
675	9	64122990	234
675	10	96563387	204
676	1	4306463937	589
676	2	4306463855	491
676	3	2764375719	363
676	4	4306401280	335
676	5	4393919075	316
676	6	4306508922	286
676	7	2764385719	259
676	8	71829577	258
676	9	4210195883	229
676	10	21390370	210
677	1	4306525036	969
677	2	4306463230	543
677	3	96615428	509
677	4	202381698	481
677	5	4306463937	472
677	6	27359860	379
677	7	128227336	329
677	8	189281586	327
677	9	4306402567	237
677	10	6147291	223
678	1	97582030	1000
678	2	59320183	871
678	3	16737290	646
678	4	99182027	528
678	5	4306463075	502
678	6	128754310	396
678	7	29980478	352
678	8	4306463937	312
678	9	4210189194	311
678	10	165454098	310
679	1	183492911	4212
679	2	4306400194	451
679	3	101949793	399
679	4	175543413	389
679	5	178776955	350
679	6	162355128	344
679	7	189694085	304
679	8	2764734955	302
679	9	4306463937	295
679	10	29254203	275
680	1	76910236	2034
680	2	4210219862	421
680	3	19503097	413
680	4	2736865057	402
680	5	4306463937	367
680	6	4210231370	362
680	7	4306463075	361
680	8	133066183	284
680	9	4306463230	262
680	10	108833125	260
681	1	4306463937	950
681	2	4306525036	724
681	3	151416048	561
681	4	148639273	521
681	5	109517664	489
681	6	3925375	477
681	7	4306463230	428
681	8	4210205887	332
681	9	4306463855	257
681	10	4306463125	215
682	1	146663148	992
682	2	4306525036	798
682	3	4306463937	772
682	4	4306463855	419
682	5	145410213	326
682	6	72553257	304
682	7	168049282	298
682	8	121038253	287
682	9	4210172589	273
682	10	106099243	269
683	1	4306525036	1177
683	2	4306463937	680
683	3	171176648	346
683	4	44052652	276
683	5	4210172589	264
683	6	4306463855	230
683	7	92129386	227
683	8	175683280	196
683	9	131132109	167
683	10	4306462995	166
684	1	42803210	2417
684	2	4306525036	939
684	3	4306463937	656
684	4	128990672	585
684	5	39186690	445
684	6	4306463230	329
684	7	4306402567	319
684	8	4210187784	298
684	9	202381698	271
684	10	171471881	264
685	1	41354064	2590
685	2	171072222	1314
685	3	166159787	973
685	4	166634186	653
685	5	16435181	541
685	6	112227793	517
685	7	152760256	470
685	8	68911691	457
685	9	67393510	441
685	10	4210200754	434
686	1	171471881	3538
686	2	199213172	1002
686	3	33674063	747
686	4	4210222972	616
686	5	12023821	553
686	6	163259234	515
686	7	4306463937	370
686	8	4210171734	358
686	9	4210218701	355
686	10	194835164	348
687	1	154732359	1090
687	2	67716761	1081
687	3	87940674	722
687	4	64016596	708
687	5	105962883	636
687	6	11146949	604
687	7	183492911	490
687	8	105243760	451
687	9	187991544	389
687	10	3649266	364
688	1	173207956	1666
688	2	4306463247	1188
688	3	4306463125	865
688	4	4210222085	729
688	5	4210221979	593
688	6	4210175798	588
688	7	128189301	580
688	8	4210201921	556
688	9	4210229702	539
688	10	172725614	534
689	1	4306402567	2110
689	2	4210172139	686
689	3	134668137	662
689	4	196734849	555
689	5	64187185	527
689	6	106963461	398
689	7	137773608	382
689	8	4306463937	370
689	9	202381698	338
689	10	4306463230	324
690	1	4306463855	819
690	2	4306463708	798
690	3	4210184564	686
690	4	163495685	650
690	5	40712294	626
690	6	119805299	626
690	7	20712160	568
690	8	2764493093	470
690	9	4306463937	465
690	10	59350867	453
691	1	100736837	1988
691	2	4306463937	1872
691	3	193626562	1153
691	4	153994436	1109
691	5	22523967	1100
691	6	4306525036	938
691	7	169297576	594
691	8	49137649	527
691	9	4306463230	508
691	10	36642063	451
692	1	36642063	1286
692	2	4306525036	1274
692	3	2672396	1094
692	4	4306463937	761
692	5	4306463230	477
692	6	203050583	463
692	7	128631314	444
692	8	38907727	439
692	9	70058116	333
692	10	144599796	269
693	1	4306401280	1431
693	2	4317411217	200
693	3	4210170630	195
693	4	4306401271	187
693	5	2736890154	182
693	6	2737149477	178
693	7	4306463855	174
693	8	4210168037	147
693	9	4306463937	134
693	10	4210173567	126
694	1	2481244646	878
694	2	23181512	817
694	3	98455728	701
694	4	95739953	578
694	5	12065667	537
694	6	96873385	515
694	7	152760256	480
694	8	164001016	449
694	9	111155417	414
694	10	124795565	392
695	1	4306401280	561
695	2	4210205505	321
695	3	88895571	315
695	4	4306462995	312
695	5	4306462964	310
695	6	4306463855	291
695	7	4210238399	290
695	8	4306463402	278
695	9	2764375719	268
695	10	4210223192	266
696	1	4306401280	872
696	2	4306401271	398
696	3	4210185772	234
696	4	4306463855	190
696	5	36614426	172
696	6	74930560	143
696	7	4210172589	133
696	8	4306463937	127
696	9	4210175025	123
696	10	4317411217	109
697	1	4306525036	1387
697	2	39924113	1120
697	3	4306463937	575
697	4	76925378	442
697	5	4306463230	433
697	6	144860794	311
697	7	141953298	271
697	8	22881060	260
697	9	43051214	221
697	10	2764606553	215
698	1	4306525036	1482
698	2	4306463937	566
698	3	14436165	480
698	4	4306463230	281
698	5	154471048	275
698	6	141953298	252
698	7	2738950867	208
698	8	28966261	202
698	9	86692366	159
698	10	119714264	148
699	1	4210195883	944
699	2	4306401280	613
699	3	4317411217	444
699	4	2764696622	256
699	5	4306516567	132
699	6	4210187594	128
699	7	4210198757	126
699	8	4210203466	122
699	9	4210203979	117
699	10	4210186093	113
700	1	4210187594	519
700	2	4306401280	428
700	3	4210169989	404
700	4	4210182618	337
700	5	4317411217	334
700	6	4210189194	276
700	7	4210198570	218
700	8	2764696622	201
700	9	2764478084	196
700	10	2764620028	181
701	1	2764375719	943
701	2	4306463855	754
701	3	4306462995	750
701	4	4306463937	606
701	5	4210172589	422
701	6	88529193	415
701	7	76733833	403
701	8	4306463717	313
701	9	106532728	310
701	10	4306463716	308
702	1	4210172589	14316
702	2	4306463937	928
702	3	4306463855	642
702	4	4306462995	417
702	5	4306463708	382
702	6	4306463091	314
702	7	4306463359	288
702	8	4306463230	276
702	9	4306463223	253
702	10	4210167917	225
703	1	4306401271	1469
703	2	4306463855	644
703	3	28036099	533
703	4	4306463937	468
703	5	4210172589	327
703	6	2764525606	278
703	7	980556082	247
703	8	4306401280	242
703	9	66322501	232
703	10	4306402512	217
704	1	2764865925	1595
704	2	129676613	1141
704	3	166040772	723
704	4	109565702	650
704	5	90999920	621
704	6	6846437	562
704	7	5745031	502
704	8	2497375143	455
704	9	815301	436
704	10	105637730	421
705	1	4306463937	783
705	2	114852576	463
705	3	4306401271	433
705	4	4210172589	398
705	5	4210212179	395
705	6	135539873	348
705	7	79505318	340
705	8	2764509879	275
705	9	4306401280	275
705	10	128350725	258
706	1	4306400194	1317
706	2	2764696622	1216
706	3	22862804	615
706	4	4306463937	597
706	5	164609412	575
706	6	185031775	486
706	7	148709879	470
706	8	185067381	317
706	9	145400011	275
706	10	4210187594	273
707	1	2055470	1545
707	2	4210196743	722
707	3	4306525036	722
707	4	135458494	716
707	5	2764620129	462
707	6	148806700	448
707	7	75294269	400
707	8	4306463937	343
707	9	29946585	320
707	10	4306520717	273
708	1	4306525036	760
708	2	202381698	427
708	3	140251998	423
708	4	10623703	305
708	5	196734849	287
708	6	134644764	271
708	7	4306402567	270
708	8	108911230	269
708	9	151589183	257
708	10	4306402450	230
709	1	4306463937	1023
709	2	4306463855	887
709	3	4210172589	497
709	4	4393919101	299
709	5	4210226373	284
709	6	4210198382	269
709	7	28964699	267
709	8	4306463708	248
709	9	4306525036	237
709	10	46109600	209
710	1	183492911	1144
710	2	920941	1024
710	3	4306463937	617
710	4	4210193667	586
710	5	106296714	525
710	6	69196262	341
710	7	4210171700	313
710	8	130108588	291
710	9	124907000	282
710	10	67425620	262
711	1	4210186913	849
711	2	4306401840	673
711	3	4317411217	393
711	4	4393918174	324
711	5	2737951442	312
711	6	4306489128	281
711	7	4306485964	255
711	8	104917558	222
711	9	4306401280	221
711	10	2736387448	218
712	1	4306400194	3004
712	2	4210235286	1065
712	3	24688465	1014
712	4	35412551	960
712	5	195231649	842
712	6	24807848	646
712	7	167943036	487
712	8	4306463937	472
712	9	2764696622	456
712	10	161185981	368
713	1	41354064	1160
713	2	4210200754	685
713	3	67393510	673
713	4	111155417	657
713	5	152760256	598
713	6	55009144	506
713	7	2481244646	461
713	8	2764437742	415
713	9	164001016	404
713	10	68911691	353
714	1	4306525036	1074
714	2	4306463937	536
714	3	116251202	457
714	4	21313849	387
714	5	78750095	360
714	6	178548257	318
714	7	201064403	285
714	8	151416048	283
714	9	60865174	207
714	10	13342628	197
715	1	4306525036	1323
715	2	14436165	813
715	3	4306463937	600
715	4	58727509	394
715	5	32635664	340
715	6	2755888424	325
715	7	80252431	293
715	8	166925758	285
715	9	3992287	269
715	10	4306463230	264
716	1	186935893	802
716	2	93565542	759
716	3	125705681	463
716	4	4363604106	456
716	5	204459408	389
716	6	164770093	369
716	7	34870678	347
716	8	33892871	335
716	9	4306463937	327
716	10	2497375143	311
717	1	12992298	681
717	2	4306525036	670
717	3	56464651	561
717	4	4210198353	473
717	5	163818028	369
717	6	86852077	364
717	7	12507409	337
717	8	4306463937	263
717	9	13479253	254
717	10	4306463230	229
718	1	4306401280	1078
718	2	4306525036	402
718	3	4306508794	195
718	4	4306526462	171
718	5	4306526477	159
718	6	4306526441	129
718	7	4317411217	121
718	8	2737410498	116
718	9	4210192533	105
718	10	4306527442	103
719	1	111257208	457
719	2	4210195883	371
719	3	4210172589	338
719	4	4210186093	307
719	5	4210169156	306
719	6	4210189194	273
719	7	2764696622	270
719	8	14913209	233
719	9	2764780593	229
719	10	4210187594	229
720	1	4306525036	1157
720	2	4306463937	505
720	3	109435702	416
720	4	100767427	403
720	5	159252376	391
720	6	206992039	386
720	7	15137598	329
720	8	90745127	305
720	9	4306463230	281
720	10	5694335	238
721	1	4317411217	591
721	2	4306401280	459
721	3	4393919366	410
721	4	4210192270	323
721	5	4210180887	279
721	6	4210172589	266
721	7	4306500042	230
721	8	4210186027	226
721	9	4210238531	217
721	10	4220651779	210
722	1	2737215817	2068
722	2	106296714	432
722	3	43295729	405
722	4	2737735205	321
722	5	4306463937	317
722	6	172073041	274
722	7	4306401280	256
722	8	2764429415	235
722	9	101949793	229
722	10	4210195883	225
723	1	32898093	695
723	2	4306463937	520
723	3	4306402567	490
723	4	76304953	457
723	5	98085912	269
723	6	196734849	253
723	7	104038378	250
723	8	183492911	249
723	9	185621672	249
723	10	132751470	237
724	1	132625027	814
724	2	4306463091	621
724	3	4306401280	462
724	4	21248962	309
724	5	4306462995	242
724	6	57354637	210
724	7	4306463855	209
724	8	2764944651	178
724	9	4306463937	160
724	10	4210226682	150
725	1	4306401280	464
725	2	4210172589	359
725	3	4317411217	183
725	4	4210186024	182
725	5	4306463855	166
725	6	4306506978	151
725	7	4210182600	148
725	8	4210234276	144
725	9	4306463937	127
725	10	4306401271	125
726	1	4306463855	541
726	2	68257882	511
726	3	2764771562	456
726	4	149994590	425
726	5	196029703	377
726	6	2764375719	346
726	7	15273895	340
726	8	2764689596	331
726	9	4306463937	331
726	10	93133213	260
727	1	4306524771	715
727	2	4210199414	705
727	3	48392412	645
727	4	4306514330	556
727	5	4210171465	415
727	6	197975706	367
727	7	4306534746	304
727	8	4306524763	296
727	9	4306509411	287
727	10	4306514740	279
728	1	4306507485	292
728	2	4306401280	263
728	3	92130131	254
728	4	146761321	197
728	5	4306464338	195
728	6	4210231234	192
728	7	4210193115	188
728	8	4210193284	181
728	9	4210203067	169
728	10	4210220133	167
729	1	4317411217	510
729	2	4306401280	365
729	3	4210172616	169
729	4	2736648583	167
729	5	4306516862	166
729	6	4306516858	150
729	7	4210169015	146
729	8	4210227840	142
729	9	2737584908	136
729	10	4210228650	130
730	1	4306525036	1287
730	2	4306463937	438
730	3	144860794	407
730	4	127438345	359
730	5	141953298	335
730	6	4306463230	321
730	7	187579785	301
730	8	14436165	295
730	9	2738950867	272
730	10	116251202	224
731	1	4306463937	948
731	2	4306525036	948
731	3	4306463230	448
731	4	76304953	439
731	5	79587146	435
731	6	207341048	432
731	7	19572933	351
731	8	49137649	344
731	9	50016660	336
731	10	2765040191	296
732	1	14436165	3290
732	2	4306525036	1049
732	3	108525051	436
732	4	2754868259	367
732	5	68090385	343
732	6	4306463937	342
732	7	153558830	273
732	8	19710621	219
732	9	4306463230	218
732	10	58727509	159
733	1	4306463937	1480
733	2	193575162	1430
733	3	4306463855	721
733	4	75775641	410
733	5	4306464262	377
733	6	10496491	358
733	7	193408319	240
733	8	136172864	234
733	9	4210172589	211
733	10	117541660	177
734	1	77047749	614
734	2	113542562	462
734	3	145476921	377
734	4	143846845	356
734	5	95739953	333
734	6	191963794	319
734	7	181332294	274
734	8	23181512	242
734	9	206811868	239
734	10	2764696622	239
735	1	4306525036	1368
735	2	144860794	328
735	3	159891131	315
735	4	122042528	313
735	5	4306463937	258
735	6	2738950867	244
735	7	14436165	235
735	8	2596117549	222
735	9	187579785	215
735	10	4306402450	214
736	1	4306463937	321
736	2	151331055	279
736	3	4306401280	270
736	4	104917558	261
736	5	4210172589	261
736	6	4306525036	186
736	7	4306463855	184
736	8	9692511	182
736	9	4317411217	137
736	10	15239247	83
737	1	145630073	1526
737	2	63023845	946
737	3	4210187594	554
737	4	34296711	535
737	5	4306400194	403
737	6	183492911	387
737	7	185347286	381
737	8	31010182	328
737	9	111160002	321
737	10	132457063	277
738	1	164692974	1379
738	2	50523690	424
738	3	111927887	325
738	4	4210187594	320
738	5	2489501747	184
738	6	4306463937	177
738	7	53799065	174
738	8	4210179954	164
738	9	203966947	151
738	10	19003042	145
739	1	4306401280	454
739	2	1998841	303
739	3	4306402512	259
739	4	4306521925	231
739	5	4210189495	230
739	6	4210183196	184
739	7	116141603	179
739	8	4210205858	175
739	9	4306527852	167
739	10	4210234338	166
740	1	4306463855	823
740	2	4210172589	533
740	3	4306463937	424
740	4	4306401271	249
740	5	2764375719	235
740	6	4306555860	198
740	7	4306401280	195
740	8	4306463716	137
740	9	4306524012	123
740	10	4306525036	104
741	1	4210186093	1606
741	2	4210189194	1257
741	3	4210175061	1014
741	4	4210195883	644
741	5	4210187594	496
741	6	2764696622	352
741	7	2764476120	344
741	8	45645249	343
741	9	128754310	328
741	10	4210169156	308
742	1	11852655	900
742	2	4306525036	883
742	3	31573680	548
742	4	155128447	538
742	5	4306402567	322
742	6	102868315	304
742	7	163169856	282
742	8	202381698	269
742	9	80413395	251
742	10	4306463230	243
743	1	151245446	495
743	2	4306463937	463
743	3	67177122	379
743	4	4306463855	377
743	5	142940729	357
743	6	153861934	330
743	7	207513801	329
743	8	2764621431	310
743	9	4210172589	283
743	10	975761300	282
744	1	4306463937	1366
744	2	4306525036	990
744	3	179591353	796
744	4	134585236	579
744	5	4306400194	364
744	6	2764375719	256
744	7	140889577	232
744	8	4210202285	227
744	9	174817601	217
744	10	4210172589	212
745	1	4306462995	354
745	2	4306463937	315
745	3	4306402512	260
745	4	2764375719	243
745	5	4306463855	231
745	6	115629255	223
745	7	102986953	201
745	8	4306462964	200
745	9	4306401280	169
745	10	96917445	151
746	1	130908126	423
746	2	98026630	301
746	3	134644764	299
746	4	52251279	289
746	5	4306463937	288
746	6	4306463230	267
746	7	4306525036	255
746	8	4210196743	205
746	9	84231135	171
746	10	4210195883	157
747	1	4306400194	445
747	2	165454098	337
747	3	4306463937	298
747	4	4306463075	286
747	5	79332557	281
747	6	170156948	255
747	7	128754310	230
747	8	189344224	224
747	9	67425620	199
747	10	4210171197	181
748	1	4210189194	1100
748	2	4210186093	874
748	3	4210195883	689
748	4	4210187594	645
748	5	21299057	546
748	6	170030052	459
748	7	159297047	411
748	8	4210174981	341
748	9	2764743394	327
748	10	2764696622	324
749	1	138759888	1195
749	2	76010543	1023
749	3	198339081	690
749	4	56956632	547
749	5	198132698	532
749	6	48583931	423
749	7	42323631	408
749	8	111985066	379
749	9	67425620	311
749	10	143604795	307
750	1	4594078	558
750	2	4306525036	536
750	3	202381698	478
750	4	140251998	474
750	5	4306463937	337
750	6	103035011	257
750	7	96615428	249
750	8	125754415	236
750	9	151589183	236
750	10	4306463230	230
751	1	2764737005	872
751	2	4306525036	758
751	3	4210228335	369
751	4	4306463937	287
751	5	29564236	238
751	6	2764576475	203
751	7	39653451	195
751	8	4306463230	192
751	9	206789554	167
751	10	2764692968	165
752	1	4306400194	2766
752	2	40006715	473
752	3	148709879	428
752	4	22862804	328
752	5	4306463937	253
752	6	2898405271	240
752	7	165651092	237
752	8	4210190971	225
752	9	165512578	203
752	10	4306402512	197
753	1	128754310	462
753	2	67425620	316
753	3	4210240396	303
753	4	4210202285	269
753	5	2764760260	259
753	6	2765075788	257
753	7	4210196624	216
753	8	164426212	202
753	9	182161918	200
753	10	198098182	199
754	1	4306462964	909
754	2	4306463091	738
754	3	4306463708	474
754	4	4306463734	419
754	5	4306462995	315
754	6	4306463937	304
754	7	4306463855	267
754	8	89312022	263
754	9	4210227120	240
754	10	2764375719	221
755	1	4306525036	1005
755	2	197964821	621
755	3	143352558	460
755	4	66441642	368
755	5	110785341	353
755	6	4306463230	302
755	7	69273698	273
755	8	4306463937	237
755	9	55592950	232
755	10	14436165	229
756	1	4306463937	562
756	2	4306463855	539
756	3	2764375719	511
756	4	4306463122	307
756	5	4306401280	209
756	6	4306463708	205
756	7	4306463716	201
756	8	4306463091	181
756	9	4306462964	175
756	10	4306462995	163
757	1	41882632	649
757	2	4210187226	593
757	3	4306463855	462
757	4	4306525036	442
757	5	4210231474	370
757	6	2734906896	353
757	7	4306463937	333
757	8	111237879	300
757	9	4210198283	297
757	10	4306463708	230
758	1	4306463855	669
758	2	4306463937	653
758	3	51267760	409
758	4	4210193172	383
758	5	4306530269	289
758	6	38956679	275
758	7	4210206763	237
758	8	73472941	223
758	9	56771637	201
758	10	4306401280	196
759	1	4306525036	1031
759	2	202381698	274
759	3	46544255	270
759	4	128227336	263
759	5	4306401280	239
759	6	91748803	227
759	7	100045985	174
759	8	4306402450	171
759	9	153189382	166
759	10	4306463937	164
760	1	175056054	764
760	2	186823356	600
760	3	4210172589	517
760	4	4306463937	470
760	5	4306401271	419
760	6	68497187	414
760	7	2764593084	371
760	8	198098182	237
760	9	4306463230	210
760	10	815301	206
761	1	4306525036	323
761	2	2765061710	289
761	3	110785341	282
761	4	4306463230	278
761	5	98026630	264
761	6	134644764	240
761	7	4210195883	214
761	8	4306463937	185
761	9	38919146	162
761	10	2764886761	146
762	1	14436165	1268
762	2	4306525036	1069
762	3	101107869	525
762	4	4306463230	494
762	5	4306463937	353
762	6	41582180	177
762	7	4306401280	173
762	8	4210219855	127
762	9	2898414893	119
762	10	147701277	116
763	1	24688465	2403
763	2	4306400194	1378
763	3	4210172589	1112
763	4	4306401271	890
763	5	4306463937	573
763	6	35412551	307
763	7	9051360	268
763	8	70718007	248
763	9	44585919	194
763	10	182689569	191
764	1	90573847	1710
764	2	111155417	697
764	3	4306463937	614
764	4	181332294	573
764	5	13909153	512
764	6	4210168331	494
764	7	49415658	478
764	8	77047749	438
764	9	41354064	429
764	10	185621672	381
765	1	2764375719	784
765	2	4210172589	623
765	3	4210187052	328
765	4	157703734	292
765	5	4210192951	262
765	6	4306463855	255
765	7	4306463937	241
765	8	4306463608	212
765	9	4306464201	208
765	10	104840215	194
766	1	4306463855	515
766	2	4306463937	481
766	3	2764375719	462
766	4	162384186	238
766	5	2764377309	236
766	6	95678177	223
766	7	140784434	193
766	8	4306463716	191
766	9	177074456	169
766	10	123744177	145
767	1	114466185	574
767	2	4306463937	529
767	3	4210240185	445
767	4	68667861	429
767	5	79332557	408
767	6	143615459	367
767	7	4306463075	358
767	8	33812154	298
767	9	128754310	268
767	10	4306525036	247
768	1	4306463937	1131
768	2	126192178	510
768	3	4306400194	326
768	4	25965273	295
768	5	4210200765	259
768	6	99347777	237
768	7	171347946	233
768	8	200192920	232
768	9	4210200754	217
768	10	67393510	211
769	1	4306463937	712
769	2	4306463855	665
769	3	115783906	553
769	4	10134376	263
769	5	35662283	255
769	6	4210172589	212
769	7	2764911574	191
769	8	2764646822	187
769	9	4306463708	176
769	10	4306401280	169
770	1	4306401280	556
770	2	4306463855	162
770	3	4317411217	127
770	4	17808133	104
770	5	4306463937	100
770	6	4306401271	98
770	7	11825495	94
770	8	4210238726	81
770	9	4210200000	78
770	10	4210172589	75
771	1	171471881	1252
771	2	15336283	570
771	3	80921037	488
771	4	4306525036	480
771	5	62072220	391
771	6	199213172	295
771	7	4210211635	261
771	8	4306463075	204
771	9	207638786	192
771	10	17264655	182
772	1	4306463937	761
772	2	4306463855	666
772	3	4210172589	405
772	4	4306463708	315
772	5	2764375719	301
772	6	4306462995	280
772	7	127318573	249
772	8	87438066	168
772	9	4210176103	152
772	10	4306463230	123
773	1	4306463855	590
773	2	4306463937	522
773	3	4210172589	435
773	4	4306463716	325
773	5	2764375719	233
773	6	4306462995	221
773	7	12643362	201
773	8	4306463708	194
773	9	4306401280	192
773	10	4306401271	191
774	1	140251998	697
774	2	4306525036	425
774	3	11400418	336
774	4	4210172276	333
774	5	10623703	331
774	6	202381698	306
774	7	151589183	291
774	8	41354064	246
774	9	25293849	244
774	10	4306463937	196
775	1	4306525036	1404
775	2	43051214	545
775	3	15137598	505
775	4	4306463937	313
775	5	28527816	245
775	6	195182175	233
775	7	181459644	199
775	8	4306463230	199
775	9	47192491	185
775	10	2914540776	184
776	1	4306463937	966
776	2	4306463855	457
776	3	40877164	376
776	4	4306462995	355
776	5	51499954	299
776	6	137467724	284
776	7	110667073	262
776	8	32968970	250
776	9	4306463708	201
776	10	4306401280	190
777	1	2764743394	280
777	2	2764676598	276
777	3	4210179954	224
777	4	144771191	212
777	5	4306463937	192
777	6	4210186093	181
777	7	2898188555	170
777	8	64511102	168
777	9	198098182	168
777	10	4210175061	161
778	1	4306525036	1153
778	2	124948411	1069
778	3	139062638	491
778	4	15871148	444
778	5	207549998	415
778	6	17140621	377
778	7	66208518	341
778	8	139212996	318
778	9	19362967	313
778	10	4306463937	275
779	1	4306462866	974
779	2	4210202285	590
779	3	128754310	358
779	4	4306463937	329
779	5	4306463230	312
779	6	67425620	302
779	7	152303250	264
779	8	4210189194	252
779	9	2764696622	183
779	10	66787172	180
780	1	4306401271	526
780	2	4306463937	497
780	3	106963461	333
780	4	4306463230	307
780	5	137773608	263
780	6	2738498342	255
780	7	134644764	242
780	8	4210172589	222
780	9	4306525036	178
780	10	4306463075	167
781	1	4306525036	948
781	2	4306463937	636
781	3	4306462995	536
781	4	4306463708	336
781	5	4306463230	292
781	6	197437149	263
781	7	125323095	193
781	8	2764375719	177
781	9	111727011	156
781	10	49645005	140
782	1	4306463937	475
782	2	4210172589	345
782	3	4306463409	245
782	4	106296714	146
782	5	4306401280	137
782	6	2764905038	134
782	7	4306463230	133
782	8	4210229491	100
782	9	4306401271	98
782	10	4306463855	97
783	1	102243518	640
783	2	4306525036	591
783	3	144105592	268
783	4	113871862	249
783	5	168041952	249
783	6	142279999	223
783	7	4306402450	208
783	8	84074229	205
783	9	92766711	202
783	10	163345920	194
784	1	183492911	7763
784	2	4210169477	801
784	3	26060816	745
784	4	143744711	695
784	5	158028765	646
784	6	205064806	582
784	7	4210235835	292
784	8	178776955	116
784	9	4306521569	114
784	10	4210232087	97
785	1	4210169156	663
785	2	4210195883	563
785	3	4210186093	392
785	4	2764563877	324
785	5	4210172589	302
785	6	4306463937	267
785	7	4210202797	173
785	8	4210220879	142
785	9	4210187899	138
785	10	4306463855	137
786	1	10892749	1076
786	2	189694085	373
786	3	147767848	289
786	4	16945967	249
786	5	101949793	216
786	6	183492911	196
786	7	4210187594	188
786	8	50523690	184
786	9	128754310	171
786	10	109302362	150
787	1	4306401280	570
787	2	4306463855	123
787	3	2764375719	100
787	4	1035754523	95
787	5	4306463937	92
787	6	4317411217	86
787	7	2737963936	62
787	8	4210182947	61
787	9	98708256	57
787	10	4306509786	56
788	1	4306420611	1149
788	2	4306418977	1062
788	3	4306402512	770
788	4	11296630	702
788	5	106296714	681
788	6	129987901	532
788	7	4306400194	474
788	8	4306463937	372
788	9	165362224	361
788	10	62507282	250
789	1	4306400194	3293
789	2	4306463937	404
789	3	2764830807	370
789	4	180803011	298
789	5	156280010	280
789	6	103671469	236
789	7	122441808	229
789	8	58517994	209
789	9	81587429	197
789	10	193011845	164
790	1	4306463937	4910
790	2	41354064	2940
790	3	70121411	984
790	4	95954025	643
790	5	133942674	422
790	6	84090441	316
790	7	197964166	291
790	8	4210168331	287
790	9	205050996	266
790	10	205754296	262
791	1	4306525036	939
791	2	4306402450	506
791	3	28966261	294
791	4	2596394214	241
791	5	202381698	235
791	6	196734849	211
791	7	192926780	200
791	8	2764554612	194
791	9	15137598	168
791	10	126644158	163
792	1	4210172589	774
792	2	4306463937	740
792	3	63393118	656
792	4	4306463855	506
792	5	180105601	292
792	6	118096098	265
792	7	170408770	188
792	8	4306401271	178
792	9	189157259	173
792	10	2764375719	136
793	1	4306463937	742
793	2	4306525036	478
793	3	4306462995	412
793	4	4306463855	377
793	5	4306463716	361
793	6	191549482	289
793	7	2764375719	283
793	8	4306463230	200
793	9	4210193276	177
793	10	4306463708	167
794	1	98026630	416
794	2	4306525036	410
794	3	108911230	310
794	4	118045308	291
794	5	134644764	248
794	6	4306401280	224
794	7	15444899	205
794	8	4306463937	169
794	9	2737939966	168
794	10	26760650	130
795	1	146976949	418
795	2	92562763	407
795	3	195255895	346
795	4	4306463937	267
795	5	27810548	250
795	6	71324801	248
795	7	134698528	240
795	8	4210196743	234
795	9	197406704	204
795	10	111457979	167
796	1	4306525036	922
796	2	14436165	434
796	3	13342628	277
796	4	60865174	276
796	5	2738950867	257
796	6	4306463937	213
796	7	181568219	202
796	8	4306463230	182
796	9	141953298	168
796	10	185186944	156
797	1	2764385719	2888
797	2	4210169549	1052
797	3	4210171706	881
797	4	88836445	810
797	5	2914660007	553
797	6	4210216402	462
797	7	137551407	385
797	8	4317411217	254
797	9	4210235557	203
797	10	4210196937	181
798	1	4306463937	2127
798	2	4210172589	582
798	3	4306463667	487
798	4	98369295	470
798	5	4306464262	380
798	6	4306463091	345
798	7	4210176779	319
798	8	157638965	288
798	9	4306502140	283
798	10	4306520736	217
799	1	4306525036	631
799	2	60318618	380
799	3	49861241	350
799	4	4306463937	344
799	5	192814187	196
799	6	2765065622	196
799	7	4306463855	184
799	8	112714904	177
799	9	2764928273	176
799	10	4306402450	144
800	1	4306525036	999
800	2	75581497	825
800	3	31999364	575
800	4	4306463937	380
800	5	131078631	378
800	6	4306463230	350
800	7	121550340	331
800	8	140889577	266
800	9	14544163	196
800	10	52732750	179
801	1	4306525036	1126
801	2	14436165	501
801	3	53087977	276
801	4	4306463230	250
801	5	141953298	207
801	6	2738950867	173
801	7	4306463937	153
801	8	2898460781	106
801	9	172423242	102
801	10	91748803	95
802	1	4210172589	453
802	2	4306463937	453
802	3	4306463855	357
802	4	4306401280	245
802	5	2883122597	243
802	6	4306525036	206
802	7	2764485856	157
802	8	4306463230	131
802	9	2764375719	119
802	10	102624508	114
803	1	4306401280	581
803	2	1014436910	200
803	3	114942565	175
803	4	2764375719	171
803	5	187169112	154
803	6	4306463937	140
803	7	4306503923	134
803	8	4306463855	128
803	9	125610265	117
803	10	158604138	103
804	1	2765017008	1356
804	2	146146975	584
804	3	2764724548	462
804	4	2764398350	428
804	5	182975812	318
804	6	128347262	213
804	7	2765019825	202
804	8	201313073	196
804	9	2764346760	184
804	10	2764715206	163
805	1	124030303	1214
805	2	4306525036	954
805	3	188121330	732
805	4	183492911	626
805	5	155721155	474
805	6	4210221680	246
805	7	2765059975	222
805	8	148303206	220
805	9	4306463937	202
805	10	2764974866	177
806	1	4306463855	752
806	2	25916815	510
806	3	2764424678	485
806	4	16663008	449
806	5	4306463937	348
806	6	31062579	213
806	7	4306401280	188
806	8	2764878774	163
806	9	2764375719	141
806	10	282835	136
807	1	4306401280	438
807	2	4306463937	280
807	3	4306462995	217
807	4	4306463122	215
807	5	4306463855	198
807	6	2764375719	191
807	7	20292787	161
807	8	32973941	120
807	9	4306463717	119
807	10	4306463402	116
808	1	183492911	743
808	2	29254203	408
808	3	4220651897	406
808	4	2764696622	304
808	5	101466443	299
808	6	4210233251	247
808	7	187991544	240
808	8	31010182	216
808	9	2764409548	209
808	10	133646729	186
809	1	4210172589	1602
809	2	4306463937	502
809	3	57049600	449
809	4	4306463855	355
809	5	78280016	315
809	6	4306462995	278
809	7	2092408	277
809	8	205778772	220
809	9	100149336	172
809	10	4306463708	144
810	1	4306463937	761
810	2	4306463855	316
810	3	4306463708	260
810	4	4306525036	215
810	5	117267838	207
810	6	4210172589	191
810	7	4306462995	189
810	8	112842941	146
810	9	2764375719	146
810	10	47042973	138
811	1	4210172589	830
811	2	4306463937	437
811	3	4306463855	281
811	4	4210195820	257
811	5	4306463223	202
811	6	4306401271	200
811	7	10134376	195
811	8	4306508105	174
811	9	4306401280	148
811	10	4306463708	131
812	1	4306525036	657
812	2	137773608	619
812	3	192814187	484
812	4	4306463937	265
812	5	4210172589	224
812	6	172573765	221
812	7	4393917726	208
812	8	3880285	127
812	9	4306463230	118
812	10	106963461	112
813	1	100373537	616
813	2	90999920	460
813	3	59020844	355
813	4	146449914	326
813	5	4306463937	235
813	6	128740003	209
813	7	4210206986	196
813	8	4306463230	162
813	9	52195378	154
813	10	4210187594	154
814	1	41354064	755
814	2	4306525036	640
814	3	108911230	236
814	4	4306463937	172
814	5	29564236	166
814	6	39653451	143
814	7	133942674	141
814	8	73388172	134
814	9	205999849	129
814	10	4210169613	128
815	1	2764812034	747
815	2	2764934155	469
815	3	2764524308	447
815	4	2912101915	443
815	5	55783644	380
815	6	4306463855	292
815	7	4306463937	228
815	8	2914245880	227
815	9	2764375719	183
815	10	2764845742	138
816	1	4210168331	578
816	2	2764696622	408
816	3	67425620	323
816	4	77056576	298
816	5	114499311	283
816	6	4210189194	211
816	7	128754310	200
816	8	4306463230	193
816	9	127530304	179
816	10	75411654	162
817	1	4306401280	472
817	2	974534199	128
817	3	4306463855	117
817	4	4306507326	91
817	5	4210172589	90
817	6	4317411217	69
817	7	4306526694	64
817	8	4210174514	61
817	9	4306463937	61
817	10	4210209713	58
818	1	4306400194	690
818	2	4306463937	585
818	3	67716761	374
818	4	168309380	370
818	5	154732359	293
818	6	6791298	241
818	7	190924190	195
818	8	41354064	190
818	9	4210174675	158
818	10	59020844	153
819	1	4306525036	737
819	2	4306463937	434
819	3	4306463230	282
819	4	14436165	267
819	5	122347013	184
819	6	139838620	162
819	7	8802318	142
819	8	140231191	138
819	9	1879512	127
819	10	23975315	125
820	1	40629775	999
820	2	4306525036	719
820	3	4306463937	473
820	4	150692223	434
820	5	3919362	361
820	6	4306463230	321
820	7	24299867	288
820	8	49137649	283
820	9	76304953	244
820	10	50016660	226
821	1	4306525036	286
821	2	4306463937	235
821	3	11781297	217
821	4	52783196	210
821	5	2493613807	196
821	6	53118794	189
821	7	4306463230	168
821	8	155362585	156
821	9	45954700	141
821	10	4306402450	137
822	1	4306463091	511
822	2	4306463937	480
822	3	4306463855	456
822	4	4210222307	317
822	5	2764375719	312
822	6	4306462995	250
822	7	4306463491	190
822	8	68389394	169
822	9	4306464215	161
822	10	4306464022	155
823	1	4210172589	532
823	2	2750749054	399
823	3	4210169498	297
823	4	4306525036	284
823	5	4210196070	248
823	6	2764564091	192
823	7	2754578539	188
823	8	4210206717	112
823	9	4210238569	107
823	10	4306463937	101
824	1	4306462995	822
824	2	4306463716	819
824	3	2764375719	507
824	4	126647188	499
824	5	4306463937	459
824	6	4306463855	452
824	7	110082257	447
824	8	4306463708	441
824	9	45884062	323
824	10	8759915	231
825	1	4306463937	810
825	2	118545620	546
825	3	2764375719	230
825	4	4306463855	227
825	5	4306400194	197
825	6	180907581	184
825	7	4306462995	183
825	8	4210172589	126
825	9	4306463230	121
825	10	4306463122	120
826	1	4306525036	1240
826	2	45445671	350
826	3	2764444635	310
826	4	4306463937	310
826	5	35334646	282
826	6	73678819	230
826	7	22881060	221
826	8	14436165	213
826	9	139838620	213
826	10	2574783	212
827	1	4306401280	733
827	2	4306401271	183
827	3	179032974	142
827	4	4210218866	112
827	5	94841437	111
827	6	4210172589	107
827	7	4306463855	105
827	8	4210177011	92
827	9	2737685810	89
827	10	4210196512	89
828	1	198879913	524
828	2	10892749	512
828	3	189694085	313
828	4	59479367	251
828	5	101949793	187
828	6	37189094	160
828	7	109302362	123
828	8	147767848	100
828	9	16945967	88
828	10	147622553	85
829	1	4210172589	1713
829	2	4306401271	472
829	3	4306463937	346
829	4	151491554	302
829	5	116483603	206
829	6	4210178946	153
829	7	2764347203	137
829	8	4306401280	120
829	9	61561007	91
829	10	4317411217	77
830	1	2764375719	668
830	2	4306462995	449
830	3	4306463122	401
830	4	4306463937	399
830	5	4306463855	379
830	6	4306463717	354
830	7	95667342	314
830	8	4306463708	228
830	9	4210172589	206
830	10	4306463716	166
831	1	4306525036	855
831	2	43051214	409
831	3	104135014	360
831	4	4306463937	322
831	5	124584150	300
831	6	141953298	217
831	7	14436165	214
831	8	2738950867	174
831	9	4306463230	165
831	10	5398819	153
832	1	4306463937	473
832	2	4306463855	341
832	3	203735732	283
832	4	162482565	179
832	5	205875998	161
832	6	4210172589	146
832	7	4306401280	120
832	8	4306463409	107
832	9	4306463895	107
832	10	56255037	105
833	1	189314969	336
833	2	2764375719	325
833	3	4306463937	277
833	4	4306463855	274
833	5	54158622	202
833	6	138564541	201
833	7	4210234781	200
833	8	4306463716	192
833	9	4306463717	191
833	10	108956734	165
834	1	4210172589	1450
834	2	4306401271	405
834	3	10134376	230
834	4	4306463937	198
834	5	4210228009	159
834	6	4317411217	139
834	7	4306463855	127
834	8	88577320	111
834	9	4210214117	107
834	10	4306402450	99
835	1	4210172589	1561
835	2	4306462995	616
835	3	4306463708	505
835	4	4306463937	467
835	5	4306463091	353
835	6	2764730583	314
835	7	4306463223	251
835	8	65464303	208
835	9	4306463855	208
835	10	2735436124	193
836	1	4210172589	499
836	2	2764491434	341
836	3	4306463855	250
836	4	4306463937	196
836	5	4317411217	180
836	6	4306401280	139
836	7	1535467	128
836	8	4306401271	120
836	9	2764887140	117
836	10	2764675630	91
837	1	98455728	840
837	2	58954656	506
837	3	101949793	465
837	4	189694085	252
837	5	4306463230	217
837	6	191963794	147
837	7	4306463937	139
837	8	2764696622	132
837	9	192559872	128
837	10	124795565	113
838	1	4306463937	584
838	2	4306463855	465
838	3	102131452	332
838	4	2764375719	272
838	5	4306462964	234
838	6	4306463708	218
838	7	132870446	202
838	8	4210224540	195
838	9	4210211615	173
838	10	4306401280	156
839	1	106296714	256
839	2	4306463937	254
839	3	4306400194	228
839	4	4306463409	125
839	5	4306462844	100
839	6	2764900261	91
839	7	2764905038	90
839	8	4210172589	72
839	9	69141925	71
839	10	4306401280	66
840	1	4210172589	1328
840	2	4306401271	583
840	3	4306463937	334
840	4	103321696	139
840	5	51113653	136
840	6	110258470	135
840	7	194185345	114
840	8	48643595	100
840	9	206834481	88
840	10	4306463075	85
841	1	4306464232	766
841	2	4306462995	736
841	3	4306462964	677
841	4	4306463091	379
841	5	4306463937	367
841	6	4306463708	323
841	7	4210194858	287
841	8	4306463855	266
841	9	4306462951	260
841	10	2764375719	189
842	1	4306401280	455
842	2	205274193	200
842	3	4210197786	141
842	4	4306401271	112
842	5	4210175588	99
842	6	87211547	97
842	7	4210175318	97
842	8	2737040730	96
842	9	4306463937	93
842	10	36614426	89
843	1	4210214085	501
843	2	4210212733	223
843	3	4210172589	184
843	4	4210222252	169
843	5	4210194402	150
843	6	4210230919	145
843	7	4306401280	131
843	8	4210187746	126
843	9	4210171140	120
843	10	4210181861	120
844	1	4210186913	341
844	2	4306401840	311
844	3	4317411217	262
844	4	4306463937	196
844	5	2764722224	179
844	6	4210174349	156
844	7	4210171854	152
844	8	2764902157	140
844	9	4210225729	136
844	10	4306463855	118
845	1	4306463937	301
845	2	178362034	237
845	3	41354064	215
845	4	4306525036	208
845	5	88226677	195
845	6	2493613807	183
845	7	42294715	155
845	8	108911230	153
845	9	111155417	145
845	10	4306402567	128
846	1	53865935	1499
846	2	4306400194	1358
846	3	158116049	711
846	4	184147796	490
846	5	4805881	351
846	6	83211391	225
846	7	4306463937	222
846	8	175014900	165
846	9	168054501	151
846	10	118967163	142
847	1	4306525036	1026
847	2	1118231	294
847	3	43051214	246
847	4	4306463937	199
847	5	141953298	167
847	6	14436165	157
847	7	15137598	155
847	8	2738950867	146
847	9	2764878546	129
847	10	4306463230	129
848	1	25376279	813
848	2	4306463937	523
848	3	116051058	522
848	4	13632289	412
848	5	1842953	382
848	6	4306463855	315
848	7	2764689634	266
848	8	2764988021	230
848	9	4210172589	208
848	10	2764723658	175
849	1	15335648	1314
849	2	97556332	553
849	3	207290628	451
849	4	47841752	369
849	5	4306463937	255
849	6	2764456207	219
849	7	186215666	192
849	8	4210172589	189
849	9	31064911	166
849	10	70513841	162
850	1	96873385	734
850	2	178711970	314
850	3	58867329	292
850	4	189140625	289
850	5	83853393	287
850	6	203479135	265
850	7	188673600	257
850	8	19375554	252
850	9	4306525036	234
850	10	174893293	186
851	1	4210172589	635
851	2	4306463937	516
851	3	4306401271	399
851	4	175056054	379
851	5	4306463855	332
851	6	4306463716	195
851	7	2764780593	147
851	8	4306463223	119
851	9	4306462995	115
851	10	198098182	105
852	1	4210172589	1463
852	2	4306463937	591
852	3	4306463855	449
852	4	4306401271	330
852	5	4306463223	260
852	6	4306462995	247
852	7	4306463708	203
852	8	4306463716	184
852	9	108218269	145
852	10	4671545	133
853	1	4306525036	748
853	2	4306463937	351
853	3	32487399	297
853	4	15336283	265
853	5	4306463230	262
853	6	62072220	222
853	7	26588707	214
853	8	10107356	211
853	9	30889938	203
853	10	4210211635	184
854	1	4306401280	390
854	2	989758024	253
854	3	180455664	221
854	4	4210190514	166
854	5	2737963936	160
854	6	1000944648	143
854	7	98708256	134
854	8	4210188363	123
854	9	4306463937	114
854	10	4306463855	113
855	1	104921184	1738
855	2	43510877	1146
855	3	118704488	751
855	4	38866342	721
855	5	4306463937	303
855	6	4306400194	289
855	7	4210187594	197
855	8	4306514452	187
855	9	45645249	180
855	10	4210181977	170
856	1	4306463937	1157
856	2	192525298	626
856	3	4306462995	372
856	4	29894199	263
856	5	2764375719	249
856	6	142731909	243
856	7	143736624	230
856	8	4210215034	210
856	9	70812101	193
856	10	29311329	171
857	1	4306463937	5235
857	2	4210176779	368
857	3	125111321	228
857	4	4306464255	205
857	5	4306463230	175
857	6	98546363	152
857	7	67326217	140
857	8	4210169755	104
857	9	4306462995	89
857	10	79332557	86
858	1	128754310	226
858	2	4210172589	205
858	3	67425620	185
858	4	88664677	107
858	5	2764896880	89
858	6	4210187594	84
858	7	138162688	83
858	8	2764730976	79
858	9	4306463937	78
858	10	4306525036	76
859	1	2501411041	977
859	2	205451775	879
859	3	2765020922	720
859	4	74916569	565
859	5	101999905	439
859	6	153307584	388
859	7	109184716	386
859	8	4210189390	320
859	9	2764349063	226
859	10	161565499	200
860	1	4306401280	324
860	2	2736655138	320
860	3	4317411217	248
860	4	4387279523	215
860	5	4210180363	154
860	6	4306516739	152
860	7	4210228009	145
860	8	4210176955	128
860	9	2764668145	122
860	10	4306516783	122
861	1	4306525036	686
861	2	4306463230	336
861	3	27359860	286
861	4	46544255	254
861	5	4306463937	151
861	6	189281586	133
861	7	113896437	127
861	8	96615428	121
861	9	202381698	121
861	10	55776271	114
862	1	108821158	655
862	2	106840945	534
862	3	119230507	395
862	4	14326618	390
862	5	130797008	343
862	6	4306463937	325
862	7	207178839	232
862	8	36624081	194
862	9	152000018	191
862	10	101212950	168
863	1	4306525036	483
863	2	110785341	407
863	3	203153751	164
863	4	4306463937	153
863	5	2596909297	146
863	6	4306401280	131
863	7	144140688	109
863	8	171311646	107
863	9	202381698	100
863	10	4306402450	99
864	1	4317411217	323
864	2	4306401280	196
864	3	4210181041	136
864	4	4393919366	130
864	5	4210195883	112
864	6	2764696622	100
864	7	4210180791	77
864	8	4210228009	68
864	9	4210172589	67
864	10	4306463855	66
865	1	4306463937	533
865	2	174777489	486
865	3	4306463855	333
865	4	2738151512	243
865	5	122684265	131
865	6	4306463091	129
865	7	2764375719	120
865	8	4210185036	116
865	9	4210172589	102
865	10	4306401280	95
866	1	43295729	336
866	2	4306463937	211
866	3	56039944	202
866	4	197975706	198
866	5	10134376	170
866	6	4210202285	157
866	7	4210172589	125
866	8	4306400194	124
866	9	183492911	107
866	10	4210195883	104
867	1	14436165	696
867	2	4306525036	595
867	3	200071133	396
867	4	15137598	387
867	5	50055314	282
867	6	4306463937	280
867	7	119714264	175
867	8	4306463230	169
867	9	15952725	149
867	10	186746772	106
868	1	4306463855	205
868	2	4306402512	181
868	3	4210172589	154
868	4	4306401280	153
868	5	4306463937	131
868	6	2898601235	102
868	7	4306525036	98
868	8	4306401271	93
868	9	4317411217	82
868	10	4306462964	70
869	1	128754310	232
869	2	67425620	174
869	3	4210179954	124
869	4	4306463937	113
869	5	183492911	111
869	6	4210187594	91
869	7	106296714	88
869	8	2764825856	84
869	9	4306463230	75
869	10	2764696622	65
870	1	14436165	570
870	2	4306525036	473
870	3	4306463937	222
870	4	96615428	217
870	5	101533045	187
870	6	11564597	138
870	7	49828768	136
870	8	146061289	135
870	9	14534568	125
870	10	15137598	115
871	1	4306402567	415
871	2	4210176772	359
871	3	119525064	348
871	4	202381698	310
871	5	64961995	274
871	6	98026630	218
871	7	196734849	187
871	8	22454499	147
871	9	4306463230	144
871	10	2482021738	141
872	1	4306463937	563
872	2	196919950	535
872	3	4210172589	414
872	4	118119388	365
872	5	2765013869	319
872	6	4306463223	258
872	7	187626162	240
872	8	4210236921	207
872	9	4306401271	191
872	10	4210213280	166
873	1	4306525036	728
873	2	4306463937	558
873	3	170496595	552
873	4	83451902	442
873	5	91064148	398
873	6	77791401	243
873	7	164699263	228
873	8	66198783	176
873	9	2764418376	152
873	10	4306463230	148
874	1	4306525036	563
874	2	35160907	434
874	3	4306463230	376
874	4	39580544	245
874	5	166518670	218
874	6	4306463937	213
874	7	4306463075	207
874	8	145558524	206
874	9	7144643	193
874	10	205878144	134
875	1	4306463937	438
875	2	4306525036	412
875	3	14436165	328
875	4	191336577	230
875	5	4306463230	188
875	6	4026894	148
875	7	195816289	139
875	8	4306402450	119
875	9	199507061	117
875	10	2738950867	101
876	1	4306400194	659
876	2	4220651186	385
876	3	4306463937	278
876	4	2764696622	197
876	5	4306463230	157
876	6	4210172589	132
876	7	4210202285	126
876	8	183492911	98
876	9	4210201221	81
876	10	4306463075	77
877	1	4210195883	589
877	2	2764979417	390
877	3	4210184549	281
877	4	2764887140	239
877	5	4210193061	229
877	6	4210190924	205
877	7	4210168758	180
877	8	4210186093	178
877	9	4210225793	167
877	10	4210226233	162
878	1	2764696622	739
878	2	43111796	602
878	3	4306463937	433
878	4	4210189194	312
878	5	129676613	306
878	6	11296630	272
878	7	183492911	206
878	8	2497375143	183
878	9	105637730	158
878	10	90999920	134
879	1	4210172589	1015
879	2	4306463937	462
879	3	4306463855	347
879	4	4306463708	283
879	5	4306462995	213
879	6	4306463409	92
879	7	4210236978	86
879	8	2764375719	85
879	9	4306463223	83
879	10	4210210712	76
880	1	4210189194	286
880	2	4210175061	261
880	3	2764939280	220
880	4	128754310	215
880	5	4306518851	202
880	6	4306511618	195
880	7	4210211113	193
880	8	4210223146	186
880	9	4306401280	176
880	10	67425620	149
881	1	4306525036	682
881	2	4306401280	282
881	3	4210196743	234
881	4	4306463230	170
881	5	206789554	124
881	6	108911230	116
881	7	29564236	80
881	8	4306463937	80
881	9	98026630	77
881	10	15444899	75
882	1	14436165	895
882	2	4306525036	496
882	3	4306463937	246
882	4	79704628	147
882	5	141953298	137
882	6	122866201	135
882	7	4306463230	135
882	8	2738950867	119
882	9	154471048	84
882	10	165686931	84
883	1	4306525036	708
883	2	200672447	210
883	3	141953298	197
883	4	2738950867	153
883	5	43051214	139
883	6	104442948	131
883	7	4210190147	118
883	8	4306463230	117
883	9	4306463937	110
883	10	195182175	104
884	1	4306463937	309
884	2	4210172589	292
884	3	4306463409	171
884	4	4306417665	159
884	5	4306401271	129
884	6	4306463716	119
884	7	4306418324	93
884	8	4210177767	89
884	9	4306463855	88
884	10	146741597	83
885	1	4306401280	418
885	2	4306401271	144
885	3	4210222380	128
885	4	4306463855	114
885	5	4306463937	110
885	6	4210178624	109
885	7	2764723101	94
885	8	4210172589	91
885	9	4210234947	73
885	10	2764754554	69
886	1	4306525036	565
886	2	155128447	231
886	3	4306462867	224
886	4	128227336	165
886	5	102868315	161
886	6	158228368	142
886	7	53087977	138
886	8	4306402567	138
886	9	4306463937	138
886	10	4306463230	127
887	1	4306525036	881
887	2	2764696622	439
887	3	176204532	267
887	4	2898407351	185
887	5	90605627	148
887	6	57016439	131
887	7	4306463230	128
887	8	2765012585	123
887	9	4306463937	123
887	10	4210217684	117
888	1	4210172589	306
888	2	4306463937	291
888	3	4306463855	174
888	4	4306401271	150
888	5	4317411217	98
888	6	4306401840	96
888	7	4306401280	95
888	8	104917558	75
888	9	2739411730	70
888	10	4306463075	66
889	1	164150133	1089
889	2	14436165	845
889	3	4306525036	506
889	4	4306463937	241
889	5	113871862	121
889	6	4306462995	114
889	7	4306463230	111
889	8	87202501	82
889	9	177350161	80
889	10	2738950867	79
890	1	4306463937	180
890	2	4210193289	159
890	3	4306463855	148
890	4	4210190960	145
890	5	176975696	141
890	6	4306402512	123
890	7	129050153	117
890	8	4210235186	112
890	9	4306462964	112
890	10	54158622	104
891	1	77047749	694
891	2	4306463937	310
891	3	4306462873	196
891	4	95739953	181
891	5	4306400194	152
891	6	2764696622	140
891	7	181332294	139
891	8	185621672	131
891	9	4210233349	128
891	10	45645249	88
892	1	4306400194	218
892	2	4306463937	182
892	3	4210187594	114
892	4	71850621	113
892	5	2764696622	101
892	6	4306401280	85
892	7	4317411217	70
892	8	4210174575	69
892	9	4306463230	64
892	10	4210189194	59
893	1	4306463937	412
893	2	4210172589	379
893	3	4306463855	217
893	4	2764375719	172
893	5	4306401271	154
893	6	4306401280	103
893	7	4306463230	64
893	8	4306463708	61
893	9	2765013392	56
893	10	4306525036	51
894	1	2764476468	267
894	2	2764905038	260
894	3	4210184305	157
894	4	4210232290	156
894	5	4210187349	133
894	6	4210218975	125
894	7	4210216571	113
894	8	17910731	109
894	9	4306463937	101
894	10	183492911	91
895	1	4210195883	743
895	2	4306401280	229
895	3	4317411217	216
895	4	4210185812	157
895	5	4210186093	133
895	6	2764696622	107
895	7	4210191473	70
895	8	4210186523	67
895	9	4210212568	65
895	10	4210181039	61
896	1	182611093	988
896	2	2911780511	717
896	3	2914388822	706
896	4	2764351637	662
896	5	4210183531	515
896	6	4210186050	510
896	7	2911951769	500
896	8	35861910	464
896	9	4210187570	362
896	10	2764647428	305
897	1	4306463855	277
897	2	4306463937	248
897	3	2764375719	129
897	4	4210175061	104
897	5	4210172589	103
897	6	4306401280	93
897	7	4306519406	91
897	8	4306463716	87
897	9	4306524771	76
897	10	4210196815	68
898	1	2764438579	400
898	2	4306402512	347
898	3	186231457	186
898	4	4306463937	178
898	5	174382924	176
898	6	4317411217	140
898	7	71961898	125
898	8	2765041180	123
898	9	2764799362	122
898	10	4306401280	122
899	1	76910236	376
899	2	4306463075	368
899	3	4363604106	327
899	4	97691390	272
899	5	4306463230	252
899	6	132226890	246
899	7	205118121	193
899	8	14064848	187
899	9	152303250	151
899	10	4306463937	122
900	1	171471881	1356
900	2	112646816	698
900	3	199213172	352
900	4	4210222011	276
900	5	4210167524	160
900	6	2764419951	159
900	7	4210226464	159
900	8	4210224067	147
900	9	4306533347	135
900	10	40752542	132
901	1	2738572485	315
901	2	4210203106	294
901	3	2736664788	199
901	4	4210195735	198
901	5	2739064124	196
901	6	4210184288	195
901	7	4210224492	192
901	8	4210238184	187
901	9	4306401280	183
901	10	4210213769	173
902	1	4306525036	589
902	2	4306463937	253
902	3	4306463230	204
902	4	80921037	189
902	5	155128447	140
902	6	32635664	127
902	7	46544255	114
902	8	11852655	90
902	9	80413395	90
902	10	2755888424	84
903	1	4306525036	340
903	2	4210196743	223
903	3	134644764	157
903	4	88153332	104
903	5	182611093	99
903	6	98026630	91
903	7	2765017008	90
903	8	4306463937	85
903	9	4306401280	84
903	10	4210195883	80
904	1	2764477435	892
904	2	2764428800	536
904	3	4210180562	497
904	4	4210212630	345
904	5	4210209493	326
904	6	2764915388	249
904	7	4210197684	240
904	8	2764671007	234
904	9	4210235270	207
904	10	4210201733	171
905	1	121323410	705
905	2	4306525036	382
905	3	192539729	296
905	4	4306463937	252
905	5	25293849	200
905	6	94779792	135
905	7	2764386890	123
905	8	9336330	114
905	9	4387281795	111
905	10	123991139	106
906	1	4306463937	273
906	2	4210172589	260
906	3	4306463855	162
906	4	4306401280	101
906	5	4306401271	97
906	6	148189957	81
906	7	4306463230	72
906	8	2764375719	71
906	9	104917558	60
906	10	4317411217	60
907	1	4306400194	477
907	2	4306463937	291
907	3	106296714	205
907	4	4210172589	190
907	5	4363605470	173
907	6	4306463708	159
907	7	202381698	152
907	8	4306463855	142
907	9	78735424	132
907	10	91660768	104
908	1	4210196743	1321
908	2	65230043	215
908	3	116775814	157
908	4	4306402512	140
908	5	4210218802	131
908	6	4306463937	114
908	7	2254258	100
908	8	193620188	90
908	9	2898246533	79
908	10	75515220	76
909	1	4306401280	321
909	2	4210192191	159
909	3	4306401271	131
909	4	4306507410	88
909	5	2737539069	75
909	6	4306463937	69
909	7	106708032	51
909	8	4306525036	48
909	9	2736636447	43
909	10	4210222179	43
910	1	4210186913	615
910	2	4393918174	271
910	3	4306401840	228
910	4	2764902157	195
910	5	1002628130	187
910	6	4317411217	186
910	7	4210221688	183
910	8	4210231008	170
910	9	2764365992	152
910	10	2764722224	148
911	1	4306401280	221
911	2	4306525677	107
911	3	4306401271	102
911	4	4387284300	97
911	5	4306531790	80
911	6	4306463937	78
911	7	4210185747	75
911	8	4306526649	75
911	9	4210172589	72
911	10	4306526993	56
912	1	2764924460	340
912	2	4210201658	291
912	3	2764663395	252
912	4	2737588985	198
912	5	4306510862	185
912	6	4210206134	183
912	7	4306534869	157
912	8	4306521948	151
912	9	4210211716	133
912	10	4306506172	131
913	1	4306400194	1533
913	2	183492911	1086
913	3	195663288	344
913	4	2764696622	172
913	5	1980519	147
913	6	4306463937	147
913	7	85738991	138
913	8	205231332	136
913	9	4306503539	131
913	10	4210212087	98
914	1	4306401271	137
914	2	104917558	128
914	3	4306463937	108
914	4	4306401280	106
914	5	2764521574	105
914	6	4210172589	105
914	7	2764696622	99
914	8	4306463855	95
914	9	2737220003	71
914	10	4306509235	63
915	1	124048381	121
915	2	4306463855	70
915	3	4210223168	66
915	4	4210187798	46
915	5	2764603276	35
915	6	4210179815	34
915	7	4306529090	30
915	8	2738745709	28
915	9	4306502727	28
915	10	4306502728	28
916	1	105087119	607
916	2	4306463937	424
916	3	119118843	142
916	4	4306463855	112
916	5	53578506	103
916	6	68052730	93
916	7	4210194614	93
916	8	190270160	86
916	9	4210177641	82
916	10	4306463705	80
917	1	4306401280	300
917	2	77689732	203
917	3	4210184540	195
917	4	4210179437	121
917	5	4317411217	100
917	6	2739370219	89
917	7	81262027	88
917	8	55935390	76
917	9	4210189767	70
917	10	4306463937	70
