micro_cluster_id	source_seq	source_id	n_works
1	1	107629180	5891
1	2	187199247	4145
1	3	29724373	3950
1	4	119230507	3908
1	5	1025118869	3680
1	6	195250905	3106
1	7	141585851	2882
1	8	7538555	2865
1	9	80045625	2853
1	10	158567263	2692
2	1	77047749	18647
2	2	146709414	11620
2	3	44567922	6370
2	4	181332294	5796
2	5	4306463937	5243
2	6	137865625	4821
2	7	189701308	3614
2	8	6791298	3417
2	9	167203149	3302
2	10	204809294	2593
3	1	4210172589	5279
3	2	4306463937	3483
3	3	4306401271	3355
3	4	4306463855	2051
3	5	4306463716	1484
3	6	4306463409	1351
3	7	102949365	1161
3	8	9731383	1108
3	9	4210213280	1058
3	10	93284759	1046
4	1	62391475	4812
4	2	11781297	3005
4	3	201473135	2942
4	4	86852077	2551
4	5	1666925	2441
4	6	4306463937	2373
4	7	59755854	2370
4	8	185297315	2177
4	9	148244296	2149
4	10	159568494	2082
5	1	195255895	3663
5	2	4306463937	2328
5	3	102998770	2319
5	4	35917800	2315
5	5	58716519	1959
5	6	11271929	1917
5	7	80660208	1810
5	8	202381698	1691
5	9	5043789	1649
5	10	200794352	1634
6	1	4306463937	3321
6	2	4210172589	2179
6	3	4306463855	1984
6	4	9692511	1326
6	5	166002381	1325
6	6	184846731	1310
6	7	4210213280	1299
6	8	160573970	945
6	9	152304618	907
6	10	4317411217	878
7	1	4210172589	21050
7	2	4306401271	16910
7	3	4306463937	1602
7	4	4210171147	1522
7	5	36178057	1408
7	6	201533460	1299
7	7	141184754	1203
7	8	96544531	1142
7	9	4306463716	1001
7	10	2058785	942
8	1	4306463855	3837
8	2	4306463937	3427
8	3	4306478302	1835
8	4	94618750	1719
8	5	4363608632	815
8	6	185116427	809
8	7	104917558	787
8	8	74847328	784
8	9	88066655	766
8	10	4306463895	678
9	1	108427512	4494
9	2	25155249	3505
9	3	4306463937	2381
9	4	77085303	2259
9	5	4306525036	2229
9	6	79704628	1717
9	7	175287009	1687
9	8	195598543	1294
9	9	284573	1288
9	10	165966931	1246
10	1	4306525036	3238
10	2	115427279	2324
10	3	126804734	2275
10	4	200437886	1935
10	5	206696595	1721
10	6	15239247	1719
10	7	110785341	1635
10	8	103428141	1195
10	9	202381698	1134
10	10	4306463937	1074
11	1	4306462995	7046
11	2	2764375719	5102
11	3	4306463716	3962
11	4	4306463855	3074
11	5	4306463708	2729
11	6	4306463717	2481
11	7	4306463937	2309
11	8	4306463122	1097
11	9	970496357	716
11	10	136064895	711
12	1	22454499	4230
12	2	4306402567	2574
12	3	176933442	2220
12	4	202381698	1794
12	5	87560609	1643
12	6	147353869	1390
12	7	96989847	1324
12	8	64961995	1306
12	9	165787973	1297
12	10	2482021738	1215
13	1	41354064	25929
13	2	201989124	5458
13	3	133942674	4826
13	4	205050996	4264
13	5	205754296	3225
13	6	4210200754	2774
13	7	67393510	2543
13	8	88152556	2495
13	9	111155417	2475
13	10	21317199	2164
14	1	2493613807	2532
14	2	4306463937	2199
14	3	115455909	1785
14	4	202986090	1472
14	5	32610980	1388
14	6	10623703	1351
14	7	194146006	1336
14	8	4210230202	1320
14	9	42294715	1303
14	10	148694123	1282
15	1	102181007	10643
15	2	4306402567	5889
15	3	2764892991	5789
15	4	52395412	2705
15	5	4210232526	2149
15	6	2756006110	1618
15	7	134668137	1583
15	8	202381698	1582
15	9	19032547	1575
15	10	4306463937	1519
16	1	145089992	2938
16	2	149937609	2522
16	3	124203677	2400
16	4	2764859491	1779
16	5	87561820	1719
16	6	203465130	1386
16	7	21442059	1251
16	8	189140625	1242
16	9	204609040	1231
16	10	2481244646	1218
17	1	81424476	4952
17	2	68052730	3472
17	3	159210951	2940
17	4	16821847	1957
17	5	203530175	1667
17	6	202995604	1615
17	7	4306463230	1594
17	8	119230507	1545
17	9	69987878	1518
17	10	4306463937	1342
18	1	177147899	6181
18	2	198339081	5056
18	3	138759888	3894
18	4	2764437742	3407
18	5	67716761	3244
18	6	164001016	3127
18	7	2481244646	1835
18	8	137979523	1568
18	9	2502627819	1419
18	10	66104727	1402
19	1	4210172589	22584
19	2	4306401271	3118
19	3	152282257	1376
19	4	4306463937	1260
19	5	2798341630	1078
19	6	149240962	767
19	7	77308338	711
19	8	2876017	699
19	9	4306463855	582
19	10	170137484	499
20	1	164566984	9723
20	2	4306400194	8395
20	3	4210182288	5295
20	4	24807848	4227
20	5	92819544	2590
20	6	194044894	2584
20	7	148121101	1653
20	8	104875562	1571
20	9	178776955	1544
20	10	79244937	1492
21	1	4306463855	2004
21	2	4306401280	1445
21	3	130873806	1272
21	4	4306463937	1250
21	5	2764590641	1248
21	6	104917558	1044
21	7	4210170889	853
21	8	2764382321	807
21	9	4306463637	788
21	10	4306462995	770
22	1	105243760	5090
22	2	187991544	3658
22	3	10719676	3194
22	4	6791298	2557
22	5	183492911	2379
22	6	4306463937	2365
22	7	23074404	1978
22	8	143744711	1707
22	9	4210174675	1688
22	10	66392791	1488
23	1	144105592	6069
23	2	4306525036	2613
23	3	117485531	2394
23	4	84074229	2182
23	5	4306463937	1678
23	6	87202501	1385
23	7	171176648	1279
23	8	168041952	1264
23	9	14436165	1244
23	10	71144982	1105
24	1	95739953	2738
24	2	42323631	1849
24	3	102276873	1609
24	4	2481244646	1599
24	5	134307298	1462
24	6	67425620	1327
24	7	198339081	1322
24	8	181332294	998
24	9	55626769	963
24	10	84339699	888
25	1	187585107	21501
25	2	4306400194	15295
25	3	4210210554	5493
25	4	4210238307	4408
25	5	173952182	4283
25	6	4210194812	3950
25	7	171172751	3641
25	8	68175919	1928
25	9	94052278	1878
25	10	4210190737	1685
26	1	195663288	22372
26	2	1980519	18950
26	3	205231332	10388
26	4	4306400194	7509
26	5	4210212087	3343
26	6	100695177	2807
26	7	4306463937	2559
26	8	4210175824	1933
26	9	183686791	1359
26	10	2734515570	1201
27	1	4306525036	3768
27	2	49878492	1963
27	3	171311646	1321
27	4	206830620	1288
27	5	202381698	1135
27	6	11400418	1059
27	7	4306402450	911
27	8	72944096	841
27	9	4306463937	831
27	10	119661813	728
28	1	4306400194	18066
28	2	106296714	6247
28	3	4210191458	1223
28	4	2764900261	1052
28	5	4306424877	952
28	6	4306419219	658
28	7	2485537415	643
28	8	4306402512	607
28	9	4306463937	555
28	10	2764905038	535
29	1	80591372	7326
29	2	93478396	5405
29	3	36624081	4743
29	4	32061424	4366
29	5	202078656	2480
29	6	4210205282	1935
29	7	131264402	1640
29	8	207178839	1431
29	9	4306463937	1269
29	10	946213959	1256
30	1	48860480	4359
30	2	198339081	4163
30	3	2764437742	3186
30	4	177147899	2309
30	5	164001016	1990
30	6	95739953	1784
30	7	138759888	1772
30	8	143604795	1664
30	9	134307298	1434
30	10	37391459	1429
31	1	38008053	7766
31	2	2595292759	2501
31	3	126191069	2145
31	4	2925925584	2010
31	5	141055564	1754
31	6	4306402567	1652
31	7	22947807	1529
31	8	125754415	1499
31	9	200071133	1379
31	10	202381698	1357
32	1	207705515	2356
32	2	13442111	1759
32	3	96743589	1689
32	4	172051550	1624
32	5	43867544	1550
32	6	2596539584	1524
32	7	116120500	1486
32	8	1650486	1409
32	9	4306463937	1335
32	10	86852077	1285
33	1	29980478	9781
33	2	186020892	3676
33	3	18714766	2222
33	4	123887920	2094
33	5	4210189194	1756
33	6	111427844	1526
33	7	67425620	1523
33	8	2898407351	1401
33	9	2764478331	1368
33	10	4210178770	1262
34	1	4306463091	4770
34	2	4306463708	3248
34	3	4306462995	1749
34	4	4210177968	1368
34	5	4210217077	1232
34	6	105737376	1229
34	7	4210203166	967
34	8	4306462964	933
34	9	4210222254	919
34	10	2765078956	855
35	1	98026630	3240
35	2	134644764	2847
35	3	108911230	2113
35	4	4306525036	1167
35	5	4306463230	1010
35	6	38919146	938
35	7	2737566431	922
35	8	4306463937	809
35	9	2737939966	769
35	10	178362034	737
36	1	4306400194	15494
36	2	106296714	5612
36	3	2485537415	1734
36	4	101949793	1058
36	5	43295729	952
36	6	2764900261	885
36	7	4210187594	846
36	8	4210205812	714
36	9	4210179954	666
36	10	45693802	607
37	1	139340696	9437
37	2	119074828	7530
37	3	6791298	7342
37	4	93909106	4290
37	5	4210174675	3402
37	6	4210237713	3393
37	7	24807848	2969
37	8	4306400194	2415
37	9	4210187594	2350
37	10	89963981	1860
38	1	4306525036	5132
38	2	202381698	2951
38	3	124285728	1881
38	4	29633479	1607
38	5	171015910	1141
38	6	53087977	1103
38	7	4306402450	962
38	8	4306402567	942
38	9	47215897	923
38	10	72350973	795
39	1	205231332	14541
39	2	195663288	11313
39	3	1980519	11074
39	4	4306400194	6455
39	5	100695177	5191
39	6	4210212087	4025
39	7	4306463937	3087
39	8	183492911	2644
39	9	4210175824	1669
39	10	82835231	1219
40	1	2898246533	2255
40	2	2898405271	1267
40	3	156578089	1240
40	4	184954342	1227
40	5	51360982	1184
40	6	4306463937	1144
40	7	4306400194	1006
40	8	2485537415	958
40	9	88061139	907
40	10	4210179954	755
41	1	4306400573	3661
41	2	4306402450	3425
41	3	4306525036	1196
41	4	14436165	1142
41	5	2738950867	1042
41	6	202381698	903
41	7	4210172589	789
41	8	4306402567	787
41	9	2737969411	646
41	10	2595292759	640
42	1	4306402567	2962
42	2	103225281	2362
42	3	137468011	1812
42	4	5555990	1675
42	5	4306463937	1669
42	6	9692511	1565
42	7	167723465	1426
42	8	202381698	1421
42	9	4210230012	1356
42	10	165368631	1350
43	1	70513841	2308
43	2	186215666	2153
43	3	109998069	2135
43	4	115510430	1895
43	5	4306525036	1838
43	6	4306463937	1684
43	7	131590804	1627
43	8	82881359	1428
43	9	134936136	1257
43	10	102424854	1150
44	1	185621672	3427
44	2	121161810	3098
44	3	77047749	2985
44	4	4306402567	2639
44	5	189701308	2105
44	6	104038378	2080
44	7	111155417	1958
44	8	46058472	1871
44	9	98085912	1843
44	10	125754415	1588
45	1	105243760	3056
45	2	99846442	3018
45	3	171076697	2292
45	4	95739953	2250
45	5	99352657	2026
45	6	164001016	2010
45	7	177196338	1973
45	8	2500738039	1787
45	9	135204980	1601
45	10	187991544	1258
46	1	2898246533	3291
46	2	184954342	2783
46	3	51360982	2301
46	4	156578089	1686
46	5	4306400194	1648
46	6	183498172	1569
46	7	2898405271	1398
46	8	46640599	1387
46	9	88061139	1268
46	10	129640837	1256
47	1	4210172589	27370
47	2	4306401271	3269
47	3	4306463937	1072
47	4	2876017	1056
47	5	143806524	1028
47	6	4306400194	1015
47	7	149240962	905
47	8	170137484	776
47	9	5353659	728
47	10	88577320	697
48	1	4306400194	14934
48	2	187585107	9568
48	3	4210210554	7665
48	4	173952182	5218
48	5	4210238307	5019
48	6	94052278	4396
48	7	4210187594	2817
48	8	4210182546	2593
48	9	24807848	2497
48	10	4210190737	1896
49	1	187991544	7570
49	2	3649266	6184
49	3	50523690	5005
49	4	105243760	4793
49	5	6791298	4196
49	6	4210237713	3381
49	7	24807848	1840
49	8	4306400194	1591
49	9	190924190	1308
49	10	111927887	1268
50	1	179157397	1925
50	2	169411308	1589
50	3	106296714	1443
50	4	4306463937	1323
50	5	192650101	1191
50	6	13144211	1078
50	7	2764905038	998
50	8	4210229206	892
50	9	65753830	883
50	10	57950554	785
51	1	108525051	3762
51	2	4306525036	3061
51	3	143944388	2640
51	4	17239246	1555
51	5	153558830	1351
51	6	93356601	1298
51	7	71995303	1296
51	8	68090385	1234
51	9	4210207896	1225
51	10	76900504	1147
52	1	106296714	7776
52	2	183492911	3072
52	3	4306400194	1726
52	4	4306463937	1588
52	5	58069681	775
52	6	4210173141	728
52	7	116571295	666
52	8	414566	579
52	9	151820558	562
52	10	4306402512	521
53	1	4306463855	4332
53	2	4306463937	3373
53	3	4306463716	2386
53	4	4306462995	2370
53	5	4210172589	2219
53	6	4306463717	1797
53	7	4306463708	1489
53	8	2764375719	1236
53	9	7015929	812
53	10	58664585	705
54	1	106296714	6234
54	2	4306400194	2466
54	3	4306463937	1389
54	4	148324379	1246
54	5	4210193905	937
54	6	11065456	788
54	7	112708030	690
54	8	32326811	625
54	9	97130795	606
54	10	26056741	604
55	1	4306463937	2402
55	2	4306463855	2128
55	3	6814119	1996
55	4	51885707	1849
55	5	10134376	1830
55	6	171183513	1423
55	7	167854760	1265
55	8	157485431	1114
55	9	4306401280	991
55	10	201197719	981
56	1	80334769	3183
56	2	81474683	2156
56	3	175030738	1953
56	4	59685179	1917
56	5	5555990	1733
56	6	4306525036	1706
56	7	4306402567	1557
56	8	160566677	1458
56	9	30122339	1305
56	10	96638545	1279
57	1	106296714	6630
57	2	4306400194	3052
57	3	45693802	1456
57	4	414566	1328
57	5	4306463937	1301
57	6	183492911	785
57	7	151820558	666
57	8	2764905038	628
57	9	2764900261	605
57	10	199944782	537
58	1	4210172589	3834
58	2	4306463937	2082
58	3	4306401271	1904
58	4	4306463223	1574
58	5	4306463855	1079
58	6	41869786	1054
58	7	4210213280	816
58	8	170231156	774
58	9	10134376	739
58	10	187626162	673
59	1	75411654	2780
59	2	43139658	2347
59	3	163807576	2208
59	4	184573928	2175
59	5	166781098	1912
59	6	106928643	1797
59	7	173145877	1516
59	8	4306463230	1323
59	9	198061209	1213
59	10	4306525036	1106
60	1	62426309	4021
60	2	149729710	3289
60	3	4306525036	2985
60	4	186215666	1628
60	5	15239247	1311
60	6	2738140193	1071
60	7	70513841	1065
60	8	200437886	1031
60	9	182402362	919
60	10	8081180	911
61	1	4306400194	27337
61	2	40813394	1824
61	3	184147796	1523
61	4	111381568	1184
61	5	104894821	1010
61	6	4805881	973
61	7	4210226894	953
61	8	4306463937	939
61	9	66563395	906
61	10	192217950	874
62	1	4306525036	3068
62	2	202381698	2682
62	3	126644158	1459
62	4	196734849	1324
62	5	10623703	1271
62	6	4306402450	1158
62	7	58832373	1117
62	8	95395365	1098
62	9	168522863	824
62	10	151589183	811
63	1	161954266	2175
63	2	131016564	1663
63	3	4306463230	1546
63	4	101287785	1296
63	5	163807576	1277
63	6	22793308	1189
63	7	2481244646	1064
63	8	3649266	1045
63	9	23181512	960
63	10	164001016	959
64	1	4306400194	7520
64	2	106296714	3819
64	3	24688465	2492
64	4	4306463937	1567
64	5	35412551	1401
64	6	196734849	782
64	7	202381698	770
64	8	4210235286	714
64	9	4210172589	613
64	10	2764461748	611
65	1	4306525036	2406
65	2	143832381	2145
65	3	46732370	1930
65	4	163651451	1410
65	5	60865174	1322
65	6	14436165	1210
65	7	75756335	1136
65	8	116251202	1075
65	9	128634829	1073
65	10	185186944	1043
66	1	4306402567	2481
66	2	4306402450	2043
66	3	2484704948	1969
66	4	110785341	1624
66	5	196734849	1570
66	6	202381698	1462
66	7	4306525036	1086
66	8	2764770702	939
66	9	10623703	847
66	10	2483688756	821
67	1	4306400194	11587
67	2	4210172589	7833
67	3	4306401271	1942
67	4	4306463937	1770
67	5	182850260	1456
67	6	182689569	857
67	7	9424914	795
67	8	173574685	737
67	9	31195892	696
67	10	897311980	603
68	1	4306463409	1813
68	2	4210172589	1373
68	3	4306463937	926
68	4	4306417665	911
68	5	106296714	734
68	6	10134376	632
68	7	204030396	585
68	8	4306463855	525
68	9	4306420657	462
68	10	38883057	460
69	1	59479367	4669
69	2	85738991	4084
69	3	189798733	3077
69	4	149016011	1287
69	5	130260941	1112
69	6	43247408	1021
69	7	30613837	1018
69	8	4306418306	971
69	9	2485537415	899
69	10	72497124	797
70	1	4210172589	3623
70	2	4306463855	3081
70	3	4306463937	2753
70	4	4306462995	2528
70	5	4306463708	1580
70	6	4306463716	1513
70	7	4306463717	1029
70	8	2764375719	916
70	9	4306401271	899
70	10	110268115	764
71	1	170889201	4009
71	2	121725775	3402
71	3	4306525036	2852
71	4	128199769	2588
71	5	197748570	1300
71	6	4306463937	1242
71	7	170982493	1191
71	8	4306463230	1133
71	9	205775358	948
71	10	178027841	882
72	1	4306463937	2323
72	2	4210187594	2049
72	3	54332258	1876
72	4	105208853	1222
72	5	2764696622	1187
72	6	171036940	1023
72	7	4306463855	984
72	8	161883588	916
72	9	52057175	914
72	10	4210167823	907
73	1	4306525036	3619
73	2	4306463937	1957
73	3	3376858	1233
73	4	15137598	1112
73	5	185605772	998
73	6	181459644	991
73	7	177486402	933
73	8	4306402450	868
73	9	83651209	779
73	10	4819472	754
74	1	188605413	3324
74	2	105243760	1997
74	3	206811868	1432
74	4	95739953	1250
74	5	6791298	1232
74	6	187991544	1076
74	7	143846845	1002
74	8	44567922	981
74	9	143744711	857
74	10	2530005873	817
75	1	4210198353	7551
75	2	162708223	7111
75	3	207178839	2841
75	4	13479253	2356
75	5	86852077	2116
75	6	146709414	1940
75	7	4210205282	1310
75	8	36624081	1261
75	9	946213959	1215
75	10	70769875	1066
76	1	4306463937	1908
76	2	2493613807	1471
76	3	2484704948	1329
76	4	4306402567	1311
76	5	88768767	944
76	6	4306463230	874
76	7	4306402450	871
76	8	161676133	857
76	9	202381698	806
76	10	2765017008	780
77	1	5555990	3065
77	2	96638545	1711
77	3	4306402567	1550
77	4	30122339	1521
77	5	4306463937	1364
77	6	4306463230	1340
77	7	160566677	1290
77	8	4306525036	1245
77	9	142952003	1182
77	10	203050076	1178
78	1	134307298	3060
78	2	42323631	2900
78	3	149937609	2179
78	4	2481244646	1808
78	5	67716761	1807
78	6	48860480	1686
78	7	204609040	1564
78	8	2764437742	1514
78	9	164001016	1111
78	10	95739953	1064
79	1	4306463230	2009
79	2	4306463937	1280
79	3	13479253	1047
79	4	2764646681	977
79	5	193535841	865
79	6	86852077	835
79	7	194298869	810
79	8	2764968653	691
79	9	4306402450	668
79	10	101287785	661
80	1	106296714	2076
80	2	4306463937	1083
80	3	101949793	1011
80	4	49967189	955
80	5	64417657	836
80	6	4306400194	766
80	7	4210206007	690
80	8	4210179954	626
80	9	2764905038	615
80	10	2485537415	581
81	1	4210172589	14948
81	2	160506855	1173
81	3	65924262	993
81	4	4306401271	952
81	5	136661304	703
81	6	75845752	676
81	7	11853582	665
81	8	181356434	641
81	9	111116695	624
81	10	62142384	596
82	1	6142729	3386
82	2	103377564	3049
82	3	157460402	2719
82	4	202381698	2484
82	5	4306525036	2338
82	6	20605092	1938
82	7	66330005	1531
82	8	14583120	1179
82	9	200437886	1030
82	10	4306402450	1028
83	1	6791298	3371
83	2	188605413	2533
83	3	105243760	2161
83	4	4210237713	2151
83	5	4306400194	1750
83	6	95739953	1461
83	7	143846845	1261
83	8	2481244646	1246
83	9	24807848	1183
83	10	187991544	1107
84	1	4306525036	1990
84	2	4026894	1508
84	3	4306463937	1286
84	4	140848990	1088
84	5	104377164	1070
84	6	35439863	988
84	7	4306463230	937
84	8	130455057	783
84	9	194302669	780
84	10	143744428	714
85	1	163027424	3067
85	2	147691530	2578
85	3	4306525036	1552
85	4	79704628	1308
85	5	202381698	927
85	6	2764943606	900
85	7	1737980	878
85	8	4306463937	852
85	9	4306463230	826
85	10	4306402567	807
86	1	25155249	2706
86	2	108427512	1687
86	3	284573	1639
86	4	140251998	1507
86	5	4306402567	1322
86	6	4306525036	1140
86	7	202381698	1069
86	8	10623703	908
86	9	135837084	860
86	10	203050076	837
87	1	4306463937	2897
87	2	190270160	2000
87	3	173880072	1768
87	4	2764743818	1673
87	5	4306463855	1499
87	6	35778795	1489
87	7	4306463705	1376
87	8	4306462995	1233
87	9	68052730	929
87	10	160634688	743
88	1	164770093	5465
88	2	186935893	3945
88	3	58603569	2514
88	4	112051168	2137
88	5	21442059	1960
88	6	2497375143	1744
88	7	198098182	1213
88	8	171918450	1164
88	9	815301	992
88	10	105637730	959
89	1	152904045	2241
89	2	188482970	2006
89	3	4147745	1563
89	4	114498453	1425
89	5	72902805	1395
89	6	65924626	1379
89	7	4210188091	1205
89	8	79449806	1140
89	9	199296737	1058
89	10	142676987	1049
90	1	105243760	2872
90	2	187991544	2380
90	3	84339699	2113
90	4	42323631	1815
90	5	67716761	1655
90	6	189509794	1581
90	7	55626769	1268
90	8	6791298	1181
90	9	106928643	1083
90	10	10719676	1040
91	1	93003929	7041
91	2	4306525036	2597
91	3	202381698	2160
91	4	100045985	2119
91	5	4306402450	1739
91	6	4306402567	1258
91	7	80413395	955
91	8	47215897	874
91	9	196734849	832
91	10	54542293	802
92	1	4924609	8430
92	2	108008259	4584
92	3	171072222	3834
92	4	166159787	3586
92	5	41354064	3465
92	6	111155417	2624
92	7	16435181	2298
92	8	112227793	2154
92	9	4210200754	1737
92	10	67393510	1703
93	1	4210168441	10121
93	2	118093565	5136
93	3	4306463937	4975
93	4	4210231191	4330
93	5	62159105	4002
93	6	4210173186	3106
93	7	4210187594	2651
93	8	19068271	2448
93	9	2764696622	1922
93	10	4306400194	1849
94	1	203153751	5188
94	2	109517664	5048
94	3	45493217	2423
94	4	4306525036	2149
94	5	144140688	2104
94	6	4306463937	1812
94	7	79704628	1713
94	8	14436165	1074
94	9	82373125	1066
94	10	4306463230	1045
95	1	4306400194	10651
95	2	4210210554	6308
95	3	120662888	6054
95	4	4210238307	4819
95	5	94052278	2378
95	6	173952182	2304
95	7	171172751	2296
95	8	195663288	1868
95	9	63240003	1836
95	10	121986758	1462
96	1	95865439	3320
96	2	171072222	3197
96	3	16561315	2623
96	4	166159787	2477
96	5	166634186	2398
96	6	146636433	2347
96	7	152760256	2206
96	8	112227793	1775
96	9	111155417	1756
96	10	171616156	1607
97	1	188673600	4773
97	2	67716761	3291
97	3	199247034	2711
97	4	106928643	1928
97	5	189509794	1211
97	6	41354064	1154
97	7	2500738039	1076
97	8	143190592	1003
97	9	138530117	1000
97	10	2481244646	966
98	1	28349394	3642
98	2	72684844	2875
98	3	171407314	2388
98	4	54426137	2314
98	5	118716465	1213
98	6	127169255	1149
98	7	14620535	1003
98	8	4210168508	996
98	9	153189382	962
98	10	95174952	941
99	1	105243760	5708
99	2	187991544	3055
99	3	10719676	2877
99	4	143744711	2512
99	5	4210174949	2379
99	6	183492911	1539
99	7	162355128	1337
99	8	2530005873	1306
99	9	7159504	1182
99	10	19887683	1126
100	1	106296714	4475
100	2	4306400194	1276
100	3	4306463937	1179
100	4	140556538	979
100	5	2764905038	959
100	6	2764461748	844
100	7	65753830	778
100	8	2485537415	671
100	9	13144211	611
100	10	2764900261	567
101	1	106296714	2597
101	2	4306400194	1810
101	3	4306463937	997
101	4	2764905038	890
101	5	186357190	765
101	6	2764900261	761
101	7	4210206007	560
101	8	106148199	525
101	9	2485537415	521
101	10	32326811	506
102	1	148561398	4172
102	2	4306400194	1335
102	3	4210172589	1190
102	4	205292342	1115
102	5	137773608	755
102	6	4306463937	695
102	7	4306525036	687
102	8	80113298	601
102	9	29676049	583
102	10	202381698	569
103	1	4306463855	1674
103	2	145511678	1237
103	3	94640471	1220
103	4	4306463937	968
103	5	26220619	616
103	6	46409772	585
103	7	9692511	583
103	8	4306478302	581
103	9	128978809	567
103	10	14181881	519
104	1	90999920	2763
104	2	118246204	2040
104	3	58867329	1341
104	4	2764696622	1252
104	5	128740003	1193
104	6	2764363796	1022
104	7	84964104	939
104	8	41149888	918
104	9	116405997	892
104	10	2764422495	872
105	1	13054843	5205
105	2	4306525036	2380
105	3	4306463937	1162
105	4	12558119	1057
105	5	25650217	926
105	6	132787887	916
105	7	4306463230	818
105	8	4306402450	812
105	9	97680518	745
105	10	35439863	734
106	1	181451930	4647
106	2	4306463937	2885
106	3	1824407	1720
106	4	87781914	1422
106	5	191399632	1412
106	6	4306463855	1000
106	7	4306525036	875
106	8	202381698	503
106	9	4306402450	492
106	10	1216394	490
107	1	154037165	3879
107	2	105243760	3199
107	3	187991544	3071
107	4	106928643	2764
107	5	143744711	2148
107	6	53162366	2116
107	7	194927175	1899
107	8	189509794	1682
107	9	67716761	1675
107	10	158447136	1620
108	1	4210172589	5018
108	2	4306463937	2810
108	3	4306463708	1937
108	4	4306463855	1809
108	5	4306464262	1619
108	6	124584455	1489
108	7	4306462995	1268
108	8	4306401271	1063
108	9	6959732	1052
108	10	95650557	962
109	1	159210951	2867
109	2	143791635	1697
109	3	7538555	1212
109	4	56162041	1204
109	5	4306463937	1136
109	6	48852984	1130
109	7	85417211	1072
109	8	119230507	931
109	9	141585851	910
109	10	1025118869	878
110	1	36624081	2674
110	2	108821158	2491
110	3	59098468	2433
110	4	195250905	2374
110	5	4210228715	2136
110	6	207178839	1821
110	7	4306501062	1761
110	8	183957208	1602
110	9	78180602	1504
110	10	4306501063	1345
111	1	43295729	5260
111	2	141808269	2558
111	3	117411352	2328
111	4	183492911	1200
111	5	4210179989	1025
111	6	2737215817	844
111	7	4306463937	771
111	8	116775814	695
111	9	17729819	689
111	10	111326731	685
112	1	96615428	4902
112	2	161282271	2327
112	3	20605092	2080
112	4	202381698	2079
112	5	4306525036	1629
112	6	6147291	1537
112	7	54115554	1352
112	8	157460402	1307
112	9	54542293	1118
112	10	4306402567	1065
113	1	4306525036	5942
113	2	40121896	3440
113	3	136026792	2919
113	4	191726168	1753
113	5	202133162	1633
113	6	92279829	1309
113	7	61661	1169
113	8	148949672	934
113	9	103663982	879
113	10	18714766	795
114	1	156006901	3883
114	2	4306525036	1240
114	3	181675524	1226
114	4	101949793	896
114	5	202381698	829
114	6	125166392	763
114	7	110924429	711
114	8	45281609	698
114	9	4306463937	637
114	10	147194880	619
115	1	4210172589	4736
115	2	4306463937	2136
115	3	76633192	1843
115	4	10134376	1794
115	5	12818680	1071
115	6	4306463855	1019
115	7	58516903	717
115	8	4306401271	687
115	9	205793605	673
115	10	146918421	646
116	1	87865284	3102
116	2	4306525036	2524
116	3	45445671	2276
116	4	43044067	2177
116	5	90729755	1927
116	6	130598054	1665
116	7	162627789	1416
116	8	4306463937	1372
116	9	147868187	1194
116	10	127900037	1171
117	1	4210202285	11625
117	2	164770093	3590
117	3	32869529	2420
117	4	4210174958	1605
117	5	53651343	1398
117	6	2764835558	1311
117	7	186935893	1202
117	8	48860480	1139
117	9	2497375143	879
117	10	146709414	851
118	1	4306400573	4823
118	2	4306402567	4371
118	3	4306402450	1895
118	4	14436165	1480
118	5	4210226234	1429
118	6	55776271	1170
118	7	2595292759	978
118	8	4210172589	819
118	9	4306525036	722
118	10	49828768	656
119	1	4306463937	3334
119	2	4306463855	1882
119	3	10134376	1374
119	4	175056054	1262
119	5	4210172589	1173
119	6	2764593084	1120
119	7	130638383	962
119	8	4306462995	917
119	9	39803240	794
119	10	4306463223	731
120	1	133274750	5111
120	2	4306402567	2947
120	3	102549058	2921
120	4	140251998	2318
120	5	134668137	1725
120	6	125754415	1680
120	7	46058472	1433
120	8	196799759	1234
120	9	202381698	1189
120	10	34954451	1079
121	1	6846437	5787
121	2	56464651	3183
121	3	198098182	1557
121	4	75069817	1245
121	5	4220651895	1163
121	6	109565702	1152
121	7	2764478331	1098
121	8	10134376	1076
121	9	4210195883	985
121	10	4210191137	891
122	1	203465130	4537
122	2	13479253	3792
122	3	86852077	2925
122	4	201530359	2273
122	5	87561820	1593
122	6	136710263	1572
122	7	101229256	1416
122	8	143381477	1011
122	9	4306525036	890
122	10	145089992	792
123	1	134668137	2815
123	2	140251998	2513
123	3	3892243	2165
123	4	4306402567	1985
123	5	125754415	1319
123	6	4306525036	1237
123	7	202381698	1033
123	8	104038378	918
123	9	156208185	889
123	10	81455967	803
124	1	30525748	4546
124	2	4306525036	2456
124	3	110533041	2316
124	4	196979320	2184
124	5	191188855	2154
124	6	96871409	1449
124	7	4306463937	1432
124	8	59248909	1120
124	9	4802544	944
124	10	15137598	836
125	1	196647941	1778
125	2	63459445	1323
125	3	147316732	1136
125	4	4306400194	1072
125	5	10936095	984
125	6	2493627025	812
125	7	49967189	733
125	8	149016011	665
125	9	168680287	653
125	10	4502562	643
126	1	106296714	11706
126	2	4306400194	6382
126	3	4306463937	2192
126	4	148324379	2159
126	5	50368787	1835
126	6	90727058	881
126	7	4306402512	870
126	8	4210216081	746
126	9	101766102	562
126	10	21029587	515
127	1	4210172589	16032
127	2	4306401271	6071
127	3	2876017	1098
127	4	4306463937	982
127	5	4210171147	744
127	6	121634618	599
127	7	4306463716	541
127	8	4306462995	417
127	9	4306401280	415
127	10	4306463855	415
128	1	4306401271	8961
128	2	4210172589	8907
128	3	45372229	1178
128	4	4306463937	959
128	5	198098467	856
128	6	4306463855	811
128	7	71783669	662
128	8	4306462995	617
128	9	4306463716	591
128	10	4306463223	452
129	1	106908163	2886
129	2	175922936	2697
129	3	4306525036	1899
129	4	4306463937	1694
129	5	15137598	1401
129	6	4306463230	1060
129	7	59624048	937
129	8	110533041	878
129	9	2596394214	834
129	10	4306402450	828
130	1	4306463937	2982
130	2	4210187594	1435
130	3	119483640	1232
130	4	4210211469	1148
130	5	4306463855	1005
130	6	131125421	961
130	7	2764749937	870
130	8	161209770	765
130	9	4306402512	754
130	10	2764739392	749
131	1	95739953	2703
131	2	75741262	1566
131	3	23181512	1226
131	4	183492911	1212
131	5	143846845	1077
131	6	2481244646	999
131	7	191963794	963
131	8	206811868	929
131	9	145476921	923
131	10	4206644	830
132	1	106928643	6324
132	2	158447136	4805
132	3	53162366	3766
132	4	75411654	2148
132	5	4210205452	1283
132	6	26125866	1195
132	7	154732359	1166
132	8	87940674	1075
132	9	75568645	1053
132	10	67425620	967
133	1	4306463937	3409
133	2	4306463855	2569
133	3	4306464262	2074
133	4	111964278	1420
133	5	119437531	1383
133	6	194402510	1098
133	7	4306463716	932
133	8	2764497610	720
133	9	18522216	700
133	10	4210172589	638
134	1	45123234	4069
134	2	143352558	3759
134	3	2735960814	3507
134	4	4306525036	2178
134	5	66441642	1997
134	6	4306463937	1590
134	7	158079644	1144
134	8	181459644	946
134	9	197964821	922
134	10	3251770	857
135	1	146976949	1987
135	2	92562763	1289
135	3	161676133	1281
135	4	26596028	1127
135	5	31777576	901
135	6	4306463937	868
135	7	171471881	827
135	8	150156781	726
135	9	87930725	717
135	10	28057480	704
136	1	4306400194	8980
136	2	119757635	1286
136	3	132362803	1270
136	4	4210172589	1245
136	5	4394736638	1226
136	6	128350725	1203
136	7	55189604	1166
136	8	133905466	1006
136	9	9424914	1000
136	10	25707077	983
137	1	136332993	4049
137	2	2764622253	2863
137	3	79704628	2433
137	4	4306525036	1577
137	5	137419829	1381
137	6	14436165	1142
137	7	169054600	1126
137	8	175814247	1069
137	9	4306463937	828
137	10	66034498	799
138	1	106296714	3103
138	2	4306400194	988
138	3	4306463937	902
138	4	63392143	834
138	5	115004586	825
138	6	62238642	579
138	7	66039016	490
138	8	2493627025	411
138	9	147316732	321
138	10	183492911	321
139	1	86852077	2109
139	2	87561820	1900
139	3	11732831	1605
139	4	203465130	1435
139	5	101229256	1299
139	6	201530359	1279
139	7	156652029	839
139	8	198573919	807
139	9	145089992	796
139	10	4306525036	786
140	1	98026630	2036
140	2	55067746	1700
140	3	2456228	1675
140	4	64311837	1652
140	5	4210216257	1634
140	6	26760650	1596
140	7	4306463230	1512
140	8	168584722	1374
140	9	83853393	1133
140	10	106548112	1122
141	1	4306463230	1367
141	2	26760650	1294
141	3	28349394	1293
141	4	158228368	1282
141	5	132626406	1103
141	6	184773532	1097
141	7	4306525036	919
141	8	2484704948	829
141	9	39794811	816
141	10	4306463075	717
142	1	106296714	13470
142	2	4306400194	4638
142	3	4306463937	1979
142	4	50368787	952
142	5	4306402512	773
142	6	90727058	565
142	7	122567160	493
142	8	3845260	424
142	9	59933527	334
142	10	128250343	320
143	1	105319247	2529
143	2	4306525036	2359
143	3	76900504	1758
143	4	71995303	1447
143	5	4210207896	1139
143	6	198888318	1052
143	7	93356601	993
143	8	15387528	934
143	9	106546978	905
143	10	186153782	761
144	1	115964404	2653
144	2	4306525036	2557
144	3	128891601	1657
144	4	154226970	1652
144	5	67880631	1378
144	6	193501741	1114
144	7	39823226	889
144	8	4306463937	843
144	9	67902008	837
144	10	4306463230	629
145	1	4306463937	1738
145	2	4210172589	1337
145	3	4306463855	1252
145	4	93284759	1168
145	5	4210172023	876
145	6	2764631557	749
145	7	27632631	708
145	8	58171247	703
145	9	145429826	688
145	10	102896891	625
146	1	4306525036	3275
146	2	27359860	1037
146	3	6499114	955
146	4	202381698	883
146	5	5382288	816
146	6	2574783	807
146	7	4306463937	747
146	8	4306402450	612
146	9	96615428	602
146	10	121579133	549
147	1	47215897	3405
147	2	124275759	2076
147	3	4306525036	1737
147	4	2484704948	1228
147	5	5248501	1204
147	6	2736332253	1049
147	7	4306402567	948
147	8	53087977	939
147	9	178647319	939
147	10	202381698	897
148	1	4306400194	3998
148	2	63459445	2078
148	3	10936095	1636
148	4	2485537415	1234
148	5	196647941	1162
148	6	147316732	1043
148	7	168680287	722
148	8	49967189	713
148	9	2500830676	627
148	10	4306463937	627
149	1	4306463122	2868
149	2	4306463855	2602
149	3	4306463937	1969
149	4	4306462995	1145
149	5	65256140	857
149	6	102499938	856
149	7	4306463717	766
149	8	4306463708	759
149	9	114801684	696
149	10	2764491276	659
150	1	4306525036	1977
150	2	47215897	1868
150	3	93288122	1497
150	4	14436165	1486
150	5	80731565	1466
150	6	53087977	1065
150	7	2737643958	940
150	8	4306463937	754
150	9	124275759	736
150	10	154926289	711
151	1	83651209	3242
151	2	4306525036	2863
151	3	164225461	1523
151	4	156174673	1504
151	5	202381698	1057
151	6	96615428	961
151	7	14436165	948
151	8	143352558	845
151	9	49828768	765
151	10	206392846	640
152	1	133896805	5744
152	2	72684844	2272
152	3	111213849	1547
152	4	4210168508	1424
152	5	16398170	1423
152	6	4210178300	1283
152	7	171407314	1217
152	8	54426137	975
152	9	181293814	937
152	10	118716465	924
153	1	4306402512	1438
153	2	4306463525	922
153	3	208089930	863
153	4	4306463797	808
153	5	4210180777	734
153	6	4306463802	670
153	7	4306510746	645
153	8	4306463247	550
153	9	4210169725	536
153	10	4210202854	535
154	1	4210172589	1210
154	2	4306463937	915
154	3	31748134	717
154	4	4210172023	597
154	5	119587767	552
154	6	4210187570	529
154	7	4306401280	529
154	8	93284759	528
154	9	180851279	507
154	10	4306463855	407
155	1	4306525036	1742
155	2	87338489	1410
155	3	152998702	1129
155	4	4306463937	762
155	5	128018148	752
155	6	187816532	745
155	7	67880631	696
155	8	140251998	686
155	9	55107261	672
155	10	61167191	657
156	1	4306463937	2100
156	2	4306463855	1820
156	3	102140811	1459
156	4	4306463122	768
156	5	28964699	740
156	6	46109600	543
156	7	4210172589	522
156	8	4306463716	494
156	9	99033363	487
156	10	2764447103	484
157	1	150708336	5046
157	2	95965737	1680
157	3	14544163	1651
157	4	2502187214	1648
157	5	4306525036	1439
157	6	4306514452	1370
157	7	205145379	1060
157	8	26699211	993
157	9	108806340	977
157	10	2483669344	854
158	1	14436165	4246
158	2	15137598	2921
158	3	2595292759	1410
158	4	41454044	1374
158	5	2754803477	1345
158	6	4306402450	1343
158	7	168522863	1240
158	8	2596394214	1134
158	9	168415115	1067
158	10	4306525036	927
159	1	4210195943	6260
159	2	207178839	5925
159	3	36624081	3866
159	4	63956823	3141
159	5	113313948	3078
159	6	207559368	2623
159	7	66354037	1470
159	8	166492742	1272
159	9	116100596	1155
159	10	118794974	1137
160	1	165454098	2711
160	2	99356198	2055
160	3	194562448	1958
160	4	144568777	1765
160	5	59098468	1506
160	6	99961174	1389
160	7	117562080	1357
160	8	93312259	1258
160	9	4210196937	1157
160	10	2898442875	1023
161	1	129124101	2907
161	2	39260535	2596
161	3	4306463075	2071
161	4	184406644	1154
161	5	2764487033	1135
161	6	202628778	1097
161	7	4210195883	1041
161	8	38407038	1013
161	9	86499044	924
161	10	139192911	923
162	1	4306463409	2240
162	2	4306463937	970
162	3	4306463855	792
162	4	4210179225	637
162	5	4306530332	610
162	6	4306508766	589
162	7	4210168624	572
162	8	2764977688	567
162	9	4306509076	479
162	10	104917558	466
163	1	4306463937	2928
163	2	112227793	2693
163	3	171616156	2690
163	4	203479135	2298
163	5	171072222	2234
163	6	166159787	2131
163	7	155362585	1941
163	8	161439912	1927
163	9	146636433	1687
163	10	4210169234	1387
164	1	4306463937	1430
164	2	4210181832	838
164	3	4210172589	733
164	4	164321952	651
164	5	81159284	645
164	6	184816971	616
164	7	65690446	540
164	8	48957891	508
164	9	165057322	496
164	10	20489460	480
165	1	4306462995	4599
165	2	4306463708	3884
165	3	4306462964	3068
165	4	4306463091	2411
165	5	4210173305	1203
165	6	4306463855	1183
165	7	2764375719	1049
165	8	47679038	859
165	9	4306463937	615
165	10	96498347	605
166	1	4306525036	2147
166	2	46544255	1574
166	3	80921037	1316
166	4	100045985	1229
166	5	96615428	1199
166	6	202381698	1199
166	7	4306402567	1162
166	8	55776271	1010
166	9	193994340	828
166	10	189281586	795
167	1	27359860	2826
167	2	4306525036	2229
167	3	202381698	1876
167	4	96615428	1631
167	5	93534766	923
167	6	4306402567	771
167	7	189281586	769
167	8	54542293	662
167	9	55776271	633
167	10	2483136528	622
168	1	15239247	2126
168	2	4306402450	1682
168	3	9692511	1007
168	4	202381698	963
168	5	4306400573	943
168	6	2595931848	838
168	7	92766711	767
168	8	4210172589	630
168	9	4306525036	629
168	10	200437886	412
169	1	140251998	3725
169	2	4306525036	1187
169	3	4306463937	1074
169	4	151589183	1073
169	5	128439998	812
169	6	202381698	787
169	7	4306463230	776
169	8	44425019	709
169	9	104038378	648
169	10	113768434	640
170	1	76304953	4579
170	2	19572933	2623
170	3	4306525036	2153
170	4	50016660	1470
170	5	93410275	1352
170	6	207341048	1309
170	7	79587146	1242
170	8	167047176	1119
170	9	4306463937	962
170	10	21165490	880
171	1	21442059	3669
171	2	153285774	1310
171	3	4306463230	1230
171	4	137860580	1150
171	5	4306463937	1054
171	6	70979998	948
171	7	178362034	909
171	8	171918450	890
171	9	74630304	665
171	10	2764923638	594
172	1	4306525036	2674
172	2	144860794	1911
172	3	60865174	1653
172	4	127437062	1360
172	5	41314575	1289
172	6	4306463937	1278
172	7	185186944	1227
172	8	117995063	1100
172	9	10542796	1035
172	10	104576203	949
173	1	4306463937	2505
173	2	148709879	2247
173	3	53336109	1855
173	4	195914795	1156
173	5	8962223	1105
173	6	61564791	986
173	7	155225502	947
173	8	4306400194	889
173	9	114140916	662
173	10	2764696622	612
174	1	157690423	2980
174	2	121360315	2255
174	3	3006207977	2112
174	4	87560609	1928
174	5	136529485	1794
174	6	4306402567	1756
174	7	138169916	1496
174	8	147866836	1202
174	9	122176235	1149
174	10	202381698	1092
175	1	29875816	4047
175	2	58031724	1675
175	3	28122330	1186
175	4	198098182	648
175	5	2764857692	637
175	6	192268925	621
175	7	21476359	546
175	8	2485537415	471
175	9	92132303	412
175	10	4210179954	402
176	1	4306525036	2391
176	2	2061155	1407
176	3	4306463937	1130
176	4	36838616	1049
176	5	27922360	940
176	6	202381698	901
176	7	65139510	861
176	8	120158623	847
176	9	165333527	768
176	10	10623703	742
177	1	155536936	2387
177	2	135898356	1959
177	3	4306525036	1848
177	4	4306463937	1453
177	5	92692057	1426
177	6	122377002	1221
177	7	4210204300	996
177	8	169992948	953
177	9	2754573933	846
177	10	4306463708	673
178	1	50055314	2639
178	2	13506822	2273
178	3	4306525036	1579
178	4	15137598	1476
178	5	4306463937	1258
178	6	4306402450	907
178	7	41599636	900
178	8	142055198	842
178	9	90347677	802
178	10	198387837	780
179	1	198339081	3534
179	2	177147899	2209
179	3	2764437742	1979
179	4	67716761	1848
179	5	2764865925	1783
179	6	2481244646	1620
179	7	188605413	1140
179	8	164001016	1110
179	9	149937609	1052
179	10	42323631	1021
180	1	124795565	3317
180	2	176136234	3156
180	3	192559872	2816
180	4	26602194	2184
180	5	45406943	1704
180	6	151030190	1691
180	7	18188872	1410
180	8	170358085	1274
180	9	103398315	1245
180	10	12065667	1140
181	1	4306400194	4126
181	2	106296714	3742
181	3	4306424877	3005
181	4	4306402512	1173
181	5	4306420508	1066
181	6	4306419219	888
181	7	4306463937	573
181	8	2764900261	549
181	9	4306418267	544
181	10	4306420633	382
182	1	4306463937	1730
182	2	87914957	1260
182	3	60711021	785
182	4	4306525036	744
182	5	4306463855	716
182	6	58220144	614
182	7	108595589	607
182	8	6115874	574
182	9	137373642	574
182	10	177929781	552
183	1	15137598	2216
183	2	4306525036	1941
183	3	142211178	1768
183	4	177486402	1684
183	5	110533041	1683
183	6	181123643	1354
183	7	4306463937	1320
183	8	168522863	1212
183	9	2764352954	1150
183	10	158473028	818
184	1	2493613807	2350
184	2	42294715	2127
184	3	4306402567	2054
184	4	67862205	1780
184	5	48849333	1714
184	6	32610980	1585
184	7	10623703	1320
184	8	202381698	1063
184	9	58631098	994
184	10	6444338	926
185	1	200071133	5138
185	2	4306525036	2772
185	3	27064115	1694
185	4	15137598	1673
185	5	4306463937	1016
185	6	14436165	1014
185	7	153015021	983
185	8	23714410	747
185	9	41454044	720
185	10	4306463230	642
186	1	4306525036	2662
186	2	62565178	1640
186	3	194945867	1284
186	4	172540258	1259
186	5	137832324	1155
186	6	36000085	1033
186	7	152990921	1015
186	8	95299427	998
186	9	139566883	959
186	10	162826810	805
187	1	198879913	1954
187	2	83637746	1576
187	3	37189094	1474
187	4	59479367	1168
187	5	149016011	822
187	6	162355128	631
187	7	76600781	573
187	8	116977442	540
187	9	93916849	491
187	10	4306463937	387
188	1	77056576	5037
188	2	67425620	2015
188	3	2898565713	1699
188	4	75411654	1434
188	5	128754310	1299
188	6	154368109	1263
188	7	127530304	1213
188	8	2898407351	1169
188	9	68701239	911
188	10	120037611	907
189	1	3341432	2744
189	2	4306525036	2158
189	3	104698359	2017
189	4	4306463937	1343
189	5	108768312	1066
189	6	124035732	931
189	7	4306463230	911
189	8	33418846	799
189	9	7689096	670
189	10	155967237	661
190	1	4210198353	2352
190	2	86852077	1744
190	3	173943867	1332
190	4	15239247	1176
190	5	10446503	1156
190	6	4306525036	1119
190	7	143381477	962
190	8	87561820	952
190	9	201530359	941
190	10	13479253	884
191	1	4306400194	2845
191	2	106296714	2267
191	3	101949793	958
191	4	4210169774	866
191	5	4306463937	666
191	6	183492911	661
191	7	133768115	548
191	8	2485537415	435
191	9	2764905038	430
191	10	2737215817	386
192	1	134307298	2712
192	2	4210202285	2381
192	3	117279562	2332
192	4	1959426	1673
192	5	84179801	1622
192	6	95739953	1568
192	7	7359802	1213
192	8	149937609	1198
192	9	2482773761	1034
192	10	42323631	998
193	1	4306525036	2491
193	2	41314575	2460
193	3	60865174	2256
193	4	104576203	1590
193	5	185186944	1519
193	6	117995063	1149
193	7	116251202	1018
193	8	4306463937	945
193	9	86061721	837
193	10	13342628	827
194	1	4306400194	9295
194	2	70695507	2879
194	3	151579836	2247
194	4	200871675	1885
194	5	138240904	1415
194	6	170381558	819
194	7	19392275	787
194	8	54953690	703
194	9	61795452	700
194	10	207995962	607
195	1	47215897	1834
195	2	4306525036	1802
195	3	53087977	1207
195	4	124275759	1204
195	5	202381698	890
195	6	129764719	723
195	7	72350973	717
195	8	5248501	662
195	9	14436165	580
195	10	130127385	574
196	1	140848990	2781
196	2	4306525036	1528
196	3	203050076	1127
196	4	194302669	1095
196	5	4306463937	1070
196	6	30122339	1043
196	7	143744428	1043
196	8	96638545	905
196	9	49886757	904
196	10	4306463230	877
197	1	119469986	6991
197	2	86512602	5962
197	3	69753523	2345
197	4	124203677	2149
197	5	4210225467	1213
197	6	4306463230	1167
197	7	52566953	1069
197	8	149937609	867
197	9	200764475	802
197	10	4306463937	755
198	1	4306525036	1933
198	2	67869649	1513
198	3	87609158	1493
198	4	60865174	1045
198	5	13342628	757
198	6	4306463937	754
198	7	2764810254	697
198	8	185186944	694
198	9	181568219	644
198	10	116251202	638
199	1	72902805	1602
199	2	80660208	1229
199	3	202381698	1203
199	4	165569574	1004
199	5	129893106	936
199	6	173884034	851
199	7	195743144	802
199	8	135316137	791
199	9	4306463937	790
199	10	14053799	742
200	1	25650217	4101
200	2	4306525036	2987
200	3	183989336	1793
200	4	132787887	1443
200	5	149170128	1350
200	6	44888363	1069
200	7	13698240	1033
200	8	30446230	984
200	9	50602745	916
200	10	50823678	826
201	1	4306400194	4032
201	2	106296714	2203
201	3	128025751	716
201	4	4210169297	495
201	5	199497470	481
201	6	4650632	460
201	7	91252481	424
201	8	4306424877	423
201	9	4306463937	406
201	10	2486202937	359
202	1	4306525036	2335
202	2	144860794	1505
202	3	100767427	1488
202	4	90745127	1421
202	5	110533041	1133
202	6	2754193772	1132
202	7	4306463937	1110
202	8	76900504	992
202	9	10542796	955
202	10	15137598	809
203	1	106296714	4641
203	2	4306400194	2812
203	3	4306463937	880
203	4	2764900261	646
203	5	2764905038	620
203	6	13144211	608
203	7	2485537415	598
203	8	10169007	396
203	9	4210169156	362
203	10	4306418092	329
204	1	154732359	3947
204	2	87940674	2924
204	3	64016596	2726
204	4	105962883	1751
204	5	26018076	1076
204	6	165830345	1013
204	7	26125866	937
204	8	4306463937	937
204	9	2764696622	866
204	10	4210189194	834
205	1	183492911	5799
205	2	178776955	2256
205	3	2307745	1801
205	4	189694085	1720
205	5	27723657	1624
205	6	134390580	1559
205	7	101949793	1410
205	8	186881120	1218
205	9	71855865	1120
205	10	180314335	784
206	1	4306463937	1386
206	2	64418186	1359
206	3	4306525036	1122
206	4	79054089	631
206	5	4306463230	572
206	6	202381698	533
206	7	185874209	531
206	8	205768342	514
206	9	82452678	479
206	10	192814187	466
207	1	156181945	4011
207	2	191963794	3358
207	3	98455728	2263
207	4	152760256	1580
207	5	192559872	1566
207	6	105746325	1465
207	7	124795565	1438
207	8	12065667	1280
207	9	111155417	1069
207	10	67393510	876
208	1	4210172589	8854
208	2	4306401271	7285
208	3	4306463937	984
208	4	163774179	726
208	5	4306463855	687
208	6	192274990	391
208	7	201037040	367
208	8	201533460	365
208	9	36178057	347
208	10	4306463716	328
209	1	4306525036	1905
209	2	4306402450	1787
209	3	202381698	1588
209	4	123732490	1141
209	5	12898181	922
209	6	49861241	908
209	7	155125020	866
209	8	200437886	697
209	9	4210216427	635
209	10	79054089	588
210	1	149937609	3332
210	2	203465130	2543
210	3	145089992	2460
210	4	69753523	1688
210	5	52566953	1537
210	6	13479253	1236
210	7	134307298	1215
210	8	2764859491	1190
210	9	87561820	1103
210	10	124203677	904
211	1	167262187	2683
211	2	4306402567	1015
211	3	41354064	1007
211	4	178711970	983
211	5	162030435	894
211	6	180838163	860
211	7	4306463230	797
211	8	64621741	782
211	9	4306400194	763
211	10	152068293	719
212	1	79832926	2599
212	2	98455728	2570
212	3	156181945	2136
212	4	143604795	2020
212	5	198339081	2001
212	6	48583931	1416
212	7	124795565	1416
212	8	12065667	1188
212	9	192559872	1153
212	10	138759888	1124
213	1	4306463937	2912
213	2	4306463855	1851
213	3	4210172589	1712
213	4	76877748	1577
213	5	37623806	936
213	6	201221823	842
213	7	39541053	801
213	8	4306463716	766
213	9	169433491	745
213	10	87681011	735
214	1	4306463855	3506
214	2	4306463937	1997
214	3	19117828	1922
214	4	121444704	1425
214	5	203799486	1409
214	6	204777700	993
214	7	150356354	954
214	8	30435792	862
214	9	55286453	785
214	10	105236765	780
215	1	106296714	7259
215	2	4306463937	1635
215	3	4306400194	1270
215	4	4306402512	917
215	5	2764900261	880
215	6	2764557503	603
215	7	4306463409	603
215	8	4306420056	458
215	9	4210172589	389
215	10	4210177235	344
216	1	4306463937	2463
216	2	4306463855	2401
216	3	4210172589	1646
216	4	149872823	1070
216	5	96629499	1024
216	6	4306463716	890
216	7	4306462995	849
216	8	4306463708	704
216	9	80058157	568
216	10	168463200	533
217	1	4306525036	1425
217	2	163651451	1290
217	3	4306463937	1012
217	4	197069552	963
217	5	87338489	933
217	6	14436165	929
217	7	116251202	909
217	8	143832381	787
217	9	111163638	727
217	10	4306463230	720
218	1	191417626	2483
218	2	108732581	2042
218	3	4306525036	1662
218	4	4306463937	1316
218	5	198804558	890
218	6	4306402450	826
218	7	126993733	703
218	8	174819509	624
218	9	202381698	602
218	10	180821644	484
219	1	52363224	3514
219	2	21859746	1709
219	3	96365333	1626
219	4	52442148	1584
219	5	4306463230	1428
219	6	112674977	1393
219	7	86637577	1115
219	8	8244251	736
219	9	4306463937	727
219	10	75411654	717
220	1	128368299	1487
220	2	147767848	1013
220	3	101949793	910
220	4	10892749	798
220	5	109302362	778
220	6	2485537415	775
220	7	4210187594	620
220	8	128754310	574
220	9	4210205812	562
220	10	153381426	481
221	1	52363224	3470
221	2	99182027	1684
221	3	205118121	1597
221	4	72716621	867
221	5	189344224	837
221	6	4306463937	829
221	7	87569533	823
221	8	112674977	686
221	9	186055561	657
221	10	2622345	649
222	1	4306402567	4551
222	2	134668137	2052
222	3	140251998	1376
222	4	81455967	1102
222	5	4210172139	954
222	6	156208185	918
222	7	125754415	908
222	8	202381698	887
222	9	52395412	788
222	10	64187185	729
223	1	198098182	1678
223	2	29875816	1306
223	3	59604973	949
223	4	2485537415	927
223	5	58031724	868
223	6	168377509	825
223	7	192268925	628
223	8	201921491	628
223	9	4306400194	562
223	10	151498627	538
224	1	4306400194	8695
224	2	4210210554	4610
224	3	4210238307	3728
224	4	173952182	2918
224	5	4210182546	2286
224	6	62159105	1730
224	7	4210168441	1677
224	8	2764696622	1581
224	9	187585107	1570
224	10	94052278	1505
225	1	88454195	1593
225	2	999813893	1575
225	3	108911230	1078
225	4	178362034	982
225	5	4306525036	862
225	6	124250138	803
225	7	205999849	714
225	8	83413509	663
225	9	4306401280	568
225	10	29564236	537
226	1	10134376	2218
226	2	2738397068	1732
226	3	194154261	1494
226	4	4306463937	1352
226	5	80485027	1202
226	6	60589374	1045
226	7	2764388848	896
226	8	104597489	775
226	9	4210195883	666
226	10	86852077	617
227	1	62532593	4805
227	2	4210174059	1924
227	3	4306525036	1601
227	4	66405466	1103
227	5	43436036	1066
227	6	96975567	1061
227	7	150089136	1026
227	8	79704628	989
227	9	4306463937	749
227	10	101278519	637
228	1	29875816	2637
228	2	58031724	2081
228	3	28122330	987
228	4	192268925	925
228	5	198098182	631
228	6	2764857692	590
228	7	2485537415	586
228	8	4210179954	516
228	9	21476359	510
228	10	4306418342	358
229	1	4306400194	14401
229	2	105977992	931
229	3	100028386	884
229	4	6775291	796
229	5	138240904	760
229	6	198157528	720
229	7	4210226894	628
229	8	151579836	499
229	9	201224749	483
229	10	146144561	460
230	1	20111203	3106
230	2	200038611	2847
230	3	96743589	1473
230	4	57183551	1382
230	5	56205983	1259
230	6	9351502	1186
230	7	2596539584	772
230	8	143565956	695
230	9	43867544	646
230	10	202381698	594
231	1	4306525036	2486
231	2	15137598	1611
231	3	4306463937	1483
231	4	28527816	1159
231	5	10058814	1116
231	6	185605772	1038
231	7	193617204	959
231	8	78051145	897
231	9	177486402	764
231	10	157664895	667
232	1	2307745	3412
232	2	27723657	3043
232	3	178776955	2515
232	4	4306420648	2155
232	5	183492911	1606
232	6	186881120	1331
232	7	149016011	884
232	8	134390580	875
232	9	4306400194	568
232	10	4306418073	550
233	1	4306463075	2176
233	2	178493899	1964
233	3	170199316	1334
233	4	106576117	1318
233	5	99356198	1313
233	6	105963835	1214
233	7	164417264	1038
233	8	4210178770	983
233	9	143391730	942
233	10	4306463937	745
234	1	4306525036	2183
234	2	169018744	1945
234	3	183718435	1437
234	4	48878068	1401
234	5	42921845	1242
234	6	4306463937	1050
234	7	4306463230	974
234	8	76900504	856
234	9	200877091	801
234	10	200672447	707
235	1	106822843	1519
235	2	4306463937	1352
235	3	4306525036	1107
235	4	156988948	866
235	5	15239247	804
235	6	200437886	711
235	7	202381698	615
235	8	2735447094	599
235	9	4306463855	585
235	10	4306402450	584
236	1	4210238371	2532
236	2	162100826	998
236	3	4306463937	938
236	4	2764581412	894
236	5	86852077	824
236	6	134216166	704
236	7	52566953	662
236	8	87561820	609
236	9	207705515	594
236	10	4210168349	581
237	1	106296714	11080
237	2	2764847869	4292
237	3	4306400194	2107
237	4	4306463937	1327
237	5	2485537415	624
237	6	120683614	532
237	7	166990724	473
237	8	2764900261	466
237	9	192650101	375
237	10	190936789	364
238	1	4026894	3478
238	2	112180307	2151
238	3	4306525036	2084
238	4	100227592	2003
238	5	4306463937	1858
238	6	4306463230	1478
238	7	59624048	1099
238	8	4210167578	899
238	9	4306402450	676
238	10	193700400	647
239	1	4306463855	2840
239	2	4306463937	1595
239	3	50366009	1169
239	4	118082279	872
239	5	33838238	688
239	6	153445956	663
239	7	87933477	613
239	8	137445289	546
239	9	132076093	531
239	10	47624153	510
240	1	32261165	2731
240	2	4210196743	2145
240	3	200668369	1614
240	4	4306463937	1523
240	5	196783408	1139
240	6	118568332	817
240	7	193620188	755
240	8	4306525036	679
240	9	4210172139	586
240	10	56909845	521
241	1	103225281	4412
241	2	4306402567	3673
241	3	121666818	1598
241	4	4306400194	1362
241	5	106296714	1278
241	6	115201632	942
241	7	202381698	924
241	8	4306463937	892
241	9	117898428	875
241	10	196734849	693
242	1	4306463937	1654
242	2	176794141	1501
242	3	4306525036	1109
242	4	2737785665	781
242	5	207859457	780
242	6	135207330	714
242	7	4306463855	593
242	8	4306463230	478
242	9	113871862	425
242	10	110204754	420
243	1	4306400194	2292
243	2	55189604	1844
243	3	4306463937	1261
243	4	128350725	1208
243	5	132362803	828
243	6	8265502	799
243	7	25707077	787
243	8	153329750	735
243	9	167117542	672
243	10	9424914	580
244	1	81011612	2399
244	2	70718007	2067
244	3	138681734	1399
244	4	4306400194	1376
244	5	187806540	1223
244	6	950076683	974
244	7	4306463937	901
244	8	104875562	788
244	9	35412551	774
244	10	39612629	652
245	1	178776955	2557
245	2	4306400194	1283
245	3	105243760	1234
245	4	196734849	925
245	5	134390580	849
245	6	85738991	844
245	7	183492911	752
245	8	108229257	736
245	9	4306418073	687
245	10	186881120	655
246	1	106296714	1921
246	2	4306400194	942
246	3	4210206007	928
246	4	4306463937	755
246	5	49967189	478
246	6	2764900261	458
246	7	2764905038	447
246	8	4210177528	426
246	9	205498627	367
246	10	2764531433	329
247	1	164001016	1908
247	2	123480357	1542
247	3	95739953	1419
247	4	2764437742	1381
247	5	2500738039	1313
247	6	135204980	1246
247	7	99352657	1234
247	8	4210176222	1148
247	9	2764414965	1037
247	10	2502627819	952
248	1	4306400194	4803
248	2	165969127	1249
248	3	201441698	1192
248	4	50372074	1161
248	5	70718007	1158
248	6	79244937	1118
248	7	104875562	1101
248	8	138681734	1099
248	9	158241587	1096
248	10	39612629	900
249	1	4306400194	3584
249	2	184954342	1374
249	3	51360982	1120
249	4	106296714	843
249	5	2898405271	807
249	6	156578089	741
249	7	4210191041	689
249	8	183498172	672
249	9	2898246533	621
249	10	46640599	579
250	1	76304953	4349
250	2	174695746	2968
250	3	4306525036	2235
250	4	50016660	1262
250	5	207341048	1254
250	6	79587146	1190
250	7	4306463937	1038
250	8	167047176	837
250	9	105513329	825
250	10	93410275	816
251	1	1980519	9027
251	2	205231332	4771
251	3	39223014	4276
251	4	4306400194	1825
251	5	113313948	1728
251	6	4306463937	1443
251	7	4210175824	1374
251	8	4210212087	1236
251	9	207178839	1162
251	10	195663288	985
252	1	41354064	3512
252	2	166799026	2099
252	3	154771817	1460
252	4	201989124	1346
252	5	146563757	1110
252	6	111155417	928
252	7	133942674	842
252	8	67393510	827
252	9	4210200754	813
252	10	205999849	772
253	1	4306525036	2476
253	2	4306463937	1483
253	3	15137598	1006
253	4	4306463230	741
253	5	191421250	576
253	6	14436165	528
253	7	13860802	468
253	8	119714264	467
253	9	126033908	421
253	10	48232246	408
254	1	19793444	2585
254	2	135934248	2318
254	3	4306525036	2316
254	4	54816476	2201
254	5	144187503	1318
254	6	4306463937	698
254	7	2280673	653
254	8	5171481	653
254	9	121799786	628
254	10	19371312	582
255	1	162372621	3373
255	2	4210200322	2537
255	3	207178839	2259
255	4	36624081	2151
255	5	181119423	1165
255	6	33756829	1055
255	7	152000018	1005
255	8	195553029	866
255	9	195909765	752
255	10	4306463937	741
256	1	131016564	3680
256	2	130661733	1881
256	3	162444473	1606
256	4	1234972	1480
256	5	122302516	1195
256	6	119477091	1067
256	7	4306525036	978
256	8	97205441	875
256	9	80622011	852
256	10	204562082	844
257	1	4306525036	3044
257	2	58498366	2222
257	3	61859066	2063
257	4	195000414	1102
257	5	62865007	729
257	6	44717366	680
257	7	202381698	589
257	8	103663982	569
257	9	43912546	546
257	10	4306402450	501
258	1	4306463708	5207
258	2	255146	1821
258	3	4306463937	1666
258	4	147022693	1478
258	5	4306463855	1360
258	6	4306462995	1356
258	7	121299002	1282
258	8	63151042	814
258	9	204374153	806
258	10	4306463091	670
259	1	4306464262	13446
259	2	4306463937	12522
259	3	4306464240	1770
259	4	4306464022	1436
259	5	28909093	718
259	6	4306463091	608
259	7	4306463491	556
259	8	40639335	483
259	9	4306463667	460
259	10	4306464232	450
260	1	4306400194	2238
260	2	106296714	1799
260	3	109852484	792
260	4	4306463937	759
260	5	8351582	745
260	6	37879656	705
260	7	205010575	688
260	8	6725529	462
260	9	2764900261	460
260	10	4306419842	433
261	1	4306402567	3560
261	2	4306400573	1696
261	3	136352176	1452
261	4	202381698	1317
261	5	134425043	1050
261	6	52395412	893
261	7	4306402450	745
261	8	137905309	723
261	9	103870658	701
261	10	196734849	650
262	1	59479367	2917
262	2	198879913	2456
262	3	37189094	1887
262	4	85738991	1297
262	5	149016011	1163
262	6	130260941	926
262	7	189798733	749
262	8	43247408	748
262	9	72497124	606
262	10	2485537415	592
263	1	74080386	3038
263	2	4306463937	1619
263	3	47939261	1382
263	4	125585695	1331
263	5	177391433	1265
263	6	126804734	1256
263	7	131708376	1230
263	8	4306525036	988
263	9	4210234357	898
263	10	60315679	800
264	1	29980478	5127
264	2	145575934	2940
264	3	31518343	1931
264	4	111427844	1683
264	5	113349237	1590
264	6	4306463075	1498
264	7	2764903752	805
264	8	18714766	794
264	9	163152955	712
264	10	67425620	660
265	1	4306463855	2086
265	2	4306463937	1707
265	3	4306463637	1082
265	4	4306463091	938
265	5	4306462995	895
265	6	177839238	892
265	7	199390258	816
265	8	58311177	728
265	9	4306463716	534
265	10	44845084	509
266	1	17729819	2111
266	2	147008614	1473
266	3	55737203	942
266	4	195255895	938
266	5	58631098	866
266	6	104641133	853
266	7	170036492	834
266	8	74970393	723
266	9	75830442	630
266	10	110876149	604
267	1	4210172589	1200
267	2	4306478302	1111
267	3	21299528	1107
267	4	4306463937	917
267	5	4306463855	851
267	6	71326023	750
267	7	10595604	697
267	8	4306401271	691
267	9	182644184	611
267	10	90155489	572
268	1	86558740	3461
268	2	136634221	3175
268	3	4306402567	2079
268	4	104993753	1456
268	5	202381698	1008
268	6	137434647	977
268	7	125754415	812
268	8	4306463937	782
268	9	4306525036	762
268	10	4306463230	632
269	1	4306402567	1586
269	2	4306525036	1235
269	3	202381698	1079
269	4	4306463230	974
269	5	203437305	921
269	6	4306463937	791
269	7	200416800	764
269	8	134668137	591
269	9	168522863	576
269	10	196734849	569
270	1	4210172589	2943
270	2	4306400194	2595
270	3	106296714	1617
270	4	2485537415	991
270	5	4306463937	925
270	6	4210169156	858
270	7	2764900261	590
270	8	2764905038	430
270	9	101949793	360
270	10	2764847869	353
271	1	106174089	4407
271	2	4220650854	2700
271	3	4210172657	1612
271	4	45030768	1418
271	5	108821158	1297
271	6	100607112	827
271	7	35316464	661
271	8	126211104	633
271	9	4363604106	633
271	10	4210239846	606
272	1	4306525036	1864
272	2	4306463937	1291
272	3	171176648	1008
272	4	113871862	668
272	5	189995291	587
272	6	94610253	519
272	7	4306402450	500
272	8	179943861	419
272	9	92508993	408
272	10	4306463230	381
273	1	4306400194	1359
273	2	2480266640	1151
273	3	2485537415	1128
273	4	106296714	950
273	5	4306463937	910
273	6	101949793	726
273	7	2764905038	614
273	8	4210169156	567
273	9	2764900261	460
273	10	186357190	443
274	1	41354064	7276
274	2	4210169613	1926
274	3	46134040	1703
274	4	108911230	1074
274	5	30970080	1056
274	6	114976158	977
274	7	36909932	939
274	8	10422866	856
274	9	203479135	843
274	10	133942674	783
275	1	4210237713	2241
275	2	4306400194	1384
275	3	143846845	1341
275	4	145476921	1336
275	5	105243760	1301
275	6	23181512	1286
275	7	181332294	1164
275	8	164001016	1130
275	9	42323631	1055
275	10	95739953	1038
276	1	4306525036	3313
276	2	45434965	1660
276	3	143352558	1290
276	4	181459644	1046
276	5	158079644	707
276	6	4306463937	650
276	7	194656152	583
276	8	66441642	555
276	9	131037608	496
276	10	4306463230	458
277	1	4306525036	2018
277	2	110785341	1148
277	3	168421034	1113
277	4	202381698	697
277	5	4306463230	596
277	6	205775358	487
277	7	4306402450	408
277	8	71285955	398
277	9	4306463937	336
277	10	170889201	279
278	1	50523690	3285
278	2	192268925	1391
278	3	58031724	1142
278	4	64770346	1051
278	5	3026325	803
278	6	198098182	798
278	7	4306419390	567
278	8	2485537415	544
278	9	5927517	497
278	10	112770955	486
279	1	30525748	3989
279	2	22797964	2271
279	3	4306525036	2235
279	4	196979320	1880
279	5	191188855	1484
279	6	4306463937	1400
279	7	59248909	990
279	8	96871409	721
279	9	49004918	605
279	10	134892809	543
280	1	146952083	4018
280	2	4306463937	2037
280	3	107905979	1909
280	4	4306525036	1846
280	5	154904565	1345
280	6	4306463230	1267
280	7	2755168269	801
280	8	128848949	799
280	9	2764888703	740
280	10	51654951	655
281	1	177147899	2347
281	2	198339081	1966
281	3	164001016	1826
281	4	2764437742	1737
281	5	138759888	1444
281	6	101472891	1365
281	7	2502627819	1134
281	8	137979523	1010
281	9	2764728150	1001
281	10	149937609	937
282	1	4210172589	5345
282	2	4306401271	2779
282	3	4306400194	2563
282	4	4306463937	690
282	5	9424914	532
282	6	206595242	494
282	7	128350725	465
282	8	127742747	451
282	9	120391282	390
282	10	132362803	357
283	1	11296630	4724
283	2	62507282	1619
283	3	42775958	1493
283	4	170890380	1434
283	5	19176856	1321
283	6	115217459	1115
283	7	98227335	865
283	8	82774605	801
283	9	110744938	727
283	10	2764881414	682
284	1	21442059	4178
284	2	48860480	1886
284	3	53450646	1206
284	4	52566953	845
284	5	19266977	736
284	6	58516903	726
284	7	4306463230	621
284	8	815301	613
284	9	44455300	602
284	10	4306463937	587
285	1	4306525036	2046
285	2	134546602	1286
285	3	4306463937	937
285	4	164469042	912
285	5	206235894	682
285	6	200071133	585
285	7	14436165	537
285	8	2764537351	532
285	9	108510729	504
285	10	4306463230	486
286	1	106296714	4190
286	2	4306400194	993
286	3	4306463937	965
286	4	4306421043	943
286	5	80113298	716
286	6	174847851	661
286	7	10082577	578
286	8	4210184376	557
286	9	6756005	355
286	10	4306506385	337
287	1	4306400194	16067
287	2	184147796	3163
287	3	53865935	1894
287	4	4805881	1155
287	5	122441808	969
287	6	75938328	922
287	7	4210194812	794
287	8	79244937	716
287	9	158241587	636
287	10	111381568	618
288	1	4306400194	2170
288	2	50372074	1478
288	3	70718007	930
288	4	89452420	881
288	5	4210205691	789
288	6	165473669	764
288	7	2764696622	676
288	8	169017477	620
288	9	4210192031	603
288	10	4210227020	592
289	1	4210172589	2726
289	2	4306463937	2586
289	3	4306463855	1741
289	4	4306463708	1686
289	5	4306463716	1493
289	6	122406424	1268
289	7	4306462995	1219
289	8	22371039	1211
289	9	4306464262	1082
289	10	4306401271	874
290	1	171513543	1950
290	2	122347013	1701
290	3	4306525036	1677
290	4	22881060	1345
290	5	1605907	1279
290	6	2898367572	1211
290	7	175289653	707
290	8	4306463937	683
290	9	139838620	610
290	10	4306463230	574
291	1	4306525036	2777
291	2	31231878	2164
291	3	186113128	2094
291	4	18197459	1236
291	5	34122167	1062
291	6	97303050	1036
291	7	4306463937	954
291	8	184267533	785
291	9	22214007	783
291	10	204618219	724
292	1	4306525036	2408
292	2	185186944	1403
292	3	60865174	1230
292	4	46995015	1029
292	5	116251202	855
292	6	181568219	829
292	7	13342628	782
292	8	4306463937	536
292	9	2764501393	524
292	10	69770752	514
293	1	4306525036	2329
293	2	27569427	1577
293	3	205775358	1252
293	4	4306463230	873
293	5	14436165	684
293	6	4306463937	683
293	7	157527038	642
293	8	182143151	588
293	9	2597401208	569
293	10	4210218062	512
294	1	4306525036	1997
294	2	140251998	1190
294	3	152938505	1041
294	4	120502300	680
294	5	4306463937	645
294	6	202381698	614
294	7	151589183	601
294	8	128439998	588
294	9	185208586	554
294	10	200071133	551
295	1	178776955	3084
295	2	183492911	1498
295	3	105243760	1432
295	4	134390580	1218
295	5	186953540	1200
295	6	4306400194	987
295	7	143846845	916
295	8	186881120	868
295	9	135184319	738
295	10	6791298	736
296	1	4306525036	1957
296	2	107919129	1801
296	3	80413395	1210
296	4	11852655	1191
296	5	80921037	1050
296	6	150156781	837
296	7	11075000	717
296	8	128227336	715
296	9	202381698	704
296	10	155128447	644
297	1	4306463708	4791
297	2	4306462995	3045
297	3	4306463937	2132
297	4	4306463855	1640
297	5	4306463091	1431
297	6	4210172589	1008
297	7	4306463716	760
297	8	147022693	633
297	9	103146128	534
297	10	159387410	469
298	1	145575934	1542
298	2	80150607	1419
298	3	10134376	1148
298	4	2764685396	836
298	5	4306463937	821
298	6	159637997	750
298	7	186558940	661
298	8	15239247	607
298	9	4306401271	593
298	10	45181156	585
299	1	178776955	3139
299	2	183492911	2646
299	3	134390580	1734
299	4	27723657	1550
299	5	2307745	1522
299	6	4306418073	1162
299	7	105243760	928
299	8	186881120	762
299	9	192705446	612
299	10	4306420648	589
300	1	159891131	2157
300	2	144860794	2044
300	3	122042528	1727
300	4	4306463937	1683
300	5	4306525036	1674
300	6	127437062	1458
300	7	4306463230	926
300	8	10542796	866
300	9	64310561	822
300	10	173391249	779
301	1	140251998	1189
301	2	4306402567	1184
301	3	140584875	1003
301	4	4306525036	959
301	5	4210237460	826
301	6	202381698	701
301	7	4306463937	682
301	8	10623703	558
301	9	4306463230	501
301	10	4210172139	491
302	1	178886870	2455
302	2	207943242	1886
302	3	57183551	1670
302	4	9351502	1509
302	5	175181960	1026
302	6	1311355	1011
302	7	133770025	959
302	8	132336575	824
302	9	28438197	784
302	10	4210238371	744
303	1	88471346	1993
303	2	4210237460	1829
303	3	4306463937	1466
303	4	104038378	1370
303	5	42294715	1206
303	6	140251998	1101
303	7	185621672	976
303	8	4306402567	970
303	9	125754415	788
303	10	32610980	754
304	1	4306400194	17177
304	2	55337115	2108
304	3	106486924	1257
304	4	20133105	1067
304	5	201224749	858
304	6	50220091	761
304	7	4210226894	626
304	8	184147796	528
304	9	60030702	514
304	10	23260266	505
305	1	201921491	2171
305	2	168377509	1236
305	3	151498627	864
305	4	71857517	764
305	5	4306400194	736
305	6	198098182	474
305	7	59604973	430
305	8	203966947	370
305	9	2485537415	370
305	10	4210179954	346
306	1	15647332	4181
306	2	146005121	2873
306	3	4210171700	2126
306	4	183492911	1211
306	5	35412551	1195
306	6	143744711	964
306	7	189140625	867
306	8	6377669	828
306	9	105243760	785
306	10	4210222374	751
307	1	4306525036	2175
307	2	4210201749	2121
307	3	110533041	1686
307	4	102916872	1583
307	5	15137598	1278
307	6	4306463937	1050
307	7	86387881	982
307	8	163740676	785
307	9	144507673	783
307	10	200877091	668
308	1	115920904	3277
308	2	4306525036	2314
308	3	25650217	1032
308	4	4306463230	926
308	5	183989336	844
308	6	14436165	783
308	7	4306463937	745
308	8	132787887	731
308	9	44888363	667
308	10	12874817	635
309	1	200071133	6586
309	2	4306525036	1859
309	3	136942575	1385
309	4	149476849	1283
309	5	153015021	849
309	6	15137598	841
309	7	27064115	817
309	8	14436165	750
309	9	2752781272	566
309	10	199810014	522
310	1	96167972	2717
310	2	149373597	1956
310	3	48583931	1679
310	4	41155759	1514
310	5	198339081	894
310	6	123418790	844
310	7	4306463230	804
310	8	189140625	763
310	9	138759888	661
310	10	76010543	632
311	1	177147899	3517
311	2	101472891	3057
311	3	48860480	2716
311	4	4210205149	2407
311	5	138759888	1623
311	6	106928643	1323
311	7	67716761	877
311	8	158447136	742
311	9	198339081	702
311	10	2764437742	630
312	1	53297675	2344
312	2	150928353	1681
312	3	4210167574	1167
312	4	4210172091	1090
312	5	2739064124	1081
312	6	118474221	1013
312	7	4306401280	1012
312	8	114438711	929
312	9	156506154	846
312	10	2732126	821
313	1	75741262	2351
313	2	42323631	1765
313	3	164001016	1249
313	4	94313546	1128
313	5	76010543	939
313	6	204609040	880
313	7	200764475	695
313	8	17577527	634
313	9	2481244646	630
313	10	149937609	565
314	1	4306463937	1510
314	2	12410666	1310
314	3	187348256	1222
314	4	29984966	1131
314	5	10288104	1044
314	6	4306463855	958
314	7	4210172589	878
314	8	81071032	857
314	9	161350934	615
314	10	179906392	614
315	1	4210172589	5612
315	2	4306401271	2215
315	3	4306463937	1274
315	4	117214846	607
315	5	179575189	559
315	6	4306400194	505
315	7	134979503	447
315	8	9692511	445
315	9	4306462995	425
315	10	4306463855	412
316	1	42921845	1808
316	2	183718435	1694
316	3	4306525036	1232
316	4	123151105	968
316	5	4306463937	924
316	6	4306463230	858
316	7	48878068	679
316	8	75142505	611
316	9	2898486062	608
316	10	70661765	557
317	1	106296714	5321
317	2	4306463937	2309
317	3	4306400194	1646
317	4	4210226185	984
317	5	4306463409	484
317	6	4306463230	438
317	7	4306402512	383
317	8	47508943	352
317	9	4306421142	345
317	10	30698027	338
318	1	4210172589	1863
318	2	4306463855	1831
318	3	4306463937	1746
318	4	4306463708	753
318	5	126531881	695
318	6	40678964	536
318	7	98320179	520
318	8	27273401	505
318	9	4306463716	487
318	10	4306462995	446
319	1	4306463855	1256
319	2	4306463937	1213
319	3	4306401271	853
319	4	95823145	819
319	5	4210172589	722
319	6	80485027	657
319	7	11990909	592
319	8	136211407	454
319	9	85457386	399
319	10	10134376	392
320	1	106296714	3313
320	2	4306400194	1122
320	3	4306463937	1039
320	4	45693802	841
320	5	123019304	554
320	6	42080949	502
320	7	2764905038	327
320	8	4306421047	305
320	9	2764461748	303
320	10	147897268	288
321	1	95739953	1574
321	2	143846845	992
321	3	66104727	899
321	4	111155417	869
321	5	145476921	827
321	6	105243760	713
321	7	55626769	645
321	8	23181512	634
321	9	206811868	629
321	10	183492911	589
322	1	4306463937	2290
322	2	4306525036	1630
322	3	191417626	1303
322	4	108732581	1150
322	5	198804558	993
322	6	744042	966
322	7	4306463230	719
322	8	76900504	655
322	9	4306402450	614
322	10	93356601	596
323	1	83637746	1430
323	2	76600781	1425
323	3	93916849	874
323	4	116977442	772
323	5	149016011	767
323	6	4306463937	754
323	7	167602672	526
323	8	4394736632	521
323	9	141761900	475
323	10	92132303	379
324	1	4306463937	1280
324	2	13479253	1133
324	3	203465130	1114
324	4	158228368	976
324	5	145089992	933
324	6	70979998	751
324	7	4306463230	640
324	8	138354367	631
324	9	4306463075	579
324	10	87561820	573
325	1	172501725	4827
325	2	147556662	2241
325	3	4306518943	1986
325	4	205231332	1934
325	5	4306463937	1880
325	6	4306518891	1554
325	7	105500771	1526
325	8	195663288	1416
325	9	7538555	1238
325	10	1980519	1216
326	1	101949793	1279
326	2	4306400194	932
326	3	106296714	817
326	4	2485537415	655
326	5	189694085	624
326	6	4306463937	578
326	7	2480266640	454
326	8	4210179954	443
326	9	69141925	380
326	10	10936095	335
327	1	4306525036	1542
327	2	101177023	1164
327	3	4306463937	606
327	4	4306463855	574
327	5	6142729	569
327	6	119669599	564
327	7	126467296	441
327	8	200437886	437
327	9	4306402450	402
327	10	202381698	397
328	1	4210172589	2711
328	2	103321696	1873
328	3	184816971	1867
328	4	65690446	1061
328	5	149070780	1003
328	6	196821226	838
328	7	4306463937	829
328	8	33323087	799
328	9	81410195	636
328	10	125775545	619
329	1	4306525036	2237
329	2	27569427	1811
329	3	4306463937	1463
329	4	205775358	1044
329	5	2764739025	572
329	6	194842327	535
329	7	2597401208	526
329	8	4306402450	476
329	9	4306463230	436
329	10	1118231	432
330	1	55737203	2606
330	2	75830442	1967
330	3	204847658	1855
330	4	134216166	1537
330	5	93121129	1360
330	6	59323220	821
330	7	109720773	761
330	8	4306463937	646
330	9	17551360	582
330	10	113611870	558
331	1	106296714	2744
331	2	4306400194	2395
331	3	183492911	702
331	4	2485537415	585
331	5	110206669	581
331	6	115173108	474
331	7	4210173141	461
331	8	2764900261	425
331	9	45693802	413
331	10	4306463937	409
332	1	171471881	2311
332	2	67795522	1554
332	3	202303835	895
332	4	91354186	768
332	5	1038286569	747
332	6	11925254	739
332	7	202381698	660
332	8	2764529955	642
332	9	96989847	585
332	10	4306512077	560
333	1	9483105	4447
333	2	98026630	1643
333	3	26760650	1188
333	4	2737939966	1081
333	5	23579880	957
333	6	72684844	884
333	7	4306463230	789
333	8	106548112	664
333	9	188241495	658
333	10	206298197	630
334	1	82774605	2058
334	2	4306525036	1854
334	3	11296630	1057
334	4	200672447	891
334	5	170890380	795
334	6	4306463937	736
334	7	5555990	711
334	8	202381698	644
334	9	198335345	565
334	10	19176856	559
335	1	4306525036	2238
335	2	170496595	1704
335	3	4306463937	1677
335	4	91064148	1529
335	5	47192491	1280
335	6	164699263	1205
335	7	15137598	970
335	8	83451902	763
335	9	4306402450	697
335	10	177486402	666
336	1	4306525036	1486
336	2	168522863	1392
336	3	202381698	1043
336	4	4306402567	840
336	5	168415115	814
336	6	126644158	792
336	7	4306463937	700
336	8	196734849	628
336	9	4306402450	577
336	10	10623703	536
337	1	4306525036	2233
337	2	83651209	1520
337	3	4306463937	1230
337	4	156174673	887
337	5	181459644	640
337	6	205547219	632
337	7	4306463230	624
337	8	66441642	610
337	9	146061289	600
337	10	206392846	581
338	1	2497301991	2307
338	2	164001016	1793
338	3	135204980	1203
338	4	99352657	1076
338	5	2765038284	862
338	6	101949793	743
338	7	16945967	716
338	8	189694085	672
338	9	145476921	624
338	10	149937609	535
339	1	4306400194	3558
339	2	40006715	1796
339	3	148709879	1398
339	4	203348814	1245
339	5	4306463937	1171
339	6	4210205691	1068
339	7	4210192791	1050
339	8	165473669	1046
339	9	151550017	1043
339	10	165512578	933
340	1	4306525036	2942
340	2	83651209	1838
340	3	164225461	953
340	4	156174673	913
340	5	49828768	848
340	6	181459644	731
340	7	202381698	662
340	8	96615428	628
340	9	27359860	606
340	10	14436165	527
341	1	130807758	2254
341	2	96743589	1322
341	3	202381698	1177
341	4	2596539584	1062
341	5	56205983	977
341	6	4306463937	845
341	7	118082147	733
341	8	8178725	708
341	9	101229256	673
341	10	196734849	647
342	1	114728194	1607
342	2	4306525036	1373
342	3	75142505	1198
342	4	192515372	917
342	5	4306463937	786
342	6	4306402567	749
342	7	202381698	745
342	8	43540244	535
342	9	125754415	524
342	10	4306463230	496
343	1	200764475	1865
343	2	177196338	1402
343	3	64311837	1152
343	4	186054908	1055
343	5	6377669	1048
343	6	11629336	885
343	7	83853393	850
343	8	75741262	750
343	9	135472351	728
343	10	123288148	615
344	1	4306463937	1886
344	2	4306463855	1757
344	3	28882882	1321
344	4	4210172589	1152
344	5	72915307	810
344	6	4306463708	666
344	7	99768379	606
344	8	61446109	577
344	9	4210170888	545
344	10	4210213280	533
345	1	200071133	4428
345	2	59987174	3430
345	3	183182149	3113
345	4	4306525036	1514
345	5	4306463937	851
345	6	14436165	750
345	7	72188638	735
345	8	186746772	676
345	9	153015021	637
345	10	45192162	523
346	1	66354037	6047
346	2	133992056	5979
346	3	75093782	3952
346	4	191935395	3451
346	5	31010182	2865
346	6	104092111	1607
346	7	46033839	1337
346	8	2764696622	1226
346	9	149516416	952
346	10	24807848	948
347	1	162708223	2434
347	2	207178839	2100
347	3	183492911	1668
347	4	4210205282	1416
347	5	36624081	1363
347	6	100373537	1258
347	7	70769875	1124
347	8	4210198353	1075
347	9	131264402	1054
347	10	43295729	976
348	1	4306463937	1297
348	2	4306463855	1228
348	3	2764375719	1068
348	4	4210172589	641
348	5	4306462995	449
348	6	188904407	420
348	7	2764868871	395
348	8	4306525036	394
348	9	4306463122	390
348	10	13948593	389
349	1	4210172589	3390
349	2	4306401271	2752
349	3	4306463937	1266
349	4	4306463855	1152
349	5	149872823	681
349	6	61710699	679
349	7	4306463716	461
349	8	90857023	449
349	9	4306401280	342
349	10	2764345705	333
350	1	4306525036	6258
350	2	129839026	1579
350	3	53142634	1131
350	4	4306463937	805
350	5	187139995	620
350	6	106296714	551
350	7	4210179765	531
350	8	4306463409	505
350	9	11622463	483
350	10	107516304	468
351	1	4306525036	1549
351	2	83651209	1495
351	3	156174673	1051
351	4	206392846	650
351	5	202381698	648
351	6	4306402450	624
351	7	181459644	589
351	8	143352558	527
351	9	196734849	514
351	10	110785341	439
352	1	14544163	1405
352	2	4306525036	1095
352	3	2755080209	975
352	4	15239247	958
352	5	200437886	869
352	6	202381698	609
352	7	182748528	515
352	8	4306463937	513
352	9	8081180	482
352	10	49185410	450
353	1	52195378	3518
353	2	45890008	1505
353	3	84179801	1368
353	4	95739953	1061
353	5	41354064	1038
353	6	4306463937	1023
353	7	202680183	985
353	8	1959426	936
353	9	117279562	835
353	10	4306463230	831
354	1	41354064	10313
354	2	201989124	4171
354	3	205050996	2803
354	4	67393510	1905
354	5	4210200754	1842
354	6	111155417	1823
354	7	152760256	1796
354	8	179810352	1501
354	9	36069537	1444
354	10	133942674	1144
355	1	204030396	1305
355	2	4306463937	763
355	3	4306463409	700
355	4	118036144	503
355	5	15239247	495
355	6	9692511	400
355	7	4306463855	384
355	8	2764456207	343
355	9	4210172589	321
355	10	106296714	296
356	1	67147237	3600
356	2	4306525036	3411
356	3	177636448	1680
356	4	64889221	1320
356	5	2672396	926
356	6	36642063	765
356	7	10872509	764
356	8	75749457	659
356	9	38907727	631
356	10	2764509489	623
357	1	4306401271	2367
357	2	4210172589	1662
357	3	103321696	916
357	4	10134376	647
357	5	34280410	641
357	6	4306463937	593
357	7	58516903	449
357	8	169988927	396
357	9	201533460	385
357	10	4306401280	351
358	1	95522064	6998
358	2	110533041	3609
358	3	20241394	3136
358	4	29972171	2499
358	5	144507673	2333
358	6	138998826	1364
358	7	4210187594	994
358	8	4306463937	784
358	9	137163093	753
358	10	42123126	659
359	1	4306525036	3920
359	2	122069063	2957
359	3	136026792	1863
359	4	203969195	1558
359	5	27890766	1245
359	6	87814968	1183
359	7	6572080	1128
359	8	58498366	782
359	9	2672396	769
359	10	61661	698
360	1	152000018	3635
360	2	22862804	2766
360	3	4306463937	1529
360	4	4306400194	1491
360	5	138356703	1142
360	6	4210213036	831
360	7	40322869	714
360	8	53336109	679
360	9	4210187594	651
360	10	35412551	591
361	1	87940674	4917
361	2	29875816	1097
361	3	162355128	1074
361	4	133646729	912
361	5	187991544	698
361	6	143744711	648
361	7	105243760	597
361	8	19887683	500
361	9	10719676	477
361	10	2530005873	450
362	1	4306462964	2658
362	2	4306463708	1865
362	3	4306462995	1584
362	4	52609742	1545
362	5	4306464232	1172
362	6	55827047	1048
362	7	4306463091	951
362	8	2764375719	770
362	9	4306463734	739
362	10	4210203666	669
363	1	37538908	1004
363	2	4306463937	762
363	3	100835903	723
363	4	83637746	598
363	5	106296714	521
363	6	4306418181	372
363	7	4210179954	355
363	8	4306419226	323
363	9	116977442	298
363	10	4394736632	297
364	1	45445671	2861
364	2	43044067	1913
364	3	199941106	1533
364	4	130598054	1329
364	5	127900037	1311
364	6	189402472	1194
364	7	4306525036	1183
364	8	206719219	1035
364	9	125242520	910
364	10	28473761	878
365	1	143352558	2673
365	2	84837402	2172
365	3	4306525036	1883
365	4	66441642	1426
365	5	4306463937	854
365	6	4306463230	747
365	7	194656152	681
365	8	158079644	679
365	9	34136372	645
365	10	197964821	564
366	1	4306463855	1556
366	2	4306463937	712
366	3	4306464225	601
366	4	145743673	576
366	5	164618427	493
366	6	4306401280	488
366	7	152281954	482
366	8	122239074	435
366	9	89474686	428
366	10	4317411217	353
367	1	4306401271	3629
367	2	4210172589	1211
367	3	4306463937	746
367	4	4306463855	531
367	5	10134376	528
367	6	154775064	504
367	7	18483251	397
367	8	63571384	383
367	9	85457386	378
367	10	157560195	364
368	1	4306525036	3698
368	2	176204532	1168
368	3	52877392	1074
368	4	60760007	936
368	5	23327923	761
368	6	18039248	717
368	7	121799786	652
368	8	187533064	559
368	9	143937555	552
368	10	4306402450	528
369	1	183492911	1990
369	2	170809390	1593
369	3	16945967	1572
369	4	4210187724	1434
369	5	54043040	1146
369	6	4306463937	752
369	7	189694085	592
369	8	101949793	507
369	9	96702057	492
369	10	143744711	353
370	1	188336720	3378
370	2	145575934	2668
370	3	51141438	1095
370	4	196493665	904
370	5	84525459	711
370	6	81674035	485
370	7	118740754	430
370	8	4306525036	428
370	9	10134376	420
370	10	44036404	404
371	1	4306525036	1456
371	2	38008053	1297
371	3	174819509	944
371	4	4306463937	723
371	5	202381698	654
371	6	140251998	584
371	7	4306463230	448
371	8	108732581	413
371	9	70396342	395
371	10	199011235	386
372	1	40505786	2206
372	2	4306525036	1504
372	3	4306463937	1295
372	4	60865174	1199
372	5	144688638	1167
372	6	185186944	791
372	7	43043541	775
372	8	116251202	686
372	9	4819472	639
372	10	195556561	587
373	1	146061289	4946
373	2	11564597	3903
373	3	182625382	2033
373	4	4306525036	1541
373	5	4210215907	1448
373	6	121647140	1050
373	7	4306463937	780
373	8	27713550	765
373	9	186113128	696
373	10	14436165	587
374	1	4306400194	7920
374	2	106296714	3842
374	3	18902827	3169
374	4	171741597	2460
374	5	193368155	1383
374	6	90727058	1062
374	7	186126824	1031
374	8	902237881	912
374	9	2738357781	818
374	10	2939117604	809
375	1	145039780	2223
375	2	4306525036	1475
375	3	159852663	1011
375	4	48760969	976
375	5	4306463937	807
375	6	4306463230	701
375	7	190377370	666
375	8	185835163	504
375	9	13842274	489
375	10	31780008	469
376	1	50059124	1338
376	2	4306525036	1151
376	3	113871862	1119
376	4	109655379	852
376	5	38377033	850
376	6	4306463937	827
376	7	84074229	542
376	8	15239247	422
376	9	94610253	376
376	10	92766711	375
377	1	76010543	4904
377	2	84339699	1507
377	3	42323631	1036
377	4	86481247	919
377	5	16737290	616
377	6	4210190837	615
377	7	187991544	597
377	8	67425620	588
377	9	19730638	586
377	10	75411654	522
378	1	111160002	5828
378	2	132538424	1886
378	3	103225281	1359
378	4	13619737	1347
378	5	45012897	1335
378	6	4306463937	987
378	7	90573847	935
378	8	4306400194	652
378	9	144688638	641
378	10	78155443	616
379	1	4306402567	2362
379	2	98085912	1259
379	3	5677253	914
379	4	202381698	823
379	5	96410829	754
379	6	125754415	709
379	7	196734849	684
379	8	188085164	682
379	9	140251998	621
379	10	4306463937	491
380	1	45333638	2225
380	2	180657665	1324
380	3	53301456	1217
380	4	4306463937	1114
380	5	4306463855	724
380	6	4306525036	628
380	7	91771295	610
380	8	4210172589	495
380	9	170515770	365
380	10	11935491	360
381	1	76304953	2613
381	2	4306525036	1774
381	3	45696439	1569
381	4	107025856	1493
381	5	6724074	1014
381	6	79587146	734
381	7	69264623	685
381	8	4306463937	669
381	9	207341048	648
381	10	4306402450	602
382	1	6791298	6216
382	2	24807848	3035
382	3	4210237713	2334
382	4	23074404	1804
382	5	4210174675	1753
382	6	105243760	1731
382	7	4306400194	1713
382	8	190924190	999
382	9	187991544	958
382	10	4306463937	689
383	1	186034587	2034
383	2	4306463855	1233
383	3	4306463091	1080
383	4	4306463937	1010
383	5	4306462995	839
383	6	4210175032	818
383	7	57751120	683
383	8	4306463716	545
383	9	113737002	505
383	10	81152389	446
384	1	66354037	5067
384	2	31010182	1706
384	3	24807848	1460
384	4	4210187594	1213
384	5	138104288	1030
384	6	75093782	1008
384	7	2764696622	994
384	8	183492911	992
384	9	4306400194	856
384	10	164692974	735
385	1	100787194	2355
385	2	163860444	1237
385	3	43762691	1115
385	4	191717031	998
385	5	4306463937	962
385	6	159699259	959
385	7	157974409	956
385	8	85490461	828
385	9	205086949	782
385	10	4210200010	776
386	1	154732359	2885
386	2	87940674	1680
386	3	165830345	1658
386	4	63511553	1073
386	5	67425620	1000
386	6	34395325	957
386	7	4210208383	948
386	8	82336448	903
386	9	64016596	876
386	10	70681891	815
387	1	9307485	1081
387	2	4306525036	1060
387	3	115623499	855
387	4	110785341	796
387	5	4306463230	770
387	6	71285955	705
387	7	4218381	688
387	8	88153332	628
387	9	4306463937	480
387	10	202381698	432
388	1	106296714	1981
388	2	110206669	1558
388	3	183492911	962
388	4	4306400194	701
388	5	4210206007	608
388	6	2764905038	566
388	7	2764900261	451
388	8	2485537415	374
388	9	4306463937	361
388	10	61310614	327
389	1	200764475	3903
389	2	186054908	3233
389	3	177196338	1985
389	4	114499311	1246
389	5	10124807	1074
389	6	175770247	984
389	7	157859649	775
389	8	4306463230	755
389	9	135472351	671
389	10	4306463937	657
390	1	45445671	4370
390	2	4306525036	1952
390	3	127900037	1849
390	4	144560499	1248
390	5	206719219	1151
390	6	205775358	984
390	7	4306463937	868
390	8	189402472	780
390	9	2597401208	594
390	10	4306402450	594
391	1	4306525036	2751
391	2	4210172589	1967
391	3	135745533	1875
391	4	4306401271	1214
391	5	2228914	697
391	6	4306463937	675
391	7	62468778	652
391	8	172573765	591
391	9	166621295	490
391	10	77494981	489
392	1	4306525036	1527
392	2	4306463937	1381
392	3	58727509	1249
392	4	3207524	731
392	5	15137598	660
392	6	177486402	628
392	7	153994436	600
392	8	45720283	596
392	9	2755888424	578
392	10	137740113	484
393	1	4306401271	5382
393	2	4210172589	4928
393	3	4306463937	981
393	4	4306463855	601
393	5	4306463716	461
393	6	4306401280	407
393	7	4306463708	302
393	8	36178057	289
393	9	4306463223	268
393	10	4306520297	260
394	1	4306525036	1520
394	2	206830620	1244
394	3	205040759	761
394	4	185186944	684
394	5	60865174	673
394	6	116251202	550
394	7	181568219	506
394	8	120256695	437
394	9	14436165	436
394	10	129765729	363
395	1	69872077	1491
395	2	2764777209	1342
395	3	128059648	917
395	4	120049674	813
395	5	4306463937	803
395	6	196205230	739
395	7	144495243	668
395	8	81125728	554
395	9	4210172589	484
395	10	2764799587	460
396	1	71623918	2947
396	2	17983605	1840
396	3	49789000	1539
396	4	4306462873	1142
396	5	2764766352	962
396	6	75411654	932
396	7	4306463937	822
396	8	179906512	780
396	9	152303250	770
396	10	67425620	667
397	1	4306525036	1446
397	2	102860386	1114
397	3	110785341	824
397	4	4306402450	722
397	5	94854268	690
397	6	173726759	660
397	7	4306463937	526
397	8	59739785	486
397	9	2764915710	442
397	10	202381698	376
398	1	55737203	1634
398	2	198573919	1600
398	3	163378907	1217
398	4	134216166	1159
398	5	86852077	819
398	6	105929320	700
398	7	38407038	669
398	8	4306463937	619
398	9	75830442	586
398	10	204847658	533
399	1	93565542	1899
399	2	19016632	1580
399	3	4363604106	1367
399	4	196384270	1275
399	5	142630227	1217
399	6	186935893	918
399	7	144020083	813
399	8	6747076	806
399	9	164770093	713
399	10	125705681	690
400	1	106296714	2125
400	2	4306400194	1044
400	3	4306463937	601
400	4	2764900261	573
400	5	2485537415	562
400	6	2764905038	550
400	7	4210169156	442
400	8	12529635	382
400	9	4210206007	368
400	10	4210179954	328
401	1	148394532	1650
401	2	4306525036	863
401	3	49878492	797
401	4	14436165	747
401	5	129060628	742
401	6	16535137	568
401	7	171311646	504
401	8	12095120	465
401	9	104375418	396
401	10	107365432	370
402	1	34870678	3584
402	2	4306463937	2924
402	3	204459408	2871
402	4	12574399	2126
402	5	77047749	1858
402	6	202680183	1471
402	7	4210187769	1341
402	8	173979593	1013
402	9	185621672	714
402	10	189140625	697
403	1	11296630	2413
403	2	4306463091	1049
403	3	42504509	837
403	4	4306512698	723
403	5	4306402512	698
403	6	4306463708	540
403	7	53115889	497
403	8	4306462995	450
403	9	23261261	424
403	10	137261208	391
404	1	21009921	1730
404	2	41354064	1318
404	3	4210230422	832
404	4	173499201	791
404	5	88152556	756
404	6	70979998	657
404	7	182099265	607
404	8	153285774	602
404	9	83853393	579
404	10	113993733	542
405	1	177196338	4485
405	2	92465984	2874
405	3	187215728	2400
405	4	186054908	1636
405	5	200764475	1530
405	6	130615878	1176
405	7	124744586	1123
405	8	135472351	1041
405	9	75741262	752
405	10	7773033	673
406	1	4306518943	3720
406	2	172501725	3117
406	3	4306518891	2565
406	4	4306463937	2305
406	5	207178839	1902
406	6	105500771	1683
406	7	4210222121	1591
406	8	36624081	1411
406	9	147556662	1163
406	10	202896352	707
407	1	75741262	2874
407	2	98085912	2456
407	3	185621672	1708
407	4	4210187475	1707
407	5	6377669	861
407	6	99078529	855
407	7	22793308	684
407	8	4306402567	638
407	9	111155417	578
407	10	77047749	546
408	1	4306525036	2021
408	2	186113128	1094
408	3	97303050	1080
408	4	18197459	851
408	5	115693375	819
408	6	202381698	574
408	7	172421378	549
408	8	4306463937	495
408	9	4306402450	440
408	10	200780590	416
409	1	177147899	4004
409	2	48860480	3496
409	3	119469986	1542
409	4	4210205149	1537
409	5	138759888	1526
409	6	198339081	959
409	7	176175666	679
409	8	4210168594	634
409	9	4306463230	495
409	10	200764475	480
410	1	4306400573	4533
410	2	4306400194	1918
410	3	4210172589	1307
410	4	4306402450	1263
410	5	202381698	898
410	6	196734849	660
410	7	15239247	508
410	8	4306463937	356
410	9	2595931848	353
410	10	70718007	275
411	1	168584722	3618
411	2	98026630	2249
411	3	134644764	1463
411	4	26760650	1310
411	5	38919146	1204
411	6	4306463230	1200
411	7	184773532	931
411	8	2737939966	786
411	9	137362610	777
411	10	83853393	621
412	1	2849398	4498
412	2	176136234	2595
412	3	191963794	2083
412	4	116836101	1469
412	5	45406943	953
412	6	4306463937	918
412	7	170809390	819
412	8	192559872	667
412	9	3892946	623
412	10	183492911	598
413	1	108821158	1739
413	2	119230507	1517
413	3	36624081	1264
413	4	106840945	1237
413	5	2764696622	1024
413	6	4210228715	968
413	7	80733542	967
413	8	6791298	871
413	9	187991544	859
413	10	4306463937	803
414	1	4306525036	799
414	2	55107261	610
414	3	4306463937	595
414	4	4306463230	554
414	5	109998069	518
414	6	4210191666	415
414	7	80334769	414
414	8	187816532	393
414	9	160566677	390
414	10	202381698	372
415	1	4210172589	2122
415	2	4306401271	2004
415	3	23343376	766
415	4	38024979	743
415	5	4306463716	676
415	6	4306463937	665
415	7	4306463855	551
415	8	4306463223	502
415	9	143995394	425
415	10	128478731	361
416	1	166957603	2298
416	2	4306463937	1657
416	3	48790426	1377
416	4	85864898	1088
416	5	13265631	840
416	6	110924429	832
416	7	4306525036	815
416	8	25741891	588
416	9	79074319	552
416	10	96975567	481
417	1	15137598	3039
417	2	90745127	2151
417	3	100767427	1858
417	4	14436165	1668
417	5	4306525036	1553
417	6	41454044	1162
417	7	32518486	762
417	8	168522863	572
417	9	183149254	493
417	10	2596394214	478
418	1	90591482	3888
418	2	4306463937	1702
418	3	4306525036	1627
418	4	22797964	1503
418	5	30525748	944
418	6	122347013	899
418	7	2764799840	831
418	8	139838620	751
418	9	17762386	645
418	10	170496595	557
419	1	86852077	3079
419	2	203465130	1800
419	3	13479253	1275
419	4	87561820	1187
419	5	52566953	1183
419	6	145089992	997
419	7	201530359	985
419	8	136710263	570
419	9	13733787	568
419	10	176136234	508
420	1	59624048	1726
420	2	111727011	1476
420	3	4306525036	1386
420	4	1995308	1176
420	5	101278519	1112
420	6	66405466	1102
420	7	4306463937	1047
420	8	193127762	993
420	9	62532593	888
420	10	148460980	765
421	1	68052730	2567
421	2	83388334	1605
421	3	4306463937	1599
421	4	190270160	1099
421	5	2764743818	790
421	6	81424476	753
421	7	126146781	677
421	8	4306402512	635
421	9	2898112208	624
421	10	4306462995	547
422	1	4306525036	2226
422	2	4306463937	756
422	3	202381698	638
422	4	15137598	466
422	5	168522863	438
422	6	200071133	407
422	7	3485792	353
422	8	143701222	306
422	9	25293849	302
422	10	151589183	302
423	1	4306402567	2027
423	2	20257348	1538
423	3	202381698	1045
423	4	98276404	918
423	5	130917594	837
423	6	128425624	790
423	7	5555990	766
423	8	69822372	641
423	9	4306463937	632
423	10	4306463230	618
424	1	201921491	1735
424	2	4210172589	1274
424	3	4306401271	1092
424	4	175056054	920
424	5	168377509	876
424	6	151498627	632
424	7	2497375143	571
424	8	94499970	563
424	9	198098182	558
424	10	135262353	540
425	1	164566984	7646
425	2	24807848	3893
425	3	4210182288	3352
425	4	4306400194	2478
425	5	108417319	1430
425	6	148121101	1182
425	7	174148793	613
425	8	6791298	578
425	9	104875562	525
425	10	161185981	456
426	1	53055215	2475
426	2	4306463937	1097
426	3	10873304	1082
426	4	4306525036	707
426	5	168051025	643
426	6	45333638	622
426	7	125441779	601
426	8	4306463855	592
426	9	125708707	578
426	10	203700963	402
427	1	137468011	5405
427	2	68719679	2770
427	3	58778951	1325
427	4	4306402567	1047
427	5	4306463937	950
427	6	5555990	808
427	7	142952003	747
427	8	202381698	624
427	9	76304953	599
427	10	45281609	515
428	1	4306525036	1926
428	2	170339494	1580
428	3	112197712	1459
428	4	30045969	859
428	5	202381698	711
428	6	53087977	521
428	7	4306463937	513
428	8	4306463230	455
428	9	128227336	443
428	10	54542293	394
429	1	106296714	1172
429	2	32898093	954
429	3	4306400194	860
429	4	98183460	771
429	5	8427965	581
429	6	115201632	472
429	7	101949793	445
429	8	4306463937	441
429	9	5240358	431
429	10	38337076	423
430	1	106296714	1709
430	2	4306463937	1255
430	3	6725529	795
430	4	4210177767	765
430	5	2764900261	732
430	6	4306400194	706
430	7	205010575	516
430	8	4306463409	478
430	9	37879656	390
430	10	2764905038	307
431	1	4210236671	2269
431	2	29564236	1594
431	3	4306525036	793
431	4	83197289	760
431	5	4306463937	640
431	6	157481311	500
431	7	2764369649	416
431	8	2765019825	350
431	9	4317411217	345
431	10	31493525	317
432	1	134668137	1677
432	2	111155417	1358
432	3	41354064	1317
432	4	185621672	1055
432	5	111464279	745
432	6	152760256	696
432	7	4306463937	674
432	8	179810352	608
432	9	181332294	600
432	10	104038378	583
433	1	29775604	1676
433	2	4306525036	1431
433	3	4306463230	1003
433	4	204663187	723
433	5	205878144	717
433	6	101337917	694
433	7	4306463075	638
433	8	87719511	590
433	9	84231135	546
433	10	4306463937	542
434	1	4210173499	1362
434	2	4306402567	1326
434	3	166412053	790
434	4	170991295	699
434	5	198965713	664
434	6	202381698	625
434	7	4306463937	614
434	8	65932378	557
434	9	51684088	556
434	10	4306525036	506
435	1	58516903	2330
435	2	108239708	1724
435	3	10134376	1340
435	4	4306463937	948
435	5	175056054	814
435	6	203731762	791
435	7	4306401271	637
435	8	4210195883	627
435	9	13479253	567
435	10	86852077	533
436	1	4306525036	1946
436	2	104698359	1457
436	3	108768312	1295
436	4	4306463937	970
436	5	124035732	903
436	6	33418846	881
436	7	4306463230	716
436	8	192565471	635
436	9	14436165	574
436	10	177321322	471
437	1	4306401280	2074
437	2	4210174514	290
437	3	98708256	270
437	4	2737963936	238
437	5	974534199	201
437	6	4306507326	193
437	7	4306508872	189
437	8	4317411217	152
437	9	2738406816	151
437	10	4306527732	135
438	1	87561820	3627
438	2	10134376	1906
438	3	4210172589	1511
438	4	4306401271	1372
438	5	58516903	1286
438	6	194185345	858
438	7	94499970	831
438	8	175056054	777
438	9	4306402450	746
438	10	15239247	700
439	1	4306463937	1713
439	2	4306401271	756
439	3	157560195	653
439	4	104641133	650
439	5	204799461	591
439	6	10134376	581
439	7	148071443	568
439	8	17729819	460
439	9	129843401	446
439	10	4210172589	441
440	1	127985767	1737
440	2	67716761	1480
440	3	187991544	962
440	4	105243760	792
440	5	6791298	710
440	6	41354064	646
440	7	164001016	636
440	8	2530005873	560
440	9	2764437742	549
440	10	66104727	436
441	1	50004817	1500
441	2	4306525036	941
441	3	202381698	824
441	4	173274907	822
441	5	4306402567	649
441	6	140889577	612
441	7	4306463937	530
441	8	25293849	466
441	9	10623703	451
441	10	62704344	429
442	1	51654951	2605
442	2	154904565	2254
442	3	107905979	2194
442	4	4306463937	1768
442	5	4306525036	1399
442	6	2755168269	1165
442	7	4306463230	952
442	8	126670327	827
442	9	2764888703	797
442	10	113113229	524
443	1	4306463937	1836
443	2	4210172589	1638
443	3	4306401271	1357
443	4	4306463855	1291
443	5	4306463708	1284
443	6	4306463716	1067
443	7	4306464262	1015
443	8	4306463223	741
443	9	4306462995	615
443	10	31120751	592
444	1	106296714	2916
444	2	4306463937	1007
444	3	101949793	795
444	4	4306400194	513
444	5	2764900261	400
444	6	4306463409	395
444	7	2764905038	362
444	8	4210179954	263
444	9	24191132	260
444	10	4306402512	255
445	1	4306525036	1133
445	2	4306463230	611
445	3	134644764	608
445	4	88153332	558
445	5	98026630	513
445	6	4306463937	498
445	7	4306463075	495
445	8	128018148	480
445	9	110785341	361
445	10	71285955	360
446	1	4306401271	4670
446	2	4210172589	3537
446	3	4306463937	1068
446	4	4306463855	737
446	5	4306463708	574
446	6	112952035	549
446	7	4306463716	465
446	8	174413665	414
446	9	90873577	342
446	10	119060959	270
447	1	136710263	2649
447	2	13733787	1945
447	3	183233548	1730
447	4	203465130	1488
447	5	86852077	1104
447	6	201530359	1030
447	7	87561820	1009
447	8	106502101	931
447	9	71291874	860
447	10	134475343	726
448	1	4306402567	2318
448	2	5555990	1308
448	3	55111660	1227
448	4	81474683	1216
448	5	78120914	1097
448	6	4306463937	880
448	7	73374563	781
448	8	25269534	777
448	9	4306463230	546
448	10	30122339	528
449	1	30525748	2011
449	2	15137598	1772
449	3	4306525036	1649
449	4	196979320	1035
449	5	4306463937	982
449	6	191188855	775
449	7	182300451	768
449	8	4802544	634
449	9	96871409	602
449	10	71328803	509
450	1	104261359	4654
450	2	185347631	2612
450	3	126023004	1648
450	4	4210171257	906
450	5	195136871	772
450	6	2764883586	584
450	7	199435188	564
450	8	188633547	561
450	9	42973710	476
450	10	28438197	440
451	1	9565702	1286
451	2	188770946	982
451	3	58631098	971
451	4	44318362	895
451	5	4306463937	793
451	6	11781297	631
451	7	26519103	541
451	8	100787194	487
451	9	85891262	448
451	10	62391475	442
452	1	4306525036	1570
452	2	200071133	653
452	3	88153332	544
452	4	202381698	543
452	5	110785341	457
452	6	4306463230	372
452	7	4306463937	368
452	8	71285955	344
452	9	4306402450	325
452	10	43555407	267
453	1	4210217879	2063
453	2	4306525036	1859
453	3	122347013	1235
453	4	183131812	1016
453	5	139838620	990
453	6	123732490	926
453	7	4210170383	841
453	8	1605907	651
453	9	179726395	643
453	10	162983661	640
454	1	201921491	1470
454	2	168377509	1048
454	3	4306400194	860
454	4	198098182	859
454	5	151498627	827
454	6	71857517	661
454	7	59604973	624
454	8	2485537415	513
454	9	2500072609	313
454	10	203966947	304
455	1	41600865	3083
455	2	194540436	1981
455	3	4306463937	1746
455	4	4306525036	1436
455	5	66582611	1275
455	6	4306463230	1035
455	7	4210199479	880
455	8	180638398	650
455	9	2764563025	629
455	10	70811354	554
456	1	106296714	5406
456	2	4306463937	1318
456	3	4306417597	697
456	4	4306400194	651
456	5	4306402512	582
456	6	12198553	459
456	7	4210172589	391
456	8	4306463409	374
456	9	2764461748	322
456	10	105958181	312
457	1	4306401280	1126
457	2	2739064124	955
457	3	2737687728	659
457	4	4210224784	548
457	5	2736711335	535
457	6	152657728	491
457	7	2737552301	485
457	8	2736467988	464
457	9	4210230971	427
457	10	4317411217	394
458	1	30525748	2874
458	2	4306525036	1675
458	3	15137598	1297
458	4	196979320	1190
458	5	191188855	1186
458	6	4306463937	1158
458	7	4802544	1080
458	8	96871409	918
458	9	59248909	708
458	10	49004918	662
459	1	159512450	3507
459	2	4306525036	1632
459	3	53533005	1482
459	4	30525748	1194
459	5	4306463937	1143
459	6	114289926	652
459	7	196979320	575
459	8	191188855	483
459	9	28964699	440
459	10	90729755	426
460	1	127985767	1779
460	2	133646729	1474
460	3	189509794	1105
460	4	67716761	741
460	5	4306463937	634
460	6	50222406	595
460	7	201145208	538
460	8	86068118	520
460	9	4210197219	424
460	10	13107535	413
461	1	98455728	6213
461	2	67716761	757
461	3	189509794	740
461	4	101949793	725
461	5	42323631	713
461	6	189694085	686
461	7	55626769	634
461	8	164001016	606
461	9	106928643	573
461	10	2481244646	546
462	1	4306400194	10466
462	2	106296714	2384
462	3	4210191458	670
462	4	4306463937	636
462	5	4306420609	555
462	6	4306417597	479
462	7	4306419644	469
462	8	4306420577	387
462	9	4306402512	327
462	10	4306419637	208
463	1	4306400194	4111
463	2	1980519	3481
463	3	4210238307	3414
463	4	195663288	3129
463	5	171172751	2415
463	6	4210210554	2387
463	7	205231332	1093
463	8	4210187594	1010
463	9	4210175824	741
463	10	24807848	725
464	1	146636433	22520
464	2	2739106167	2435
464	3	149116045	2211
464	4	97897396	1852
464	5	2738518343	1372
464	6	41354064	829
464	7	203479135	666
464	8	21922812	437
464	9	4393918092	420
464	10	111479809	346
465	1	86063550	1648
465	2	61781353	1468
465	3	9692511	933
465	4	165368631	769
465	5	4306463937	662
465	6	24095051	648
465	7	103225281	614
465	8	52978869	529
465	9	2765072596	526
465	10	53787413	520
466	1	90791864	2993
466	2	70522100	2133
466	3	203100778	1397
466	4	131264402	1028
466	5	171488675	943
466	6	946213959	696
466	7	140302479	684
466	8	4306400194	674
466	9	28534307	673
466	10	4306463937	657
467	1	4306463937	1201
467	2	78020522	987
467	3	94663699	871
467	4	176831015	833
467	5	4306463855	691
467	6	2764556220	679
467	7	186480540	673
467	8	30638350	542
467	9	64250036	542
467	10	9692511	458
468	1	5745031	1135
468	2	198098182	724
468	3	4306421319	570
468	4	815301	521
468	5	4210179954	512
468	6	137728576	490
468	7	75069817	362
468	8	148178125	362
468	9	105637730	358
468	10	166040772	344
469	1	4306525036	1644
469	2	58727509	1254
469	3	45720283	1092
469	4	14436165	1018
469	5	137740113	895
469	6	28607811	708
469	7	21432770	650
469	8	38008053	617
469	9	4306463937	573
469	10	2755888424	460
470	1	106296714	3203
470	2	4306463937	1268
470	3	4306463409	471
470	4	4210176815	415
470	5	4306463230	370
470	6	4306463075	353
470	7	2764900261	288
470	8	4306402512	275
470	9	2764905038	266
470	10	165559636	255
471	1	4210172589	4532
471	2	4306401271	3122
471	3	4306463937	1077
471	4	175056054	855
471	5	113876312	802
471	6	94499970	627
471	7	86125002	602
471	8	204799461	547
471	9	4306463855	522
471	10	4306462995	496
472	1	105243760	2396
472	2	187991544	1421
472	3	143744711	1339
472	4	162355128	1172
472	5	19887683	1064
472	6	158028765	983
472	7	4210205149	927
472	8	133646729	892
472	9	84339699	816
472	10	42323631	795
473	1	4210196743	4293
473	2	70397842	2866
473	3	193620188	1365
473	4	98026630	769
473	5	206298197	595
473	6	183652945	546
473	7	134644764	507
473	8	174013774	498
473	9	4306463230	495
473	10	2493613807	412
474	1	77047749	4155
474	2	24807848	1825
474	3	35412551	1735
474	4	177196338	1383
474	5	190924190	1208
474	6	6377669	1189
474	7	4306400194	1067
474	8	59020844	997
474	9	185621672	939
474	10	4210235286	892
475	1	4306463937	2177
475	2	4210172589	1590
475	3	112952035	1130
475	4	202734349	1104
475	5	4306401271	1073
475	6	84268765	522
475	7	9692511	502
475	8	4306463855	436
475	9	4210213578	414
475	10	108875122	403
476	1	21442059	2660
476	2	2502055758	2115
476	3	4121844	1371
476	4	4306463230	945
476	5	4306463937	684
476	6	146563757	335
476	7	164789166	316
476	8	86852077	300
476	9	4306463075	290
476	10	4210195883	273
477	1	1980519	8321
477	2	205231332	6885
477	3	195663288	4725
477	4	4306400194	1984
477	5	4210212087	1592
477	6	4306463937	1529
477	7	100695177	955
477	8	4210175824	898
477	9	183686791	660
477	10	121986758	466
478	1	124577123	4365
478	2	76010543	1253
478	3	105243760	1002
478	4	187991544	931
478	5	84339699	905
478	6	42323631	849
478	7	143744711	587
478	8	188605413	561
478	9	4306400194	558
478	10	7159504	531
479	1	165454098	1948
479	2	29980478	1496
479	3	54133186	1481
479	4	33209994	1408
479	5	52363224	1171
479	6	4210178770	790
479	7	4306463075	721
479	8	2898442875	679
479	9	67425620	620
479	10	93312259	596
480	1	189140625	2260
480	2	4306463937	1937
480	3	185621672	1655
480	4	181332294	1257
480	5	41354064	1213
480	6	204459408	1172
480	7	34870678	832
480	8	173979593	803
480	9	202680183	732
480	10	55009144	660
481	1	67831204	1644
481	2	106296714	1601
481	3	185367456	1481
481	4	84775595	1076
481	5	4306400194	734
481	6	4306463937	700
481	7	4306418296	648
481	8	183492911	613
481	9	73060445	598
481	10	94821547	592
482	1	4306400194	1512
482	2	50372074	1172
482	3	114104845	878
482	4	151579836	808
482	5	151292657	801
482	6	70718007	743
482	7	169017477	728
482	8	113214489	720
482	9	197333199	657
482	10	200871675	630
483	1	4306525036	1221
483	2	5555990	869
483	3	165592611	810
483	4	80372421	611
483	5	203050076	579
483	6	4306463230	512
483	7	202381698	511
483	8	96638545	495
483	9	4306463937	479
483	10	30122339	470
484	1	61428987	1583
484	2	74630304	1447
484	3	202705189	1366
484	4	102543962	1010
484	5	137835450	954
484	6	49393431	833
484	7	29980478	759
484	8	128777875	720
484	9	71324801	684
484	10	37840076	623
485	1	4306463937	914
485	2	4306463855	659
485	3	45897893	537
485	4	139488499	402
485	5	126644992	370
485	6	45333638	308
485	7	15239247	307
485	8	187563580	268
485	9	4306401280	266
485	10	9692511	264
486	1	4306525036	1363
486	2	66401815	1245
486	3	132853619	666
486	4	202381698	639
486	5	133896805	624
486	6	4306463230	569
486	7	128227336	552
486	8	132626406	551
486	9	158228368	534
486	10	2484704948	519
487	1	205086949	734
487	2	4306402567	689
487	3	2254258	611
487	4	202381698	513
487	5	4306463937	482
487	6	35917800	428
487	7	126796143	418
487	8	50870786	411
487	9	200794352	405
487	10	171471881	378
488	1	64311837	2084
488	2	83853393	2050
488	3	200764475	1017
488	4	4306463230	955
488	5	168584722	879
488	6	123288148	745
488	7	2764480744	633
488	8	26760650	513
488	9	98026630	512
488	10	4306463075	438
489	1	4306525036	1097
489	2	157527038	978
489	3	167407068	690
489	4	120382301	689
489	5	59702976	607
489	6	205775358	584
489	7	103428141	484
489	8	202381698	463
489	9	4306463937	459
489	10	129060628	445
490	1	178776955	2794
490	2	134390580	2200
490	3	183492911	2173
490	4	186881120	1690
490	5	130108588	1261
490	6	4306400194	877
490	7	201441698	796
490	8	128936867	773
490	9	105243760	549
490	10	180314335	534
491	1	4363604106	5369
491	2	19016632	1989
491	3	186935893	1286
491	4	164770093	855
491	5	35794861	712
491	6	183886180	673
491	7	55916960	654
491	8	94313546	560
491	9	189140625	481
491	10	4220650854	480
492	1	4306402567	1904
492	2	96410829	1353
492	3	188085164	1057
492	4	128425624	937
492	5	5677253	925
492	6	140251998	760
492	7	86011449	687
492	8	202381698	601
492	9	4306525036	589
492	10	125754415	588
493	1	140251998	1309
493	2	98085912	1173
493	3	2090548	1005
493	4	168548653	924
493	5	4306525036	764
493	6	125754415	713
493	7	4306463937	688
493	8	5555990	588
493	9	203465302	584
493	10	4306402567	580
494	1	135458494	2722
494	2	57491091	1879
494	3	4306463937	1589
494	4	112652565	950
494	5	4210196743	943
494	6	6147291	782
494	7	96615428	723
494	8	114911520	689
494	9	63107127	631
494	10	4306463230	623
495	1	48860480	3095
495	2	84179801	1608
495	3	117279562	1592
495	4	202680183	977
495	5	164770093	860
495	6	134307298	833
495	7	1959426	819
495	8	7359802	746
495	9	149937609	721
495	10	37391459	629
496	1	105051383	1548
496	2	4306525036	1315
496	3	32993367	1179
496	4	4210228861	997
496	5	50431791	924
496	6	63566508	776
496	7	2498751418	766
496	8	41481881	549
496	9	2765012975	533
496	10	113426163	449
497	1	4306402567	1105
497	2	51923826	1006
497	3	80252601	989
497	4	140251998	827
497	5	58380981	824
497	6	202381698	751
497	7	177547185	730
497	8	4306463937	664
497	9	70979998	630
497	10	188085164	612
498	1	96331937	3552
498	2	141866484	3208
498	3	143427143	2198
498	4	4306525036	1177
498	5	4306463937	937
498	6	79704628	827
498	7	75480959	796
498	8	157499488	674
498	9	4306463230	668
498	10	4306402450	337
499	1	4306525036	1930
499	2	71285955	537
499	3	88153332	467
499	4	4306463230	456
499	5	4306463937	446
499	6	23975315	431
499	7	110785341	403
499	8	202381698	349
499	9	38078933	265
499	10	124948411	253
500	1	4306400194	6121
500	2	168680287	935
500	3	183492911	601
500	4	4502562	482
500	5	106296714	481
500	6	154637859	480
500	7	120629676	426
500	8	2485537415	373
500	9	4210173141	278
500	10	4306402512	270
501	1	200764475	3260
501	2	186054908	1197
501	3	156806727	773
501	4	67425620	744
501	5	133775183	656
501	6	177196338	654
501	7	114499311	618
501	8	157859649	602
501	9	4306463230	597
501	10	10124807	507
502	1	4306400194	1786
502	2	105243760	1241
502	3	19887683	695
502	4	162355128	626
502	5	106296714	583
502	6	187991544	487
502	7	4306463937	459
502	8	2765003236	441
502	9	164001016	428
502	10	115201632	417
503	1	4210172589	6678
503	2	4306401271	5282
503	3	4210171147	863
503	4	4306463937	716
503	5	4306463716	614
503	6	10747938	501
503	7	4306463855	497
503	8	4306463708	372
503	9	4306463223	324
503	10	198098467	320
504	1	58031724	863
504	2	29875816	754
504	3	192268925	715
504	4	4210179954	375
504	5	91284046	361
504	6	128754310	361
504	7	198098182	337
504	8	64770346	298
504	9	2485537415	297
504	10	4306419390	259
505	1	4306402567	1065
505	2	81007815	1025
505	3	4210172139	922
505	4	65139510	902
505	5	202381698	831
505	6	4306463230	694
505	7	137773608	663
505	8	4306525036	662
505	9	128124174	638
505	10	2764425922	615
506	1	185787987	3241
506	2	104261359	2483
506	3	25518365	1804
506	4	185347631	1076
506	5	49731288	984
506	6	81563257	524
506	7	4306525036	438
506	8	195136871	433
506	9	194317145	399
506	10	2764883586	387
507	1	164770093	2182
507	2	4210202285	825
507	3	815301	799
507	4	4210188153	767
507	5	2898407351	614
507	6	2764696622	575
507	7	4210189194	567
507	8	105637730	559
507	9	2497375143	540
507	10	186935893	533
508	1	4306525036	1795
508	2	4306463937	930
508	3	29620287	718
508	4	152101599	431
508	5	5303612	388
508	6	4210168284	366
508	7	104195635	359
508	8	74917805	333
508	9	12898181	293
508	10	105051383	287
509	1	67703274	1516
509	2	4306463937	1359
509	3	203405392	846
509	4	4306463855	637
509	5	4210184657	630
509	6	207420867	580
509	7	4306463708	576
509	8	4306525036	522
509	9	1000263748	367
509	10	86037174	361
510	1	110924429	980
510	2	4306525036	829
510	3	12843020	826
510	4	55148250	708
510	5	62532593	700
510	6	126555207	609
510	7	4306463937	518
510	8	4873485	513
510	9	2299478	439
510	10	4210174059	402
511	1	19003042	3363
511	2	2764501496	505
511	3	2764603912	445
511	4	198098182	439
511	5	203966947	401
511	6	123060138	391
511	7	111927887	353
511	8	4210179954	310
511	9	4363607955	307
511	10	4210187594	300
512	1	48915936	3205
512	2	4306525036	1357
512	3	176044460	1338
512	4	191421250	1181
512	5	4306463937	1153
512	6	128848949	902
512	7	3756010	788
512	8	4306463230	724
512	9	4210168313	635
512	10	4306521694	611
513	1	2898407351	1381
513	2	29409266	1113
513	3	200764475	982
513	4	156806727	974
513	5	4306463230	876
513	6	4210189194	793
513	7	2764696622	757
513	8	74630304	754
513	9	123288148	727
513	10	67425620	700
514	1	5226199	2260
514	2	17983605	1173
514	3	40006715	1147
514	4	165651092	1122
514	5	189344224	1077
514	6	187044170	766
514	7	4306463937	764
514	8	4306400194	639
514	9	147854436	621
514	10	179906512	519
515	1	4306525036	1969
515	2	4306402450	1450
515	3	126644158	692
515	4	2596394214	594
515	5	120324992	553
515	6	2597340651	534
515	7	196734849	525
515	8	15111687	508
515	9	58832373	487
515	10	53807158	483
516	1	4306525036	1770
516	2	186113128	812
516	3	4306463937	742
516	4	4306463230	639
516	5	97303050	611
516	6	205775358	540
516	7	14436165	390
516	8	18197459	360
516	9	202381698	347
516	10	4210173306	318
517	1	4210172589	7436
517	2	4306401271	3567
517	3	4306463937	650
517	4	73680622	370
517	5	4306463708	293
517	6	4210224032	258
517	7	189751245	249
517	8	2912066455	248
517	9	4306463855	211
517	10	4306525036	207
518	1	4306525036	2160
518	2	28527816	2098
518	3	195182175	1382
518	4	4306463937	1116
518	5	47192491	1012
518	6	4306463230	587
518	7	192766619	542
518	8	181459644	496
518	9	66441642	420
518	10	194656152	360
519	1	74367812	2937
519	2	182655450	2493
519	3	4210172139	1782
519	4	191963794	1534
519	5	104550190	1264
519	6	4306402567	1177
519	7	2849398	878
519	8	100014387	759
519	9	4306525036	626
519	10	118886446	488
520	1	128990672	1800
520	2	119525064	974
520	3	81373472	794
520	4	70096214	686
520	5	84231135	653
520	6	132626406	650
520	7	134644764	608
520	8	4210190642	542
520	9	4306525036	506
520	10	98026630	459
521	1	134668137	2013
521	2	4306402567	1873
521	3	187657468	1146
521	4	125754415	900
521	5	46058472	808
521	6	140251998	808
521	7	104038378	776
521	8	4210172139	630
521	9	4306463937	528
521	10	202381698	524
522	1	20241394	1427
522	2	129397763	1257
522	3	95522064	1215
522	4	4306463937	1084
522	5	183492911	1067
522	6	4306525036	1031
522	7	14279044	992
522	8	191349260	732
522	9	4306400194	696
522	10	58069681	562
523	1	164566984	4352
523	2	108417319	3167
523	3	4210187594	2499
523	4	113542562	1565
523	5	4210182288	1259
523	6	174148793	1062
523	7	24807848	1055
523	8	59012888	854
523	9	4306463937	841
523	10	77047749	794
524	1	145575934	1873
524	2	4306400194	1049
524	3	144771191	930
524	4	24688465	859
524	5	64511102	839
524	6	4306463937	613
524	7	96305778	431
524	8	75054922	421
524	9	2898405271	378
524	10	106296714	375
525	1	4210176815	3236
525	2	106296714	1390
525	3	4306463075	956
525	4	83386566	739
525	5	2764905038	693
525	6	4306463937	686
525	7	51141438	681
525	8	188336720	479
525	9	72159247	472
525	10	94432539	413
526	1	41354064	1551
526	2	20605092	1087
526	3	4306525036	1075
526	4	157460402	864
526	5	47215897	783
526	6	124275759	747
526	7	14436165	671
526	8	137629795	660
526	9	161282271	605
526	10	111464279	594
527	1	4306400194	5466
527	2	62159105	3308
527	3	4210168441	2190
527	4	78376336	1829
527	5	173952182	1807
527	6	4210187594	1715
527	7	4210238307	1700
527	8	4210210554	1673
527	9	94052278	1464
527	10	118093565	1336
528	1	4306525036	1354
528	2	202381698	658
528	3	129060628	497
528	4	205775358	462
528	5	151589183	407
528	6	119661813	398
528	7	29918858	375
528	8	206830620	355
528	9	10623703	330
528	10	103428141	316
529	1	81924583	1839
529	2	4306525036	852
529	3	4306463937	740
529	4	4306463230	674
529	5	54143609	656
529	6	81474683	556
529	7	167407068	536
529	8	102243518	480
529	9	202381698	467
529	10	30122339	425
530	1	154732359	2433
530	2	67716761	1662
530	3	87940674	1526
530	4	76010543	1053
530	5	2764981684	950
530	6	67425620	797
530	7	4210194876	768
530	8	4306463937	691
530	9	96167972	690
530	10	18714766	640
531	1	106296714	2382
531	2	4306400194	1770
531	3	183492911	809
531	4	4306463937	638
531	5	199944782	348
531	6	25538012	327
531	7	4210173141	286
531	8	2485537415	264
531	9	115173108	215
531	10	185008460	210
532	1	98455728	1786
532	2	152760256	1506
532	3	96873385	1355
532	4	41354064	1117
532	5	2481244646	1071
532	6	133942674	1065
532	7	137084839	992
532	8	36793815	883
532	9	111155417	734
532	10	102276873	713
533	1	4210170956	1500
533	2	56112914	1160
533	3	106296714	1078
533	4	4306463937	698
533	5	2764691006	382
533	6	2764905038	328
533	7	4306400194	311
533	8	2764465379	285
533	9	103482838	277
533	10	97147119	275
534	1	128368299	1790
534	2	4210230151	1464
534	3	99182027	1211
534	4	183492911	837
534	5	4210219247	791
534	6	165454098	767
534	7	4306463075	719
534	8	4210178770	608
534	9	46950560	562
534	10	101949793	543
535	1	4306463937	1984
535	2	2645077	1826
535	3	65957803	1175
535	4	4306463075	1017
535	5	203530175	972
535	6	86860186	948
535	7	70708404	773
535	8	184406644	698
535	9	198573919	567
535	10	36154601	557
536	1	90605627	4640
536	2	4306525036	2717
536	3	50094856	2458
536	4	71239593	787
536	5	181117821	698
536	6	126223282	635
536	7	103663982	544
536	8	4317411217	464
536	9	203922328	408
536	10	2755441855	408
537	1	4019948	1718
537	2	4306525036	1069
537	3	4306463937	739
537	4	60711021	645
537	5	198272637	498
537	6	159275680	408
537	7	58220144	364
537	8	177929781	359
537	9	4306463230	355
537	10	4210195537	278
538	1	106296714	3836
538	2	4306463937	1021
538	3	4306400194	678
538	4	4210206007	481
538	5	4306463409	384
538	6	13144211	382
538	7	2764905038	354
538	8	4306402512	334
538	9	2764900261	295
538	10	30698027	214
539	1	58516903	2127
539	2	10134376	1633
539	3	4306463937	1143
539	4	184816971	657
539	5	65690446	507
539	6	4210172589	448
539	7	18051569	429
539	8	2898565713	427
539	9	196821226	423
539	10	205793605	320
540	1	183492911	1778
540	2	4306402567	1670
540	3	178776955	1067
540	4	98085912	957
540	5	104118869	759
540	6	196734849	668
540	7	127827428	665
540	8	4210172139	664
540	9	117354312	656
540	10	134390580	573
541	1	70695507	1416
541	2	169017477	1408
541	3	151579836	1368
541	4	4306400194	1189
541	5	50372074	1096
541	6	61795452	762
541	7	4210205691	728
541	8	7571225	714
541	9	54871839	693
541	10	52621960	662
542	1	4306525036	1518
542	2	19176856	1144
542	3	4306463937	1087
542	4	198335345	950
542	5	142952003	695
542	6	96975567	674
542	7	175079695	664
542	8	4210214825	545
542	9	45281609	535
542	10	163740676	532
543	1	15137598	2419
543	2	4306525036	1208
543	3	197000376	1075
543	4	30525748	852
543	5	129397763	615
543	6	1118231	605
543	7	168522863	603
543	8	4306463937	543
543	9	96871409	488
543	10	191349260	480
544	1	59020844	4550
544	2	199247034	979
544	3	53162366	909
544	4	183492911	798
544	5	67716761	721
544	6	188673600	717
544	7	106928643	641
544	8	32092366	527
544	9	187991544	494
544	10	2764696622	423
545	1	4306400194	2351
545	2	52430896	1550
545	3	158016561	1268
545	4	70695507	1038
545	5	151579836	970
545	6	39403764	869
545	7	115925768	839
545	8	4306463937	813
545	9	51920167	717
545	10	928796702	578
546	1	4306463937	2515
546	2	4306463855	909
546	3	94908168	864
546	4	2764729816	515
546	5	4210233734	497
546	6	95227037	482
546	7	162196882	447
546	8	4306463895	439
546	9	4210172589	420
546	10	4306463716	390
547	1	4306463937	988
547	2	4306463855	806
547	3	85644695	570
547	4	12725922	491
547	5	182001	480
547	6	9267903	468
547	7	158901929	396
547	8	64506217	361
547	9	9692511	356
547	10	2764688544	332
548	1	41354064	9693
548	2	133942674	1747
548	3	201989124	1572
548	4	205050996	1377
548	5	205754296	992
548	6	4210200754	813
548	7	111155417	792
548	8	67393510	771
548	9	21317199	673
548	10	36069537	670
549	1	4306525036	1186
549	2	18455948	893
549	3	167664057	799
549	4	77494981	777
549	5	47245711	747
549	6	35570472	745
549	7	4306463230	716
549	8	4306463937	706
549	9	178469169	690
549	10	3774022	626
550	1	2574783	2382
550	2	4306525036	1996
550	3	41026820	1413
550	4	15137598	921
550	5	4306463937	866
550	6	4306463230	404
550	7	45432028	383
550	8	4306402450	355
550	9	568598	326
550	10	15947008	299
551	1	65690446	1501
551	2	106296714	1190
551	3	196821226	916
551	4	4306463937	913
551	5	103321696	870
551	6	173256270	786
551	7	77056576	768
551	8	91278097	474
551	9	184816971	460
551	10	2898246533	427
552	1	28527816	1670
552	2	4306525036	1640
552	3	66441642	1007
552	4	143352558	935
552	5	195182175	716
552	6	4306463937	550
552	7	6642600	413
552	8	3251770	412
552	9	181459644	389
552	10	194656152	384
553	1	32869529	2450
553	2	4210174958	1963
553	3	62676688	1093
553	4	164770093	829
553	5	4210208105	787
553	6	48860480	702
553	7	137247814	624
553	8	4210200752	583
553	9	22862804	572
553	10	4306463937	499
554	1	200071133	2406
554	2	4306525036	1702
554	3	81929299	1578
554	4	153015021	677
554	5	199810014	580
554	6	119714264	536
554	7	15952725	390
554	8	183588319	352
554	9	4306463937	337
554	10	4306463230	293
555	1	195255895	1813
555	2	65166364	1615
555	3	4306463937	740
555	4	115310785	726
555	5	71324801	625
555	6	4210172554	524
555	7	43295729	439
555	8	22619840	415
555	9	4306463412	393
555	10	4210195883	348
556	1	4306525036	2282
556	2	126033908	633
556	3	121579133	494
556	4	4306463937	485
556	5	15137598	451
556	6	71791848	402
556	7	149651696	396
556	8	62966998	389
556	9	150168663	369
556	10	8391440	365
557	1	4306463937	1564
557	2	4306463855	1103
557	3	4210172589	947
557	4	88603889	619
557	5	70010600	572
557	6	4306463708	484
557	7	4306463409	475
557	8	2764570952	339
557	9	4306463716	324
557	10	104369171	297
558	1	162355128	2737
558	2	77418581	1386
558	3	19887683	1119
558	4	143744711	922
558	5	52783196	573
558	6	39312595	561
558	7	187991544	499
558	8	4210205149	488
558	9	105243760	429
558	10	106302738	420
559	1	145630073	2460
559	2	4306400194	1499
559	3	149266522	1311
559	4	2764696622	1296
559	5	2764823912	982
559	6	4306523570	738
559	7	4306523613	721
559	8	4306521882	686
559	9	4306524415	686
559	10	4210187594	641
560	1	67495602	1503
560	2	49878492	1340
560	3	2754852731	1263
560	4	4306525036	1056
560	5	118758356	894
560	6	72944096	823
560	7	171311646	739
560	8	129060628	673
560	9	148394532	608
560	10	4306463937	415
561	1	4317411217	1527
561	2	4306401280	876
561	3	4393919366	723
561	4	4306500037	341
561	5	4210192688	302
561	6	4306517000	295
561	7	4210187594	275
561	8	4306517004	246
561	9	2765078954	206
561	10	4210202430	189
562	1	48915936	3702
562	2	51654951	1683
562	3	4306525036	1433
562	4	4306463937	1395
562	5	126670327	1279
562	6	191421250	1188
562	7	128848949	945
562	8	113113229	739
562	9	118785805	594
562	10	157799717	557
563	1	145806103	2914
563	2	107025856	2419
563	3	69264623	1905
563	4	76304953	1469
563	5	4306525036	1309
563	6	4306463937	996
563	7	50016660	884
563	8	207341048	744
563	9	105513329	525
563	10	4306463230	504
564	1	21442059	2475
564	2	53450646	2202
564	3	52566953	1660
564	4	4210200103	995
564	5	86852077	875
564	6	203465130	717
564	7	37011080	665
564	8	149937609	647
564	9	130511131	530
564	10	4306525036	492
565	1	4306463937	1371
565	2	4306525036	925
565	3	4306463855	844
565	4	172084117	766
565	5	140831787	685
565	6	74425203	632
565	7	64079723	552
565	8	44052652	550
565	9	16292117	494
565	10	4306463230	478
566	1	164566984	2956
566	2	4210182288	1610
566	3	178776955	1549
566	4	108417319	1460
566	5	24807848	1418
566	6	134390580	1256
566	7	77047749	1034
566	8	4210187594	810
566	9	4306400194	746
566	10	4306418073	721
567	1	106296714	1727
567	2	103321696	1224
567	3	173256270	1042
567	4	4306400194	1024
567	5	4306463937	879
567	6	130252234	530
567	7	196821226	468
567	8	173966628	449
567	9	191798613	364
567	10	57667410	360
568	1	2497375143	2896
568	2	105637730	2228
568	3	129676613	2155
568	4	109565702	1004
568	5	198098182	867
568	6	75069817	778
568	7	4306463230	588
568	8	32776067	469
568	9	815301	468
568	10	186745480	467
569	1	12098962	5685
569	2	197961893	3101
569	3	4306463937	1720
569	4	47192491	901
569	5	4306525036	874
569	6	4306463230	375
569	7	29918858	331
569	8	2764866165	275
569	9	28527816	265
569	10	157664895	255
570	1	4306525036	1377
570	2	145039780	912
570	3	140251998	562
570	4	4306463937	533
570	5	103865650	482
570	6	130661733	465
570	7	202381698	409
570	8	102125482	400
570	9	4306463230	379
570	10	204562082	375
571	1	6785741	1638
571	2	4210194614	1189
571	3	4306463937	995
571	4	128754310	665
571	5	198805599	625
571	6	92163612	587
571	7	4210240396	543
571	8	88457320	472
571	9	106296714	450
571	10	164426212	421
572	1	106174089	1589
572	2	100607112	1256
572	3	108821158	872
572	4	4210184077	870
572	5	4220650854	677
572	6	19171858	536
572	7	45030768	479
572	8	39675887	392
572	9	2764368349	362
572	10	4306463937	361
573	1	203966947	961
573	2	151498627	507
573	3	198098182	404
573	4	197975706	399
573	5	2765062994	381
573	6	192268925	323
573	7	168377509	318
573	8	58031724	291
573	9	128754310	280
573	10	4210179954	274
574	1	4306463937	1646
574	2	4306463855	1331
574	3	4210172589	1174
574	4	140176541	506
574	5	75692751	487
574	6	113184965	477
574	7	67613863	436
574	8	25809236	429
574	9	4306401271	427
574	10	149422333	353
575	1	10936095	688
575	2	106296714	548
575	3	196647941	509
575	4	63459445	486
575	5	49967189	452
575	6	4306463937	418
575	7	2493627025	397
575	8	147316732	320
575	9	4306400194	319
575	10	149016011	268
576	1	109998069	1303
576	2	4306525036	1117
576	3	82881359	589
576	4	191903559	578
576	5	60503757	532
576	6	70513841	495
576	7	14436165	493
576	8	107832660	483
576	9	4306463937	430
576	10	2764961062	390
577	1	92829914	1502
577	2	203530175	1209
577	3	92316360	1069
577	4	204847658	905
577	5	4306463075	877
577	6	134216166	702
577	7	81547547	635
577	8	4210169079	574
577	9	133770025	558
577	10	4306463937	524
578	1	152760256	2107
578	2	111155417	1915
578	3	41354064	1761
578	4	4210200754	1617
578	5	67393510	1594
578	6	68911691	1510
578	7	205050996	843
578	8	201989124	806
578	9	171072222	665
578	10	133942674	643
579	1	4306400194	902
579	2	4306463937	657
579	3	63459445	647
579	4	49967189	611
579	5	10936095	610
579	6	147316732	417
579	7	85427048	380
579	8	2485537415	367
579	9	196647941	282
579	10	2493627025	279
580	1	38008053	1643
580	2	4306525036	1565
580	3	203303425	908
580	4	27359860	807
580	5	200071133	670
580	6	4306463937	664
580	7	2595292759	619
580	8	15137598	500
580	9	168522863	494
580	10	202381698	486
581	1	4306402567	3685
581	2	4306400194	1446
581	3	5555990	1331
581	4	142952003	1031
581	5	4306463937	947
581	6	82595977	799
581	7	45757444	669
581	8	207023548	638
581	9	86033158	618
581	10	106296714	501
582	1	4306525036	1398
582	2	4306463937	881
582	3	57033397	498
582	4	70185877	478
582	5	109512841	419
582	6	119407788	417
582	7	17537316	411
582	8	4306463230	337
582	9	15137598	313
582	10	59378366	309
583	1	4306525036	1729
583	2	128439998	1187
583	3	140251998	913
583	4	86011449	737
583	5	168522863	698
583	6	202381698	537
583	7	151589183	489
583	8	81455967	452
583	9	4306463937	440
583	10	125754415	403
584	1	28349394	2375
584	2	43044067	2283
584	3	162627789	1374
584	4	147868187	975
584	5	72684844	917
584	6	130598054	730
584	7	199941106	642
584	8	28473761	538
584	9	4306463230	524
584	10	180849759	515
585	1	4210172589	1351
585	2	4306463937	1154
585	3	4306401271	1039
585	4	4306463855	832
585	5	146344	731
585	6	131356808	678
585	7	184793761	669
585	8	173756354	531
585	9	82455696	521
585	10	30543418	351
586	1	4306400194	1474
586	2	106296714	833
586	3	4306463937	411
586	4	4210169774	384
586	5	2485537415	374
586	6	4210179954	315
586	7	91329792	311
586	8	2898246533	274
586	9	133768115	270
586	10	101949793	266
587	1	102544370	2676
587	2	4306525036	884
587	3	4306402567	702
587	4	4306402450	628
587	5	185208586	528
587	6	10623703	510
587	7	151589183	502
587	8	202381698	498
587	9	140251998	473
587	10	196734849	443
588	1	4306400194	8627
588	2	14709335	1485
588	3	19392275	810
588	4	158842918	810
588	5	4210226894	498
588	6	151579836	488
588	7	20133105	466
588	8	204703277	413
588	9	4306463937	411
588	10	70718007	405
589	1	4306463855	958
589	2	4306463937	868
589	3	114141255	759
589	4	145930022	588
589	5	111552811	571
589	6	4210172589	559
589	7	75293123	466
589	8	22313829	454
589	9	4306401271	435
589	10	143463941	408
590	1	84339699	1765
590	2	166040772	1123
590	3	67716761	887
590	4	189509794	833
590	5	187991544	626
590	6	5745031	596
590	7	143744711	553
590	8	105243760	552
590	9	55626769	540
590	10	2530005873	514
591	1	4306400194	3613
591	2	35412551	2088
591	3	24688465	1416
591	4	4210224030	1055
591	5	4210235286	1049
591	6	24807848	965
591	7	167943036	898
591	8	4306463937	850
591	9	6791298	722
591	10	185067381	674
592	1	149516416	6207
592	2	191935395	5552
592	3	104092111	1597
592	4	2764871868	883
592	5	113542562	825
592	6	133992056	807
592	7	59012888	676
592	8	4306462873	552
592	9	4306463937	445
592	10	64016596	398
593	1	133274750	998
593	2	4306402567	975
593	3	2484704948	766
593	4	158228368	645
593	5	202381698	564
593	6	4306463937	536
593	7	4306525036	498
593	8	4306463230	464
593	9	196799759	411
593	10	196734849	409
594	1	72684844	1487
594	2	28349394	1450
594	3	184365670	968
594	4	14620535	712
594	5	158490989	708
594	6	127169255	661
594	7	12146737	625
594	8	4306402567	590
594	9	2765040423	587
594	10	2597340651	558
595	1	4306462995	2639
595	2	4306463717	1202
595	3	4306462964	1121
595	4	4306463855	896
595	5	4306463708	852
595	6	2764375719	836
595	7	4306463091	806
595	8	4306463937	591
595	9	155054565	542
595	10	4306466687	503
596	1	4306525036	803
596	2	202381698	738
596	3	4306402450	714
596	4	162636843	629
596	5	4306401271	613
596	6	43555407	576
596	7	2495644771	507
596	8	200437886	443
596	9	4210172589	443
596	10	115427279	394
597	1	197743716	4579
597	2	102681701	2145
597	3	201829030	1566
597	4	140210197	1503
597	5	117777261	1389
597	6	19068271	1080
597	7	190997038	1010
597	8	4306463937	696
597	9	149516416	642
597	10	135345724	641
598	1	128634829	2549
598	2	46732370	1936
598	3	163651451	1379
598	4	4306525036	1111
598	5	143832381	1021
598	6	4306463937	750
598	7	60865174	728
598	8	75756335	622
598	9	116251202	549
598	10	185186944	532
599	1	100736837	2611
599	2	4306525036	1618
599	3	11131942	1574
599	4	4306463937	1398
599	5	23813625	1314
599	6	51047553	1220
599	7	24509660	1094
599	8	2754281505	782
599	9	36642063	688
599	10	2672396	508
600	1	82319153	3218
600	2	4306525036	1473
600	3	139838620	847
600	4	31672787	744
600	5	4210216427	643
600	6	196971919	521
600	7	122347013	447
600	8	4306463937	386
600	9	182558529	368
600	10	4306402450	345
601	1	106296714	2564
601	2	4306400194	1419
601	3	183492911	506
601	4	414566	502
601	5	2764900261	476
601	6	90108747	473
601	7	2764905038	469
601	8	4210206007	349
601	9	4306463937	324
601	10	151820558	295
602	1	188363740	1145
602	2	140251998	1137
602	3	4306463937	809
602	4	4306525036	730
602	5	3923916	636
602	6	191963794	624
602	7	4306402567	463
602	8	4210172139	445
602	9	151589183	444
602	10	202381698	387
603	1	198098182	1169
603	2	109565702	968
603	3	59604973	897
603	4	4306400194	804
603	5	2485537415	508
603	6	2497375143	452
603	7	168377509	412
603	8	4306463937	385
603	9	201921491	365
603	10	6846437	308
604	1	4306402567	2366
604	2	134668137	1505
604	3	187657468	990
604	4	140251998	954
604	5	81455967	682
604	6	202381698	625
604	7	156208185	612
604	8	125754415	592
604	9	4210172139	505
604	10	64187185	480
605	1	4306462995	2242
605	2	4306463716	1476
605	3	4306463855	1193
605	4	4306463937	1089
605	5	4210172589	1041
605	6	4306401271	934
605	7	165492527	683
605	8	4306463708	677
605	9	4210190341	400
605	10	2764375719	375
606	1	182300451	2155
606	2	30525748	2088
606	3	4306525036	1728
606	4	196979320	1155
606	5	4306463937	1053
606	6	4210199966	791
606	7	49004918	581
606	8	4210183532	531
606	9	191188855	530
606	10	59248909	479
607	1	3649266	2368
607	2	6791298	1998
607	3	187991544	1973
607	4	67716761	1621
607	5	105243760	1253
607	6	190924190	1075
607	7	34296711	1056
607	8	4210174675	918
607	9	41354064	796
607	10	4210237713	723
608	1	5555990	1264
608	2	4306402567	1007
608	3	147407642	703
608	4	4306525036	636
608	5	202381698	619
608	6	30122339	567
608	7	76417895	557
608	8	96638545	479
608	9	4306463937	478
608	10	4306463230	473
609	1	4210172589	1139
609	2	4306463937	939
609	3	4306463409	464
609	4	4306463855	402
609	5	93284759	390
609	6	4210218413	337
609	7	10134376	321
609	8	106296714	250
609	9	125977778	238
609	10	4306401280	220
610	1	130536152	3245
610	2	64311837	2602
610	3	74630304	830
610	4	11629336	803
610	5	83853393	777
610	6	200764475	621
610	7	124907000	619
610	8	123288148	581
610	9	4306463230	565
610	10	2502047864	499
611	1	99846442	1579
611	2	4210171700	1456
611	3	2500738039	1354
611	4	105243760	1329
611	5	171076697	838
611	6	137084839	834
611	7	171072222	811
611	8	166159787	646
611	9	183492911	583
611	10	164001016	575
612	1	171072222	3078
612	2	166159787	2458
612	3	171616156	1637
612	4	4306463937	1625
612	5	16435181	1076
612	6	112227793	1058
612	7	152760256	945
612	8	68911691	870
612	9	41354064	827
612	10	111155417	787
613	1	51596929	1994
613	2	39730559	1361
613	3	96615428	1341
613	4	4306525036	1239
613	5	65405509	1133
613	6	157451995	634
613	7	4306463937	492
613	8	200071133	487
613	9	202381698	469
613	10	91057606	467
614	1	38337076	1462
614	2	177350161	1444
614	3	45281609	845
614	4	4306402567	806
614	5	142952003	701
614	6	4306463937	632
614	7	103225281	621
614	8	146364893	554
614	9	4306525036	550
614	10	203050076	522
615	1	122730748	4566
615	2	33892871	1523
615	3	35412551	771
615	4	9304834	717
615	5	202680183	708
615	6	192049192	617
615	7	147177414	612
615	8	62602987	596
615	9	4306463937	546
615	10	149937609	479
616	1	116775814	1373
616	2	4210169156	565
616	3	101949793	506
616	4	4306463937	426
616	5	4306400194	423
616	6	2764905038	403
616	7	2493613807	393
616	8	4210179954	368
616	9	4210202585	363
616	10	106296714	348
617	1	140251998	1659
617	2	4306402567	1382
617	3	188085164	1201
617	4	5677253	1009
617	5	96410829	995
617	6	174148068	899
617	7	125754415	826
617	8	202381698	598
617	9	4210172139	511
617	10	5555990	491
618	1	144860794	1888
618	2	4306525036	1608
618	3	127437062	1405
618	4	104135014	1404
618	5	10542796	1170
618	6	4306463937	848
618	7	124584150	695
618	8	187579785	661
618	9	205902839	643
618	10	34108376	543
619	1	4306525036	1780
619	2	28527816	1175
619	3	170171939	1130
619	4	143352558	1080
619	5	4306463937	930
619	6	177486402	674
619	7	66441642	532
619	8	15137598	514
619	9	144860794	495
619	10	195182175	480
620	1	4306525036	1507
620	2	140251998	916
620	3	202381698	508
620	4	4306463937	494
620	5	4306463230	313
620	6	151589183	274
620	7	18118477	251
620	8	10623703	250
620	9	206235894	242
620	10	30970080	233
621	1	4306402567	1791
621	2	4306400194	1753
621	3	106296714	1066
621	4	4306463937	845
621	5	52395412	695
621	6	202381698	642
621	7	86033158	497
621	8	54167817	446
621	9	92363890	438
621	10	125754415	369
622	1	4306400194	7567
622	2	4306463937	1390
622	3	164566984	1154
622	4	16904162	1018
622	5	4210182288	1005
622	6	24807848	687
622	7	104875562	542
622	8	4210187594	533
622	9	194044894	515
622	10	2883122597	514
623	1	4210171700	2253
623	2	84339699	1580
623	3	2530005873	1443
623	4	143744711	1316
623	5	105243760	1237
623	6	19887683	1053
623	7	59020844	1029
623	8	162355128	931
623	9	187991544	863
623	10	166040772	569
624	1	187991544	1388
624	2	166040772	1306
624	3	4306421319	982
624	4	105243760	922
624	5	75069817	885
624	6	137728576	813
624	7	2764696622	784
624	8	143744711	699
624	9	10719676	627
624	10	187696258	599
625	1	96615428	2064
625	2	4306525036	1409
625	3	14436165	561
625	4	27359860	506
625	5	4306463230	488
625	6	4306463937	420
625	7	6147291	393
625	8	55776271	357
625	9	103035011	343
625	10	54542293	336
626	1	76010543	2963
626	2	53926609	2174
626	3	4220651047	1259
626	4	96167972	1094
626	5	83004973	980
626	6	106928643	878
626	7	87940674	797
626	8	12677554	538
626	9	67425620	511
626	10	4210205742	488
627	1	106296714	2624
627	2	4306400194	2030
627	3	183492911	571
627	4	110206669	390
627	5	4210173141	387
627	6	45693802	330
627	7	137030581	309
627	8	4306463937	289
627	9	199944782	274
627	10	2764900261	268
628	1	4210172589	1798
628	2	4306463855	1238
628	3	4306463937	1231
628	4	12189451	700
628	5	4306462995	672
628	6	4306401271	670
628	7	4306463716	486
628	8	102994345	450
628	9	4306463708	333
628	10	4306463717	323
629	1	76880069	1084
629	2	4306525036	943
629	3	4306463937	799
629	4	4306402450	694
629	5	12898181	649
629	6	201446958	442
629	7	4306463855	374
629	8	79054089	369
629	9	3162283	319
629	10	106668787	292
630	1	2764548376	3010
630	2	4306463937	1341
630	3	4306525036	1309
630	4	160568490	1287
630	5	4306463230	1230
630	6	49025288	937
630	7	2764966072	785
630	8	152696106	619
630	9	4063504	536
630	10	27091128	525
631	1	4306525036	1128
631	2	168522863	637
631	3	4306402567	586
631	4	140251998	529
631	5	202381698	522
631	6	4306402450	503
631	7	4306463937	440
631	8	126644158	410
631	9	2596394214	401
631	10	10623703	370
632	1	4210172589	4942
632	2	4306401271	2206
632	3	202178085	858
632	4	129086836	565
632	5	136999626	530
632	6	4306463937	512
632	7	194468602	460
632	8	57862637	451
632	9	52721111	418
632	10	50366009	316
633	1	67716761	2480
633	2	59020844	1551
633	3	3649266	1548
633	4	154732359	1243
633	5	38855548	1028
633	6	187991544	948
633	7	4306463937	917
633	8	105962883	751
633	9	105243760	719
633	10	64016596	712
634	1	108525051	2265
634	2	4306525036	1325
634	3	68090385	1063
634	4	153558830	837
634	5	14436165	794
634	6	107063406	707
634	7	2754868259	684
634	8	17239246	661
634	9	4306463230	598
634	10	191932905	588
635	1	4363604106	8618
635	2	19016632	1192
635	3	125705681	588
635	4	35794861	547
635	5	105811054	484
635	6	4210169321	426
635	7	4306463230	383
635	8	4210167978	364
635	9	4210224691	339
635	10	198098182	334
636	1	4306463937	1038
636	2	106296714	928
636	3	4306463855	604
636	4	4306463409	441
636	5	64184962	338
636	6	4210172634	317
636	7	4306402512	312
636	8	4306417984	294
636	9	104917558	285
636	10	4306401280	280
637	1	106296714	2355
637	2	4306400194	1079
637	3	4306463937	730
637	4	2764905038	509
637	5	414566	362
637	6	2764900261	336
637	7	4210194094	283
637	8	192650101	268
637	9	4210206007	265
637	10	13144211	235
638	1	183492911	3629
638	2	102728161	1413
638	3	175543413	1025
638	4	4210238599	1002
638	5	178776955	986
638	6	180314335	881
638	7	4306463937	613
638	8	109302362	594
638	9	186881120	539
638	10	201441698	479
639	1	106296714	3459
639	2	4306463937	941
639	3	4306400194	491
639	4	4306402512	382
639	5	37879656	348
639	6	186921487	292
639	7	2764900261	252
639	8	6725529	214
639	9	4306419842	206
639	10	205010575	192
640	1	69755223	1111
640	2	192559872	905
640	3	96873385	752
640	4	61773069	679
640	5	67069294	643
640	6	160776678	639
640	7	4306463230	614
640	8	183492911	585
640	9	98026630	562
640	10	4306525036	539
641	1	86674104	2063
641	2	4306525036	1392
641	3	4306463937	895
641	4	104135014	565
641	5	3376858	490
641	6	34122167	475
641	7	2764478219	391
641	8	124584150	358
641	9	154451576	331
641	10	63785217	318
642	1	111927887	1908
642	2	164692974	1880
642	3	57082650	1416
642	4	17577527	915
642	5	1244823	816
642	6	66354037	712
642	7	4210187594	708
642	8	199470047	611
642	9	187991544	562
642	10	143744711	538
643	1	96743589	1497
643	2	4121844	1175
643	3	164789166	957
643	4	155333626	913
643	5	78082969	814
643	6	140906811	710
643	7	118082147	691
643	8	43867544	626
643	9	61969038	594
643	10	4306463937	546
644	1	140216511	1919
644	2	169796457	1685
644	3	206570889	1349
644	4	36624081	1018
644	5	207178839	676
644	6	43295729	667
644	7	75830442	530
644	8	141892599	430
644	9	4306463937	416
644	10	141808269	391
645	1	128507546	5018
645	2	4306525036	944
645	3	116251202	705
645	4	172125442	596
645	5	4306463937	581
645	6	108732581	552
645	7	41500138	522
645	8	191417626	373
645	9	205749764	345
645	10	4210231896	334
646	1	4210172589	7616
646	2	4306401271	3829
646	3	62201805	1326
646	4	4306463937	749
646	5	94044085	533
646	6	181493553	528
646	7	71968408	482
646	8	36178057	474
646	9	4210233753	431
646	10	69338747	294
647	1	130567056	1876
647	2	71934726	1536
647	3	4210228746	1173
647	4	76910236	1051
647	5	2736865057	597
647	6	4306463937	529
647	7	5042006	504
647	8	4210228272	465
647	9	4317411217	457
647	10	8178725	410
648	1	106296714	1248
648	2	4306463937	655
648	3	4306463409	324
648	4	2495878607	316
648	5	4306400194	289
648	6	975621743	283
648	7	9692511	269
648	8	2764900261	263
648	9	84775595	246
648	10	4306525036	241
649	1	200071133	5045
649	2	4306525036	1386
649	3	15137598	1053
649	4	186546955	853
649	5	14436165	668
649	6	153015021	640
649	7	27064115	524
649	8	149476849	458
649	9	159715054	358
649	10	4306463937	332
650	1	196498761	2442
650	2	137362610	1840
650	3	151747869	714
650	4	4306463075	670
650	5	188241495	621
650	6	4306463230	617
650	7	26760650	587
650	8	1488397	344
650	9	181365921	337
650	10	106548112	324
651	1	106296714	1470
651	2	4306463937	731
651	3	4306400194	384
651	4	49967189	276
651	5	158797327	276
651	6	2764900261	218
651	7	63392143	216
651	8	115004586	211
651	9	2493627025	201
651	10	4210183850	181
652	1	4306463937	939
652	2	4306463855	697
652	3	13068289	452
652	4	4306525036	364
652	5	96629499	332
652	6	4210172589	306
652	7	174538591	297
652	8	13968111	288
652	9	2765040861	283
652	10	168049282	261
653	1	4306400194	1936
653	2	4210169774	758
653	3	106296714	752
653	4	4306463937	565
653	5	2913450704	363
653	6	133768115	319
653	7	144620930	286
653	8	73484101	272
653	9	192584203	263
653	10	2764905038	232
654	1	4306525036	1476
654	2	27359860	1096
654	3	202381698	661
654	4	72350973	648
654	5	109369870	611
654	6	47215897	574
654	7	128227336	437
654	8	124275759	425
654	9	53087977	422
654	10	171015910	317
655	1	4210179954	1369
655	2	173595373	1277
655	3	4210204015	802
655	4	4220651297	795
655	5	43295729	743
655	6	113313948	737
655	7	101949793	673
655	8	2765062576	472
655	9	4306463937	456
655	10	4210233367	451
656	1	78735424	1235
656	2	4306463937	909
656	3	201005279	904
656	4	4306463708	828
656	5	109723506	825
656	6	4306523994	701
656	7	9692511	689
656	8	88198767	689
656	9	126635229	679
656	10	154906575	668
657	1	4210237713	6877
657	2	4306400194	2858
657	3	6791298	2545
657	4	24807848	2271
657	5	190924190	840
657	6	105243760	712
657	7	64187185	681
657	8	196734849	680
657	9	4210240247	598
657	10	148121101	514
658	1	4306525036	1804
658	2	4306463937	1799
658	3	14109371	1608
658	4	65618785	1321
658	5	44433048	853
658	6	2764466093	675
658	7	128848949	496
658	8	4306463230	485
658	9	3756010	426
658	10	2893128	405
659	1	11296630	1992
659	2	199286587	1883
659	3	60060263	864
659	4	4306463230	855
659	5	202381698	765
659	6	96743589	692
659	7	20257348	657
659	8	2596539584	550
659	9	4210217040	540
659	10	4306463937	514
660	1	171076697	2053
660	2	198339081	1116
660	3	200764475	1001
660	4	143604795	478
660	5	186054908	447
660	6	2481244646	425
660	7	98455728	369
660	8	164001016	354
660	9	41155759	316
660	10	177196338	316
661	1	200764475	1514
661	2	186054908	976
661	3	177196338	927
661	4	10124807	884
661	5	123288148	860
661	6	135472351	608
661	7	11629336	570
661	8	4306463230	529
661	9	193665811	525
661	10	92465984	504
662	1	2764696622	2150
662	2	183492911	1314
662	3	168745376	1279
662	4	11296630	910
662	5	4210233251	734
662	6	101949793	655
662	7	11146949	652
662	8	46950560	587
662	9	67326217	510
662	10	120877133	427
663	1	177147899	2222
663	2	2764865925	1753
663	3	138759888	1014
663	4	198098182	927
663	5	4210202285	509
663	6	2497375143	495
663	7	129676613	459
663	8	109565702	453
663	9	2737090608	445
663	10	32776067	391
664	1	106296714	1792
664	2	4306400194	1583
664	3	2764905038	642
664	4	2764900261	501
664	5	4210169156	424
664	6	2485537415	417
664	7	4306463937	314
664	8	120348307	254
664	9	4210172589	234
664	10	4306424877	234
665	1	147774598	3564
665	2	144578311	1108
665	3	4306525036	865
665	4	202381698	417
665	5	4210207896	373
665	6	4306463937	371
665	7	93356601	362
665	8	76900504	356
665	9	106546978	335
665	10	4306463230	332
666	1	183492911	1319
666	2	178776955	1237
666	3	105243760	1146
666	4	134390580	559
666	5	201441698	558
666	6	186881120	548
666	7	64486668	496
666	8	187991544	477
666	9	133811445	401
666	10	75741262	399
667	1	106296714	1918
667	2	4306400194	1596
667	3	104780363	509
667	4	2485537415	461
667	5	101949793	450
667	6	4306463937	399
667	7	2764905038	371
667	8	110206669	354
667	9	2764900261	343
667	10	4210169156	292
668	1	2574783	2975
668	2	41026820	1978
668	3	4306525036	1651
668	4	110533041	1018
668	5	4306463937	825
668	6	38112244	625
668	7	15137598	527
668	8	144507673	428
668	9	111213320	358
668	10	4306402450	329
669	1	171471881	1672
669	2	4210238371	1352
669	3	162100826	1066
669	4	4306463937	661
669	5	194154261	640
669	6	81067756	530
669	7	86852077	496
669	8	81722299	425
669	9	2490919458	412
669	10	200658512	364
670	1	87940674	1675
670	2	154732359	1624
670	3	67716761	1103
670	4	67425620	858
670	5	4306463937	818
670	6	165830345	807
670	7	187696258	685
670	8	4210194876	664
670	9	4210208383	603
670	10	64016596	556
671	1	4306525036	1616
671	2	143352558	1243
671	3	4306463937	1206
671	4	66441642	997
671	5	47192491	838
671	6	158079644	701
671	7	84837402	655
671	8	170171939	544
671	9	4306463230	464
671	10	28527816	447
672	1	4306463937	1967
672	2	152445846	568
672	3	4393919075	447
672	4	106296714	417
672	5	88457320	373
672	6	4210193102	327
672	7	4210185096	305
672	8	4306402512	299
672	9	4393919173	278
672	10	2912548	256
673	1	4306525036	1326
673	2	122347013	816
673	3	1605907	621
673	4	123732490	619
673	5	139838620	492
673	6	49878492	487
673	7	4306402450	425
673	8	202381698	415
673	9	171311646	389
673	10	4306463937	388
674	1	4210172589	2487
674	2	4306401271	1604
674	3	4306463855	658
674	4	4306463937	640
674	5	4888523	614
674	6	174377464	411
674	7	74847328	332
674	8	156752806	318
674	9	137104927	313
674	10	154498293	266
675	1	8999885	2186
675	2	42270594	1875
675	3	40391745	1418
675	4	144860794	802
675	5	4306525036	791
675	6	4306463937	710
675	7	185234292	550
675	8	127437062	499
675	9	10751480	438
675	10	64825020	429
676	1	4306402567	2174
676	2	202381698	686
676	3	4306525036	680
676	4	65932378	636
676	5	4306463937	626
676	6	122591147	615
676	7	174672550	581
676	8	969433497	550
676	9	103870658	479
676	10	4306463230	459
677	1	4306463937	1779
677	2	4306463855	885
677	3	12430390	857
677	4	155594676	554
677	5	201186940	542
677	6	50147421	484
677	7	983763965	362
677	8	167491010	349
677	9	4306462995	331
677	10	4306463230	291
678	1	4306525036	1736
678	2	4306463230	388
678	3	143352558	379
678	4	4306463937	337
678	5	14436165	290
678	6	30970080	283
678	7	140251998	275
678	8	41354064	249
678	9	49907878	203
678	10	2764501393	197
679	1	106296714	2891
679	2	4306463937	848
679	3	4306463409	479
679	4	2764900261	352
679	5	4306400194	305
679	6	4306402512	251
679	7	204223317	231
679	8	4210177767	212
679	9	2764905038	171
679	10	119470311	152
680	1	4210187594	1713
680	2	815301	1625
680	3	198098182	940
680	4	79495670	925
680	5	2497375143	622
680	6	68497187	514
680	7	109751390	497
680	8	105637730	432
680	9	4210189655	427
680	10	4306463937	400
681	1	6791298	2275
681	2	34296711	2197
681	3	119212824	2005
681	4	41354064	1977
681	5	4306463937	1855
681	6	67716761	1807
681	7	3649266	1360
681	8	4210237713	1296
681	9	190924190	1197
681	10	4210187594	944
682	1	4306400194	8948
682	2	4210182288	1089
682	3	92819544	1022
682	4	164566984	946
682	5	106296714	881
682	6	41034432	607
682	7	24807848	572
682	8	4306463937	458
682	9	4210226432	452
682	10	4210240247	319
683	1	191963794	3709
683	2	60743949	3490
683	3	89689683	1986
683	4	108264783	1749
683	5	37349105	1302
683	6	105746325	722
683	7	18188872	640
683	8	4210216295	510
683	9	146709414	457
683	10	192559872	456
684	1	4306525036	1271
684	2	4306463937	793
684	3	191417626	600
684	4	4306463230	542
684	5	186113128	437
684	6	4306402450	415
684	7	97303050	389
684	8	159051371	364
684	9	25178087	347
684	10	202381698	344
685	1	96615428	1574
685	2	4306525036	1498
685	3	14436165	907
685	4	200071133	660
685	5	4306463937	536
685	6	146061289	451
685	7	2004986	391
685	8	11564597	313
685	9	4306463230	296
685	10	202381698	281
686	1	203465130	855
686	2	86852077	744
686	3	10446503	717
686	4	4306525036	637
686	5	1879512	573
686	6	4306463230	550
686	7	87561820	540
686	8	143381477	529
686	9	173943867	519
686	10	13479253	497
687	1	29980478	2977
687	2	18714766	798
687	3	4210189194	701
687	4	67425620	672
687	5	4306463075	570
687	6	123887920	560
687	7	2898407351	533
687	8	165454098	477
687	9	20715302	468
687	10	111427844	463
688	1	4306400194	1044
688	2	183492911	847
688	3	106296714	719
688	4	4210173141	464
688	5	4306463937	364
688	6	128754310	252
688	7	4210206007	237
688	8	67425620	230
688	9	154637859	222
688	10	111326731	215
689	1	111326731	2333
689	2	183492911	1704
689	3	43295729	1671
689	4	126920919	1386
689	5	117727964	1294
689	6	117411352	856
689	7	4306400194	641
689	8	2737215817	504
689	9	106296714	446
689	10	78067151	420
690	1	11146949	982
690	2	99182027	853
690	3	45331193	614
690	4	187175751	562
690	5	183492911	504
690	6	4210202285	492
690	7	128754310	478
690	8	4210219247	451
690	9	128368299	409
690	10	4210187594	404
691	1	76304953	2947
691	2	4306525036	1228
691	3	4306402567	788
691	4	4306463937	749
691	5	5555990	636
691	6	202381698	622
691	7	129637156	612
691	8	4210186231	600
691	9	6331754	569
691	10	4306463230	481
692	1	99909709	1307
692	2	15239247	882
692	3	104597489	875
692	4	4306463937	804
692	5	10134376	662
692	6	4306463855	470
692	7	4210217249	373
692	8	4210195883	341
692	9	32271328	313
692	10	71324801	279
693	1	186746772	2634
693	2	4306525036	1418
693	3	56953219	1019
693	4	46670945	608
693	5	4306463937	550
693	6	4306463230	482
693	7	66320806	459
693	8	103961758	423
693	9	200071133	333
693	10	92625435	304
694	1	95311925	1814
694	2	127492747	1352
694	3	4306525036	1227
694	4	110024640	1120
694	5	4306463937	615
694	6	4306463230	364
694	7	144560499	342
694	8	2764501393	280
694	9	139838620	265
694	10	45445671	257
695	1	4306525036	2265
695	2	46544255	1409
695	3	190456265	727
695	4	100045985	647
695	5	155128447	644
695	6	80413395	580
695	7	161475033	468
695	8	202381698	371
695	9	129317210	365
695	10	4306463230	363
696	1	4306525036	2225
696	2	28527816	1127
696	3	15137598	1024
696	4	195182175	965
696	5	145569942	936
696	6	47192491	865
696	7	4306463937	732
696	8	177486402	667
696	9	181459644	522
696	10	4306402450	522
697	1	4306525036	2014
697	2	14436165	972
697	3	183989336	717
697	4	4306463937	642
697	5	25650217	522
697	6	4306463230	472
697	7	44888363	420
697	8	86692366	404
697	9	141953298	363
697	10	2738950867	338
698	1	145575934	2400
698	2	96305778	841
698	3	159637997	624
698	4	4306401271	532
698	5	64511102	529
698	6	4210172589	477
698	7	2764743394	461
698	8	62009534	418
698	9	75054922	397
698	10	4306463937	382
699	1	194752149	1985
699	2	4306463937	1702
699	3	139016016	1514
699	4	91612243	1057
699	5	126146781	1009
699	6	4306462995	869
699	7	157690423	664
699	8	83388334	659
699	9	4747479	639
699	10	202381698	593
700	1	127530304	1648
700	2	77056576	1501
700	3	75411654	1216
700	4	2764696622	1132
700	5	67425620	948
700	6	4210189194	815
700	7	105347196	595
700	8	72716621	573
700	9	2911231532	559
700	10	128754310	549
701	1	41354064	4638
701	2	201989124	2153
701	3	205050996	1627
701	4	67393510	1291
701	5	111155417	1286
701	6	4210200754	1239
701	7	133942674	969
701	8	135102583	963
701	9	152760256	897
701	10	179810352	658
702	1	42032724	1303
702	2	43543914	1070
702	3	4306463937	729
702	4	202381698	549
702	5	126796143	541
702	6	4306402567	505
702	7	136529485	496
702	8	146976949	483
702	9	171471881	388
702	10	157690423	378
703	1	106296714	3016
703	2	4210177767	2185
703	3	4306463937	1689
703	4	4306400194	431
703	5	2764900261	383
703	6	2508752	380
703	7	4306463409	364
703	8	193006928	249
703	9	4210185096	191
703	10	4210172589	189
704	1	131016564	1671
704	2	4306463937	819
704	3	4306525036	767
704	4	4306463075	731
704	5	97205441	675
704	6	30283931	635
704	7	161954266	592
704	8	1234972	501
704	9	122302516	489
704	10	162444473	472
705	1	2764842179	1455
705	2	154732359	1319
705	3	77056576	1007
705	4	18714766	970
705	5	4210208383	755
705	6	8792693	607
705	7	120037611	579
705	8	67716761	578
705	9	127530304	545
705	10	70681891	453
706	1	85864898	1252
706	2	4306463937	1206
706	3	4306525036	954
706	4	4306463230	581
706	5	59624048	548
706	6	163185351	490
706	7	1995308	402
706	8	111727011	352
706	9	4210178590	329
706	10	2312674	296
707	1	52363224	1315
707	2	205118121	955
707	3	72716621	571
707	4	9070569	497
707	5	8792693	492
707	6	18714766	490
707	7	102796450	477
707	8	161318153	474
707	9	154732359	462
707	10	156255550	449
708	1	47477353	1743
708	2	4306463937	1178
708	3	4306525036	540
708	4	9692511	539
708	5	4306463855	464
708	6	98882656	287
708	7	2764949934	282
708	8	4306463230	242
708	9	15239247	230
708	10	203585231	228
709	1	106296714	2717
709	2	168738021	726
709	3	4306400194	715
709	4	4306463937	593
709	5	4306418552	358
709	6	2764905038	288
709	7	4306402512	233
709	8	4306420577	222
709	9	2595095599	198
709	10	2913450704	192
710	1	86852077	941
710	2	13479253	867
710	3	203465130	779
710	4	145089992	762
710	5	87561820	527
710	6	4306463075	518
710	7	4306525036	449
710	8	201530359	440
710	9	105929320	400
710	10	42307217	398
711	1	4306400194	1106
711	2	183492911	1080
711	3	4306419550	1033
711	4	193624734	769
711	5	168680287	468
711	6	4306463937	386
711	7	101949793	366
711	8	154637859	349
711	9	4210179954	313
711	10	2898246533	297
712	1	40528764	910
712	2	4306463230	692
712	3	101793665	632
712	4	62523962	628
712	5	189297499	566
712	6	195830457	520
712	7	100920005	484
712	8	2764430319	470
712	9	190015722	420
712	10	168043052	381
713	1	154695693	3360
713	2	205118121	2213
713	3	165454098	1920
713	4	93312259	1108
713	5	2898442875	924
713	6	4210181621	850
713	7	4306463075	759
713	8	85672143	673
713	9	67425620	641
713	10	128754310	600
714	1	4306400194	1101
714	2	2485537415	636
714	3	173527311	626
714	4	106296714	604
714	5	63392143	514
714	6	4306463937	474
714	7	158797327	326
714	8	62238642	278
714	9	66039016	247
714	10	2764905038	246
715	1	106296714	3057
715	2	4210187594	1151
715	3	4306463937	893
715	4	4306400194	552
715	5	186357190	493
715	6	11065456	421
715	7	19068271	315
715	8	4306463409	291
715	9	2764900261	256
715	10	140218187	245
716	1	4306463075	1133
716	2	93764904	782
716	3	55737203	572
716	4	37411791	547
716	5	4306463937	544
716	6	59755854	529
716	7	65957803	517
716	8	204847658	505
716	9	105963835	457
716	10	201473135	454
717	1	2898407351	1784
717	2	154732359	1588
717	3	67716761	1066
717	4	87940674	778
717	5	67425620	600
717	6	4210189194	584
717	7	26125866	468
717	8	2764696622	456
717	9	4210216311	451
717	10	70681891	433
718	1	4306462995	1849
718	2	4306463708	1800
718	3	4306463937	1611
718	4	4306463855	1358
718	5	4210172589	1352
718	6	61740895	591
718	7	4306463716	441
718	8	163937955	335
718	9	2764375719	324
718	10	4306463717	291
719	1	4306400194	2914
719	2	106296714	1654
719	3	185367456	1489
719	4	67831204	1021
719	5	94821547	545
719	6	73060445	438
719	7	4210171473	409
719	8	4306463937	373
719	9	84775595	345
719	10	4306402512	267
720	1	4306400194	6718
720	2	106296714	3727
720	3	4306463937	896
720	4	11189987	816
720	5	153560523	594
720	6	90727058	572
720	7	4306420974	518
720	8	89324355	391
720	9	4306463922	380
720	10	147953040	347
721	1	75741262	2939
721	2	94313546	2085
721	3	204609040	1835
721	4	185621672	1500
721	5	189140625	1290
721	6	91430365	1116
721	7	65464001	997
721	8	100444939	649
721	9	132611805	564
721	10	6377669	548
722	1	4210172589	932
722	2	4306463937	907
722	3	4306401271	542
722	4	4306463855	510
722	5	93028289	414
722	6	82455696	308
722	7	146344	299
722	8	4306463223	226
722	9	15239247	214
722	10	172342871	214
723	1	77056576	990
723	2	127530304	858
723	3	154732359	847
723	4	140152165	811
723	5	2898407351	811
723	6	87940674	703
723	7	120037611	693
723	8	70681891	641
723	9	67425620	600
723	10	2764696622	571
724	1	200780590	1455
724	2	140251998	1132
724	3	4306525036	903
724	4	4306463937	740
724	5	62704344	583
724	6	4306463230	501
724	7	203465302	411
724	8	25293849	391
724	9	115693375	372
724	10	202381698	359
725	1	161954266	1273
725	2	4210172139	674
725	3	163807576	657
725	4	155115410	606
725	5	4306525036	588
725	6	51596929	563
725	7	131016564	556
725	8	11629336	450
725	9	204562082	440
725	10	4306463937	344
726	1	25746158	670
726	2	4306463937	619
726	3	68758695	608
726	4	105044966	527
726	5	82530051	464
726	6	4306463855	457
726	7	73400788	363
726	8	94345546	324
726	9	4210206506	317
726	10	2765021630	278
727	1	120877133	1933
727	2	109113098	1186
727	3	11296630	1098
727	4	183492911	912
727	5	168745376	789
727	6	143744711	483
727	7	4306463937	424
727	8	4363604678	418
727	9	20241394	409
727	10	202027287	289
728	1	4306525036	1044
728	2	2764573606	1007
728	3	76900504	765
728	4	4306463937	570
728	5	4210207896	443
728	6	42270594	431
728	7	116251202	408
728	8	93356601	327
728	9	13342628	311
728	10	4210197088	311
729	1	200764475	867
729	2	4306463230	650
729	3	123288148	591
729	4	43139658	507
729	5	83853393	446
729	6	2481244646	425
729	7	163807576	395
729	8	186054908	394
729	9	184573928	387
729	10	60519989	385
730	1	110744938	1053
730	2	31497010	777
730	3	119771102	570
730	4	32238705	546
730	5	62317556	494
730	6	4306463937	463
730	7	4210197434	397
730	8	50443188	390
730	9	9692511	374
730	10	4306463855	341
731	1	106296714	1389
731	2	4306463937	825
731	3	4306463409	664
731	4	112620617	486
731	5	2764900261	280
731	6	4210172634	278
731	7	4306463855	244
731	8	2764905038	233
731	9	4306507857	224
731	10	105208853	204
732	1	183492911	2903
732	2	42323631	1528
732	3	52123058	1251
732	4	178776955	899
732	5	112574528	660
732	6	187991544	608
732	7	105243760	537
732	8	134390580	458
732	9	43468181	375
732	10	4210187594	354
733	1	96685181	1272
733	2	48277251	845
733	3	149191589	674
733	4	2493613807	642
733	5	193753855	567
733	6	2456228	551
733	7	135458494	482
733	8	4306463937	482
733	9	148071443	433
733	10	85201822	404
734	1	106296714	1322
734	2	4306463937	619
734	3	4306400194	576
734	4	12529635	553
734	5	4210172589	489
734	6	4306463409	477
734	7	61906035	348
734	8	4306463230	293
734	9	2764900261	288
734	10	4210185096	286
735	1	52195378	2099
735	2	45890008	1149
735	3	66104727	828
735	4	75741262	823
735	5	41354064	721
735	6	152760256	636
735	7	45305740	624
735	8	52459750	538
735	9	84179801	515
735	10	95739953	507
736	1	96167972	1842
736	2	149373597	1687
736	3	154732359	700
736	4	48860480	600
736	5	198339081	587
736	6	138759888	573
736	7	4306463230	557
736	8	152303250	546
736	9	123418790	447
736	10	70681891	430
737	1	4306525036	1446
737	2	17147534	679
737	3	27931387	449
737	4	39041608	445
737	5	15239247	418
737	6	4306463937	347
737	7	108453729	297
737	8	4306402450	273
737	9	201526756	257
737	10	200437886	195
738	1	4306463855	1834
738	2	4306463937	1648
738	3	4306463122	1180
738	4	208038180	1060
738	5	4306463716	402
738	6	42574971	375
738	7	4306463151	291
738	8	4210188850	266
738	9	59699082	259
738	10	4306463717	237
739	1	85738991	2353
739	2	4306400194	627
739	3	59479367	581
739	4	72497124	542
739	5	189798733	480
739	6	4210208108	469
739	7	4306418306	324
739	8	4306463937	322
739	9	148709879	306
739	10	201045332	259
740	1	198098182	571
740	2	64770346	462
740	3	42668443	370
740	4	168377509	325
740	5	815301	315
740	6	201921491	300
740	7	67425620	271
740	8	201762130	265
740	9	192268925	257
740	10	2485537415	244
741	1	115173108	1178
741	2	183492911	842
741	3	106296714	734
741	4	126824455	546
741	5	4210173141	344
741	6	4306463937	341
741	7	38090728	327
741	8	137030581	323
741	9	110206669	319
741	10	105424869	244
742	1	106296714	2500
742	2	4306463937	678
742	3	4306400194	621
742	4	63392143	261
742	5	177487720	258
742	6	97130795	216
742	7	115004586	181
742	8	110206669	166
742	9	2764900261	163
742	10	4306463409	150
743	1	106296714	2220
743	2	4306400194	1118
743	3	4306463937	366
743	4	8351582	335
743	5	205010575	324
743	6	186921487	290
743	7	37879656	286
743	8	83624231	273
743	9	2764900261	260
743	10	4306419842	222
744	1	1980519	5005
744	2	195663288	4908
744	3	205231332	3022
744	4	4306400194	2586
744	5	183492911	1270
744	6	4306503678	888
744	7	4306463937	750
744	8	12390406	721
744	9	2764696622	688
744	10	4210212087	600
745	1	4306525036	902
745	2	87338489	519
745	3	74113319	425
745	4	4306463937	410
745	5	52732750	376
745	6	140889577	343
745	7	59702976	328
745	8	202381698	283
745	9	134483451	274
745	10	205145379	249
746	1	200071133	2339
746	2	4306525036	1194
746	3	164469042	976
746	4	103305516	753
746	5	206235894	657
746	6	14436165	620
746	7	4306463937	515
746	8	153015021	492
746	9	134546602	485
746	10	4306463230	484
747	1	2764830010	1296
747	2	4306463937	1043
747	3	4306463855	733
747	4	4210172589	590
747	5	90310510	547
747	6	86860186	522
747	7	172483627	417
747	8	4306463230	368
747	9	4210195883	326
747	10	10134376	294
748	1	205775358	1282
748	2	4306525036	1181
748	3	4210169230	935
748	4	157527038	784
748	5	159506102	590
748	6	4210218062	515
748	7	182143151	476
748	8	4306463230	388
748	9	4306463937	383
748	10	18163555	335
749	1	4306462995	3859
749	2	4210172589	3030
749	3	4306463708	1554
749	4	4306462967	1376
749	5	4306463937	1275
749	6	4306464021	909
749	7	4306463855	830
749	8	89112254	817
749	9	160097506	786
749	10	154337186	631
750	1	134644764	1885
750	2	98026630	1660
750	3	4306463230	687
750	4	74940757	670
750	5	38919146	664
750	6	26760650	628
750	7	169454776	605
750	8	2737939966	597
750	9	14903550	551
750	10	192057034	487
751	1	18992820	1802
751	2	15336283	1682
751	3	70509887	1559
751	4	62072220	1492
751	5	4210211635	1040
751	6	4306463230	745
751	7	4306525036	680
751	8	4306402567	573
751	9	172137629	564
751	10	23089685	529
752	1	183492911	1719
752	2	178776955	1118
752	3	105243760	1087
752	4	120213556	570
752	5	134390580	552
752	6	202289667	483
752	7	187991544	365
752	8	4306418073	364
752	9	4210187594	264
752	10	143744711	252
753	1	86852077	2331
753	2	101229256	2300
753	3	201530359	1320
753	4	145089992	943
753	5	203465130	816
753	6	13479253	637
753	7	87561820	547
753	8	4306463230	457
753	9	4306402450	448
753	10	4306463937	436
754	1	4306525036	1760
754	2	4306463937	776
754	3	15137598	589
754	4	14436165	460
754	5	84102376	415
754	6	1118231	374
754	7	43051214	364
754	8	4306463230	346
754	9	10058814	313
754	10	129397763	302
755	1	15137598	1684
755	2	168522863	1288
755	3	4306525036	1179
755	4	41454044	561
755	5	4306463937	394
755	6	142211178	373
755	7	183149254	354
755	8	48437117	297
755	9	202381698	295
755	10	140251998	292
756	1	4306525036	1092
756	2	168421034	922
756	3	70286497	740
756	4	57449756	614
756	5	168522863	587
756	6	142211178	513
756	7	191044671	500
756	8	157527038	489
756	9	140251998	464
756	10	15137598	428
757	1	4306463937	1052
757	2	106296714	654
757	3	2764431341	610
757	4	111872859	518
757	5	4210190054	492
757	6	4306463075	486
757	7	859791518	421
757	8	39019318	418
757	9	2737215817	394
757	10	4306463409	313
758	1	4306463937	1651
758	2	2764375719	1051
758	3	4306463855	903
758	4	4306463716	811
758	5	4306463122	809
758	6	4306463717	528
758	7	4306463708	468
758	8	75573539	434
758	9	143466226	384
758	10	4306462995	370
759	1	4306463855	1207
759	2	2948509140	1020
759	3	4210230940	714
759	4	4210168471	667
759	5	45653059	517
759	6	4210187767	459
759	7	4306463937	453
759	8	998543980	401
759	9	4210186492	399
759	10	202681640	351
760	1	4306525036	1968
760	2	10058814	1317
760	3	193617204	1102
760	4	4306463937	659
760	5	143352558	657
760	6	28527816	597
760	7	181459644	482
760	8	4306463230	403
760	9	66441642	400
760	10	14436165	345
761	1	10936095	717
761	2	4306400194	699
761	3	2485537415	599
761	4	106296714	567
761	5	144771191	530
761	6	4306463937	420
761	7	101949793	347
761	8	2764905038	282
761	9	49967189	281
761	10	2480748589	273
762	1	4306463937	882
762	2	4306525036	800
762	3	24324723	565
762	4	4306463855	400
762	5	15239247	399
762	6	4306402450	329
762	7	49861241	328
762	8	4210172589	295
762	9	106822843	291
762	10	4210220588	278
763	1	2898565713	892
763	2	4306463937	838
763	3	10134376	554
763	4	4210185096	513
763	5	2898447089	481
763	6	4210184193	424
763	7	2898405271	420
763	8	4210169156	376
763	9	4210205812	354
763	10	4210172589	314
764	1	4306400194	5268
764	2	106296714	2004
764	3	4306463937	541
764	4	2485537415	359
764	5	2480266640	318
764	6	2764900261	296
764	7	192650101	163
764	8	61310614	162
764	9	4210172589	161
764	10	4210191458	153
765	1	171471881	1764
765	2	153677060	740
765	3	96743589	705
765	4	43867544	530
765	5	101229256	517
765	6	155333626	430
765	7	172051550	422
765	8	4306463937	419
765	9	118082147	411
765	10	113880702	407
766	1	56464651	861
766	2	2764899123	759
766	3	43295729	651
766	4	10134376	621
766	5	163634330	619
766	6	6846437	541
766	7	4210195883	500
766	8	4306463937	389
766	9	141808269	354
766	10	202078656	330
767	1	2307745	1503
767	2	27723657	1459
767	3	178776955	1124
767	4	183492911	926
767	5	134390580	652
767	6	186881120	639
767	7	4306420648	573
767	8	72499069	444
767	9	149016011	390
767	10	180088163	351
768	1	198098182	1010
768	2	45181156	515
768	3	10134376	505
768	4	109565702	502
768	5	2497375143	481
768	6	2913398011	455
768	7	175056054	403
768	8	59604973	402
768	9	58516903	400
768	10	4210172589	350
769	1	99574856	1148
769	2	4306525036	1036
769	3	142211178	646
769	4	15137598	613
769	5	187186932	588
769	6	4306463937	569
769	7	206167392	463
769	8	121703463	337
769	9	4306463230	323
769	10	157450843	287
770	1	201473135	1196
770	2	4306463937	720
770	3	4306400194	467
770	4	4306463075	455
770	5	59755854	392
770	6	43295729	371
770	7	44098145	326
770	8	42419699	324
770	9	61699894	287
770	10	190853250	265
771	1	4306525036	1518
771	2	2478453819	720
771	3	121715350	695
771	4	133626053	667
771	5	4306463230	530
771	6	83853393	501
771	7	118780703	461
771	8	4306463937	441
771	9	57131103	302
771	10	64311837	237
772	1	106296714	3223
772	2	4306400194	1734
772	3	4306463937	911
772	4	4306402512	275
772	5	148324379	270
772	6	139349430	259
772	7	157146593	247
772	8	97130795	217
772	9	90727058	169
772	10	157670870	139
773	1	10623703	945
773	2	4306525036	676
773	3	2764464234	611
773	4	4306402450	566
773	5	4306402567	534
773	6	196734849	527
773	7	2595292759	383
773	8	202381698	378
773	9	2736626452	334
773	10	4210172139	309
774	1	128479783	2470
774	2	78839210	1802
774	3	64108887	1339
774	4	2764448922	823
774	5	135734010	788
774	6	31777576	622
774	7	98430239	596
774	8	2738977497	385
774	9	146146975	334
774	10	34720450	324
775	1	4306400194	9118
775	2	106296714	1908
775	3	2485537415	347
775	4	4306420609	324
775	5	4210191458	285
775	6	4306463937	233
775	7	185367456	232
775	8	4306419644	227
775	9	2764900261	225
775	10	4306419637	196
776	1	4026894	1445
776	2	4306525036	1336
776	3	4306463937	1073
776	4	100227592	1068
776	5	59624048	850
776	6	112180307	754
776	7	4306463230	730
776	8	4210167578	647
776	9	4306402450	383
776	10	26391302	343
777	1	4306463122	2107
777	2	4306462995	853
777	3	4306463855	761
777	4	4306463937	711
777	5	2764375719	585
777	6	44433209	527
777	7	4306463717	489
777	8	4210172589	430
777	9	25748888	429
777	10	4306401280	390
778	1	4306463937	1888
778	2	147691735	927
778	3	255146	899
778	4	4306462995	763
778	5	4306463708	760
778	6	4306463855	631
778	7	21220828	590
778	8	75346102	441
778	9	107049385	406
778	10	192525298	403
779	1	43867544	953
779	2	4306463937	670
779	3	127668553	570
779	4	130567056	557
779	5	109872917	552
779	6	4210195883	488
779	7	41353823	400
779	8	134185576	345
779	9	86852077	339
779	10	4306463230	308
780	1	202403813	1871
780	2	87725633	817
780	3	4306463075	696
780	4	4306463937	679
780	5	165633816	427
780	6	4210201415	410
780	7	196821226	328
780	8	103321696	308
780	9	4210224994	304
780	10	171580604	266
781	1	66354037	1712
781	2	57082650	1529
781	3	164692974	1052
781	4	111927887	1043
781	5	187991544	991
781	6	143744711	829
781	7	4210190837	817
781	8	31010182	474
781	9	4210187594	462
781	10	86481247	446
782	1	164001016	1391
782	2	163807576	918
782	3	145476921	902
782	4	2479884170	896
782	5	99352657	876
782	6	135204980	795
782	7	94619837	727
782	8	67393510	635
782	9	2500736452	609
782	10	149937609	589
783	1	173500210	975
783	2	2764842179	894
783	3	77056576	730
783	4	123288148	689
783	5	4306463937	547
783	6	4306463230	514
783	7	2898407351	478
783	8	18714766	456
783	9	4210189194	390
783	10	4210184193	370
784	1	65425268	721
784	2	181675524	580
784	3	98183460	544
784	4	173274907	405
784	5	4306463937	386
784	6	205145379	378
784	7	140889577	373
784	8	4306525036	353
784	9	142952003	347
784	10	101949793	343
785	1	4210172589	2958
785	2	4306463937	1688
785	3	4306401271	1144
785	4	4306463855	1031
785	5	4306463716	924
785	6	93666758	770
785	7	4306463223	750
785	8	83145862	746
785	9	4210168092	550
785	10	4306462995	549
786	1	4306525036	851
786	2	4210187589	781
786	3	113871862	743
786	4	4306463937	512
786	5	4306402450	455
786	6	123732490	452
786	7	207268431	379
786	8	96699677	316
786	9	183131812	308
786	10	202381698	274
787	1	163644703	961
787	2	203966947	927
787	3	151498627	637
787	4	4210205282	558
787	5	36624081	495
787	6	207178839	485
787	7	53799065	424
787	8	171488675	419
787	9	207559368	332
787	10	2764603912	312
788	1	9692511	708
788	2	144257178	636
788	3	4306402567	607
788	4	103225281	565
788	5	202381698	553
788	6	124362806	506
788	7	4306463937	452
788	8	4306463708	447
788	9	66857027	364
788	10	8802318	339
789	1	106296714	2195
789	2	4306463937	429
789	3	4306400194	275
789	4	4306402512	245
789	5	2764900261	234
789	6	4210176815	165
789	7	165559636	147
789	8	4210190811	143
789	9	4210187768	137
789	10	84775595	132
790	1	4306525036	1328
790	2	45954700	843
790	3	173943867	611
790	4	10446503	548
790	5	86852077	495
790	6	87561820	492
790	7	115834843	430
790	8	4306463230	410
790	9	15239247	360
790	10	205878144	353
791	1	2898246533	1901
791	2	2898405271	1197
791	3	4306400194	904
791	4	2764789360	846
791	5	150671403	812
791	6	96000363	770
791	7	202680183	723
791	8	51360982	541
791	9	4306463937	439
791	10	184954342	397
792	1	159544283	2572
792	2	4306400194	2423
792	3	50372074	1110
792	4	16958353	925
792	5	150125562	785
792	6	165473669	698
792	7	106296714	601
792	8	60324941	549
792	9	4306463937	493
792	10	121701187	483
793	1	4306525036	1537
793	2	136050049	560
793	3	49878492	542
793	4	72944096	454
793	5	4306463937	370
793	6	171311646	348
793	7	39041608	344
793	8	4306402450	264
793	9	202381698	246
793	10	4306401280	245
794	1	4306462995	1585
794	2	4306462964	1138
794	3	4306463855	1078
794	4	4306463937	919
794	5	2764375719	667
794	6	4306463717	590
794	7	97342212	516
794	8	4306463708	433
794	9	87435064	394
794	10	4306463716	295
795	1	4306525036	1329
795	2	4306463937	441
795	3	4306402450	334
795	4	15239247	302
795	5	4306401280	217
795	6	144187503	207
795	7	192814187	201
795	8	19793444	193
795	9	202381698	187
795	10	79054089	174
796	1	4306400194	1974
796	2	63459445	948
796	3	10936095	736
796	4	4502562	670
796	5	147316732	638
796	6	196647941	583
796	7	85427048	374
796	8	49967189	365
796	9	2493627025	311
796	10	82675988	271
797	1	4210172589	1618
797	2	66510378	577
797	3	4210224324	541
797	4	4306463937	485
797	5	91781374	481
797	6	4306463855	428
797	7	4306401271	415
797	8	198892436	410
797	9	114140714	349
797	10	4210167977	298
798	1	16561315	2512
798	2	95865439	2153
798	3	203479135	1188
798	4	146709414	917
798	5	41354064	672
798	6	152760256	622
798	7	181332294	601
798	8	4210200754	576
798	9	68911691	572
798	10	67393510	565
799	1	106296714	1786
799	2	84775595	1747
799	3	4306400194	1084
799	4	4306463937	791
799	5	67831204	591
799	6	55152591	392
799	7	105380075	366
799	8	183492911	273
799	9	4306402512	223
799	10	2764900261	206
800	1	15336283	1333
800	2	140972820	1327
800	3	4306525036	1043
800	4	36361591	676
800	5	14436165	638
800	6	4306463230	608
800	7	4306463937	518
800	8	2898414893	482
800	9	17753527	410
800	10	62072220	381
801	1	43295729	1481
801	2	111326731	1409
801	3	126920919	779
801	4	117727964	573
801	5	183492911	497
801	6	117411352	490
801	7	2737215817	485
801	8	141808269	359
801	9	4306463937	326
801	10	4306509711	285
802	1	4210172589	4986
802	2	4306462995	2195
802	3	4306463708	1023
802	4	4306463937	961
802	5	4306463855	789
802	6	2764375719	392
802	7	129275725	307
802	8	7938327	300
802	9	4306463223	271
802	10	36489579	266
803	1	106296714	1679
803	2	71913804	611
803	3	4306463937	607
803	4	4210183893	441
803	5	4306463855	316
803	6	4220651532	214
803	7	153469747	212
803	8	4210187768	207
803	9	2764900261	206
803	10	4210189112	204
804	1	678965	2254
804	2	83891556	913
804	3	4306525036	903
804	4	4306463937	762
804	5	43019230	717
804	6	90347677	590
804	7	103359281	563
804	8	145200904	430
804	9	16530434	345
804	10	191882557	345
805	1	4210202285	2560
805	2	59320183	919
805	3	16239639	756
805	4	4306463937	632
805	5	128754310	466
805	6	2898246533	360
805	7	93626530	324
805	8	10936095	312
805	9	70176213	302
805	10	4210189194	285
806	1	181849574	2035
806	2	2764696622	1029
806	3	32869529	645
806	4	5458151	608
806	5	31264339	601
806	6	58867329	562
806	7	41354064	512
806	8	2489075544	492
806	9	146709414	430
806	10	4210187594	426
807	1	4210168331	1963
807	2	4306463937	1956
807	3	41354064	1943
807	4	4924609	1698
807	5	4210200754	1569
807	6	67393510	1513
807	7	68911691	1197
807	8	166159787	1148
807	9	171072222	1035
807	10	108008259	925
808	1	4210202285	2659
808	2	198098182	520
808	3	4306463937	500
808	4	10936095	431
808	5	128754310	403
808	6	16239639	373
808	7	2497375143	329
808	8	2898405271	288
808	9	2913398011	276
808	10	109565702	269
809	1	123149298	1848
809	2	4306463075	629
809	3	4306463937	406
809	4	109435702	403
809	5	4306525036	396
809	6	2764777209	388
809	7	84525459	379
809	8	172073041	331
809	9	120187538	324
809	10	15239247	299
810	1	200764475	1779
810	2	186054908	975
810	3	41155759	878
810	4	177196338	766
810	5	123288148	750
810	6	135472351	566
810	7	4306463230	486
810	8	187215728	390
810	9	2481244646	378
810	10	164001016	363
811	1	48860480	4940
811	2	67716761	3056
811	3	95739953	844
811	4	41354064	664
811	5	4306463937	515
811	6	177147899	503
811	7	6791298	307
811	8	181332294	279
811	9	2764437742	241
811	10	2481244646	238
812	1	4306400194	3616
812	2	106296714	2395
812	3	2485537415	382
812	4	110206669	374
812	5	199944782	297
812	6	101949793	283
812	7	2764900261	250
812	8	115173108	244
812	9	4306463937	236
812	10	45693802	228
813	1	4306463855	1083
813	2	131954271	754
813	3	33049603	594
813	4	116921146	578
813	5	9692511	537
813	6	95965737	527
813	7	15510884	520
813	8	110965136	447
813	9	4306463937	433
813	10	2764536895	417
814	1	4306525036	1125
814	2	120382301	1034
814	3	4306463230	731
814	4	86238769	480
814	5	187816532	457
814	6	162030435	434
814	7	163817903	431
814	8	30970080	420
814	9	4306463937	412
814	10	41354064	352
815	1	31573680	1729
815	2	155128447	1285
815	3	105078976	1059
815	4	8555896	822
815	5	161475033	734
815	6	120551135	723
815	7	4306525036	621
815	8	86308941	609
815	9	55607595	605
815	10	171471881	483
816	1	104135014	1443
816	2	4306525036	1290
816	3	62532593	901
816	4	4306463937	796
816	5	124584150	553
816	6	138569045	522
816	7	101278519	369
816	8	4210174059	355
816	9	4306463230	347
816	10	34108376	309
817	1	41354064	6689
817	2	133942674	1183
817	3	2481244646	840
817	4	114976158	802
817	5	89199708	757
817	6	46134040	743
817	7	205754296	680
817	8	4210221416	486
817	9	178924077	474
817	10	80698544	373
818	1	4306400194	3886
818	2	1980519	2839
818	3	205231332	1621
818	4	195663288	1540
818	5	145630073	1082
818	6	19068271	990
818	7	202958571	977
818	8	4210187594	950
818	9	2764696622	895
818	10	4210182546	861
819	1	86852077	1268
819	2	13479253	1196
819	3	201530359	656
819	4	203465130	527
819	5	4306525036	481
819	6	173943867	473
819	7	87561820	448
819	8	101229256	433
819	9	106502101	419
819	10	4210198353	382
820	1	106296714	1137
820	2	134177497	636
820	3	4306463937	478
820	4	169411308	472
820	5	2764461748	376
820	6	4210229206	365
820	7	192650101	340
820	8	2764905038	300
820	9	140556538	261
820	10	2898246533	260
821	1	185321339	1004
821	2	127438345	936
821	3	4306525036	868
821	4	60865174	578
821	5	185186944	515
821	6	87338489	450
821	7	64942916	435
821	8	43043541	433
821	9	116251202	419
821	10	4306463937	381
822	1	11296630	2128
822	2	99182027	1450
822	3	971171794	1346
822	4	4210202285	863
822	5	105243760	646
822	6	187991544	549
822	7	4306463937	337
822	8	4306400194	307
822	9	86702594	281
822	10	4306402512	275
823	1	4306525036	1057
823	2	46544255	931
823	3	190456265	630
823	4	100045985	579
823	5	80413395	520
823	6	202381698	454
823	7	165991124	414
823	8	102868315	411
823	9	155128447	400
823	10	119628427	374
824	1	106296714	2171
824	2	183492911	631
824	3	4306463937	504
824	4	110206669	439
824	5	4306400194	436
824	6	414566	390
824	7	151820558	263
824	8	4210206007	260
824	9	2764905038	235
824	10	4306463409	206
825	1	135458494	4339
825	2	188770946	757
825	3	44318362	691
825	4	112652565	530
825	5	63107127	489
825	6	29946585	441
825	7	100787194	414
825	8	4210196743	408
825	9	26519103	383
825	10	85201822	343
826	1	125122479	1500
826	2	4306463937	1015
826	3	168850678	950
826	4	2764616832	708
826	5	92682373	658
826	6	203327754	572
826	7	4306463855	546
826	8	128158437	466
826	9	27825752	418
826	10	90932718	413
827	1	39041608	1499
827	2	4306525036	1269
827	3	4306463937	618
827	4	134406477	329
827	5	4306402450	291
827	6	103359281	266
827	7	79054089	244
827	8	192814187	232
827	9	116608325	208
827	10	4306463230	184
828	1	106296714	1693
828	2	4306463937	705
828	3	4306400194	685
828	4	183492911	454
828	5	61310614	351
828	6	2764905038	349
828	7	4210206007	324
828	8	2764900261	272
828	9	414566	253
828	10	110206669	236
829	1	106296714	869
829	2	4306400194	624
829	3	4306463937	426
829	4	90727058	353
829	5	171741597	327
829	6	97130795	310
829	7	32326811	289
829	8	157670870	270
829	9	157146593	245
829	10	147953040	224
830	1	4306525036	1098
830	2	7689096	806
830	3	4306463937	753
830	4	104698359	730
830	5	108768312	621
830	6	4306462995	561
830	7	33418846	451
830	8	192565471	444
830	9	174280328	442
830	10	4210186964	388
831	1	140251998	973
831	2	4306525036	954
831	3	4306463937	470
831	4	202381698	420
831	5	200071133	407
831	6	38008053	374
831	7	5677253	364
831	8	151589183	350
831	9	168522863	280
831	10	4306463230	263
832	1	4306525036	1185
832	2	142774597	1091
832	3	205775358	995
832	4	4306463937	680
832	5	4210218062	665
832	6	4306463230	654
832	7	59624048	585
832	8	182143151	530
832	9	14436165	467
832	10	1995308	435
833	1	27359860	1840
833	2	4210226234	1158
833	3	4306525036	978
833	4	2483136528	731
833	5	4306400573	634
833	6	4306402450	515
833	7	202381698	464
833	8	200437886	426
833	9	4210172589	384
833	10	2595931848	312
834	1	77056576	919
834	2	158178784	691
834	3	140152165	630
834	4	127530304	607
834	5	67425620	553
834	6	99714860	522
834	7	30799303	520
834	8	87940674	520
834	9	120037611	471
834	10	2898407351	360
835	1	41354064	4677
835	2	34126442	2169
835	3	205050996	1267
835	4	133942674	1262
835	5	201989124	1008
835	6	21317199	833
835	7	205754296	743
835	8	179810352	672
835	9	207432870	519
835	10	88152556	462
836	1	191963794	1214
836	2	82228219	1005
836	3	2764402194	908
836	4	74367812	680
836	5	196734849	511
836	6	4306463230	490
836	7	4306525036	489
836	8	4306402567	471
836	9	202381698	463
836	10	4210172139	448
837	1	4306525036	1032
837	2	45720283	727
837	3	4306463937	714
837	4	108525051	687
837	5	58727509	661
837	6	28607811	611
837	7	4210210846	506
837	8	137740113	490
837	9	79187626	450
837	10	14436165	318
838	1	179500637	1661
838	2	72684844	1305
838	3	4210168508	1160
838	4	28349394	956
838	5	144449874	635
838	6	14620535	569
838	7	66388299	537
838	8	4306525036	412
838	9	32366842	402
838	10	202381698	329
839	1	129060628	1389
839	2	104375418	757
839	3	4306525036	613
839	4	11564597	555
839	5	202381698	539
839	6	146061289	511
839	7	140251998	506
839	8	165333527	484
839	9	4306402567	456
839	10	4306463937	387
840	1	154732359	1604
840	2	165830345	764
840	3	14064848	586
840	4	64016596	567
840	5	87940674	551
840	6	12677554	543
840	7	67716761	540
840	8	71623918	532
840	9	152303250	496
840	10	4306463937	405
841	1	4306401271	1940
841	2	4210172589	1005
841	3	4306463937	552
841	4	136211407	550
841	5	86125002	387
841	6	4306463223	293
841	7	10134376	259
841	8	4306463855	228
841	9	2764690196	225
841	10	44455300	197
842	1	97582030	1000
842	2	59320183	871
842	3	16737290	646
842	4	99182027	528
842	5	4306463075	502
842	6	128754310	396
842	7	29980478	352
842	8	4306463937	312
842	9	4210189194	311
842	10	165454098	310
843	1	4306525036	1058
843	2	19793444	852
843	3	74622277	488
843	4	100736837	325
843	5	4306463937	268
843	6	101510409	259
843	7	5171481	254
843	8	144187503	237
843	9	172573765	232
843	10	121799786	220
844	1	201595455	2273
844	2	100299040	1061
844	3	95522064	711
844	4	194185248	640
844	5	4306463937	627
844	6	4306525036	621
844	7	161085503	536
844	8	8481965	489
844	9	2756445955	447
844	10	138998826	413
845	1	4306400194	2454
845	2	4210172589	2076
845	3	4306401271	1325
845	4	55189604	724
845	5	4306463937	421
845	6	170967050	419
845	7	15470582	382
845	8	4394736638	376
845	9	8265502	369
845	10	150263959	224
846	1	183492911	2691
846	2	178776955	2178
846	3	134390580	1372
846	4	2307745	636
846	5	4306418073	612
846	6	186881120	595
846	7	201441698	449
846	8	27723657	439
846	9	64486668	428
846	10	180314335	332
847	1	183492911	786
847	2	2307745	731
847	3	150190834	690
847	4	180088163	650
847	5	106296714	645
847	6	4306420648	541
847	7	158797327	396
847	8	48659482	376
847	9	4306463937	276
847	10	63392143	275
848	1	106296714	1608
848	2	4306400194	942
848	3	4306463937	560
848	4	48050435	457
848	5	93787993	442
848	6	140556538	363
848	7	192650101	308
848	8	103321696	269
848	9	2764346689	260
848	10	139857051	254
849	1	4306400194	5201
849	2	184147796	2133
849	3	53865935	1369
849	4	151314372	743
849	5	18902827	698
849	6	158116049	582
849	7	77748030	487
849	8	204851967	449
849	9	81616010	439
849	10	181823235	386
850	1	90999920	3123
850	2	129676613	1585
850	3	130017051	671
850	4	102681701	635
850	5	186745480	629
850	6	4210206986	613
850	7	128740003	515
850	8	118009772	479
850	9	118246204	451
850	10	29537273	444
851	1	183492911	1688
851	2	178776955	706
851	3	4306400194	634
851	4	186881120	620
851	5	2307745	541
851	6	72499069	525
851	7	175543413	420
851	8	2485537415	392
851	9	27723657	349
851	10	196647941	301
852	1	4306525036	1760
852	2	75186586	1321
852	3	167965768	871
852	4	2672396	858
852	5	38907727	569
852	6	4306463937	376
852	7	36642063	305
852	8	128631314	304
852	9	44717366	293
852	10	4306463230	288
853	1	4306463937	914
853	2	110204754	758
853	3	186589312	734
853	4	47649111	633
853	5	113871862	477
853	6	4306525036	436
853	7	192592622	423
853	8	4306463230	407
853	9	117021518	402
853	10	150535073	364
854	1	113871862	2286
854	2	58085280	1424
854	3	4306525036	1017
854	4	17992710	576
854	5	168041952	554
854	6	4306463937	554
854	7	14436165	448
854	8	87202501	388
854	9	84074229	379
854	10	199498439	327
855	1	4210172367	1033
855	2	79704628	656
855	3	9189501	632
855	4	4306525036	587
855	5	4306402567	572
855	6	284573	436
855	7	202381698	430
855	8	173274907	397
855	9	169054600	385
855	10	175814247	353
856	1	4210172589	3820
856	2	4306401271	1185
856	3	4306463937	780
856	4	84022812	669
856	5	4306463223	534
856	6	4306462995	501
856	7	39307421	405
856	8	148561398	355
856	9	51653728	286
856	10	9731383	281
857	1	98208149	5216
857	2	27731274	1742
857	3	4306463937	865
857	4	89954039	765
857	5	4306402567	633
857	6	4306400194	588
857	7	168975578	397
857	8	4210174966	394
857	9	141109035	387
857	10	105243760	375
858	1	100343354	1258
858	2	4306525036	1218
858	3	4306463937	962
858	4	45053660	866
858	5	102860386	808
858	6	4306463230	402
858	7	197964821	399
858	8	146061289	387
858	9	39924113	378
858	10	59739785	370
859	1	75741262	2427
859	2	177196338	1108
859	3	164001016	668
859	4	22793308	664
859	5	204609040	591
859	6	11629336	581
859	7	6377669	518
859	8	94313546	415
859	9	163807576	411
859	10	185621672	368
860	1	4306400194	1727
860	2	4210169297	703
860	3	106296714	595
860	4	11296630	514
860	5	199497470	420
860	6	4306418373	407
860	7	62507282	359
860	8	120629676	312
860	9	128025751	278
860	10	4306463937	220
861	1	19176856	1649
861	2	4306525036	1370
861	3	200672447	1042
861	4	163740676	857
861	5	200877091	844
861	6	110757056	843
861	7	86387881	793
861	8	198335345	624
861	9	104442948	551
861	10	4306463937	424
862	1	106296714	1262
862	2	4306400194	968
862	3	183492911	669
862	4	4210177785	409
862	5	4306525036	354
862	6	4306463937	292
862	7	2764905038	267
862	8	4306402450	248
862	9	95522064	243
862	10	2485537415	242
863	1	15409311	3273
863	2	86387881	1116
863	3	11296630	885
863	4	110744938	588
863	5	4306525036	576
863	6	174332447	566
863	7	4306463937	543
863	8	200877091	397
863	9	163740676	377
863	10	20677110	361
864	1	33892871	1866
864	2	166351637	839
864	3	18204665	796
864	4	202680183	736
864	5	149937609	558
864	6	4363604106	534
864	7	83557516	498
864	8	154487680	488
864	9	147177414	470
864	10	125795645	397
865	1	154732359	1090
865	2	67716761	1081
865	3	87940674	722
865	4	64016596	708
865	5	105962883	636
865	6	11146949	604
865	7	183492911	490
865	8	105243760	451
865	9	187991544	389
865	10	3649266	364
866	1	110785341	1618
866	2	4306525036	893
866	3	115427279	750
866	4	4218381	674
866	5	71285955	543
866	6	126770807	508
866	7	88153332	481
866	8	4306463230	382
866	9	4210183135	348
866	10	4210187764	331
867	1	4306525036	866
867	2	108732581	676
867	3	4306463937	675
867	4	191417626	494
867	5	4306402450	383
867	6	73565813	311
867	7	126993733	278
867	8	204183829	252
867	9	198804558	231
867	10	4306463230	226
868	1	4210169774	791
868	2	106296714	564
868	3	4306463937	392
868	4	13961689	382
868	5	2764443376	372
868	6	4306400194	360
868	7	151470649	308
868	8	144620930	263
868	9	4210229544	257
868	10	181408163	208
869	1	83853393	2210
869	2	64311837	1909
869	3	168584722	512
869	4	98026630	482
869	5	4306525036	482
869	6	42294715	410
869	7	108911230	404
869	8	34126442	403
869	9	4306463937	337
869	10	134644764	312
870	1	4306525036	1228
870	2	76900504	671
870	3	14436165	587
870	4	93356601	453
870	5	4306463230	425
870	6	4306463937	402
870	7	4210207896	375
870	8	186153782	373
870	9	71995303	338
870	10	4306402450	325
871	1	41354064	8400
871	2	201989124	1897
871	3	205050996	1489
871	4	67393510	1064
871	5	4210200754	1055
871	6	133942674	945
871	7	68911691	847
871	8	111155417	826
871	9	152760256	797
871	10	36069537	760
872	1	144352947	2500
872	2	144802591	1837
872	3	180849759	1755
872	4	4306463230	1612
872	5	191178954	701
872	6	161638509	614
872	7	4210168508	599
872	8	196975874	597
872	9	76811283	570
872	10	69093139	564
873	1	4306525036	1384
873	2	27359860	1362
873	3	128227336	628
873	4	109369870	519
873	5	4306463230	455
873	6	202381698	441
873	7	72350973	351
873	8	4306463937	343
873	9	53087977	338
873	10	2483136528	307
874	1	78518477	1343
874	2	4306525036	871
874	3	87713832	550
874	4	4306463937	353
874	5	44383424	284
874	6	201595455	241
874	7	20241394	215
874	8	4306463075	200
874	9	202381698	189
874	10	196734849	169
875	1	4306525036	944
875	2	4306463230	662
875	3	205878144	468
875	4	128555845	395
875	5	4306463937	358
875	6	10446503	353
875	7	34460812	289
875	8	4306463075	275
875	9	42307217	270
875	10	115834843	253
876	1	2898246533	1717
876	2	202680183	735
876	3	2898405271	628
876	4	96000363	618
876	5	150671403	418
876	6	69755223	405
876	7	105928092	389
876	8	2764789360	368
876	9	4306463937	366
876	10	106296714	268
877	1	4306525036	1971
877	2	108525051	1660
877	3	68090385	1176
877	4	153558830	843
877	5	17239246	621
877	6	205866209	563
877	7	12507409	484
877	8	4306463937	366
877	9	49523212	359
877	10	49250914	328
878	1	4306402567	2110
878	2	4210172139	686
878	3	134668137	662
878	4	196734849	555
878	5	64187185	527
878	6	106963461	398
878	7	137773608	382
878	8	4306463937	370
878	9	202381698	338
878	10	4306463230	324
879	1	4306400194	677
879	2	106296714	621
879	3	4306463937	600
879	4	2913450704	398
879	5	20257348	388
879	6	4210169774	364
879	7	92163612	255
879	8	4210229544	250
879	9	192584203	241
879	10	133768115	227
880	1	10134376	1161
880	2	58516903	1012
880	3	205793605	644
880	4	4210172589	596
880	5	4306463937	499
880	6	4306463855	349
880	7	4306401271	262
880	8	76633192	204
880	9	12818680	195
880	10	4306401280	181
881	1	4306525036	1071
881	2	134546602	944
881	3	164469042	893
881	4	206235894	846
881	5	200071133	713
881	6	4306463937	540
881	7	118812467	430
881	8	140251998	417
881	9	4306463230	363
881	10	8942861	236
882	1	98085912	737
882	2	4306525036	729
882	3	4306463937	558
882	4	140251998	512
882	5	60865174	399
882	6	116251202	383
882	7	122159434	370
882	8	4306402567	327
882	9	185186944	323
882	10	111163638	295
883	1	4306400194	2293
883	2	4210172589	1566
883	3	4306463937	1018
883	4	4306463855	565
883	5	106296714	494
883	6	4210190517	438
883	7	4306463708	386
883	8	2736409588	310
883	9	4210170699	252
883	10	23735784	250
884	1	4306400194	5105
884	2	151579836	1178
884	3	4210226894	795
884	4	76385772	765
884	5	37268045	551
884	6	54953690	545
884	7	77333429	419
884	8	6775291	362
884	9	4306462920	289
884	10	14920484	288
885	1	52395412	1008
885	2	19032547	951
885	3	106296714	920
885	4	4306463937	650
885	5	4306525036	556
885	6	134668137	408
885	7	202381698	384
885	8	28614077	352
885	9	4210172139	339
885	10	4306400194	310
886	1	187991544	1448
886	2	105243760	1431
886	3	6791298	1156
886	4	67716761	1008
886	5	3649266	875
886	6	106928643	770
886	7	189509794	744
886	8	4210237713	700
886	9	2764696622	535
886	10	190924190	521
887	1	4306402567	1472
887	2	52395412	1446
887	3	19032547	1196
887	4	134668137	778
887	5	202381698	703
887	6	106296714	661
887	7	4210172139	528
887	8	4306400194	486
887	9	196734849	470
887	10	4306525036	461
888	1	106296714	1320
888	2	4306463937	636
888	3	183492911	303
888	4	2764900261	238
888	5	2764905038	221
888	6	4306400194	197
888	7	4210187594	191
888	8	181408163	181
888	9	4210169156	158
888	10	4210205812	158
889	1	44098145	1431
889	2	92316360	598
889	3	153614898	582
889	4	55737203	483
889	5	5832799	475
889	6	75830442	463
889	7	203530175	459
889	8	4306463937	404
889	9	86852077	364
889	10	1666925	362
890	1	46544255	1011
890	2	165991124	613
890	3	190456265	557
890	4	144099348	496
890	5	4306525036	484
890	6	202381698	476
890	7	4306402567	469
890	8	119628427	434
890	9	102868315	417
890	10	80413395	375
891	1	193624734	920
891	2	3569471	699
891	3	168680287	578
891	4	4306400194	542
891	5	154637859	354
891	6	2485537415	273
891	7	43295729	260
891	8	183492911	259
891	9	126920919	226
891	10	101949793	225
892	1	4363604106	6486
892	2	19016632	930
892	3	4210174741	619
892	4	105811054	404
892	5	4306463230	285
892	6	125705681	267
892	7	67425620	235
892	8	17843412	232
892	9	35794861	218
892	10	4363607700	206
893	1	4306462995	917
893	2	4306463937	908
893	3	4306462964	835
893	4	4306463855	735
893	5	2764375719	730
893	6	193913637	504
893	7	4306463708	489
893	8	203071428	486
893	9	196911494	401
893	10	4210184657	401
894	1	204847658	1905
894	2	55737203	1170
894	3	53579087	1130
894	4	20728117	854
894	5	145524021	785
894	6	163378907	600
894	7	4306463075	503
894	8	4306463937	484
894	9	2764832999	389
894	10	183886180	377
895	1	202381698	609
895	2	4306402567	523
895	3	11703781	427
895	4	80660208	427
895	5	25093289	412
895	6	4306463937	384
895	7	2482021738	378
895	8	4210236925	365
895	9	88315673	345
895	10	74970393	340
896	1	4306400194	9966
896	2	20133105	825
896	3	4805881	688
896	4	106486924	562
896	5	122441808	492
896	6	59725656	450
896	7	148906134	439
896	8	105977992	345
896	9	4306463937	304
896	10	4210226894	286
897	1	4306525036	1119
897	2	2736332253	661
897	3	124275759	625
897	4	129764719	460
897	5	2735126445	431
897	6	4306402450	412
897	7	72350973	374
897	8	202381698	367
897	9	2764844374	309
897	10	4306463937	244
898	1	94060836	962
898	2	4306463937	742
898	3	10134376	724
898	4	4306463855	468
898	5	32271328	426
898	6	87839507	361
898	7	4210172589	304
898	8	119317614	242
898	9	136896044	216
898	10	58516903	214
899	1	4306400194	9444
899	2	54953690	937
899	3	4210226894	505
899	4	100601982	477
899	5	151579836	394
899	6	122441808	319
899	7	60030702	284
899	8	105014038	283
899	9	4306463937	281
899	10	158241587	280
900	1	66401815	2016
900	2	132626406	1381
900	3	119525064	1042
900	4	50630504	823
900	5	4306463230	644
900	6	158228368	633
900	7	23579880	407
900	8	4306463075	399
900	9	26760650	396
900	10	4306525036	363
901	1	183492911	779
901	2	4306400194	599
901	3	106296714	483
901	4	4210173141	285
901	5	4306463937	279
901	6	115173108	223
901	7	4306418373	217
901	8	4210206007	184
901	9	38090728	159
901	10	4306419087	153
902	1	4306525036	1392
902	2	92477597	740
902	3	4310451	662
902	4	4306463937	509
902	5	7715451	486
902	6	24135080	450
902	7	4306463230	444
902	8	163220592	418
902	9	15444899	376
902	10	131488450	376
903	1	56437793	1733
903	2	4306463937	1698
903	3	41354064	1218
903	4	171072222	869
903	5	68911691	662
903	6	152760256	660
903	7	111155417	537
903	8	4210200754	473
903	9	67393510	471
903	10	137084839	463
904	1	106296714	1024
904	2	4306463937	814
904	3	4306418181	403
904	4	4306402512	339
904	5	100835903	251
904	6	4306400194	198
904	7	4306463230	190
904	8	37538908	187
904	9	4210179954	184
904	10	136160450	173
905	1	5745031	2063
905	2	2764696622	1131
905	3	815301	1091
905	4	75069817	811
905	5	105637730	625
905	6	2497375143	598
905	7	198098182	540
905	8	109565702	536
905	9	129676613	536
905	10	201326824	467
906	1	106296714	2029
906	2	4306463937	840
906	3	4306400194	674
906	4	4306420577	456
906	5	4387283601	423
906	6	4210191458	351
906	7	4306419999	277
906	8	13144211	257
906	9	4306402512	235
906	10	2764905038	230
907	1	4306463855	844
907	2	4306463937	820
907	3	184846731	528
907	4	174538591	459
907	5	4210198367	384
907	6	4210172589	296
907	7	4306463716	289
907	8	2764537278	257
907	9	4210214832	210
907	10	4306463223	189
908	1	176136234	5162
908	2	45406943	1353
908	3	6712347	993
908	4	191963794	932
908	5	123147032	740
908	6	4306463230	671
908	7	67976470	584
908	8	174893293	569
908	9	192559872	473
908	10	4306463075	458
909	1	98026630	1151
909	2	106501229	980
909	3	134644764	938
909	4	38637062	863
909	5	4306463230	608
909	6	26760650	486
909	7	4210196743	463
909	8	2737939966	428
909	9	193671726	373
909	10	38919146	324
910	1	4306463937	8929
910	2	4306463308	4563
910	3	4306463307	2142
910	4	4306463104	1797
910	5	4306464262	574
910	6	185609448	548
910	7	4210214373	412
910	8	4210176779	403
910	9	4306463128	334
910	10	4210167954	297
911	1	41354064	3604
911	2	133942674	1476
911	3	201989124	1042
911	4	205050996	965
911	5	111155417	727
911	6	67393510	681
911	7	4210200754	681
911	8	205754296	646
911	9	179810352	603
911	10	4210175341	596
912	1	63600306	1329
912	2	74123199	1240
912	3	4306525036	1081
912	4	4306463937	476
912	5	17147534	351
912	6	4306402450	225
912	7	12898181	184
912	8	15239247	180
912	9	4306463409	139
912	10	53142634	129
913	1	75741262	1803
913	2	95739953	1407
913	3	6791298	896
913	4	111155417	811
913	5	77047749	726
913	6	185621672	572
913	7	181332294	548
913	8	143846845	452
913	9	105243760	429
913	10	42323631	417
914	1	106296714	1773
914	2	38993383	503
914	3	4306463937	346
914	4	180263418	297
914	5	4210179954	218
914	6	4306400194	192
914	7	101949793	155
914	8	2764905038	155
914	9	202381698	146
914	10	4306402567	143
915	1	4306525036	1098
915	2	45954700	828
915	3	165809374	394
915	4	140251998	392
915	5	4306463230	381
915	6	134674912	362
915	7	4306463937	353
915	8	88153332	274
915	9	64351449	229
915	10	110785341	224
916	1	47192491	1170
916	2	4306525036	937
916	3	74622277	921
916	4	4306463937	633
916	5	101510409	506
916	6	106296714	294
916	7	59624048	281
916	8	169605324	279
916	9	157664895	267
916	10	45161156	256
917	1	4306400194	921
917	2	106296714	564
917	3	59604973	508
917	4	4306463937	480
917	5	2485537415	383
917	6	184777250	235
917	7	198098182	235
917	8	4306463230	215
917	9	4210179954	178
917	10	2764900261	165
918	1	47258695	963
918	2	114265899	946
918	3	91386000	869
918	4	18666220	837
918	5	138679565	489
918	6	4306463937	481
918	7	53787413	403
918	8	4306463855	326
918	9	9692511	323
918	10	2764634622	296
919	1	163027424	1074
919	2	147691530	629
919	3	4306525036	627
919	4	115742856	523
919	5	4306463937	520
919	6	79704628	465
919	7	4306463230	460
919	8	1995308	408
919	9	4306402567	383
919	10	111727011	311
920	1	131016564	1683
920	2	161954266	909
920	3	4306525036	636
920	4	122302516	558
920	5	97205441	553
920	6	30283931	536
920	7	160681128	505
920	8	1234972	460
920	9	130661733	445
920	10	162444473	435
921	1	4306400194	3512
921	2	4210187594	1662
921	3	4210182546	1398
921	4	4210210554	1288
921	5	4210238307	1094
921	6	2764696622	1044
921	7	145630073	1039
921	8	173952182	1009
921	9	187585107	856
921	10	94052278	555
922	1	3649266	2231
922	2	67716761	1222
922	3	106928643	1107
922	4	189509794	865
922	5	187991544	791
922	6	2764696622	611
922	7	89963981	600
922	8	5707928	458
922	9	50523690	456
922	10	34296711	406
923	1	75741262	770
923	2	206811868	723
923	3	31010182	708
923	4	105243760	706
923	5	4306463937	600
923	6	27731274	439
923	7	187991544	373
923	8	42323631	366
923	9	183492911	365
923	10	143744711	357
924	1	115964404	832
924	2	4306525036	729
924	3	128891601	522
924	4	67880631	520
924	5	206830620	453
924	6	2725811	401
924	7	67902008	298
924	8	4306463937	295
924	9	87338489	261
924	10	60865174	223
925	1	95854419	1819
925	2	192059556	1037
925	3	110924429	949
925	4	4306525036	750
925	5	85864898	719
925	6	202638507	568
925	7	4306463937	449
925	8	4306463230	334
925	9	12843020	333
925	10	2764904848	273
926	1	104135014	2098
926	2	4306525036	1278
926	3	124584150	965
926	4	138569045	879
926	5	4306463937	746
926	6	34108376	705
926	7	139675103	401
926	8	3376858	369
926	9	4306463230	353
926	10	183564694	306
927	1	106296714	2591
927	2	4306463937	755
927	3	4306400194	352
927	4	4306463409	303
927	5	2764900261	256
927	6	4210185096	242
927	7	2764905038	147
927	8	4306402512	133
927	9	2764825856	131
927	10	128754310	123
928	1	4306400194	784
928	2	202403813	751
928	3	189810516	597
928	4	4306463075	589
928	5	4306463937	588
928	6	48050435	551
928	7	40006715	510
928	8	1507157	417
928	9	148709879	302
928	10	128368299	293
929	1	4306525036	1002
929	2	140251998	672
929	3	202381698	632
929	4	4306402567	436
929	5	151589183	347
929	6	128439998	333
929	7	168522863	312
929	8	4306463937	302
929	9	125754415	296
929	10	86558740	291
930	1	134216166	782
930	2	86860186	709
930	3	43295729	617
930	4	55737203	569
930	5	164751132	517
930	6	4306463937	468
930	7	4306463075	395
930	8	4210195883	388
930	9	70708404	384
930	10	2764830010	338
931	1	168680287	795
931	2	154637859	618
931	3	4306400194	381
931	4	120629676	336
931	5	2485537415	313
931	6	101949793	295
931	7	64117906	269
931	8	11296630	246
931	9	193624734	240
931	10	149016011	227
932	1	4306402567	916
932	2	173328182	888
932	3	70979998	819
932	4	21442059	666
932	5	151564723	531
932	6	171368329	497
932	7	4306463937	491
932	8	182099265	481
932	9	54167817	400
932	10	158228368	343
933	1	106296714	981
933	2	4306463937	445
933	3	183885566	371
933	4	4210202285	370
933	5	4306402512	345
933	6	4306400194	307
933	7	2898246533	290
933	8	127660348	231
933	9	4210201815	218
933	10	157670870	189
934	1	5415759	881
934	2	140251998	863
934	3	4306525036	723
934	4	202381698	430
934	5	4306402567	407
934	6	4306463937	333
934	7	151589183	329
934	8	4210211921	277
934	9	46058472	261
934	10	10623703	244
935	1	45445671	1610
935	2	4306525036	1404
935	3	73678819	783
935	4	127900037	697
935	5	4306463937	456
935	6	17762386	452
935	7	68157034	439
935	8	2764375775	377
935	9	568598	343
935	10	144560499	281
936	1	4306400194	1281
936	2	2485537415	579
936	3	85738991	577
936	4	10936095	483
936	5	63459445	419
936	6	4306418306	402
936	7	189798733	282
936	8	4306463937	238
936	9	147316732	228
936	10	196647941	204
937	1	4306525036	755
937	2	4306402567	561
937	3	202381698	443
937	4	4306463937	374
937	5	134668137	319
937	6	174672550	295
937	7	4210231119	273
937	8	10623703	264
937	9	196734849	246
937	10	140251998	233
938	1	2764865925	1595
938	2	129676613	1141
938	3	166040772	723
938	4	109565702	650
938	5	90999920	621
938	6	6846437	562
938	7	5745031	502
938	8	2497375143	455
938	9	815301	436
938	10	105637730	421
939	1	41354064	3008
939	2	171072222	1224
939	3	168898714	938
939	4	171987449	870
939	5	173751180	776
939	6	183947471	720
939	7	4210168331	649
939	8	80733542	639
939	9	114012392	591
939	10	4306463937	484
940	1	4306400194	4415
940	2	200871675	1261
940	3	151579836	761
940	4	74141806	700
940	5	25826151	686
940	6	136982523	661
940	7	89452420	569
940	8	70695507	494
940	9	34928686	431
940	10	4306463937	379
941	1	4306462995	1943
941	2	4306463708	1159
941	3	2764375719	963
941	4	4306463855	721
941	5	4306463491	642
941	6	963407780	547
941	7	2764934421	473
941	8	73418008	361
941	9	72617860	354
941	10	27391030	337
942	1	4306463855	1537
942	2	18307414	915
942	3	79386155	911
942	4	192935422	835
942	5	144178814	654
942	6	4306463937	625
942	7	12205661	430
942	8	2764375719	412
942	9	4723672	343
942	10	4306463716	330
943	1	128227336	924
943	2	4306525036	813
943	3	158228368	474
943	4	202381698	465
943	5	53087977	452
943	6	66401815	394
943	7	4306463230	342
943	8	133274750	335
943	9	91748803	289
943	10	61175029	267
944	1	4210171160	2223
944	2	4210208105	628
944	3	109525458	532
944	4	159320098	412
944	5	61564791	383
944	6	114140916	377
944	7	90999920	294
944	8	4363605754	289
944	9	4306463937	272
944	10	4210194273	249
945	1	42433034	1717
945	2	4306525036	737
945	3	186577254	566
945	4	4306463937	436
945	5	71291065	415
945	6	4306463230	319
945	7	2764617610	306
945	8	202381698	297
945	9	4210211695	263
945	10	10623703	252
946	1	63023845	1705
946	2	201595455	1588
946	3	76547072	1398
946	4	185347286	1220
946	5	143190592	817
946	6	100299040	563
946	7	145630073	360
946	8	2764696622	353
946	9	4306463937	304
946	10	86852077	278
947	1	41354064	5587
947	2	81947917	1812
947	3	201989124	1376
947	4	205050996	1022
947	5	4210200754	743
947	6	67393510	735
947	7	133942674	711
947	8	152760256	586
947	9	21317199	550
947	10	205754296	508
948	1	4306400194	9129
948	2	38448739	1055
948	3	18902827	773
948	4	200334879	700
948	5	128556326	690
948	6	204851967	522
948	7	164906323	491
948	8	181823235	371
948	9	138567582	365
948	10	122441808	304
949	1	166515463	666
949	2	4306525036	538
949	3	4306402567	492
949	4	163027424	459
949	5	202381698	458
949	6	79704628	432
949	7	4306463230	396
949	8	4306463937	376
949	9	2764536931	356
949	10	107707151	339
950	1	200071133	1847
950	2	4306525036	1068
950	3	14436165	956
950	4	119714264	754
950	5	149476849	477
950	6	15137598	446
950	7	153015021	390
950	8	4306463937	347
950	9	15952725	340
950	10	27064115	307
951	1	106296714	4732
951	2	2764847869	1992
951	3	4306463937	743
951	4	4306400194	430
951	5	4210236173	311
951	6	166990724	256
951	7	2764900261	196
951	8	2485537415	187
951	9	2764905038	183
951	10	4210207404	178
952	1	4306525036	729
952	2	168522863	715
952	3	140251998	642
952	4	15137598	583
952	5	202381698	408
952	6	126644158	339
952	7	200071133	338
952	8	4306402567	319
952	9	128439998	308
952	10	151589183	284
953	1	4306463409	1237
953	2	106296714	871
953	3	201710173	782
953	4	4306463937	674
953	5	4210172589	595
953	6	23830393	280
953	7	4306463855	273
953	8	2764374723	264
953	9	85921003	252
953	10	4210188083	230
954	1	4306463937	1130
954	2	4306525036	1084
954	3	4306463230	886
954	4	173274907	678
954	5	2764548376	529
954	6	38337076	275
954	7	49025288	249
954	8	192539729	249
954	9	123991139	226
954	10	137284937	208
955	1	234478	1596
955	2	48852984	942
955	3	174083873	631
955	4	202381698	626
955	5	137773608	472
955	6	1983995261	472
955	7	205194082	441
955	8	63318184	397
955	9	159210951	387
955	10	126748203	376
956	1	41354064	1230
956	2	44567922	596
956	3	9865381	593
956	4	111155417	593
956	5	152760256	496
956	6	68911691	436
956	7	77047749	417
956	8	146709414	400
956	9	4210200754	383
956	10	188605413	366
957	1	92638099	1534
957	2	61245073	1199
957	3	183492911	1063
957	4	4306463937	995
957	5	148303206	697
957	6	4306525036	650
957	7	65504228	515
957	8	155721155	314
957	9	124030303	294
957	10	56437793	287
958	1	109113098	1512
958	2	11296630	721
958	3	107381699	677
958	4	4306525036	579
958	5	120877133	459
958	6	2764696622	459
958	7	4306463937	398
958	8	20241394	382
958	9	168745376	331
958	10	111362775	272
959	1	142259175	770
959	2	4306463937	592
959	3	4306463855	547
959	4	190677702	392
959	5	126127421	176
959	6	4306401280	156
959	7	106296714	154
959	8	104917558	141
959	9	4210172589	131
959	10	4306463409	130
960	1	157527038	1198
960	2	4306463230	722
960	3	4306525036	707
960	4	100175869	623
960	5	205775358	495
960	6	12418545	448
960	7	191044671	401
960	8	170105747	362
960	9	4306463937	362
960	10	130598054	350
961	1	126530969	2284
961	2	4306463937	1320
961	3	4306525036	1127
961	4	47192491	870
961	5	43051214	518
961	6	113474406	373
961	7	5398819	308
961	8	2764418376	307
961	9	101510409	294
961	10	60318618	285
962	1	4210187769	6849
962	2	4306463937	6207
962	3	189140625	1428
962	4	204459408	1351
962	5	4210168331	1276
962	6	173979593	1096
962	7	121410566	563
962	8	47516686	506
962	9	15526297	472
962	10	34870678	466
963	1	4306400194	2148
963	2	4306463937	855
963	3	115925768	643
963	4	928796702	615
963	5	39243548	602
963	6	193920097	599
963	7	52430896	521
963	8	103047102	521
963	9	106296714	459
963	10	50372074	439
964	1	4306400194	3826
964	2	4502562	1784
964	3	196647941	419
964	4	10936095	386
964	5	63459445	366
964	6	2485537415	362
964	7	61310614	361
964	8	147316732	349
964	9	2500830676	245
964	10	195231649	221
965	1	93565542	902
965	2	5042006	736
965	3	147293822	724
965	4	85417211	700
965	5	42573498	693
965	6	144020083	509
965	7	4306463937	499
965	8	29311329	465
965	9	36808561	385
965	10	159210951	323
966	1	4306525036	1282
966	2	156174673	789
966	3	83651209	601
966	4	181459644	415
966	5	4306463937	389
966	6	202381698	346
966	7	4306463230	309
966	8	151589183	282
966	9	143352558	240
966	10	140251998	223
967	1	75069817	1409
967	2	202680183	1300
967	3	21262371	1171
967	4	149937609	710
967	5	69753523	562
967	6	4306463230	481
967	7	186935893	428
967	8	204459408	380
967	9	33892871	373
967	10	4210172589	359
968	1	128350725	1430
968	2	4306400194	831
968	3	153329750	622
968	4	188551233	611
968	5	9424914	589
968	6	25707077	389
968	7	73550732	365
968	8	2764549733	361
968	9	167117542	338
968	10	4210184815	316
969	1	17551360	980
969	2	4306401271	786
969	3	134216166	706
969	4	127754761	583
969	5	4306463937	462
969	6	204847658	415
969	7	55737203	387
969	8	207806050	352
969	9	104641133	341
969	10	164882405	341
970	1	4306463937	834
970	2	4306463409	613
970	3	4210172589	417
970	4	106296714	400
970	5	4210176815	333
970	6	133913429	317
970	7	4306463855	308
970	8	4306417665	222
970	9	88978795	186
970	10	4210213280	166
971	1	8722945	890
971	2	4306463937	532
971	3	4306525036	484
971	4	4306402567	455
971	5	4306463230	385
971	6	5555990	375
971	7	202381698	371
971	8	196734849	256
971	9	163740676	216
971	10	4210186231	204
972	1	203966947	1145
972	2	151498627	689
972	3	168377509	625
972	4	71857517	520
972	5	2764498263	316
972	6	198098182	296
972	7	192268925	252
972	8	2764649243	246
972	9	4210179954	212
972	10	2485537415	199
973	1	63023845	1984
973	2	171072222	1072
973	3	112456310	990
973	4	27605946	805
973	5	13479253	637
973	6	81873017	522
973	7	166159787	503
973	8	41354064	502
973	9	197355279	360
973	10	145089992	344
974	1	4306400194	1278
974	2	148503350	971
974	3	106296714	653
974	4	160779208	516
974	5	45003570	490
974	6	4210172589	487
974	7	4306463937	486
974	8	2764900261	407
974	9	4210187660	395
974	10	103321696	334
975	1	4306525036	1453
975	2	4306463937	749
975	3	4306463230	546
975	4	66559934	383
975	5	191421250	258
975	6	2738950867	248
975	7	36642063	217
975	8	141953298	185
975	9	59624048	184
975	10	157799717	179
976	1	4306525036	909
976	2	96615428	765
976	3	27359860	617
976	4	49828768	538
976	5	57491091	485
976	6	202381698	408
976	7	4306463230	381
976	8	142765166	372
976	9	7140881	363
976	10	53087977	358
977	1	183492911	2481
977	2	117354312	1385
977	3	104118869	780
977	4	178776955	442
977	5	4210238599	405
977	6	134390580	359
977	7	103225281	309
977	8	20241394	291
977	9	43790123	262
977	10	4306463937	240
978	1	171405753	1932
978	2	4306525036	995
978	3	22881060	803
978	4	45445671	767
978	5	122347013	482
978	6	4306463937	452
978	7	206719219	437
978	8	127900037	370
978	9	4306463230	360
978	10	139838620	321
979	1	84590487	1050
979	2	4306525036	996
979	3	9886411	937
979	4	155604799	591
979	5	162636843	414
979	6	4306402450	369
979	7	4306401280	259
979	8	178469169	255
979	9	77494981	239
979	10	48019687	235
980	1	4306525036	1324
980	2	4306463937	715
980	3	3992287	384
980	4	14436165	364
980	5	4306463230	329
980	6	141953298	263
980	7	36642063	237
980	8	2738950867	176
980	9	58727509	161
980	10	39924113	143
981	1	96615428	959
981	2	4306525036	943
981	3	14436165	609
981	4	146061289	430
981	5	14534568	420
981	6	6589812	418
981	7	11564597	353
981	8	4306463937	353
981	9	49828768	330
981	10	4306463230	327
982	1	45281609	1702
982	2	142952003	1090
982	3	4306402567	739
982	4	143044361	508
982	5	202381698	481
982	6	166684315	479
982	7	4306463937	398
982	8	5555990	380
982	9	110965136	340
982	10	196734849	282
983	1	104135014	3242
983	2	124584150	1347
983	3	138569045	1310
983	4	34108376	1113
983	5	4306525036	892
983	6	4306463937	483
983	7	100253076	351
983	8	183564694	349
983	9	61740008	266
983	10	170712534	242
984	1	4306525036	1532
984	2	2506670899	921
984	3	86387881	794
984	4	4306463937	699
984	5	141445603	650
984	6	200877091	648
984	7	94555171	469
984	8	163740676	462
984	9	108525051	397
984	10	2755060417	375
985	1	42921845	1103
985	2	4306463230	829
985	3	4306463937	696
985	4	183718435	593
985	5	4306402567	542
985	6	4306525036	534
985	7	123151105	482
985	8	13876349	422
985	9	5555990	376
985	10	202381698	281
986	1	106296714	602
986	2	4306463937	453
986	3	128754310	266
986	4	85738991	216
986	5	4306463409	206
986	6	101949793	202
986	7	189694085	189
986	8	4210179954	164
986	9	189798733	162
986	10	67425620	153
987	1	4210172589	1914
987	2	4306401271	1543
987	3	4306463937	500
987	4	4306463855	370
987	5	48280882	238
987	6	4317411217	196
987	7	85457386	194
987	8	4306463769	172
987	9	4306463716	151
987	10	96563387	144
988	1	178776955	1813
988	2	4306418073	1559
988	3	134390580	1543
988	4	183492911	679
988	5	4306400194	499
988	6	186881120	489
988	7	27723657	468
988	8	112574528	358
988	9	170430865	331
988	10	163399160	303
989	1	4306525036	1337
989	2	73678819	1064
989	3	45445671	584
989	4	139838620	528
989	5	4306463937	435
989	6	17762386	353
989	7	2574783	335
989	8	122347013	325
989	9	568598	307
989	10	35334646	307
990	1	56464651	905
990	2	4306400573	776
990	3	4306402450	359
990	4	202381698	307
990	5	4306525036	303
990	6	154451576	284
990	7	150963864	260
990	8	15239247	251
990	9	12992298	243
990	10	129764719	228
991	1	4210172589	2312
991	2	4306400194	2094
991	3	4306401271	1710
991	4	106296714	1059
991	5	107325288	902
991	6	94044085	616
991	7	149064342	556
991	8	4306463937	531
991	9	132210109	442
991	10	4210191458	397
992	1	15336283	1021
992	2	62072220	981
992	3	126146781	966
992	4	4306525036	829
992	5	138209933	716
992	6	4210211635	589
992	7	4306463230	576
992	8	4306463937	492
992	9	2764719519	310
992	10	4306463075	274
993	1	200071133	830
993	2	92126311	797
993	3	4306525036	777
993	4	14436165	669
993	5	38008053	595
993	6	2595292759	416
993	7	4306463937	396
993	8	4306463230	353
993	9	25178087	277
993	10	189671064	253
994	1	4306463855	958
994	2	4306463937	938
994	3	4210172589	851
994	4	41746314	691
994	5	141724154	605
994	6	4306462995	389
994	7	51933024	349
994	8	2764375719	346
994	9	4306401280	272
994	10	4306463708	265
995	1	186935893	802
995	2	93565542	759
995	3	125705681	463
995	4	4363604106	456
995	5	204459408	389
995	6	164770093	369
995	7	34870678	347
995	8	33892871	335
995	9	4306463937	327
995	10	2497375143	311
996	1	4306400194	3431
996	2	106296714	2887
996	3	165542689	841
996	4	103671469	814
996	5	4306463937	795
996	6	4306417878	505
996	7	25827807	345
996	8	89324355	302
996	9	90727058	252
996	10	147953040	239
997	1	76304953	1965
997	2	145806103	1013
997	3	4306525036	946
997	4	137552098	917
997	5	204027754	778
997	6	45696439	675
997	7	100849232	615
997	8	4306463230	430
997	9	105513329	386
997	10	74941265	353
998	1	90999920	1780
998	2	129676613	1330
998	3	128740003	582
998	4	4210206986	457
998	5	118246204	428
998	6	118009772	427
998	7	186745480	351
998	8	29537273	342
998	9	4306463937	313
998	10	105637730	239
999	1	146061289	2349
999	2	205547219	1534
999	3	11564597	1251
999	4	4306525036	1139
999	5	182625382	606
999	6	121647140	586
999	7	4306463937	470
999	8	4210215907	423
999	9	27713550	401
999	10	181459644	284
1000	1	154451576	1608
1000	2	4306525036	1174
1000	3	87161179	840
1000	4	129764719	778
1000	5	4306463937	299
1000	6	2737606590	295
1000	7	4306402450	204
1000	8	5303612	201
1000	9	4306401280	197
1000	10	77508096	170
1001	1	4306525036	1077
1001	2	67880631	995
1001	3	107472416	549
1001	4	115964404	529
1001	5	59702976	386
1001	6	87338489	300
1001	7	202381698	294
1001	8	67902008	286
1001	9	4306463230	275
1001	10	25293849	268
1002	1	12992298	681
1002	2	4306525036	670
1002	3	56464651	561
1002	4	4210198353	473
1002	5	163818028	369
1002	6	86852077	364
1002	7	12507409	337
1002	8	4306463937	263
1002	9	13479253	254
1002	10	4306463230	229
1003	1	24435420	1196
1003	2	4306463855	966
1003	3	4306463937	807
1003	4	2736787023	459
1003	5	17827949	312
1003	6	177146671	295
1003	7	4210172589	246
1003	8	7617862	226
1003	9	4306463716	221
1003	10	183775936	217
1004	1	141356220	1382
1004	2	171471881	1354
1004	3	174901760	1152
1004	4	104261359	407
1004	5	155333626	403
1004	6	153677060	345
1004	7	96743589	300
1004	8	4306463937	281
1004	9	2738567291	248
1004	10	118082147	237
1005	1	14279044	2655
1005	2	133646729	561
1005	3	4306463937	277
1005	4	106296714	272
1005	5	4306400194	197
1005	6	4306504852	193
1005	7	200807567	189
1005	8	113542562	184
1005	9	128536549	169
1005	10	37538908	157
1006	1	172073041	1130
1006	2	4220651438	585
1006	3	2764777209	523
1006	4	4306463937	444
1006	5	4210191137	419
1006	6	4306463075	410
1006	7	4210195883	370
1006	8	2764534584	365
1006	9	4210178770	324
1006	10	120049674	319
1007	1	48860480	2172
1007	2	198098182	703
1007	3	815301	524
1007	4	2497375143	472
1007	5	68497187	457
1007	6	105637730	453
1007	7	4306463230	429
1007	8	109565702	418
1007	9	4306463937	299
1007	10	10134376	285
1008	1	53336109	994
1008	2	11296630	953
1008	3	99182027	916
1008	4	152000018	630
1008	5	54474125	462
1008	6	4306463937	447
1008	7	22862804	398
1008	8	4210202285	308
1008	9	971171794	282
1008	10	4363607867	259
1009	1	55009144	1172
1009	2	84179801	834
1009	3	2502047864	787
1009	4	193447295	753
1009	5	117279562	597
1009	6	2481244646	570
1009	7	202680183	562
1009	8	37391459	542
1009	9	2482773761	495
1009	10	1959426	474
1010	1	106296714	4107
1010	2	4306400194	2421
1010	3	4306463937	891
1010	4	47057106	488
1010	5	30880287	452
1010	6	4306402512	441
1010	7	59670734	375
1010	8	2734381524	357
1010	9	196139623	294
1010	10	255146	226
1011	1	4306525036	676
1011	2	14643628	591
1011	3	199414623	563
1011	4	204183829	539
1011	5	4306463937	498
1011	6	31768639	482
1011	7	4306402450	395
1011	8	969433497	371
1011	9	15137598	352
1011	10	94854268	323
1012	1	4306400194	1309
1012	2	2764696622	1195
1012	3	22862804	615
1012	4	4306463937	586
1012	5	164609412	575
1012	6	185031775	486
1012	7	148709879	468
1012	8	185067381	317
1012	9	145400011	274
1012	10	53336109	231
1013	1	4306525036	820
1013	2	4306463937	714
1013	3	61245073	691
1013	4	197087632	506
1013	5	28607811	393
1013	6	169297576	363
1013	7	58727509	357
1013	8	137372873	356
1013	9	145688728	332
1013	10	4306463075	317
1014	1	4306401271	2270
1014	2	4210172589	2101
1014	3	4306463937	537
1014	4	65528657	352
1014	5	175672440	336
1014	6	101788309	320
1014	7	203746597	314
1014	8	107631327	302
1014	9	4306463855	302
1014	10	147692640	294
1015	1	67377460	1089
1015	2	173117069	905
1015	3	132320204	624
1015	4	4306463937	502
1015	5	4306525036	470
1015	6	48236719	433
1015	7	7617862	431
1015	8	19769454	397
1015	9	89928119	367
1015	10	9889374	364
1016	1	4210172139	670
1016	2	169123381	625
1016	3	4306525036	565
1016	4	4306463937	461
1016	5	201669150	447
1016	6	4306402567	401
1016	7	44492648	334
1016	8	140251998	333
1016	9	202381698	329
1016	10	196734849	311
1017	1	110206669	713
1017	2	4306400194	501
1017	3	2485537415	383
1017	4	106296714	381
1017	5	186881120	322
1017	6	4210206007	315
1017	7	4306463937	301
1017	8	183492911	276
1017	9	138681734	262
1017	10	102728161	258
1018	1	4306463937	883
1018	2	4306525036	790
1018	3	156006901	685
1018	4	80587696	647
1018	5	51654951	498
1018	6	4306463230	412
1018	7	154904565	375
1018	8	14544163	364
1018	9	181675524	341
1018	10	85146155	318
1019	1	4306400194	919
1019	2	183492911	738
1019	3	106296714	722
1019	4	4210173141	392
1019	5	2485537415	387
1019	6	110206669	352
1019	7	4210171700	246
1019	8	83215360	216
1019	9	4210179954	194
1019	10	101949793	180
1020	1	38008053	1702
1020	2	2595292759	1161
1020	3	200071133	838
1020	4	126191069	600
1020	5	4306525036	576
1020	6	202381698	443
1020	7	4306402567	352
1020	8	125754415	315
1020	9	22947807	312
1020	10	6860681	306
1021	1	197069552	385
1021	2	8427965	362
1021	3	4306400194	304
1021	4	4306463937	282
1021	5	4220650825	279
1021	6	106296714	278
1021	7	101949793	256
1021	8	4210169992	250
1021	9	4306525036	249
1021	10	5240358	230
1022	1	4306400194	4426
1022	2	158241587	600
1022	3	16116274	475
1022	4	27783554	447
1022	5	100601982	438
1022	6	4306463937	414
1022	7	54953690	406
1022	8	151579836	402
1022	9	4210209227	341
1022	10	83211391	334
1023	1	140550477	680
1023	2	6628304	371
1023	3	98183460	287
1023	4	4306463937	279
1023	5	156006901	265
1023	6	110924429	246
1023	7	4306525036	224
1023	8	101949793	218
1023	9	4210230647	216
1023	10	4210169774	215
1024	1	4306463937	784
1024	2	4306463855	477
1024	3	4306418324	428
1024	4	4306463409	425
1024	5	4210172589	356
1024	6	4306417665	350
1024	7	4306419566	337
1024	8	106296714	335
1024	9	4210185096	306
1024	10	116712389	284
1025	1	203479135	2401
1025	2	96873385	1848
1025	3	10719676	671
1025	4	201441698	434
1025	5	189509794	425
1025	6	183492911	359
1025	7	2764696622	359
1025	8	199247034	340
1025	9	85849776	337
1025	10	146636433	318
1026	1	4306525036	1157
1026	2	4306463937	505
1026	3	109435702	416
1026	4	100767427	403
1026	5	159252376	391
1026	6	206992039	386
1026	7	15137598	329
1026	8	90745127	305
1026	9	4306463230	281
1026	10	5694335	238
1027	1	186577254	1088
1027	2	42433034	1042
1027	3	4306525036	989
1027	4	4306463937	678
1027	5	4210211695	354
1027	6	4306463230	345
1027	7	2764617610	229
1027	8	14436165	209
1027	9	71291065	199
1027	10	4306463075	179
1028	1	1627031	1315
1028	2	202740514	1217
1028	3	4306463855	920
1028	4	180299799	778
1028	5	163221538	696
1028	6	100564699	570
1028	7	56905953	531
1028	8	4306463937	486
1028	9	155671932	476
1028	10	188440287	419
1029	1	4306525036	1231
1029	2	25178087	823
1029	3	186113128	789
1029	4	97303050	720
1029	5	115693375	684
1029	6	14436165	481
1029	7	4306463937	420
1029	8	18197459	354
1029	9	53361855	343
1029	10	99619495	301
1030	1	4026894	2202
1030	2	100227592	1465
1030	3	2764396434	1028
1030	4	4306525036	954
1030	5	112180307	839
1030	6	4210194118	685
1030	7	4306463937	540
1030	8	44433048	487
1030	9	4210167578	374
1030	10	4306463230	314
1031	1	4210172589	2999
1031	2	4306400194	2000
1031	3	4306401271	1940
1031	4	106296714	868
1031	5	94044085	727
1031	6	4306463937	568
1031	7	149131268	539
1031	8	132210109	315
1031	9	579031	236
1031	10	36178057	195
1032	1	100835903	564
1032	2	200807567	540
1032	3	37538908	330
1032	4	4306463937	293
1032	5	4306418181	265
1032	6	73404582	235
1032	7	10892749	171
1032	8	157670870	141
1032	9	106296714	112
1032	10	2486202937	109
1033	1	19710621	3879
1033	2	84231135	1593
1033	3	4306463937	1492
1033	4	196442619	988
1033	5	4306525036	876
1033	6	14436165	520
1033	7	45720283	304
1033	8	4306463230	274
1033	9	2755888424	227
1033	10	58727509	193
1034	1	168680287	425
1034	2	4306463937	307
1034	3	154637859	250
1034	4	120629676	249
1034	5	4306418373	249
1034	6	62507282	213
1034	7	20109229	211
1034	8	116977442	201
1034	9	4306400194	196
1034	10	93916849	178
1035	1	4306525036	1308
1035	2	4306463937	455
1035	3	4306463230	401
1035	4	4210201749	366
1035	5	2672396	357
1035	6	86387881	342
1035	7	200877091	278
1035	8	190615092	273
1035	9	163740676	251
1035	10	128631314	240
1036	1	4306525036	849
1036	2	47215897	731
1036	3	14436165	522
1036	4	124275759	517
1036	5	23625584	511
1036	6	5248501	399
1036	7	4306463230	357
1036	8	174893293	342
1036	9	4306463937	262
1036	10	103248676	209
1037	1	93288122	919
1037	2	4306525036	887
1037	3	14436165	746
1037	4	154926289	503
1037	5	80731565	411
1037	6	72350973	378
1037	7	2737643958	362
1037	8	4306463230	345
1037	9	128227336	304
1037	10	4306463937	298
1038	1	111326731	953
1038	2	183492911	878
1038	3	126920919	768
1038	4	43295729	473
1038	5	3569471	471
1038	6	193624734	471
1038	7	101949793	321
1038	8	189694085	280
1038	9	117727964	277
1038	10	2485537415	244
1039	1	4306463937	585
1039	2	4306463855	476
1039	3	16240985	474
1039	4	4210177753	358
1039	5	135873401	283
1039	6	142259175	268
1039	7	4210176587	237
1039	8	162196882	219
1039	9	96205195	213
1039	10	4210172589	213
1040	1	151331055	1650
1040	2	4306463937	1097
1040	3	156995526	681
1040	4	73786128	463
1040	5	13823553	452
1040	6	29984966	396
1040	7	9692511	303
1040	8	4210172589	272
1040	9	4306463230	247
1040	10	4306463855	231
1041	1	140251998	960
1041	2	4306402567	542
1041	3	4306525036	470
1041	4	151589183	459
1041	5	202381698	437
1041	6	125754415	335
1041	7	156208185	317
1041	8	4210172139	310
1041	9	196734849	254
1041	10	64187185	241
1042	1	4210172589	2550
1042	2	4306401271	1165
1042	3	4306463937	845
1042	4	4306463855	510
1042	5	4306463223	230
1042	6	4306462995	218
1042	7	4306463716	217
1042	8	4306463708	174
1042	9	180105601	170
1042	10	4306401280	158
1043	1	4210172589	4671
1043	2	4306401271	2162
1043	3	183232449	444
1043	4	4306463937	429
1043	5	3416249	338
1043	6	36178057	332
1043	7	4306463223	323
1043	8	107033909	254
1043	9	81845475	251
1043	10	4306462995	226
1044	1	145630073	5597
1044	2	116045149	3131
1044	3	14279044	1412
1044	4	4306400194	903
1044	5	4210187594	660
1044	6	183492911	415
1044	7	2764696622	265
1044	8	4210182546	227
1044	9	19068271	217
1044	10	4306512824	207
1045	1	4210172589	1689
1045	2	4306463937	923
1045	3	106296714	723
1045	4	4306400194	469
1045	5	4306463409	384
1045	6	4306463855	326
1045	7	2764351738	226
1045	8	160346394	221
1045	9	4210185096	198
1045	10	4306462995	189
1046	1	4306463075	1201
1046	2	139192911	1194
1046	3	106576117	853
1046	4	178493899	511
1046	5	128754310	489
1046	6	143391730	452
1046	7	2764640149	442
1046	8	67425620	401
1046	9	4210195883	398
1046	10	4210178770	367
1047	1	4306463937	953
1047	2	4210172589	897
1047	3	4306463855	773
1047	4	172342871	322
1047	5	4306463223	290
1047	6	4210213280	286
1047	7	175013504	285
1047	8	97033246	273
1047	9	4306401271	184
1047	10	4306463716	166
1048	1	4306402567	1137
1048	2	55776271	739
1048	3	2484704948	663
1048	4	158228368	409
1048	5	96615428	373
1048	6	4306463937	354
1048	7	202381698	339
1048	8	4306463230	320
1048	9	6147291	317
1048	10	57491091	310
1049	1	4306400194	4778
1049	2	151579836	703
1049	3	73458468	420
1049	4	54953690	407
1049	5	4210226894	378
1049	6	179905963	349
1049	7	7365561	341
1049	8	87350844	324
1049	9	6775291	298
1049	10	16116274	286
1050	1	183492911	1656
1050	2	178776955	889
1050	3	134390580	875
1050	4	105243760	564
1050	5	186881120	522
1050	6	143744711	505
1050	7	182865820	445
1050	8	4210238599	403
1050	9	187991544	401
1050	10	199247034	397
1051	1	4306525036	717
1051	2	202381698	402
1051	3	140251998	295
1051	4	10623703	291
1051	5	134644764	271
1051	6	196734849	258
1051	7	108911230	257
1051	8	4306402567	236
1051	9	4306402450	223
1051	10	151589183	218
1052	1	198098182	844
1052	2	2497375143	548
1052	3	4306400194	420
1052	4	109565702	389
1052	5	2485537415	327
1052	6	106296714	310
1052	7	815301	281
1052	8	105637730	263
1052	9	4210187594	263
1052	10	201921491	219
1053	1	2764789360	2514
1053	2	202680183	2083
1053	3	150671403	1586
1053	4	166351637	782
1053	5	147177414	621
1053	6	4306463230	570
1053	7	33892871	558
1053	8	94212472	494
1053	9	2497375143	390
1053	10	4306463937	374
1054	1	4306525036	1217
1054	2	4306463937	610
1054	3	205775358	440
1054	4	4306463230	393
1054	5	14436165	237
1054	6	141953298	222
1054	7	4210218062	189
1054	8	2738950867	180
1054	9	1118231	170
1054	10	165390330	157
1055	1	144860794	1862
1055	2	4306525036	1457
1055	3	127437062	966
1055	4	10542796	771
1055	5	131127159	616
1055	6	185234292	577
1055	7	187579785	575
1055	8	205902839	539
1055	9	4306463937	487
1055	10	132356188	434
1056	1	20257348	1950
1056	2	193677276	962
1056	3	190640482	538
1056	4	98276404	517
1056	5	39195600	470
1056	6	4306402567	466
1056	7	9351502	406
1056	8	127706618	373
1056	9	202381698	333
1056	10	59702976	322
1057	1	4306525036	1286
1057	2	87338489	594
1057	3	111163638	372
1057	4	91067379	344
1057	5	133907260	272
1057	6	187816532	269
1057	7	45161156	256
1057	8	4306463937	250
1057	9	116251202	231
1057	10	124035732	217
1058	1	76633192	1780
1058	2	4306463937	922
1058	3	4210172589	830
1058	4	4306463855	450
1058	5	9702615	276
1058	6	14881475	234
1058	7	79007945	223
1058	8	4306463409	203
1058	9	4306463716	172
1058	10	4306462995	163
1059	1	4210172589	2846
1059	2	4306401271	1529
1059	3	94499970	1208
1059	4	194185345	822
1059	5	88577320	417
1059	6	2497375143	261
1059	7	145572626	246
1059	8	175056054	233
1059	9	201533460	230
1059	10	4306463937	230
1060	1	124424368	603
1060	2	4306525036	560
1060	3	178469169	532
1060	4	77494981	491
1060	5	158041768	337
1060	6	144345918	316
1060	7	4306463937	313
1060	8	18455948	298
1060	9	67667785	294
1060	10	3774022	256
1061	1	76910236	640
1061	2	152000018	581
1061	3	4306400194	476
1061	4	111326731	456
1061	5	162372621	442
1061	6	207178839	381
1061	7	43295729	359
1061	8	4210200322	280
1061	9	135937692	273
1061	10	22862804	253
1062	1	6785741	762
1062	2	24284137	741
1062	3	128754310	653
1062	4	4210169712	505
1062	5	67425620	464
1062	6	133299089	462
1062	7	194735492	435
1062	8	4210202285	434
1062	9	4210240396	418
1062	10	164426212	407
1063	1	106296714	2855
1063	2	192650101	744
1063	3	4306463937	652
1063	4	33368595	404
1063	5	4306400194	397
1063	6	39012697	352
1063	7	179157397	318
1063	8	10169007	312
1063	9	2764900261	275
1063	10	2764999920	240
1064	1	4306525036	807
1064	2	60865174	610
1064	3	206235894	403
1064	4	116251202	398
1064	5	103305516	358
1064	6	14436165	357
1064	7	181568219	335
1064	8	185186944	320
1064	9	134546602	309
1064	10	46995015	256
1065	1	85016161	1102
1065	2	146976949	592
1065	3	4306525036	373
1065	4	31777576	314
1065	5	2764557943	265
1065	6	178362034	260
1065	7	155128447	248
1065	8	6691161	222
1065	9	4306401280	220
1065	10	4306463230	216
1066	1	4306401271	580
1066	2	10134376	523
1066	3	4306463937	460
1066	4	99313352	416
1066	5	4306463855	411
1066	6	78512408	374
1066	7	2764628096	345
1066	8	4306402512	296
1066	9	4210172589	260
1066	10	28036099	225
1067	1	15137598	2519
1067	2	4306525036	1226
1067	3	41454044	910
1067	4	14436165	837
1067	5	112974357	477
1067	6	16731738	363
1067	7	117498271	304
1067	8	62966998	297
1067	9	192926780	227
1067	10	4306463937	216
1068	1	4306525036	909
1068	2	4306463937	681
1068	3	4306463230	490
1068	4	12558119	459
1068	5	41600865	393
1068	6	154904565	336
1068	7	136578784	332
1068	8	194540436	292
1068	9	51654951	284
1068	10	2765033454	261
1069	1	4306525036	1226
1069	2	30525748	805
1069	3	4306463937	805
1069	4	15137598	612
1069	5	196979320	478
1069	6	4306463230	326
1069	7	39924113	271
1069	8	12548615	255
1069	9	14436165	239
1069	10	191188855	225
1070	1	4210172608	893
1070	2	33952821	881
1070	3	4306462995	881
1070	4	2764375719	774
1070	5	4306463716	725
1070	6	4306463855	582
1070	7	4306463937	532
1070	8	3127539	517
1070	9	101084935	354
1070	10	115434995	328
1071	1	113871862	927
1071	2	4306525036	885
1071	3	168041952	599
1071	4	17992710	570
1071	5	4306463937	508
1071	6	14436165	346
1071	7	160879026	224
1071	8	76849566	222
1071	9	92766711	221
1071	10	4306463230	218
1072	1	4306525036	664
1072	2	140251998	618
1072	3	71649485	406
1072	4	151589183	303
1072	5	202381698	293
1072	6	4306463937	289
1072	7	11400418	223
1072	8	30970080	205
1072	9	41354064	178
1072	10	10623703	175
1073	1	143946080	1891
1073	2	181849944	1056
1073	3	67425620	650
1073	4	4210194876	424
1073	5	4306463937	405
1073	6	2737336974	381
1073	7	4210169118	312
1073	8	116826539	282
1073	9	45356120	251
1073	10	4210208383	250
1074	1	11852655	2141
1074	2	4306525036	671
1074	3	155128447	660
1074	4	161475033	323
1074	5	23243006	309
1074	6	8555896	299
1074	7	163169856	252
1074	8	2738474774	243
1074	9	80413395	242
1074	10	63436312	240
1075	1	146976949	1119
1075	2	31777576	606
1075	3	9324707	424
1075	4	202381698	400
1075	5	4306463937	369
1075	6	130917594	336
1075	7	4306525036	328
1075	8	115815424	302
1075	9	92562763	283
1075	10	196734849	272
1076	1	4306463937	1002
1076	2	4306463855	850
1076	3	23604231	768
1076	4	4210169472	767
1076	5	4210172589	763
1076	6	2734603922	598
1076	7	19210902	579
1076	8	167107504	373
1076	9	162188394	363
1076	10	25389742	312
1077	1	4306525036	690
1077	2	4306402567	593
1077	3	4306463937	354
1077	4	99309566	303
1077	5	198965713	300
1077	6	202381698	291
1077	7	4306463230	280
1077	8	205775358	254
1077	9	45445671	236
1077	10	180901878	214
1078	1	4306525036	884
1078	2	2595292759	494
1078	3	38008053	384
1078	4	4306402450	357
1078	5	4306402567	270
1078	6	10623703	256
1078	7	121831025	228
1078	8	158377717	218
1078	9	4306463937	213
1078	10	202381698	196
1079	1	4306463937	977
1079	2	9211381	901
1079	3	42886211	528
1079	4	85265705	491
1079	5	4306463230	485
1079	6	4306463855	465
1079	7	4306462995	424
1079	8	154849578	322
1079	9	9692511	312
1079	10	4210187594	217
1080	1	4306525036	1048
1080	2	129764719	443
1080	3	182167790	406
1080	4	154451576	374
1080	5	4306463937	350
1080	6	87161179	334
1080	7	118780703	290
1080	8	144860794	273
1080	9	5303612	205
1080	10	100736837	196
1081	1	2898246533	730
1081	2	89543202	373
1081	3	2898405271	352
1081	4	4210179954	315
1081	5	4306463937	242
1081	6	96000363	237
1081	7	2764905038	190
1081	8	128754310	180
1081	9	202680183	176
1081	10	4306400194	168
1082	1	25157213	1338
1082	2	179591353	1126
1082	3	4306400194	680
1082	4	153084011	619
1082	5	164609412	568
1082	6	113313948	544
1082	7	4306463937	453
1082	8	61564791	334
1082	9	121986758	333
1082	10	207254130	325
1083	1	4306525036	975
1083	2	4306463937	516
1083	3	21313849	385
1083	4	78750095	360
1083	5	178548257	317
1083	6	151416048	283
1083	7	201064403	265
1083	8	116251202	191
1083	9	60865174	181
1083	10	132854162	180
1084	1	4306463937	1112
1084	2	156862075	914
1084	3	4306525036	747
1084	4	200437886	469
1084	5	15239247	414
1084	6	195965714	364
1084	7	39948230	329
1084	8	79909490	300
1084	9	6931765	286
1084	10	163542868	275
1085	1	79925788	1201
1085	2	4306525036	552
1085	3	98026630	287
1085	4	108911230	274
1085	5	41354064	248
1085	6	134644764	217
1085	7	4306463937	201
1085	8	44504596	195
1085	9	2764522585	181
1085	10	29564236	172
1086	1	4306525036	1158
1086	2	155128447	816
1086	3	11852655	623
1086	4	4306463230	414
1086	5	80413395	296
1086	6	31573680	278
1086	7	4306463937	278
1086	8	73111969	260
1086	9	102868315	236
1086	10	161475033	234
1087	1	10719676	1363
1087	2	4306400194	656
1087	3	64016596	506
1087	4	165830345	419
1087	5	4210189194	414
1087	6	4306463937	412
1087	7	87940674	394
1087	8	90999920	332
1087	9	67716761	325
1087	10	26018076	295
1088	1	104261359	1396
1088	2	48813012	871
1088	3	185347631	497
1088	4	185787987	338
1088	5	96743589	329
1088	6	195136871	277
1088	7	49731288	276
1088	8	4306463937	252
1088	9	155333626	250
1088	10	115815424	243
1089	1	76547072	2365
1089	2	63023845	1849
1089	3	185347286	599
1089	4	4306463937	580
1089	5	65543285	578
1089	6	100299040	481
1089	7	86852077	418
1089	8	201595455	377
1089	9	113542562	322
1089	10	13479253	224
1090	1	4306400194	3562
1090	2	4210238307	2083
1090	3	120662888	1553
1090	4	4210210554	1368
1090	5	187585107	1049
1090	6	4210187594	1000
1090	7	145630073	879
1090	8	24807848	786
1090	9	173952182	725
1090	10	116045149	572
1091	1	143946080	922
1091	2	69753523	827
1091	3	197355279	475
1091	4	18051569	371
1091	5	58516903	363
1091	6	4306463937	361
1091	7	181849944	324
1091	8	119469986	316
1091	9	202680183	314
1091	10	81873017	280
1092	1	25650217	1623
1092	2	4306525036	1245
1092	3	50602745	743
1092	4	183989336	720
1092	5	44888363	572
1092	6	50823678	417
1092	7	4306463937	411
1092	8	2898446404	405
1092	9	132787887	357
1092	10	149170128	328
1093	1	157766733	926
1093	2	4306463937	872
1093	3	4306463855	478
1093	4	4306525036	413
1093	5	158413896	358
1093	6	152855201	348
1093	7	40137911	299
1093	8	4306463230	289
1093	9	13566964	249
1093	10	110368005	231
1094	1	137468011	1162
1094	2	4306402567	940
1094	3	103225281	596
1094	4	9692511	518
1094	5	202381698	467
1094	6	58778951	431
1094	7	165368631	396
1094	8	4306400194	372
1094	9	4306463937	322
1094	10	196734849	312
1095	1	4306525036	1212
1095	2	171705774	822
1095	3	116012647	751
1095	4	127305661	539
1095	5	172125442	373
1095	6	4210190147	370
1095	7	88041965	360
1095	8	21371779	355
1095	9	99068972	261
1095	10	4210219855	256
1096	1	183492911	795
1096	2	11146949	686
1096	3	8962223	617
1096	4	45331193	563
1096	5	99182027	529
1096	6	53336109	447
1096	7	52363224	340
1096	8	80184758	300
1096	9	4306463937	287
1096	10	61564791	263
1097	1	158041768	1532
1097	2	156006901	850
1097	3	12843020	691
1097	4	4306463937	679
1097	5	4306525036	613
1097	6	78230319	436
1097	7	44433048	367
1097	8	102185553	312
1097	9	110924429	286
1097	10	132320204	265
1098	1	157718187	862
1098	2	10562539	783
1098	3	130555258	440
1098	4	2764363336	396
1098	5	4306401280	338
1098	6	4210196743	266
1098	7	2765017008	210
1098	8	2493613807	191
1098	9	1030393547	161
1098	10	140190424	157
1099	1	4306400194	1410
1099	2	144771191	613
1099	3	106296714	508
1099	4	4210202285	497
1099	5	4306463937	383
1099	6	101949793	303
1099	7	2485537415	238
1099	8	4210199657	172
1099	9	4210179954	154
1099	10	2764905038	139
1100	1	38855548	1672
1100	2	154732359	1128
1100	3	67716761	1082
1100	4	87940674	660
1100	5	2530005873	444
1100	6	64016596	415
1100	7	105962883	378
1100	8	165830345	375
1100	9	67425620	351
1100	10	95953521	318
1101	1	4210205400	948
1101	2	4317411217	547
1101	3	4210236372	499
1101	4	4393919366	385
1101	5	4306401280	379
1101	6	4210191986	307
1101	7	4210187594	260
1101	8	2764696622	259
1101	9	4210182531	208
1101	10	4210209867	204
1102	1	119074828	816
1102	2	203966947	788
1102	3	29875816	662
1102	4	168377509	426
1102	5	198098182	378
1102	6	58031724	306
1102	7	71857517	303
1102	8	151498627	290
1102	9	2485537415	289
1102	10	2764687066	245
1103	1	120382301	552
1103	2	4210187475	440
1103	3	47215897	398
1103	4	4306525036	386
1103	5	202381698	376
1103	6	10623703	340
1103	7	196734849	327
1103	8	184443419	291
1103	9	98085912	239
1103	10	2484704948	231
1104	1	4306463855	880
1104	2	4306463937	854
1104	3	4306463716	703
1104	4	144836642	507
1104	5	2764375719	337
1104	6	4306462995	323
1104	7	4306463717	273
1104	8	4306463091	244
1104	9	4306462964	242
1104	10	4210222078	222
1105	1	4306400194	1465
1105	2	106296714	1097
1105	3	183492911	661
1105	4	4210173141	473
1105	5	2485537415	313
1105	6	110206669	227
1105	7	45693802	165
1105	8	4306463937	143
1105	9	115173108	142
1105	10	4210187594	136
1106	1	106296714	2452
1106	2	4306463937	929
1106	3	4306400194	694
1106	4	30698027	401
1106	5	4210226185	313
1106	6	2764900261	191
1106	7	78926909	178
1106	8	4210168194	165
1106	9	193006928	135
1106	10	192650101	128
1107	1	45954700	798
1107	2	4306525036	550
1107	3	4306463937	385
1107	4	4306463075	304
1107	5	165809374	283
1107	6	110785341	186
1107	7	86852077	163
1107	8	4306463230	161
1107	9	13479253	152
1107	10	128018148	151
1108	1	19266977	1073
1108	2	161551636	717
1108	3	18051569	536
1108	4	4306463937	496
1108	5	58516903	482
1108	6	10134376	478
1108	7	4210195883	365
1108	8	111367495	282
1108	9	4306463230	276
1108	10	4210172589	217
1109	1	4306525036	631
1109	2	14544163	494
1109	3	205145379	458
1109	4	140889577	445
1109	5	39195600	341
1109	6	4306463937	330
1109	7	4306463230	328
1109	8	183492911	265
1109	9	174346720	221
1109	10	59702976	196
1110	1	4306400194	1854
1110	2	151579836	598
1110	3	200871675	481
1110	4	89452420	474
1110	5	70695507	465
1110	6	897311980	419
1110	7	4306463937	382
1110	8	151292657	318
1110	9	19392275	277
1110	10	56603566	272
1111	1	183492911	1252
1111	2	100373537	1222
1111	3	105243760	785
1111	4	178776955	725
1111	5	4306463937	703
1111	6	182865820	692
1111	7	77654513	671
1111	8	4306418073	385
1111	9	134390580	330
1111	10	4210238599	314
1112	1	4306525036	1282
1112	2	96615428	701
1112	3	202381698	378
1112	4	27359860	321
1112	5	4306463230	296
1112	6	49828768	265
1112	7	103035011	251
1112	8	4306463937	247
1112	9	57491091	238
1112	10	55776271	232
1113	1	4306463855	1046
1113	2	4306463122	898
1113	3	4306463937	651
1113	4	2764375719	644
1113	5	96006530	573
1113	6	22535337	533
1113	7	4306463708	515
1113	8	4306462995	430
1113	9	200275961	355
1113	10	970280684	287
1114	1	4306463937	1360
1114	2	2898565713	458
1114	3	31748134	342
1114	4	4210172589	267
1114	5	4306463855	267
1114	6	107183665	227
1114	7	35298862	213
1114	8	93284759	211
1114	9	180851279	205
1114	10	10134376	192
1115	1	48050435	2041
1115	2	4306463937	665
1115	3	40006715	641
1115	4	165651092	473
1115	5	111482492	379
1115	6	4306400194	315
1115	7	4210202285	246
1115	8	139857051	230
1115	9	67425620	229
1115	10	128754310	222
1116	1	4210177186	914
1116	2	4306463937	762
1116	3	4306525036	707
1116	4	207859457	484
1116	5	174819509	429
1116	6	2312674	408
1116	7	104698359	346
1116	8	186746772	338
1116	9	191417626	279
1116	10	2493380614	273
1117	1	14436165	3290
1117	2	4306525036	1049
1117	3	108525051	436
1117	4	2754868259	367
1117	5	68090385	343
1117	6	4306463937	342
1117	7	153558830	273
1117	8	19710621	219
1117	9	4306463230	218
1117	10	58727509	159
1118	1	4306463937	2127
1118	2	148068116	681
1118	3	151331055	555
1118	4	69210698	479
1118	5	4306463855	347
1118	6	4306463708	325
1118	7	202381698	320
1118	8	67524285	288
1118	9	9692511	269
1118	10	4210172589	260
1119	1	53450646	905
1119	2	134216166	715
1119	3	4210200103	421
1119	4	86852077	370
1119	5	27796801	346
1119	6	55737203	333
1119	7	44455300	328
1119	8	156179317	309
1119	9	4210195883	296
1119	10	10134376	283
1120	1	168572994	971
1120	2	4306463937	902
1120	3	80347152	815
1120	4	4210172589	780
1120	5	70709366	509
1120	6	4306463855	497
1120	7	4306401271	276
1120	8	60559904	215
1120	9	4306463716	199
1120	10	2764524428	197
1121	1	4306463937	1480
1121	2	193575162	1430
1121	3	4306463855	721
1121	4	75775641	410
1121	5	4306464262	377
1121	6	10496491	358
1121	7	193408319	240
1121	8	136172864	234
1121	9	4210172589	211
1121	10	117541660	177
1122	1	106296714	651
1122	2	4306463937	347
1122	3	4306400194	308
1122	4	2764905038	264
1122	5	2764900261	239
1122	6	4210169156	214
1122	7	4306418235	204
1122	8	4210172589	189
1122	9	4306463855	184
1122	10	166722454	172
1123	1	4306525036	715
1123	2	2504628507	612
1123	3	4306463937	579
1123	4	4306463230	389
1123	5	84074229	368
1123	6	186589312	291
1123	7	110204754	242
1123	8	4306463708	228
1123	9	92766711	208
1123	10	110368005	195
1124	1	176136234	1675
1124	2	130661733	1132
1124	3	151564723	576
1124	4	186451451	555
1124	5	103248676	456
1124	6	4306463230	367
1124	7	9184782	340
1124	8	191963794	334
1124	9	4306463075	330
1124	10	4210172139	311
1125	1	106296714	1080
1125	2	2898246533	911
1125	3	4306463937	587
1125	4	4306400194	370
1125	5	184954342	366
1125	6	2898405271	357
1125	7	4306402512	270
1125	8	134484881	237
1125	9	51360982	199
1125	10	39012697	153
1126	1	68503223	1931
1126	2	63511553	1912
1126	3	34395325	1101
1126	4	179017329	1072
1126	5	4210208383	518
1126	6	23655555	505
1126	7	4306463937	482
1126	8	4210169118	427
1126	9	67425620	421
1126	10	168357330	421
1127	1	183492911	1880
1127	2	178776955	1171
1127	3	134390580	1022
1127	4	170430865	805
1127	5	163399160	694
1127	6	186881120	665
1127	7	182865820	645
1127	8	112574528	501
1127	9	4363606010	470
1127	10	4363604484	437
1128	1	183492911	561
1128	2	166040772	498
1128	3	84339699	482
1128	4	42323631	407
1128	5	105243760	373
1128	6	67716761	332
1128	7	187991544	329
1128	8	55626769	279
1128	9	106928643	275
1128	10	198339081	268
1129	1	146709414	1615
1129	2	185621672	817
1129	3	44567922	757
1129	4	181332294	730
1129	5	77047749	701
1129	6	102276873	695
1129	7	96873385	643
1129	8	41354064	376
1129	9	188673600	367
1129	10	111155417	360
1130	1	4306400194	2948
1130	2	4502562	1368
1130	3	106296714	1143
1130	4	925225069	1008
1130	5	81616010	1006
1130	6	4306463937	478
1130	7	18902827	410
1130	8	129219326	402
1130	9	161492159	395
1130	10	2764847869	389
1131	1	140251998	1069
1131	2	4306525036	702
1131	3	202381698	325
1131	4	4306463937	301
1131	5	188363740	290
1131	6	125651130	284
1131	7	64311837	269
1131	8	151589183	233
1131	9	4306463230	232
1131	10	4306402567	211
1132	1	173207956	1659
1132	2	4306463247	1130
1132	3	4306463125	797
1132	4	4210222085	728
1132	5	4210175798	587
1132	6	128189301	562
1132	7	4210201921	548
1132	8	4210221979	538
1132	9	4210229702	531
1132	10	172725614	526
1133	1	4306400194	1083
1133	2	2485537415	560
1133	3	10936095	478
1133	4	101949793	426
1133	5	2480266640	359
1133	6	4210193350	318
1133	7	63459445	227
1133	8	4306463937	223
1133	9	106296714	210
1133	10	2500830676	181
1134	1	4306525036	1100
1134	2	4306463937	691
1134	3	169520197	623
1134	4	43051214	412
1134	5	4306463230	370
1134	6	161085503	288
1134	7	181123643	253
1134	8	142211178	218
1134	9	37889505	204
1134	10	23314063	197
1135	1	96615428	991
1135	2	4306525036	925
1135	3	27359860	695
1135	4	6147291	328
1135	5	202381698	326
1135	6	54542293	323
1135	7	55776271	279
1135	8	4306463230	276
1135	9	103035011	272
1135	10	57491091	267
1136	1	21442059	515
1136	2	4210230422	353
1136	3	70979998	350
1136	4	138354367	308
1136	5	203465130	287
1136	6	4306463937	264
1136	7	4306463230	258
1136	8	4306525036	257
1136	9	145089992	249
1136	10	173499201	240
1137	1	4306463937	2437
1137	2	4306462995	1311
1137	3	4306463708	931
1137	4	4306462964	689
1137	5	4306463855	531
1137	6	4306463091	399
1137	7	176377974	294
1137	8	2764375719	271
1137	9	4306463716	224
1137	10	37570601	223
1138	1	24284137	1295
1138	2	133299089	775
1138	3	4210169712	679
1138	4	4210202285	661
1138	5	194735492	544
1138	6	4210208105	524
1138	7	20181990	523
1138	8	128754310	336
1138	9	67425620	307
1138	10	2736800165	289
1139	1	4306525036	1025
1139	2	25650217	397
1139	3	4306402450	287
1139	4	183989336	266
1139	5	4306463230	223
1139	6	14436165	221
1139	7	4306463937	218
1139	8	44888363	217
1139	9	202381698	205
1139	10	149170128	187
1140	1	4306525036	870
1140	2	29564236	502
1140	3	108911230	225
1140	4	15444899	213
1140	5	4306463937	202
1140	6	4306401280	175
1140	7	165482960	154
1140	8	15111687	150
1140	9	4317411217	145
1140	10	4306463230	143
1141	1	119714264	851
1141	2	4306525036	524
1141	3	4306463937	508
1141	4	2764449829	439
1141	5	15137598	431
1141	6	66322279	430
1141	7	13506822	362
1141	8	44167674	348
1141	9	126033908	311
1141	10	50055314	288
1142	1	4306525036	802
1142	2	134644764	451
1142	3	98026630	445
1142	4	202381698	268
1142	5	4306463230	244
1142	6	10623703	197
1142	7	8802318	170
1142	8	196734849	156
1142	9	4306463937	152
1142	10	151589183	142
1143	1	67716761	1326
1143	2	154732359	885
1143	3	76010543	847
1143	4	64016596	473
1143	5	105962883	462
1143	6	38855548	439
1143	7	55626769	414
1143	8	18714766	405
1143	9	4210208383	311
1143	10	2765010971	310
1144	1	4306525036	600
1144	2	4306463937	384
1144	3	179442820	383
1144	4	28607811	354
1144	5	180366410	347
1144	6	10623703	270
1144	7	45720283	223
1144	8	58727509	204
1144	9	158010168	202
1144	10	12146737	190
1145	1	200764475	1474
1145	2	186054908	731
1145	3	96365333	639
1145	4	156806727	476
1145	5	21859746	444
1145	6	4306463230	404
1145	7	123288148	305
1145	8	135472351	293
1145	9	52442148	290
1145	10	8244251	286
1146	1	4306525036	783
1146	2	205775358	582
1146	3	4306463937	380
1146	4	36361591	373
1146	5	70286497	352
1146	6	172622653	332
1146	7	90729755	255
1146	8	168421034	245
1146	9	30525748	236
1146	10	4306463230	226
1147	1	4306400194	1122
1147	2	106296714	477
1147	3	4210172589	468
1147	4	4306463855	443
1147	5	4306463937	403
1147	6	202381698	151
1147	7	4210169156	147
1147	8	4306402450	139
1147	9	2764900261	138
1147	10	17147534	125
1148	1	4306463091	652
1148	2	78638136	442
1148	3	4306463937	429
1148	4	4306463855	380
1148	5	4306462995	278
1148	6	186034587	256
1148	7	117103548	227
1148	8	2765057819	217
1148	9	4210172589	212
1148	10	4306463708	200
1149	1	4306463230	1062
1149	2	161638509	968
1149	3	4306525036	801
1149	4	69093139	767
1149	5	200673814	671
1149	6	203482206	607
1149	7	79984219	565
1149	8	195318895	565
1149	9	7204592	407
1149	10	113475689	399
1150	1	140251998	860
1150	2	4306525036	490
1150	3	4306402567	464
1150	4	151589183	432
1150	5	202381698	429
1150	6	10623703	289
1150	7	196734849	270
1150	8	125754415	208
1150	9	4306402450	207
1150	10	4306463937	168
1151	1	4306400194	4924
1151	2	20133105	2659
1151	3	177675236	1019
1151	4	172477885	593
1151	5	92430692	588
1151	6	188076996	546
1151	7	4210226894	515
1151	8	172351290	498
1151	9	1382107	276
1151	10	4306462995	275
1152	1	4306400194	5657
1152	2	181633058	800
1152	3	40212770	683
1152	4	185067381	658
1152	5	182850260	574
1152	6	105693234	535
1152	7	160779208	516
1152	8	4210228960	510
1152	9	87494164	396
1152	10	9093621	380
1153	1	4306525036	1178
1153	2	4306463937	293
1153	3	4306463230	287
1153	4	128227336	286
1153	5	53087977	222
1153	6	202381698	198
1153	7	14436165	163
1153	8	72350973	148
1153	9	2738950867	147
1153	10	141953298	143
1154	1	4306525036	1666
1154	2	155128447	353
1154	3	11852655	341
1154	4	190456265	311
1154	5	46544255	295
1154	6	100045985	267
1154	7	4306463937	249
1154	8	4306401280	216
1154	9	161475033	205
1154	10	4306463230	201
1155	1	11852655	900
1155	2	4306525036	883
1155	3	31573680	548
1155	4	155128447	538
1155	5	4306402567	322
1155	6	102868315	304
1155	7	163169856	282
1155	8	202381698	269
1155	9	80413395	251
1155	10	4306463230	243
1156	1	45445671	932
1156	2	4306525036	718
1156	3	127900037	620
1156	4	4210172589	595
1156	5	4306463937	529
1156	6	206719219	341
1156	7	4306463855	319
1156	8	4306462995	317
1156	9	51346222	276
1156	10	4306401280	190
1157	1	200071133	3478
1157	2	27064115	694
1157	3	14436165	640
1157	4	4306525036	615
1157	5	15137598	562
1157	6	153015021	482
1157	7	149476849	407
1157	8	186546955	324
1157	9	2752781272	255
1157	10	136942575	232
1158	1	106296714	458
1158	2	4306400194	442
1158	3	63459445	259
1158	4	4306463937	252
1158	5	147316732	227
1158	6	2493627025	212
1158	7	69141925	205
1158	8	10936095	193
1158	9	49967189	184
1158	10	205498627	168
1159	1	77056576	901
1159	2	4306463937	730
1159	3	128754310	528
1159	4	2898565713	505
1159	5	67425620	475
1159	6	65690446	419
1159	7	4210171473	325
1159	8	143715161	280
1159	9	68701239	279
1159	10	57062392	255
1160	1	120877133	701
1160	2	143744711	575
1160	3	98455728	411
1160	4	105243760	331
1160	5	101949793	298
1160	6	16945967	289
1160	7	187991544	265
1160	8	189694085	243
1160	9	183492911	226
1160	10	4306463937	191
1161	1	4210172589	3075
1161	2	4306401271	1077
1161	3	163534328	526
1161	4	4306463937	395
1161	5	4306400194	356
1161	6	119950638	330
1161	7	33323087	226
1161	8	159120381	210
1161	9	58171247	187
1161	10	25235501	183
1162	1	114502960	1483
1162	2	104038378	714
1162	3	79162954	690
1162	4	140251998	640
1162	5	4210231712	610
1162	6	4393918103	451
1162	7	4306402567	438
1162	8	121161810	404
1162	9	4210171526	401
1162	10	16561315	363
1163	1	146061289	1503
1163	2	4306525036	877
1163	3	11564597	809
1163	4	4306463937	540
1163	5	177170826	509
1163	6	182625382	482
1163	7	4210215907	266
1163	8	121647140	239
1163	9	4210172589	152
1163	10	192814187	151
1164	1	43295729	1611
1164	2	2737215817	954
1164	3	141808269	596
1164	4	183492911	493
1164	5	173339282	449
1164	6	71324801	435
1164	7	117411352	373
1164	8	2737735205	339
1164	9	111326731	307
1164	10	4210179989	292
1165	1	4306400194	673
1165	2	183492911	642
1165	3	106296714	531
1165	4	4210173141	302
1165	5	137030581	284
1165	6	115173108	263
1165	7	2485537415	257
1165	8	110206669	241
1165	9	38090728	219
1165	10	4306463937	196
1166	1	4306400194	5581
1166	2	40813394	1060
1166	3	141074886	732
1166	4	125230230	497
1166	5	4306463937	342
1166	6	169946948	339
1166	7	4210187257	237
1166	8	102439543	227
1166	9	2883122597	226
1166	10	111381568	224
1167	1	4306525036	761
1167	2	4306463937	721
1167	3	4210181557	613
1167	4	58727509	533
1167	5	23571501	445
1167	6	28607811	402
1167	7	169297576	333
1167	8	14436165	310
1167	9	45720283	283
1167	10	153994436	271
1168	1	4210172589	1491
1168	2	4306401271	1345
1168	3	4306463855	663
1168	4	4306463937	632
1168	5	4306463716	386
1168	6	4306463708	247
1168	7	85457386	235
1168	8	64122990	215
1168	9	96563387	191
1168	10	132415769	190
1169	1	105243760	835
1169	2	187991544	816
1169	3	4306463937	507
1169	4	2530005873	442
1169	5	183492911	426
1169	6	66392791	368
1169	7	42323631	327
1169	8	84339699	323
1169	9	4210174949	303
1169	10	4210190818	303
1170	1	20257348	718
1170	2	152000018	565
1170	3	22862804	546
1170	4	53336109	542
1170	5	87464931	430
1170	6	160220869	363
1170	7	8962223	349
1170	8	4306463937	277
1170	9	138356703	274
1170	10	76910236	228
1171	1	129060628	778
1171	2	4306525036	767
1171	3	104375418	592
1171	4	49878492	489
1171	5	118758356	486
1171	6	38008053	351
1171	7	4306463937	270
1171	8	202381698	266
1171	9	205775358	265
1171	10	72944096	256
1172	1	153994436	1428
1172	2	4306525036	1188
1172	3	4306463937	1038
1172	4	155721155	739
1172	5	169297576	689
1172	6	1027757569	521
1172	7	124030303	359
1172	8	58727509	346
1172	9	100736837	318
1172	10	4306463230	268
1173	1	4306525036	1015
1173	2	4306463937	489
1173	3	4306463230	316
1173	4	59624048	179
1173	5	2738950867	173
1173	6	141953298	152
1173	7	79704628	123
1173	8	180901878	123
1173	9	65770309	113
1173	10	106908163	113
1174	1	30525748	1270
1174	2	4306525036	1014
1174	3	12548615	813
1174	4	4306463937	810
1174	5	196979320	589
1174	6	4306463230	396
1174	7	25178087	395
1174	8	182300451	275
1174	9	191188855	235
1174	10	77494981	216
1175	1	164692974	1170
1175	2	162355128	1081
1175	3	66354037	850
1175	4	143725931	277
1175	5	191935395	261
1175	6	120213556	258
1175	7	950076683	252
1175	8	49050747	241
1175	9	78091169	222
1175	10	187991544	220
1176	1	20241394	1352
1176	2	95522064	1317
1176	3	201595455	1092
1176	4	145630073	813
1176	5	110533041	695
1176	6	144507673	549
1176	7	143190592	451
1176	8	138998826	425
1176	9	152208300	378
1176	10	113542562	337
1177	1	77047749	2645
1177	2	185621672	1780
1177	3	146709414	804
1177	4	181332294	788
1177	5	95739953	682
1177	6	123480357	675
1177	7	44567922	549
1177	8	111155417	385
1177	9	189140625	369
1177	10	190037396	367
1178	1	140251998	1001
1178	2	62949411	561
1178	3	4306402567	491
1178	4	125754415	357
1178	5	55107261	344
1178	6	4306463230	336
1178	7	4210172139	306
1178	8	4306525036	300
1178	9	162030435	286
1178	10	104038378	283
1179	1	2055470	1545
1179	2	4306525036	692
1179	3	135458494	608
1179	4	2764620129	462
1179	5	148806700	445
1179	6	75294269	394
1179	7	4306463937	308
1179	8	29946585	286
1179	9	4306520717	268
1179	10	4306520716	236
1180	1	203465130	670
1180	2	86852077	546
1180	3	134644764	495
1180	4	175163693	448
1180	5	87561820	374
1180	6	31777576	319
1180	7	81083566	313
1180	8	106502101	285
1180	9	201530359	258
1180	10	13479253	247
1181	1	4306400194	995
1181	2	106296714	752
1181	3	4306418422	282
1181	4	158124317	281
1181	5	4306463937	269
1181	6	4502562	247
1181	7	157670870	224
1181	8	4306421113	162
1181	9	2485537415	160
1181	10	97130795	157
1182	1	4210172589	2757
1182	2	4306401271	1676
1182	3	4306400194	1011
1182	4	106296714	681
1182	5	94044085	396
1182	6	4306463937	355
1182	7	149131268	316
1182	8	36178057	282
1182	9	4306417597	180
1182	10	183232449	158
1183	1	183492911	1525
1183	2	114484406	959
1183	3	178776955	935
1183	4	4306400194	710
1183	5	2764696622	671
1183	6	145630073	482
1183	7	4210187594	452
1183	8	98208149	372
1183	9	31010182	367
1183	10	196734849	366
1184	1	4306525036	614
1184	2	167664057	503
1184	3	4306463937	407
1184	4	1605907	340
1184	5	4306463230	311
1184	6	122347013	306
1184	7	178469169	265
1184	8	124424368	247
1184	9	18455948	229
1184	10	35570472	225
1185	1	2497375143	1557
1185	2	109565702	975
1185	3	198098182	797
1185	4	175056054	378
1185	5	75069817	360
1185	6	68497187	300
1185	7	4210187594	280
1185	8	815301	276
1185	9	4210186093	274
1185	10	4306463937	266
1186	1	55737203	797
1186	2	134216166	546
1186	3	204847658	372
1186	4	109720773	368
1186	5	17551360	361
1186	6	202078656	359
1186	7	81024170	324
1186	8	86860186	323
1186	9	4306463937	281
1186	10	59323220	277
1187	1	35412551	1182
1187	2	4306400194	1003
1187	3	187806540	917
1187	4	4210235286	664
1187	5	24807848	587
1187	6	4210235043	401
1187	7	4210224030	359
1187	8	4306463937	345
1187	9	146709414	315
1187	10	161185981	241
1188	1	150548798	567
1188	2	111181672	410
1188	3	52566953	391
1188	4	53450646	332
1188	5	94313546	325
1188	6	69753523	297
1188	7	149937609	289
1188	8	204609040	287
1188	9	33892871	258
1188	10	124203677	246
1189	1	42270594	3384
1189	2	146061289	925
1189	3	11564597	648
1189	4	144860794	553
1189	5	182625382	547
1189	6	4306525036	515
1189	7	127437062	458
1189	8	4306463937	450
1189	9	4210215907	436
1189	10	10542796	284
1190	1	116836101	813
1190	2	26035906	545
1190	3	4306463230	469
1190	4	2500736452	364
1190	5	4306402567	333
1190	6	163807576	307
1190	7	196734849	302
1190	8	4306463937	270
1190	9	131016564	269
1190	10	96702057	251
1191	1	4306400194	3174
1191	2	165473669	732
1191	3	35093870	664
1191	4	151579836	473
1191	5	77852275	439
1191	6	50372074	337
1191	7	117494069	294
1191	8	4306463937	270
1191	9	35440848	257
1191	10	4210226894	192
1192	1	101949793	426
1192	2	132957497	406
1192	3	11296630	344
1192	4	2485537415	282
1192	5	76910236	258
1192	6	4306463937	199
1192	7	4306400194	197
1192	8	2898246533	170
1192	9	2736865057	166
1192	10	42930874	165
1193	1	111106147	730
1193	2	4306525036	410
1193	3	55107261	347
1193	4	140251998	342
1193	5	162030435	306
1193	6	187816532	259
1193	7	10623703	245
1193	8	202381698	231
1193	9	38008053	230
1193	10	25293849	218
1194	1	199507061	1094
1194	2	4306525036	1084
1194	3	4306463937	681
1194	4	14436165	526
1194	5	50016660	374
1194	6	76304953	369
1194	7	19572933	317
1194	8	4306463230	313
1194	9	79587146	312
1194	10	207341048	238
1195	1	4306421180	2028
1195	2	4306463937	420
1195	3	106296714	343
1195	4	4306400194	291
1195	5	32573412	273
1195	6	38703467	193
1195	7	207180383	147
1195	8	4306402512	146
1195	9	114739668	136
1195	10	4210168304	133
1196	1	101949793	617
1196	2	189694085	326
1196	3	3164724	239
1196	4	4210169992	235
1196	5	4306463937	228
1196	6	183492911	220
1196	7	4306525036	214
1196	8	5240358	213
1196	9	2485537415	205
1196	10	4306400194	201
1197	1	4306463937	684
1197	2	4306463855	635
1197	3	186921036	521
1197	4	4306418196	442
1197	5	4210172589	299
1197	6	106296714	284
1197	7	2764375719	208
1197	8	4306463409	188
1197	9	4306401280	170
1197	10	46576051	155
1198	1	4306463855	881
1198	2	2764375719	646
1198	3	4306463937	631
1198	4	4306462995	575
1198	5	4306463122	569
1198	6	94327247	541
1198	7	12843035	412
1198	8	4306463717	370
1198	9	4306463716	349
1198	10	21365710	339
1199	1	4306525036	905
1199	2	4306463937	802
1199	3	135898356	452
1199	4	4306463230	446
1199	5	70928947	364
1199	6	191903559	274
1199	7	14436165	238
1199	8	155536936	204
1199	9	50055314	202
1199	10	194302669	188
1200	1	138759888	1195
1200	2	76010543	1023
1200	3	198339081	690
1200	4	56956632	547
1200	5	198132698	532
1200	6	48583931	423
1200	7	42323631	408
1200	8	111985066	379
1200	9	67425620	311
1200	10	143604795	307
1201	1	127530304	1026
1201	2	67425620	770
1201	3	77056576	606
1201	4	87940674	604
1201	5	154732359	511
1201	6	75411654	463
1201	7	128754310	368
1201	8	70681891	348
1201	9	2764696622	344
1201	10	4210225374	302
1202	1	4210195883	1023
1202	2	14419372	625
1202	3	76910236	585
1202	4	4210187594	484
1202	5	4210189194	382
1202	6	815301	368
1202	7	198098182	313
1202	8	22862804	306
1202	9	4306463937	282
1202	10	149305196	276
1203	1	2764375719	764
1203	2	4306463855	654
1203	3	4306462995	610
1203	4	4306463937	490
1203	5	88529193	415
1203	6	76733833	395
1203	7	106532728	302
1203	8	4306463716	285
1203	9	4210172589	268
1203	10	4306463717	266
1204	1	140251998	551
1204	2	80202938	427
1204	3	4306525036	346
1204	4	10623703	275
1204	5	4306402567	273
1204	6	202381698	267
1204	7	2090548	234
1204	8	196734849	229
1204	9	4306463937	223
1204	10	125754415	215
1205	1	4306400194	2178
1205	2	1393328	1484
1205	3	79267003	735
1205	4	89576279	431
1205	5	164833468	370
1205	6	4306463937	320
1205	7	68029218	319
1205	8	90999920	301
1205	9	165473669	239
1205	10	89452420	238
1206	1	4306400194	2766
1206	2	40006715	473
1206	3	148709879	428
1206	4	22862804	328
1206	5	4306463937	253
1206	6	2898405271	240
1206	7	165651092	237
1206	8	4210190971	225
1206	9	165512578	203
1206	10	4306402512	197
1207	1	115510430	1095
1207	2	4306525036	868
1207	3	143406092	366
1207	4	102424854	344
1207	5	4306463230	317
1207	6	4306463937	266
1207	7	83651209	258
1207	8	156174673	217
1207	9	202381698	179
1207	10	4306463075	160
1208	1	74630304	796
1208	2	178362034	749
1208	3	2502047864	652
1208	4	202705189	504
1208	5	83853393	487
1208	6	55009144	471
1208	7	200764475	451
1208	8	21442059	392
1208	9	123288148	341
1208	10	4306463230	302
1209	1	14544163	784
1209	2	4306525036	596
1209	3	205145379	580
1209	4	140889577	562
1209	5	150708336	282
1209	6	52732750	275
1209	7	2090548	253
1209	8	4306463937	206
1209	9	26699211	203
1209	10	201064403	200
1210	1	4306400194	3109
1210	2	71199174	425
1210	3	179905963	403
1210	4	151579836	375
1210	5	77852275	347
1210	6	81556534	278
1210	7	56986848	251
1210	8	168680287	229
1210	9	54953690	221
1210	10	4210186319	211
1211	1	2737215817	2060
1211	2	43295729	403
1211	3	106296714	384
1211	4	2737735205	318
1211	5	4306463937	277
1211	6	172073041	273
1211	7	4306401280	239
1211	8	2764429415	233
1211	9	101949793	221
1211	10	4210195883	201
1212	1	12492028	639
1212	2	1016481467	539
1212	3	4206644	536
1212	4	35512523	526
1212	5	2736968195	470
1212	6	4306463937	452
1212	7	151030190	395
1212	8	2764743818	391
1212	9	190270160	346
1212	10	4210175742	281
1213	1	180901878	1309
1213	2	4306525036	749
1213	3	160362754	392
1213	4	4306463937	385
1213	5	198965713	366
1213	6	144751283	349
1213	7	202381698	298
1213	8	4306402567	285
1213	9	121703463	241
1213	10	4210224978	224
1214	1	2898579797	866
1214	2	4210168508	728
1214	3	179102905	630
1214	4	179500637	541
1214	5	4306463937	411
1214	6	4306463230	405
1214	7	161638509	355
1214	8	202381698	336
1214	9	4306525036	330
1214	10	23243006	297
1215	1	200071133	2661
1215	2	4306525036	879
1215	3	14436165	846
1215	4	149476849	423
1215	5	15137598	420
1215	6	136942575	331
1215	7	27064115	328
1215	8	186546955	215
1215	9	45192162	214
1215	10	153015021	205
1216	1	145630073	3434
1216	2	14279044	1482
1216	3	116045149	867
1216	4	183492911	399
1216	5	4306400194	380
1216	6	4210187594	333
1216	7	143190592	328
1216	8	199247034	311
1216	9	20241394	242
1216	10	188673600	241
1217	1	143832381	1419
1217	2	128634829	1055
1217	3	163651451	1017
1217	4	46732370	765
1217	5	4306525036	735
1217	6	4306463937	622
1217	7	75756335	603
1217	8	4306463230	429
1217	9	28979613	386
1217	10	2765045535	381
1218	1	4306463937	1255
1218	2	107905979	888
1218	3	4306525036	883
1218	4	44433048	779
1218	5	191421250	559
1218	6	154904565	494
1218	7	2735648559	473
1218	8	2893128	439
1218	9	4306463230	379
1218	10	176044460	361
1219	1	4306525036	952
1219	2	121725775	580
1219	3	128199769	542
1219	4	140251998	353
1219	5	151589183	344
1219	6	10623703	283
1219	7	53807158	275
1219	8	4306463230	262
1219	9	43643205	252
1219	10	202381698	238
1220	1	127754761	849
1220	2	134216166	488
1220	3	92829914	478
1220	4	45645249	474
1220	5	124453322	344
1220	6	17551360	306
1220	7	27796801	297
1220	8	24940445	293
1220	9	79392371	232
1220	10	4210210829	202
1221	1	4306525036	925
1221	2	14436165	687
1221	3	15137598	448
1221	4	4306463937	448
1221	5	121725775	409
1221	6	4306463230	338
1221	7	2672396	270
1221	8	128199769	261
1221	9	168522863	164
1221	10	50055314	131
1222	1	50523690	1642
1222	2	3649266	1089
1222	3	187991544	493
1222	4	112770955	303
1222	5	197975706	284
1222	6	87940674	282
1222	7	67326217	263
1222	8	5927517	237
1222	9	34296711	212
1222	10	67425620	207
1223	1	155850388	683
1223	2	2764994788	394
1223	3	173966628	333
1223	4	4306463937	292
1223	5	10134376	287
1223	6	4210172589	238
1223	7	80150607	225
1223	8	52328560	217
1223	9	4306401271	211
1223	10	106296714	207
1224	1	67716761	934
1224	2	188605413	710
1224	3	106928643	643
1224	4	189509794	629
1224	5	3649266	464
1224	6	149937609	444
1224	7	164001016	429
1224	8	2481244646	322
1224	9	42323631	301
1224	10	52442148	288
1225	1	68581467	939
1225	2	815301	698
1225	3	6846437	582
1225	4	129676613	578
1225	5	198098182	536
1225	6	2497375143	396
1225	7	4306463230	286
1225	8	4306463937	274
1225	9	4210195883	267
1225	10	109565702	266
1226	1	28349394	2050
1226	2	159932305	463
1226	3	127169255	257
1226	4	4306463230	249
1226	5	4210168508	235
1226	6	4306525036	225
1226	7	4306401280	208
1226	8	184773532	204
1226	9	19154483	181
1226	10	153189382	157
1227	1	4306525036	1108
1227	2	4306463937	488
1227	3	69307409	395
1227	4	49878492	280
1227	5	1042507638	268
1227	6	85146155	259
1227	7	194540436	251
1227	8	4306463230	238
1227	9	118780703	224
1227	10	83251063	223
1228	1	114405033	819
1228	2	165569574	727
1228	3	20257348	452
1228	4	202381698	401
1228	5	6145614	321
1228	6	4306463937	277
1228	7	190640482	245
1228	8	4306402567	229
1228	9	11296630	219
1228	10	28739527	210
1229	1	2765017008	626
1229	2	48277251	571
1229	3	2764522276	496
1229	4	149191589	440
1229	5	197560202	435
1229	6	150752939	364
1229	7	4306401280	270
1229	8	131204085	238
1229	9	140190424	238
1229	10	206553565	220
1230	1	11146949	646
1230	2	183492911	519
1230	3	4210187594	494
1230	4	45331193	388
1230	5	16945967	361
1230	6	128368299	250
1230	7	105243760	239
1230	8	4306463937	207
1230	9	101949793	205
1230	10	105637730	183
1231	1	21442059	1116
1231	2	48860480	527
1231	3	177147899	487
1231	4	13479253	457
1231	5	4306463230	397
1231	6	86852077	364
1231	7	149937609	338
1231	8	99498898	324
1231	9	203465130	290
1231	10	198339081	279
1232	1	4306525036	978
1232	2	4306463937	295
1232	3	154451576	276
1232	4	129764719	249
1232	5	30525748	208
1232	6	4306463230	187
1232	7	124275759	169
1232	8	5248501	166
1232	9	4306402450	161
1232	10	2735126445	150
1233	1	168680287	535
1233	2	154637859	507
1233	3	4306400194	352
1233	4	4306418373	301
1233	5	120629676	277
1233	6	11296630	250
1233	7	971171794	229
1233	8	4306463937	198
1233	9	93916849	194
1233	10	20109229	189
1234	1	43295729	591
1234	2	135937692	535
1234	3	111326731	474
1234	4	37844757	454
1234	5	171488675	393
1234	6	55737203	369
1234	7	89108927	323
1234	8	4306463937	205
1234	9	946213959	182
1234	10	85738991	171
1235	1	55189604	1163
1235	2	56946555	821
1235	3	4306400194	743
1235	4	4306463937	613
1235	5	141766756	535
1235	6	126457381	436
1235	7	104563881	368
1235	8	59378366	309
1235	9	8265502	303
1235	10	25707077	265
1236	1	2898246533	1466
1236	2	51360982	733
1236	3	2898405271	693
1236	4	4306400194	643
1236	5	184954342	435
1236	6	4306463937	391
1236	7	88061139	212
1236	8	65092430	173
1236	9	10892749	151
1236	10	156578089	132
1237	1	2493613807	885
1237	2	10623703	548
1237	3	42294715	463
1237	4	67862205	381
1237	5	6444338	368
1237	6	4306402450	343
1237	7	115455909	342
1237	8	32610980	329
1237	9	202381698	320
1237	10	4306463937	320
1238	1	204691484	1007
1238	2	2764610068	583
1238	3	4306525036	566
1238	4	62565178	389
1238	5	4306463937	339
1238	6	152990921	288
1238	7	2756167567	279
1238	8	4210197216	266
1238	9	203226007	241
1238	10	144187503	217
1239	1	4210172589	783
1239	2	4306401271	617
1239	3	4306463937	496
1239	4	4306463855	411
1239	5	4306463708	183
1239	6	4306401280	173
1239	7	112952035	151
1239	8	26186134	150
1239	9	4306463223	150
1239	10	4306464262	147
1240	1	137084839	959
1240	2	2500738039	759
1240	3	152760256	750
1240	4	68911691	553
1240	5	4210200754	491
1240	6	67393510	490
1240	7	2481244646	436
1240	8	164001016	357
1240	9	111155417	356
1240	10	36793815	355
1241	1	106296714	1168
1241	2	4306400194	1040
1241	3	4306463937	341
1241	4	2764900261	289
1241	5	2485537415	282
1241	6	12529635	265
1241	7	2764905038	233
1241	8	4210169156	144
1241	9	120683614	137
1241	10	4210179954	131
1242	1	149516416	3419
1242	2	102681701	1160
1242	3	197743716	674
1242	4	140210197	671
1242	5	4306462873	597
1242	6	190997038	391
1242	7	67716761	387
1242	8	201829030	384
1242	9	82136278	348
1242	10	4306463937	332
1243	1	4306525036	626
1243	2	109369870	491
1243	3	96615428	476
1243	4	54542293	436
1243	5	202381698	436
1243	6	49828768	399
1243	7	6589812	330
1243	8	27359860	269
1243	9	53087977	240
1243	10	55776271	212
1244	1	4306525036	575
1244	2	15239247	544
1244	3	4306463937	399
1244	4	84867234	355
1244	5	86852077	350
1244	6	173943867	307
1244	7	15470582	199
1244	8	10446503	197
1244	9	4393917726	190
1244	10	4306402450	171
1245	1	135221619	901
1245	2	4306400194	857
1245	3	4210171473	627
1245	4	77056576	562
1245	5	40006715	538
1245	6	165473669	532
1245	7	106296714	487
1245	8	4306463937	366
1245	9	128754310	276
1245	10	67425620	274
1246	1	136578784	1043
1246	2	4306463937	750
1246	3	4306525036	631
1246	4	150894996	465
1246	5	150708336	446
1246	6	14544163	329
1246	7	154904565	318
1246	8	4306463230	315
1246	9	2755168269	281
1246	10	199863227	270
1247	1	2493613807	735
1247	2	32610980	723
1247	3	42294715	664
1247	4	11781297	613
1247	5	4306463937	372
1247	6	4306402567	371
1247	7	53118794	299
1247	8	10623703	283
1247	9	170036492	281
1247	10	193523036	262
1248	1	198879913	1017
1248	2	37189094	479
1248	3	59479367	342
1248	4	83637746	260
1248	5	116977442	226
1248	6	93916849	216
1248	7	149016011	214
1248	8	147622553	198
1248	9	4306418363	178
1248	10	29875816	153
1249	1	29875816	810
1249	2	198098182	378
1249	3	58031724	351
1249	4	2485537415	270
1249	5	50523690	240
1249	6	4210179954	182
1249	7	2764857692	175
1249	8	4210202905	165
1249	9	28122330	164
1249	10	4210187594	135
1250	1	76910236	1683
1250	2	815301	682
1250	3	19503097	456
1250	4	198098182	430
1250	5	2736865057	412
1250	6	4363604106	328
1250	7	4210211731	326
1250	8	4306463075	292
1250	9	2497375143	247
1250	10	4210187594	211
1251	1	59624048	857
1251	2	4306525036	808
1251	3	1995308	689
1251	4	4306463937	635
1251	5	111727011	550
1251	6	4210178590	517
1251	7	19176856	500
1251	8	4210197100	464
1251	9	175922936	370
1251	10	2734605188	370
1252	1	4306463937	735
1252	2	4306400194	628
1252	3	4306402567	536
1252	4	109682412	518
1252	5	24688465	416
1252	6	4210172589	327
1252	7	196734849	324
1252	8	202381698	317
1252	9	2764439977	281
1252	10	4306463708	281
1253	1	80731565	1127
1253	2	4306525036	1058
1253	3	4306463937	544
1253	4	58727509	376
1253	5	93288122	357
1253	6	154926289	310
1253	7	32635664	259
1253	8	4306463230	257
1253	9	14436165	229
1253	10	144424300	227
1254	1	160220869	970
1254	2	22862804	844
1254	3	76910236	803
1254	4	22685659	729
1254	5	152000018	589
1254	6	106903054	216
1254	7	4306463937	206
1254	8	90999920	177
1254	9	4210187594	176
1254	10	19503097	169
1255	1	116836101	1081
1255	2	2849398	486
1255	3	191963794	485
1255	4	173107507	422
1255	5	3892946	410
1255	6	96702057	363
1255	7	105243760	362
1255	8	4306463937	341
1255	9	98455728	315
1255	10	156181945	290
1256	1	4306463855	774
1256	2	4306463475	513
1256	3	4306463937	470
1256	4	4306462964	411
1256	5	4306462995	344
1256	6	45852687	316
1256	7	20542293	294
1256	8	4210172589	275
1256	9	77515537	233
1256	10	4317411217	215
1257	1	4210172589	2373
1257	2	4306401271	1576
1257	3	4306463937	375
1257	4	4306463855	257
1257	5	4306401280	146
1257	6	2736655138	131
1257	7	4317411217	126
1257	8	4306462995	125
1257	9	4210171147	118
1257	10	4306463223	115
1258	1	100736837	2217
1258	2	4306463937	945
1258	3	22523967	865
1258	4	11131942	798
1258	5	2754281505	752
1258	6	23813625	600
1258	7	4306525036	598
1258	8	193626562	589
1258	9	177486402	290
1258	10	158473028	235
1259	1	58516903	774
1259	2	10134376	512
1259	3	4306463937	427
1259	4	4306463230	312
1259	5	110785341	295
1259	6	126804734	286
1259	7	86852077	251
1259	8	108239708	244
1259	9	157560195	193
1259	10	4210207988	174
1260	1	4306525036	966
1260	2	4306463937	589
1260	3	86387881	565
1260	4	200672447	477
1260	5	144860794	370
1260	6	200877091	314
1260	7	76900504	289
1260	8	4306463230	280
1260	9	174332447	242
1260	10	127437062	178
1261	1	4306400194	2280
1261	2	35412551	743
1261	3	164566984	542
1261	4	24807848	527
1261	5	4306463937	525
1261	6	4210224030	373
1261	7	4210235286	324
1261	8	187806540	316
1261	9	158842918	311
1261	10	79244937	307
1262	1	4306400194	1962
1262	2	79244937	879
1262	3	104875562	708
1262	4	158241587	661
1262	5	4210182288	531
1262	6	4210167992	526
1262	7	164566984	434
1262	8	4210237713	434
1262	9	173877794	405
1262	10	59012888	381
1263	1	50523690	1015
1263	2	85738991	674
1263	3	198879913	385
1263	4	59479367	381
1263	5	148709879	312
1263	6	37189094	295
1263	7	4306400194	287
1263	8	201890602	245
1263	9	189798733	213
1263	10	4306463937	202
1264	1	4306525036	323
1264	2	2765061710	289
1264	3	110785341	282
1264	4	4306463230	278
1264	5	98026630	264
1264	6	134644764	240
1264	7	4210195883	214
1264	8	4306463937	185
1264	9	38919146	162
1264	10	2764886761	146
1265	1	4306463937	932
1265	2	128457257	413
1265	3	55618883	376
1265	4	46169546	375
1265	5	2735447094	375
1265	6	4306463855	343
1265	7	130337233	335
1265	8	63231389	299
1265	9	74338687	257
1265	10	159675017	237
1266	1	4306402567	623
1266	2	199572710	581
1266	3	147407642	510
1266	4	4306525036	465
1266	5	102243518	353
1266	6	4306402450	334
1266	7	36653316	289
1266	8	137419829	272
1266	9	10623703	256
1266	10	5555990	244
1267	1	4306525036	1294
1267	2	4306463937	720
1267	3	2312674	450
1267	4	4306463230	390
1267	5	113474406	318
1267	6	43051214	258
1267	7	39924113	244
1267	8	4210177186	230
1267	9	14109371	213
1267	10	5398819	203
1268	1	4210196743	839
1268	2	4210202285	752
1268	3	4306463937	309
1268	4	193620188	301
1268	5	2493613807	301
1268	6	42294715	292
1268	7	183652945	265
1268	8	61245073	255
1268	9	4306402567	247
1268	10	48849333	219
1269	1	106296714	2135
1269	2	4306400194	1982
1269	3	4306463937	472
1269	4	90727058	444
1269	5	147953040	228
1269	6	4502562	211
1269	7	89324355	195
1269	8	163424111	180
1269	9	4306420974	151
1269	10	4210206007	136
1270	1	24688465	2403
1270	2	4306400194	1378
1270	3	4210172589	1112
1270	4	4306401271	890
1270	5	4306463937	573
1270	6	35412551	307
1270	7	9051360	268
1270	8	70718007	248
1270	9	44585919	194
1270	10	182689569	191
1271	1	4306525036	1048
1271	2	4306463937	499
1271	3	173274907	386
1271	4	14436165	368
1271	5	4306463230	344
1271	6	144860794	328
1271	7	125174104	252
1271	8	79704628	222
1271	9	137419829	216
1271	10	50004817	194
1272	1	143846845	1204
1272	2	206811868	939
1272	3	105243760	892
1272	4	187991544	467
1272	5	95739953	295
1272	6	10719676	285
1272	7	145476921	255
1272	8	23181512	254
1272	9	183492911	253
1272	10	6791298	236
1273	1	4306400194	4792
1273	2	106296714	1460
1273	3	4210191458	450
1273	4	30698027	275
1273	5	2764900261	259
1273	6	2485537415	228
1273	7	10169007	179
1273	8	168680287	175
1273	9	45693802	157
1273	10	4306420609	142
1274	1	4306525036	757
1274	2	4306463937	548
1274	3	4306463230	379
1274	4	128990672	372
1274	5	42803210	366
1274	6	14436165	342
1274	7	153994436	275
1274	8	110924429	237
1274	9	163027424	224
1274	10	158041768	188
1275	1	21442059	1217
1275	2	4210196743	963
1275	3	19266977	515
1275	4	80067902	402
1275	5	183652945	317
1275	6	4306463937	245
1275	7	44455300	241
1275	8	87561820	223
1275	9	204691207	195
1275	10	4210195883	187
1276	1	5745031	888
1276	2	815301	645
1276	3	198098182	495
1276	4	68497187	274
1276	5	105637730	260
1276	6	109565702	250
1276	7	2497375143	219
1276	8	4306400194	216
1276	9	75069817	208
1276	10	2764696622	202
1277	1	187991544	726
1277	2	105243760	550
1277	3	90999920	439
1277	4	6791298	380
1277	5	4306400194	377
1277	6	4210237713	338
1277	7	52442148	261
1277	8	164001016	249
1277	9	101466443	234
1277	10	31010182	225
1278	1	4363604106	638
1278	2	16561315	531
1278	3	10719676	325
1278	4	95865439	274
1278	5	67425620	213
1278	6	7538555	199
1278	7	4306463230	188
1278	8	4306463937	187
1278	9	75741262	185
1278	10	86512602	177
1279	1	171072222	685
1279	2	166159787	579
1279	3	188673600	407
1279	4	111160002	387
1279	5	152760256	360
1279	6	68911691	295
1279	7	16435181	294
1279	8	111155417	269
1279	9	112227793	243
1279	10	136338150	236
1280	1	37667796	3154
1280	2	200071133	1133
1280	3	4306525036	768
1280	4	164469042	627
1280	5	4306463937	417
1280	6	118812467	386
1280	7	206235894	386
1280	8	14436165	330
1280	9	96726197	233
1280	10	60043848	222
1281	1	41354064	3819
1281	2	201989124	714
1281	3	4210200754	609
1281	4	67393510	605
1281	5	205050996	553
1281	6	4924609	539
1281	7	133942674	514
1281	8	152760256	497
1281	9	36069537	471
1281	10	68911691	459
1282	1	4306525036	1015
1282	2	4306463937	349
1282	3	4306463230	276
1282	4	151416048	237
1282	5	202381698	221
1282	6	49327845	191
1282	7	194302669	180
1282	8	50823678	172
1282	9	202174029	152
1282	10	140848990	148
1283	1	159433931	479
1283	2	207741693	439
1283	3	4210211237	357
1283	4	2898246533	310
1283	5	183582160	215
1283	6	4306463937	215
1283	7	4210169156	201
1283	8	2898405271	168
1283	9	2764905038	153
1283	10	140374062	115
1284	1	164770093	1143
1284	2	6747076	783
1284	3	2764922013	521
1284	4	186935893	471
1284	5	125705681	463
1284	6	4210239500	359
1284	7	198098182	306
1284	8	4210195883	294
1284	9	2764755457	284
1284	10	2764672716	273
1285	1	75150585	604
1285	2	167084610	472
1285	3	196980128	410
1285	4	4306463091	357
1285	5	4306463708	321
1285	6	38373095	314
1285	7	4306463855	298
1285	8	4306463310	257
1285	9	108237812	242
1285	10	45792896	238
1286	1	41354064	1509
1286	2	171072222	1107
1286	3	166159787	835
1286	4	166634186	614
1286	5	16435181	451
1286	6	152760256	401
1286	7	68911691	397
1286	8	4210200754	383
1286	9	67393510	380
1286	10	112227793	363
1287	1	4306402567	1391
1287	2	15137598	788
1287	3	168522863	480
1287	4	41454044	315
1287	5	168415115	307
1287	6	4306525036	302
1287	7	196734849	288
1287	8	4306402450	288
1287	9	202381698	278
1287	10	64187185	261
1288	1	187465954	574
1288	2	4306525036	552
1288	3	129764719	376
1288	4	143352558	315
1288	5	72350973	314
1288	6	2735126445	291
1288	7	53087977	288
1288	8	202381698	266
1288	9	4306402567	247
1288	10	66441642	226
1289	1	4306402567	4253
1289	2	64187185	478
1289	3	52395412	453
1289	4	4210172139	396
1289	5	86468533	386
1289	6	4306402450	363
1289	7	127827428	315
1289	8	4306400194	294
1289	9	81160022	263
1289	10	91767247	232
1290	1	122347013	1623
1290	2	1605907	848
1290	3	4306525036	720
1290	4	139838620	474
1290	5	17762386	310
1290	6	4210173111	293
1290	7	61009040	286
1290	8	82239980	285
1290	9	22881060	273
1290	10	192518766	252
1291	1	107025856	2637
1291	2	4306525036	747
1291	3	4306463937	589
1291	4	191336577	507
1291	5	50016660	329
1291	6	167047176	321
1291	7	207341048	303
1291	8	105513329	300
1291	9	128637052	298
1291	10	150692223	271
1292	1	4306525036	598
1292	2	4306463937	463
1292	3	140848990	353
1292	4	102460418	264
1292	5	194302669	263
1292	6	192565471	259
1292	7	44167674	230
1292	8	119745230	196
1292	9	70928947	189
1292	10	178469169	186
1293	1	4306525036	887
1293	2	48915936	776
1293	3	4306463937	719
1293	4	191421250	421
1293	5	128848949	306
1293	6	4306463230	292
1293	7	3756010	209
1293	8	4306402450	192
1293	9	146952083	185
1293	10	12558119	178
1294	1	4306525036	589
1294	2	110785341	506
1294	3	197964821	458
1294	4	167664057	358
1294	5	18455948	295
1294	6	178469169	285
1294	7	4306463230	276
1294	8	4306463937	265
1294	9	39924113	262
1294	10	3774022	206
1295	1	2764603359	639
1295	2	4306463937	615
1295	3	4306463855	597
1295	4	104827148	438
1295	5	193694675	400
1295	6	1374498	393
1295	7	2764865314	393
1295	8	4306462819	387
1295	9	16754368	339
1295	10	85618544	262
1296	1	4306400573	385
1296	2	4306402450	383
1296	3	4306525036	305
1296	4	61740008	238
1296	5	2738950867	185
1296	6	202381698	144
1296	7	15239247	130
1296	8	4393917726	122
1296	9	15137598	109
1296	10	59624048	107
1297	1	4306402450	1377
1297	2	2596394214	712
1297	3	4306525036	670
1297	4	2597340651	638
1297	5	2595292759	451
1297	6	4210231119	356
1297	7	196734849	333
1297	8	4306402567	308
1297	9	2596924766	275
1297	10	132108250	255
1298	1	41354064	1318
1298	2	67393510	921
1298	3	4210200754	917
1298	4	68911691	731
1298	5	111155417	727
1298	6	4210169234	706
1298	7	205050996	629
1298	8	201989124	481
1298	9	152760256	469
1298	10	177196338	414
1299	1	4306463937	264
1299	2	4210187594	253
1299	3	4306525036	245
1299	4	4306401280	186
1299	5	2738541930	170
1299	6	135934248	153
1299	7	104917558	149
1299	8	54816476	137
1299	9	63018980	137
1299	10	4306463855	137
1300	1	4306463937	1305
1300	2	4306463855	914
1300	3	109675028	347
1300	4	47924309	341
1300	5	83170543	327
1300	6	56255037	303
1300	7	168329810	237
1300	8	129145296	229
1300	9	4210176588	217
1300	10	8092923	194
1301	1	77056576	944
1301	2	75411654	801
1301	3	183492911	755
1301	4	67425620	733
1301	5	2493531148	376
1301	6	138759888	319
1301	7	140928716	294
1301	8	2530005873	290
1301	9	127530304	282
1301	10	154368109	267
1302	1	75069817	1601
1302	2	21262371	1246
1302	3	4363604106	518
1302	4	4306463230	435
1302	5	7538555	361
1302	6	2487947460	302
1302	7	141585851	287
1302	8	4210172589	246
1302	9	13479253	226
1302	10	105929320	218
1303	1	4306400194	2777
1303	2	106296714	1310
1303	3	33368595	417
1303	4	4306463937	353
1303	5	4306421103	292
1303	6	4210191458	216
1303	7	4306420609	169
1303	8	4306420577	160
1303	9	4306420740	147
1303	10	4306402512	135
1304	1	103225281	1269
1304	2	111160002	745
1304	3	106296714	722
1304	4	4306402567	573
1304	5	13619737	353
1304	6	4306463937	350
1304	7	202381698	296
1304	8	4306400194	286
1304	9	121666818	279
1304	10	132538424	273
1305	1	25535963	936
1305	2	4306525036	661
1305	3	200071133	520
1305	4	4306463075	311
1305	5	4306463937	251
1305	6	14436165	227
1305	7	4306463230	151
1305	8	154471048	143
1305	9	40505786	134
1305	10	141953298	125
1306	1	4306525036	1010
1306	2	153994436	964
1306	3	4306463937	675
1306	4	58727509	624
1306	5	45720283	395
1306	6	137740113	279
1306	7	2755888424	278
1306	8	14436165	274
1306	9	32635664	185
1306	10	4306463230	181
1307	1	4306400194	6087
1307	2	106296714	1491
1307	3	4210191458	443
1307	4	4306420609	266
1307	5	199944782	198
1307	6	45693802	195
1307	7	2485537415	187
1307	8	4306419644	169
1307	9	10169007	162
1307	10	4363607701	162
1308	1	140251998	697
1308	2	4306525036	425
1308	3	11400418	336
1308	4	4210172276	333
1308	5	10623703	331
1308	6	202381698	306
1308	7	151589183	291
1308	8	41354064	246
1308	9	25293849	244
1308	10	4306463937	196
1309	1	4306420076	1383
1309	2	4306400194	1234
1309	3	106296714	757
1309	4	62507282	373
1309	5	4306402512	333
1309	6	4306463937	209
1309	7	4306418977	198
1309	8	102275153	177
1309	9	110206669	167
1309	10	4210169297	151
1310	1	4306525036	707
1310	2	180901878	591
1310	3	4306463937	565
1310	4	4306463230	405
1310	5	140251998	167
1310	6	125651130	134
1310	7	11629336	126
1310	8	121725775	124
1310	9	128199769	120
1310	10	44433048	116
1311	1	81083566	1024
1311	2	86852077	600
1311	3	204847658	458
1311	4	75830442	392
1311	5	5832799	391
1311	6	55737203	376
1311	7	134216166	248
1311	8	37976914	237
1311	9	195102351	227
1311	10	4306463937	215
1312	1	111326731	962
1312	2	43295729	752
1312	3	141808269	443
1312	4	117727964	427
1312	5	55737203	389
1312	6	126920919	344
1312	7	183492911	280
1312	8	204847658	232
1312	9	101949793	219
1312	10	93764904	217
1313	1	2595292759	742
1313	2	38008053	469
1313	3	4306525036	428
1313	4	4306402567	422
1313	5	168522863	386
1313	6	4306402450	326
1313	7	202381698	289
1313	8	199011235	238
1313	9	10623703	226
1313	10	2497914550	222
1314	1	4306525036	1153
1314	2	124948411	1069
1314	3	139062638	491
1314	4	15871148	444
1314	5	207549998	415
1314	6	17140621	377
1314	7	66208518	341
1314	8	139212996	318
1314	9	19362967	313
1314	10	4306463937	275
1315	1	59020844	1148
1315	2	143744711	853
1315	3	183492911	564
1315	4	105243760	528
1315	5	187991544	456
1315	6	67716761	271
1315	7	4306463937	260
1315	8	34296711	236
1315	9	84339699	216
1315	10	2764696622	197
1316	1	4306525036	826
1316	2	53087977	452
1316	3	14436165	441
1316	4	202381698	260
1316	5	47215897	246
1316	6	46544255	202
1316	7	91748803	196
1316	8	72350973	185
1316	9	28349394	171
1316	10	189281586	170
1317	1	160215590	1110
1317	2	93646482	704
1317	3	21917004	681
1317	4	190005310	525
1317	5	139192911	441
1317	6	4306463937	394
1317	7	4210174958	375
1317	8	45645249	354
1317	9	32869529	327
1317	10	68590195	316
1318	1	4306525036	687
1318	2	134644764	362
1318	3	88153332	285
1318	4	98026630	217
1318	5	4306463230	193
1318	6	182611093	179
1318	7	105083709	177
1318	8	4218381	165
1318	9	4306463075	163
1318	10	110785341	152
1319	1	4306525036	835
1319	2	108911230	258
1319	3	4306463230	185
1319	4	206789554	178
1319	5	10623703	172
1319	6	4306463937	162
1319	7	4306401280	143
1319	8	202381698	124
1319	9	4306402450	120
1319	10	41354064	113
1320	1	207178839	1528
1320	2	162708223	1504
1320	3	36624081	798
1320	4	4306463937	783
1320	5	70769875	566
1320	6	183492911	472
1320	7	4210205282	468
1320	8	131264402	292
1320	9	100373537	274
1320	10	117411352	224
1321	1	4306400194	1804
1321	2	147316732	618
1321	3	196647941	580
1321	4	4502562	571
1321	5	2485537415	217
1321	6	85427048	154
1321	7	166990724	148
1321	8	149016011	137
1321	9	4306463937	133
1321	10	50523690	109
1322	1	100736837	1261
1322	2	4306463937	1059
1322	3	153994436	838
1322	4	193626562	715
1322	5	22523967	699
1322	6	4306525036	633
1322	7	49137649	523
1322	8	169297576	465
1322	9	36642063	447
1322	10	89066222	384
1323	1	1980519	4240
1323	2	195663288	2452
1323	3	4306400194	1822
1323	4	4306511177	1542
1323	5	205231332	1362
1323	6	2765021908	1250
1323	7	2764696622	751
1323	8	4210175824	716
1323	9	4306463937	493
1323	10	4210212087	416
1324	1	183492911	1269
1324	2	105746325	672
1324	3	67069294	627
1324	4	4206644	524
1324	5	191963794	513
1324	6	96873385	369
1324	7	117354312	352
1324	8	47864364	311
1324	9	178776955	280
1324	10	169472558	257
1325	1	101949793	532
1325	2	189694085	391
1325	3	2764928357	345
1325	4	183492911	268
1325	5	10892749	256
1325	6	25157213	240
1325	7	4306400194	223
1325	8	128754310	209
1325	9	4306463937	198
1325	10	4210179954	196
1326	1	4306400194	606
1326	2	106296714	557
1326	3	13144211	504
1326	4	4210172589	466
1326	5	2764905038	238
1326	6	4210169156	209
1326	7	4306401271	207
1326	8	2485537415	192
1326	9	2764900261	192
1326	10	140556538	183
1327	1	4306525036	2355
1327	2	15444899	738
1327	3	157213201	649
1327	4	52239022	503
1327	5	4210177493	379
1327	6	92477597	327
1327	7	105094556	326
1327	8	4306463937	286
1327	9	185238781	273
1327	10	4306463230	248
1328	1	4306463937	802
1328	2	4306525036	766
1328	3	76304953	415
1328	4	4306463230	396
1328	5	207341048	393
1328	6	79587146	389
1328	7	19572933	343
1328	8	50016660	300
1328	9	2765040191	295
1328	10	14436165	253
1329	1	4306400194	5802
1329	2	18902827	965
1329	3	38448739	667
1329	4	204851967	489
1329	5	7291079	433
1329	6	193368155	431
1329	7	117679221	401
1329	8	59667848	382
1329	9	128556326	369
1329	10	186126824	362
1330	1	4306525036	1144
1330	2	183989336	662
1330	3	25650217	621
1330	4	4306463937	432
1330	5	14436165	371
1330	6	44888363	356
1330	7	132787887	346
1330	8	50602745	289
1330	9	149170128	258
1330	10	4210198508	228
1331	1	52566953	733
1331	2	13479253	508
1331	3	53450646	457
1331	4	86852077	374
1331	5	26443501	369
1331	6	158228368	298
1331	7	4306525036	253
1331	8	134216166	213
1331	9	81083566	207
1331	10	4306463937	189
1332	1	4306525036	422
1332	2	128018148	339
1332	3	134644764	300
1332	4	202381698	222
1332	5	10623703	217
1332	6	2737566431	213
1332	7	108911230	205
1332	8	140251998	198
1332	9	4306463937	190
1332	10	98026630	189
1333	1	141892599	842
1333	2	192927201	657
1333	3	139338987	324
1333	4	4306463937	293
1333	5	111448270	240
1333	6	169796457	239
1333	7	2764389030	233
1333	8	36624081	219
1333	9	207178839	219
1333	10	74970393	209
1334	1	4306463937	610
1334	2	151416048	516
1334	3	4306525036	515
1334	4	109517664	488
1334	5	4210205887	325
1334	6	4306463230	243
1334	7	45493217	170
1334	8	9692511	152
1334	9	4306463855	148
1334	10	4306462995	138
1335	1	4594078	557
1335	2	4306525036	468
1335	3	202381698	432
1335	4	140251998	408
1335	5	4306463937	323
1335	6	103035011	257
1335	7	96615428	249
1335	8	4306463230	225
1335	9	125754415	220
1335	10	151589183	212
1336	1	175056054	758
1336	2	186823356	600
1336	3	4210172589	497
1336	4	4306463937	440
1336	5	4306401271	415
1336	6	68497187	414
1336	7	2764593084	370
1336	8	198098182	231
1336	9	815301	206
1336	10	10134376	198
1337	1	102243518	640
1337	2	4306525036	591
1337	3	144105592	268
1337	4	113871862	249
1337	5	168041952	249
1337	6	142279999	223
1337	7	4306402450	208
1337	8	84074229	205
1337	9	92766711	202
1337	10	163345920	194
1338	1	183492911	7763
1338	2	4210169477	801
1338	3	26060816	745
1338	4	143744711	695
1338	5	158028765	646
1338	6	205064806	582
1338	7	4210235835	292
1338	8	178776955	116
1338	9	4306521569	114
1338	10	4210232087	97
1339	1	4306525036	510
1339	2	140251998	465
1339	3	202381698	345
1339	4	196637695	318
1339	5	129060628	300
1339	6	151589183	265
1339	7	10623703	198
1339	8	104375418	192
1339	9	44425019	171
1339	10	126644158	169
1340	1	41354064	2002
1340	2	166799026	951
1340	3	146563757	734
1340	4	4306463937	692
1340	5	133942674	567
1340	6	205754296	468
1340	7	201989124	427
1340	8	171471881	294
1340	9	205050996	291
1340	10	124250138	216
1341	1	106928643	366
1341	2	4306463937	364
1341	3	181332294	350
1341	4	41354064	348
1341	5	124577123	343
1341	6	6791298	309
1341	7	95739953	283
1341	8	105243760	249
1341	9	67716761	245
1341	10	187991544	243
1342	1	2481244646	698
1342	2	98455728	545
1342	3	96873385	436
1342	4	12065667	420
1342	5	23181512	377
1342	6	164001016	358
1342	7	36793815	330
1342	8	124795565	292
1342	9	188605413	282
1342	10	151030190	256
1343	1	19003042	1045
1343	2	203966947	335
1343	3	198098182	330
1343	4	197975706	213
1343	5	4210187594	194
1343	6	123060138	189
1343	7	2485537415	187
1343	8	4210179954	172
1343	9	2764603912	161
1343	10	128754310	142
1344	1	145575934	698
1344	2	144771191	530
1344	3	4306400194	492
1344	4	106296714	436
1344	5	64511102	298
1344	6	2485537415	285
1344	7	75054922	193
1344	8	155689059	190
1344	9	172631016	143
1344	10	4306463937	143
1345	1	9692511	463
1345	2	4306463937	454
1345	3	201005279	321
1345	4	4306463855	246
1345	5	88198767	227
1345	6	4306463230	193
1345	7	2764603942	183
1345	8	78735424	181
1345	9	202381698	180
1345	10	4210230041	166
1346	1	4306525036	637
1346	2	38008053	444
1346	3	108525051	413
1346	4	200071133	349
1346	5	55943811	301
1346	6	4306463937	240
1346	7	30970080	204
1346	8	2595292759	193
1346	9	4306463230	184
1346	10	10623703	177
1347	1	45693802	1269
1347	2	123019304	483
1347	3	106296714	457
1347	4	140962798	454
1347	5	70718007	432
1347	6	50372074	406
1347	7	4210175523	370
1347	8	183498172	350
1347	9	138681734	344
1347	10	39612629	256
1348	1	4306525036	923
1348	2	197964821	621
1348	3	143352558	445
1348	4	66441642	362
1348	5	110785341	353
1348	6	69273698	270
1348	7	4306463230	251
1348	8	55592950	230
1348	9	4306463937	211
1348	10	194656152	192
1349	1	4306420611	1149
1349	2	4306418977	1062
1349	3	4306402512	770
1349	4	11296630	702
1349	5	106296714	681
1349	6	129987901	532
1349	7	4306400194	474
1349	8	4306463937	372
1349	9	165362224	361
1349	10	62507282	250
1350	1	4306463937	771
1350	2	4306463855	647
1350	3	4210172589	435
1350	4	4210226373	284
1350	5	4306525036	181
1350	6	112197712	164
1350	7	202381698	161
1350	8	6142729	158
1350	9	4210195288	157
1350	10	4306462995	156
1351	1	84179801	829
1351	2	164770093	802
1351	3	117279562	782
1351	4	186935893	637
1351	5	1959426	573
1351	6	202680183	517
1351	7	112051168	324
1351	8	134307298	320
1351	9	7359802	305
1351	10	149937609	280
1352	1	165454098	829
1352	2	29980478	784
1352	3	4306463075	743
1352	4	37224784	409
1352	5	144568777	344
1352	6	75411654	333
1352	7	4210178770	309
1352	8	67425620	268
1352	9	4210188677	255
1352	10	2898442875	253
1353	1	42803210	2140
1353	2	4306525036	726
1353	3	128990672	530
1353	4	39186690	408
1353	5	4306463937	314
1353	6	4210187784	298
1353	7	4306463230	245
1353	8	46544255	218
1353	9	101107869	163
1353	10	14436165	160
1354	1	234478	661
1354	2	43476095	432
1354	3	4306402567	384
1354	4	165569574	370
1354	5	174083873	311
1354	6	168523221	268
1354	7	159210951	265
1354	8	202381698	260
1354	9	4306463937	260
1354	10	87560609	235
1355	1	4306525036	939
1355	2	4306402450	506
1355	3	28966261	294
1355	4	2596394214	241
1355	5	202381698	235
1355	6	196734849	211
1355	7	192926780	200
1355	8	2764554612	194
1355	9	15137598	168
1355	10	126644158	163
1356	1	4306525036	966
1356	2	76900504	560
1356	3	4306463937	441
1356	4	144860794	379
1356	5	4306463230	300
1356	6	125174104	266
1356	7	2754193772	236
1356	8	10542796	227
1356	9	106546978	212
1356	10	198888318	211
1357	1	97378760	888
1357	2	202403813	789
1357	3	139295051	676
1357	4	4306463075	590
1357	5	4306463230	584
1357	6	166351637	509
1357	7	4306463937	433
1357	8	123149298	332
1357	9	4363604106	248
1357	10	145089992	235
1358	1	152176358	1320
1358	2	4306525036	532
1358	3	4306463937	489
1358	4	4306463230	299
1358	5	86387881	268
1358	6	75186586	185
1358	7	4210221581	185
1358	8	174332447	164
1358	9	200877091	147
1358	10	50443188	139
1359	1	110533041	979
1359	2	152208300	918
1359	3	4306525036	880
1359	4	44383424	672
1359	5	144507673	373
1359	6	4306463937	351
1359	7	40303635	349
1359	8	100299040	291
1359	9	184795524	274
1359	10	4306463230	187
1360	1	10124807	1246
1360	2	200764475	1082
1360	3	40708307	478
1360	4	58867329	434
1360	5	123288148	429
1360	6	190005310	296
1360	7	67425620	288
1360	8	4306463937	282
1360	9	112674977	273
1360	10	2481244646	253
1361	1	183492911	1698
1361	2	95522064	1229
1361	3	62275304	449
1361	4	4306463937	412
1361	5	106296714	403
1361	6	4306525036	371
1361	7	20241394	363
1361	8	201595455	326
1361	9	2756445955	289
1361	10	50280174	253
1362	1	119469986	2792
1362	2	69753523	909
1362	3	200764475	660
1362	4	202680183	479
1362	5	186054908	418
1362	6	4306463937	415
1362	7	4306463230	399
1362	8	177196338	338
1362	9	4210225467	336
1362	10	86512602	283
1363	1	4306525036	1025
1363	2	32481061	826
1363	3	2672396	665
1363	4	126223282	351
1363	5	985209115	259
1363	6	4306463937	256
1363	7	176204532	243
1363	8	2764593292	222
1363	9	103663982	211
1363	10	38907727	206
1364	1	4306525036	1103
1364	2	15137598	559
1364	3	4306463937	431
1364	4	185605772	329
1364	5	177486402	318
1364	6	4306402450	253
1364	7	43051214	225
1364	8	181459644	220
1364	9	41454044	211
1364	10	78051145	211
1365	1	4210172589	1002
1365	2	4306463937	456
1365	3	4306401271	365
1365	4	4317411217	353
1365	5	129963087	313
1365	6	4210209736	275
1365	7	157427695	251
1365	8	4306401280	237
1365	9	4306463855	191
1365	10	4210184380	175
1366	1	4306463937	884
1366	2	4210190971	475
1366	3	189344224	390
1366	4	4306463075	385
1366	5	154050210	344
1366	6	986251842	338
1366	7	100249163	324
1366	8	152063775	324
1366	9	4306400194	323
1366	10	181675524	301
1367	1	31010182	1470
1367	2	2764696622	1184
1367	3	145630073	809
1367	4	4306400194	593
1367	5	149266522	362
1367	6	191935395	345
1367	7	4210187594	344
1367	8	4306523613	294
1367	9	116045149	233
1367	10	4306521882	226
1368	1	4306400573	655
1368	2	4306402450	502
1368	3	2738950867	276
1368	4	14436165	270
1368	5	4306525036	261
1368	6	2737969411	183
1368	7	96975567	178
1368	8	15239247	162
1368	9	202381698	135
1368	10	4210172589	130
1369	1	4306525036	908
1369	2	4306463937	506
1369	3	206167392	443
1369	4	143352558	295
1369	5	15137598	264
1369	6	4306463230	201
1369	7	5382288	196
1369	8	170496595	179
1369	9	98809561	147
1369	10	160800418	144
1370	1	4306463937	471
1370	2	4306463409	451
1370	3	106296714	309
1370	4	175010741	182
1370	5	104917558	176
1370	6	4210177413	175
1370	7	4306463855	175
1370	8	4210172634	151
1370	9	4210179225	150
1370	10	4306508766	131
1371	1	22685659	1283
1371	2	56464651	586
1371	3	4210198353	514
1371	4	28534307	367
1371	5	106903054	362
1371	6	4306463937	282
1371	7	56563372	252
1371	8	165454098	244
1371	9	93312259	235
1371	10	128754310	207
1372	1	128754310	455
1372	2	67425620	311
1372	3	4210240396	302
1372	4	4210202285	258
1372	5	2765075788	257
1372	6	4210196624	216
1372	7	164426212	202
1372	8	182161918	200
1372	9	198098182	199
1372	10	4210189194	192
1373	1	4306525036	564
1373	2	75142505	305
1373	3	42921845	254
1373	4	4306463937	196
1373	5	106296714	192
1373	6	123151105	182
1373	7	188336720	181
1373	8	4306463230	164
1373	9	15239247	152
1373	10	4306463075	146
1374	1	159788776	2364
1374	2	36642063	938
1374	3	4306525036	814
1374	4	100736837	584
1374	5	4306463937	447
1374	6	203050583	278
1374	7	2672396	260
1374	8	200672447	223
1374	9	38907727	198
1374	10	2764885423	194
1375	1	146462558	829
1375	2	4210178770	675
1375	3	120384139	593
1375	4	4306463075	400
1375	5	178493899	365
1375	6	143391730	344
1375	7	2764943483	272
1375	8	4306463937	264
1375	9	202628778	262
1375	10	2764585484	221
1376	1	132839637	778
1376	2	4306525036	751
1376	3	130337233	545
1376	4	204183829	431
1376	5	163127633	294
1376	6	4306463937	280
1376	7	193662413	229
1376	8	14643628	224
1376	9	70907202	222
1376	10	190760531	197
1377	1	19572933	1697
1377	2	4306525036	591
1377	3	76304953	583
1377	4	50016660	581
1377	5	93410275	570
1377	6	4210179932	520
1377	7	4306463937	481
1377	8	167047176	417
1377	9	207341048	357
1377	10	79587146	351
1378	1	28527816	1245
1378	2	4306525036	744
1378	3	195182175	627
1378	4	4306463937	536
1378	5	66441642	408
1378	6	143352558	324
1378	7	181459644	222
1378	8	4306463230	215
1378	9	194656152	195
1378	10	3251770	159
1379	1	13281104	1435
1379	2	32106766	659
1379	3	24603639	608
1379	4	22862804	455
1379	5	114499311	401
1379	6	2764696622	396
1379	7	177196338	390
1379	8	1200972	312
1379	9	200764475	250
1379	10	152000018	247
1380	1	10873304	1436
1380	2	192886043	512
1380	3	203700963	451
1380	4	1125502	355
1380	5	4306463855	317
1380	6	4306463937	313
1380	7	4306525036	307
1380	8	53055215	228
1380	9	100205347	209
1380	10	202740514	192
1381	1	4306525036	1265
1381	2	14436165	310
1381	3	141953298	279
1381	4	4306463937	275
1381	5	2738950867	227
1381	6	4306463230	215
1381	7	4026894	152
1381	8	4306402450	143
1381	9	100227592	136
1381	10	72350973	104
1382	1	22862804	948
1382	2	152000018	560
1382	3	18204665	422
1382	4	148709879	407
1382	5	24312346	397
1382	6	90999920	383
1382	7	4306400194	312
1382	8	4306463937	246
1382	9	4210213036	234
1382	10	130017051	233
1383	1	85738991	1400
1383	2	189798733	785
1383	3	59479367	568
1383	4	4306418306	373
1383	5	149016011	320
1383	6	2485537415	232
1383	7	43247408	231
1383	8	130260941	202
1383	9	4306420091	169
1383	10	72497124	135
1384	1	4306463855	1076
1384	2	4306463937	628
1384	3	88096769	454
1384	4	107428359	389
1384	5	78977824	322
1384	6	55110324	255
1384	7	74847328	247
1384	8	4306463717	226
1384	9	2764375719	205
1384	10	4306463122	201
1385	1	4306525036	555
1385	2	4306463937	514
1385	3	55509983	506
1385	4	205999849	496
1385	5	41354064	443
1385	6	108911230	417
1385	7	166799026	356
1385	8	88226677	293
1385	9	39653451	289
1385	10	124250138	262
1386	1	98026630	416
1386	2	4306525036	410
1386	3	108911230	310
1386	4	118045308	291
1386	5	134644764	248
1386	6	4306401280	224
1386	7	15444899	205
1386	8	4306463937	169
1386	9	2737939966	168
1386	10	26760650	130
1387	1	171471881	830
1387	2	9351502	798
1387	3	189413238	525
1387	4	199382812	502
1387	5	175181960	326
1387	6	202381698	310
1387	7	41031980	301
1387	8	91354186	285
1387	9	96743589	255
1387	10	20111203	226
1388	1	204419675	855
1388	2	4210179681	806
1388	3	4306463855	569
1388	4	4306463937	477
1388	5	153427656	322
1388	6	178923243	266
1388	7	4306525036	240
1388	8	139458144	199
1388	9	5866276	183
1388	10	4306463708	147
1389	1	4306525036	729
1389	2	4210216427	526
1389	3	139838620	503
1389	4	122347013	501
1389	5	1605907	384
1389	6	2764444635	381
1389	7	4210173111	292
1389	8	12168194	271
1389	9	4306463937	262
1389	10	123732490	252
1390	1	146563757	916
1390	2	4121844	570
1390	3	64311837	498
1390	4	83853393	473
1390	5	4306463230	275
1390	6	4306525036	267
1390	7	2502055758	245
1390	8	4306463937	237
1390	9	108911230	201
1390	10	98026630	197
1391	1	4306463937	845
1391	2	4306463855	676
1391	3	4306463716	645
1391	4	122812943	601
1391	5	4306462995	550
1391	6	76475234	523
1391	7	2764602404	485
1391	8	2764375719	335
1391	9	164278495	309
1391	10	195579742	270
1392	1	4306400194	844
1392	2	2485537415	414
1392	3	63459445	311
1392	4	2480266640	255
1392	5	10936095	239
1392	6	101949793	228
1392	7	198879913	204
1392	8	196647941	195
1392	9	147316732	182
1392	10	4306463937	168
1393	1	156181945	754
1393	2	191963794	646
1393	3	98455728	592
1393	4	116836101	391
1393	5	105746325	380
1393	6	124795565	368
1393	7	192559872	363
1393	8	4306463230	307
1393	9	150925516	277
1393	10	170358085	275
1394	1	108863518	519
1394	2	4306463937	368
1394	3	138681734	328
1394	4	128754310	278
1394	5	73930687	225
1394	6	6785741	200
1394	7	67425620	179
1394	8	187175751	177
1394	9	2898246533	173
1394	10	99182027	148
1395	1	185347286	829
1395	2	63023845	785
1395	3	4306525036	721
1395	4	24354371	609
1395	5	129397763	524
1395	6	4306463937	445
1395	7	90602895	399
1395	8	87235987	364
1395	9	112456310	352
1395	10	155115410	332
1396	1	4210169156	395
1396	2	2764905038	368
1396	3	4306402450	198
1396	4	2764566388	190
1396	5	4210179954	190
1396	6	4306400194	188
1396	7	4210206007	185
1396	8	4210187594	183
1396	9	106296714	178
1396	10	2764696622	174
1397	1	4306463937	1154
1397	2	4306463855	1005
1397	3	4210172589	412
1397	4	4306463708	255
1397	5	4306462995	246
1397	6	4306463667	200
1397	7	4306463716	198
1397	8	4306464262	121
1397	9	4306464022	110
1397	10	6959732	107
1398	1	106296714	928
1398	2	4306400194	348
1398	3	2764905038	224
1398	4	4210169156	192
1398	5	2764900261	184
1398	6	101949793	183
1398	7	4210179954	163
1398	8	110206669	160
1398	9	4306463937	143
1398	10	2764566388	142
1399	1	110785341	574
1399	2	14544163	565
1399	3	54215592	477
1399	4	4306525036	468
1399	5	88153332	417
1399	6	3207227496	335
1399	7	196637695	316
1399	8	150708336	285
1399	9	140889577	260
1399	10	4306463230	234
1400	1	4306463937	379
1400	2	131954271	277
1400	3	9692511	249
1400	4	15239247	213
1400	5	4306463855	206
1400	6	25288619	173
1400	7	4306463708	165
1400	8	19400212	161
1400	9	2738013834	151
1400	10	4306401280	151
1401	1	181849944	2171
1401	2	2737336974	557
1401	3	45356120	524
1401	4	115542642	498
1401	5	94313546	478
1401	6	75741262	382
1401	7	206834481	303
1401	8	122730748	295
1401	9	67425620	255
1401	10	100482762	230
1402	1	59624048	728
1402	2	111727011	651
1402	3	4306525036	637
1402	4	4306463937	581
1402	5	1995308	550
1402	6	193127762	462
1402	7	101278519	379
1402	8	145023809	330
1402	9	66405466	315
1402	10	4306463230	289
1403	1	185787987	1529
1403	2	81563257	892
1403	3	104261359	647
1403	4	4306402567	498
1403	5	115815424	330
1403	6	49731288	322
1403	7	202381698	312
1403	8	130917594	236
1403	9	140251998	205
1403	10	2595292759	176
1404	1	104641133	1262
1404	2	4210196743	692
1404	3	196009193	427
1404	4	22216944	410
1404	5	84263908	350
1404	6	2738977497	232
1404	7	2765017008	229
1404	8	134216166	222
1404	9	4210222877	220
1404	10	193620188	188
1405	1	4210233367	793
1405	2	4306463937	766
1405	3	4210204015	732
1405	4	108821158	413
1405	5	43295729	368
1405	6	36624081	322
1405	7	140409716	260
1405	8	207178839	213
1405	9	5444993	195
1405	10	4306400194	190
1406	1	65770309	807
1406	2	4306525036	631
1406	3	4306463937	566
1406	4	4210222112	554
1406	5	59624048	522
1406	6	111727011	379
1406	7	1995308	375
1406	8	4210178590	320
1406	9	4306463230	309
1406	10	130320380	263
1407	1	116836101	807
1407	2	107255770	520
1407	3	33892871	469
1407	4	149937609	443
1407	5	41354064	429
1407	6	191963794	326
1407	7	3892946	318
1407	8	202680183	311
1407	9	2500698275	287
1407	10	2764466794	261
1408	1	183492911	2621
1408	2	178776955	1059
1408	3	4210171700	1047
1408	4	4210238599	540
1408	5	180314335	391
1408	6	186881120	387
1408	7	175543413	386
1408	8	134390580	316
1408	9	184312719	269
1408	10	115680542	223
1409	1	4306400194	586
1409	2	63459445	376
1409	3	10936095	245
1409	4	4306463937	204
1409	5	4210185404	198
1409	6	49967189	194
1409	7	106296714	194
1409	8	147316732	187
1409	9	62238642	181
1409	10	196647941	178
1410	1	4306463937	586
1410	2	4306463855	585
1410	3	13629841	511
1410	4	132706615	379
1410	5	4306401271	328
1410	6	4306463223	306
1410	7	164593530	274
1410	8	4210172589	266
1410	9	4306463716	209
1410	10	31225034	170
1411	1	134644764	522
1411	2	4306525036	488
1411	3	98026630	463
1411	4	108911230	269
1411	5	4306463230	264
1411	6	38919146	196
1411	7	26760650	187
1411	8	2764628254	176
1411	9	2737939966	162
1411	10	4306463937	129
1412	1	4306525036	657
1412	2	4306402567	459
1412	3	4306463937	299
1412	4	115693375	255
1412	5	97303050	229
1412	6	4306463230	213
1412	7	202381698	203
1412	8	186113128	200
1412	9	5677253	192
1412	10	166515463	187
1413	1	4306400194	1363
1413	2	4210172589	1332
1413	3	103321696	432
1413	4	4306463937	400
1413	5	198325475	375
1413	6	4306401271	311
1413	7	57667410	290
1413	8	193920097	252
1413	9	106296714	235
1413	10	125775545	173
1414	1	164566984	1523
1414	2	186881120	593
1414	3	178776955	567
1414	4	4306400194	511
1414	5	134390580	470
1414	6	64486668	457
1414	7	183492911	433
1414	8	24807848	380
1414	9	108417319	373
1414	10	4210182288	366
1415	1	4306400194	3491
1415	2	4210210554	1414
1415	3	171172751	1193
1415	4	4210238307	850
1415	5	173952182	812
1415	6	187585107	600
1415	7	68175919	470
1415	8	45468527	391
1415	9	4210187594	387
1415	10	94052278	385
1416	1	4306400194	1223
1416	2	165473669	572
1416	3	2764696622	537
1416	4	4306463937	528
1416	5	24251679	449
1416	6	50372074	432
1416	7	148709879	291
1416	8	117494069	249
1416	9	125499977	237
1416	10	106296714	230
1417	1	83637746	904
1417	2	93916849	398
1417	3	116977442	356
1417	4	149016011	253
1417	5	76600781	239
1417	6	37538908	210
1417	7	207433681	169
1417	8	2489501747	142
1417	9	4394736632	132
1417	10	4306463937	122
1418	1	53118794	705
1418	2	4306463937	469
1418	3	159568494	341
1418	4	11781297	334
1418	5	2493613807	332
1418	6	2765017008	295
1418	7	4210196743	204
1418	8	4306463230	183
1418	9	2764724548	150
1418	10	2738977497	131
1419	1	152760256	929
1419	2	75741262	719
1419	3	6377669	706
1419	4	111155417	634
1419	5	4210200754	628
1419	6	67393510	618
1419	7	68911691	600
1419	8	2481244646	341
1419	9	41354064	292
1419	10	185621672	268
1420	1	4306463855	1101
1420	2	4306463937	485
1420	3	4306463122	478
1420	4	2764375719	273
1420	5	160537720	254
1420	6	139754560	248
1420	7	4210219814	231
1420	8	147846519	222
1420	9	31976903	212
1420	10	169586356	199
1421	1	4210172589	816
1421	2	4306463855	613
1421	3	123955271	451
1421	4	4210229033	448
1421	5	4306401271	387
1421	6	140218963	362
1421	7	72950743	323
1421	8	61595665	315
1421	9	4306463937	303
1421	10	111163843	281
1422	1	133626053	2220
1422	2	57131103	1530
1422	3	4306525036	1336
1422	4	4306463937	505
1422	5	4306463230	413
1422	6	146613072	341
1422	7	2898543550	139
1422	8	2764345186	118
1422	9	4306526221	118
1422	10	4306401280	104
1423	1	176136234	613
1423	2	98026630	561
1423	3	177975795	518
1423	4	134644764	490
1423	5	103486911	395
1423	6	18188872	292
1423	7	4210190642	288
1423	8	106502101	278
1423	9	4306463230	261
1423	10	103248676	246
1424	1	106296714	1639
1424	2	4306400194	1052
1424	3	4306463937	292
1424	4	4306421123	206
1424	5	148324379	171
1424	6	61906035	116
1424	7	2764847869	107
1424	8	133795288	103
1424	9	2485537415	100
1424	10	4210193905	98
1425	1	4306463708	747
1425	2	163495685	632
1425	3	40712294	615
1425	4	119805299	615
1425	5	20712160	566
1425	6	4306463855	559
1425	7	59350867	451
1425	8	115706933	437
1425	9	124362806	369
1425	10	153839015	356
1426	1	4306401271	515
1426	2	4306463937	486
1426	3	4306463230	295
1426	4	2738498342	255
1426	5	134644764	242
1426	6	4210172589	206
1426	7	106963461	198
1426	8	4306463075	166
1426	9	137773608	165
1426	10	4210174397	164
1427	1	4306463937	1123
1427	2	146952083	1046
1427	3	4306525036	784
1427	4	4306463230	677
1427	5	44433048	432
1427	6	2764548376	406
1427	7	128848949	356
1427	8	154904565	239
1427	9	65618785	233
1427	10	2893128	210
1428	1	4306400194	3907
1428	2	169946948	893
1428	3	40813394	598
1428	4	125230230	512
1428	5	4306463937	313
1428	6	151579836	278
1428	7	156280010	259
1428	8	141074886	210
1428	9	4210226894	202
1428	10	169017477	187
1429	1	183492911	1825
1429	2	27723657	592
1429	3	178776955	481
1429	4	2307745	373
1429	5	105243760	331
1429	6	149016011	286
1429	7	80223966	282
1429	8	134390580	246
1429	9	192705446	239
1429	10	4210238599	212
1430	1	2754346785	1134
1430	2	4306525036	962
1430	3	172925388	738
1430	4	4306463937	444
1430	5	4306463230	237
1430	6	2764970779	177
1430	7	4306462995	137
1430	8	207859457	133
1430	9	171705774	116
1430	10	116012647	115
1431	1	9692511	508
1431	2	4306463937	442
1431	3	202381698	364
1431	4	103225281	329
1431	5	146364893	309
1431	6	165368631	309
1431	7	45281609	229
1431	8	196734849	220
1431	9	78735424	214
1431	10	116196263	208
1432	1	4306463855	630
1432	2	4210172589	607
1432	3	41158033	524
1432	4	4306463937	510
1432	5	4306463708	418
1432	6	4306463716	357
1432	7	4306462995	261
1432	8	180941013	239
1432	9	2764375719	201
1432	10	108349823	156
1433	1	151331055	279
1433	2	4306463937	248
1433	3	104917558	215
1433	4	4306401280	215
1433	5	4210172589	204
1433	6	9692511	180
1433	7	4306525036	144
1433	8	4306463855	125
1433	9	4317411217	112
1433	10	15239247	80
1434	1	143604795	1271
1434	2	79832926	1042
1434	3	191963794	866
1434	4	198339081	777
1434	5	1342386	438
1434	6	98455728	301
1434	7	192559872	297
1434	8	124795565	291
1434	9	138759888	283
1434	10	25422132	253
1435	1	4306400194	3435
1435	2	106296714	1123
1435	3	18904315	783
1435	4	4306463937	413
1435	5	176185422	330
1435	6	159544283	206
1435	7	4306402512	202
1435	8	2764847869	193
1435	9	150218641	162
1435	10	136038430	144
1436	1	115815424	598
1436	2	173470534	484
1436	3	161676133	426
1436	4	130435576	352
1436	5	4306463937	314
1436	6	146976949	309
1436	7	4306525036	249
1436	8	141531615	215
1436	9	2055470	195
1436	10	31777576	179
1437	1	4210172589	3020
1437	2	4306401271	1082
1437	3	4306463937	467
1437	4	4306463223	161
1437	5	183232449	137
1437	6	33323087	122
1437	7	120991925	114
1437	8	4306463855	109
1437	9	4306462995	104
1437	10	4210195248	103
1438	1	106296714	702
1438	2	4306400194	450
1438	3	76304953	381
1438	4	183492911	231
1438	5	2485537415	182
1438	6	2764905038	178
1438	7	8427965	150
1438	8	58069681	150
1438	9	4306463937	149
1438	10	44278595	145
1439	1	106296714	1252
1439	2	110206669	368
1439	3	183492911	323
1439	4	4306400194	321
1439	5	4306463937	294
1439	6	137030581	182
1439	7	115173108	156
1439	8	2764905038	123
1439	9	4306533295	111
1439	10	72873717	108
1440	1	41354064	1862
1440	2	4210200754	613
1440	3	67393510	582
1440	4	152760256	573
1440	5	111155417	502
1440	6	201989124	429
1440	7	133942674	400
1440	8	205050996	380
1440	9	179810352	373
1440	10	155115410	331
1441	1	4210168331	2268
1441	2	41354064	1767
1441	3	67393510	1141
1441	4	4210200754	1139
1441	5	111155417	762
1441	6	68911691	683
1441	7	152760256	654
1441	8	201989124	636
1441	9	4924609	597
1441	10	166159787	424
1442	1	154732359	1245
1442	2	67716761	839
1442	3	87940674	594
1442	4	165830345	375
1442	5	64016596	325
1442	6	18714766	313
1442	7	53842986	299
1442	8	105962883	294
1442	9	4210209311	276
1442	10	70681891	272
1443	1	165633816	1187
1443	2	13624874	492
1443	3	153329750	408
1443	4	166831694	384
1443	5	4306400194	370
1443	6	128350725	358
1443	7	65690446	356
1443	8	164190496	339
1443	9	77056576	312
1443	10	196821226	290
1444	1	163644703	675
1444	2	29875816	279
1444	3	50222406	189
1444	4	138446831	146
1444	5	4306463937	133
1444	6	4306402512	131
1444	7	192268925	121
1444	8	4306463230	120
1444	9	4306418242	111
1444	10	4306420133	109
1445	1	4306463937	1086
1445	2	126192178	510
1445	3	4306400194	325
1445	4	25965273	295
1445	5	4210200765	259
1445	6	99347777	237
1445	7	200192920	228
1445	8	171347946	219
1445	9	4210200754	217
1445	10	67393510	211
1446	1	2764493120	732
1446	2	4306525036	640
1446	3	17147534	397
1446	4	4306463937	206
1446	5	4306402450	175
1446	6	4210234749	160
1446	7	202381698	133
1446	8	2739058702	123
1446	9	74123199	122
1446	10	53142634	119
1447	1	106296714	890
1447	2	168680287	377
1447	3	4306400194	313
1447	4	154637859	288
1447	5	4306418373	258
1447	6	4306463937	254
1447	7	45693802	180
1447	8	120629676	151
1447	9	4306402512	150
1447	10	183492911	140
1448	1	4306400194	1670
1448	2	106296714	1126
1448	3	2485537415	210
1448	4	4306463937	193
1448	5	110206669	168
1448	6	199944782	152
1448	7	2764900261	152
1448	8	185367456	113
1448	9	4210169156	113
1448	10	4210187594	110
1449	1	105243760	778
1449	2	4306400194	647
1449	3	24807848	631
1449	4	4210182288	609
1449	5	164566984	392
1449	6	178776955	379
1449	7	187991544	327
1449	8	183492911	312
1449	9	148121101	268
1449	10	4306418073	267
1450	1	106296714	2410
1450	2	4306463937	472
1450	3	4306400194	444
1450	4	64245694	403
1450	5	4306402512	296
1450	6	112260463	273
1450	7	50368787	194
1450	8	2764900261	187
1450	9	172897590	153
1450	10	4306463409	153
1451	1	77056576	1209
1451	2	2898407351	922
1451	3	2898565713	604
1451	4	127530304	502
1451	5	67425620	455
1451	6	166620827	431
1451	7	4210184193	402
1451	8	128754310	344
1451	9	75411654	341
1451	10	4210189194	301
1452	1	4306525036	1170
1452	2	86809486	475
1452	3	144270092	333
1452	4	4306463937	280
1452	5	102916872	220
1452	6	14436165	219
1452	7	985209115	202
1452	8	167769348	170
1452	9	44987850	158
1452	10	4306401280	123
1453	1	124867825	1052
1453	2	4306525036	866
1453	3	2764537351	574
1453	4	104135014	558
1453	5	4306463937	535
1453	6	4306400806	518
1453	7	4210177861	439
1453	8	138569045	416
1453	9	4306463230	362
1453	10	153994436	333
1454	1	4306463937	893
1454	2	23753256	569
1454	3	4306463855	302
1454	4	9692511	259
1454	5	4306462995	242
1454	6	4210172589	227
1454	7	174197836	194
1454	8	4306463708	176
1454	9	187348256	139
1454	10	29984966	137
1455	1	4306463937	562
1455	2	130676932	553
1455	3	4306463230	550
1455	4	137362610	326
1455	5	99498898	295
1455	6	26760650	286
1455	7	4306463075	282
1455	8	132626406	212
1455	9	23579880	201
1455	10	4306525036	200
1456	1	72042703	955
1456	2	140889577	558
1456	3	2090548	485
1456	4	43790123	460
1456	5	4306525036	447
1456	6	59702976	372
1456	7	25293849	358
1456	8	4306463937	358
1456	9	96638545	339
1456	10	142952003	270
1457	1	4306525036	407
1457	2	202381698	292
1457	3	129060628	286
1457	4	196637695	286
1457	5	4306402567	264
1457	6	25293849	247
1457	7	140251998	216
1457	8	10623703	215
1457	9	196734849	204
1457	10	103428141	189
1458	1	4306400194	1871
1458	2	10936095	872
1458	3	147316732	792
1458	4	2485537415	686
1458	5	2500830676	657
1458	6	63459445	625
1458	7	196647941	559
1458	8	2480266640	213
1458	9	148523156	192
1458	10	90422530	190
1459	1	36624081	625
1459	2	207178839	588
1459	3	141892599	562
1459	4	4210200322	517
1459	5	169796457	466
1459	6	4306524148	346
1459	7	206570889	323
1459	8	43295729	311
1459	9	80591372	266
1459	10	4306463937	243
1460	1	174893293	702
1460	2	4306525036	463
1460	3	103486911	358
1460	4	2764737005	356
1460	5	96873385	327
1460	6	144192255	296
1460	7	87963693	295
1460	8	103248676	290
1460	9	123147032	280
1460	10	6712347	237
1461	1	4306401271	1849
1461	2	4210172589	1805
1461	3	4306463937	367
1461	4	4306463855	244
1461	5	4306463223	218
1461	6	42192170	189
1461	7	199447588	159
1461	8	4306401280	127
1461	9	180492355	110
1461	10	107631327	105
1462	1	4306463855	752
1462	2	25916815	510
1462	3	2764424678	485
1462	4	16663008	449
1462	5	4306463937	348
1462	6	31062579	213
1462	7	4306401280	188
1462	8	2764878774	163
1462	9	2764375719	141
1462	10	282835	136
1463	1	4306463708	1415
1463	2	4306462995	1403
1463	3	4306462964	685
1463	4	4306463091	573
1463	5	4306463937	513
1463	6	4306463855	444
1463	7	195774317	341
1463	8	146017412	339
1463	9	4210184680	286
1463	10	4210173305	211
1464	1	4306463937	325
1464	2	4306525036	295
1464	3	4306522055	240
1464	4	171176648	238
1464	5	4306463855	237
1464	6	190894130	235
1464	7	4210172589	197
1464	8	10873304	169
1464	9	39476178	130
1464	10	176659572	129
1465	1	14436165	875
1465	2	4306525036	743
1465	3	4306463230	246
1465	4	156174673	180
1465	5	186282544	142
1465	6	101107869	131
1465	7	132108250	124
1465	8	83651209	121
1465	9	4306463937	112
1465	10	42307217	110
1466	1	4306463937	1047
1466	2	4306463855	522
1466	3	189631880	286
1466	4	4306462995	271
1466	5	161695446	259
1466	6	4210171403	233
1466	7	4210197458	214
1466	8	4306463409	178
1466	9	4306463895	168
1466	10	20419620	162
1467	1	4306525036	791
1467	2	4210177186	563
1467	3	2312674	561
1467	4	14109371	519
1467	5	4306463937	436
1467	6	205749764	299
1467	7	45161156	286
1467	8	117141055	286
1467	9	113474406	272
1467	10	134316426	229
1468	1	12146737	543
1468	2	96685181	533
1468	3	65932378	391
1468	4	4306402567	354
1468	5	4306463937	350
1468	6	149191589	303
1468	7	2493613807	290
1468	8	197264859	264
1468	9	202381698	264
1468	10	198965713	244
1469	1	4306525036	871
1469	2	206674190	677
1469	3	4306463937	584
1469	4	100736837	209
1469	5	4306463230	192
1469	6	202381698	166
1469	7	203504471	164
1469	8	51047553	128
1469	9	2754281505	127
1469	10	50055314	124
1470	1	4306463937	416
1470	2	88768767	404
1470	3	42294715	264
1470	4	111458355	248
1470	5	133274750	239
1470	6	11781297	238
1470	7	158228368	228
1470	8	4306402567	214
1470	9	102181007	207
1470	10	2493613807	203
1471	1	177196338	2198
1471	2	77047749	897
1471	3	186054908	588
1471	4	6377669	500
1471	5	75741262	458
1471	6	183492911	348
1471	7	99352657	229
1471	8	175770247	227
1471	9	4306400194	223
1471	10	185621672	218
1472	1	98455728	1139
1472	2	191963794	537
1472	3	79832926	453
1472	4	192559872	435
1472	5	124795565	397
1472	6	101949793	341
1472	7	183492911	330
1472	8	48583931	269
1472	9	189694085	242
1472	10	105746325	223
1473	1	4306525036	970
1473	2	4306463937	436
1473	3	39924113	324
1473	4	2764418376	277
1473	5	4306463230	221
1473	6	113474406	210
1473	7	2738950867	199
1473	8	47192491	179
1473	9	45161156	175
1473	10	4306402450	155
1474	1	4306463855	976
1474	2	129655060	468
1474	3	192935422	386
1474	4	4306463937	357
1474	5	18307414	315
1474	6	2764962534	297
1474	7	65101173	248
1474	8	4306463716	243
1474	9	4210172589	225
1474	10	2765054849	194
1475	1	4306402512	553
1475	2	4210169476	401
1475	3	2739279844	353
1475	4	2898366065	310
1475	5	4210193527	276
1475	6	2764790136	249
1475	7	4210206925	249
1475	8	4210231225	224
1475	9	4210236111	223
1475	10	4210202357	220
1476	1	4306400194	2048
1476	2	159544283	1312
1476	3	171741597	657
1476	4	18902827	497
1476	5	50372074	387
1476	6	150125562	374
1476	7	81624066	334
1476	8	178924077	233
1476	9	121701187	181
1476	10	73158690	177
1477	1	4306463708	1810
1477	2	255146	1000
1477	3	4306463855	757
1477	4	147022693	676
1477	5	204374153	450
1477	6	116734912	444
1477	7	4306462995	404
1477	8	4306463937	383
1477	9	121299002	375
1477	10	63151042	331
1478	1	4306400194	1200
1478	2	106296714	485
1478	3	2485537415	303
1478	4	4306463937	247
1478	5	63392143	193
1478	6	196647941	162
1478	7	63459445	154
1478	8	115004586	133
1478	9	62238642	130
1478	10	10936095	128
1479	1	4306463937	591
1479	2	10134376	388
1479	3	106296714	305
1479	4	4306463855	289
1479	5	4306463230	256
1479	6	4210172589	185
1479	7	4210169156	168
1479	8	4306463409	159
1479	9	4210195883	151
1479	10	4210184358	141
1480	1	4306525036	1066
1480	2	76304953	563
1480	3	129637156	417
1480	4	140251998	259
1480	5	202381698	239
1480	6	10623703	222
1480	7	9145135	187
1480	8	4306463230	184
1480	9	4306463937	175
1480	10	151589183	170
1481	1	4306525036	478
1481	2	98455728	384
1481	3	96873385	256
1481	4	191963794	244
1481	5	152998702	238
1481	6	152760256	237
1481	7	137084839	231
1481	8	124795565	219
1481	9	88052261	188
1481	10	192559872	183
1482	1	4306402567	683
1482	2	134668137	679
1482	3	4306402450	473
1482	4	187657468	365
1482	5	4306525036	300
1482	6	140251998	273
1482	7	2597340651	221
1482	8	2596394214	218
1482	9	64187185	209
1482	10	10623703	201
1483	1	90791864	793
1483	2	131264402	589
1483	3	36624081	539
1483	4	80591372	497
1483	5	86860186	370
1483	6	203100778	366
1483	7	4306463937	265
1483	8	946213959	236
1483	9	93478396	230
1483	10	32061424	212
1484	1	183492911	5800
1484	2	178776955	372
1484	3	4210238599	366
1484	4	4306400194	363
1484	5	195663288	324
1484	6	180314335	281
1484	7	130108588	270
1484	8	175543413	224
1484	9	82835231	218
1484	10	4306463937	184
1485	1	4306525036	1246
1485	2	43051214	528
1485	3	15137598	501
1485	4	4306463937	292
1485	5	28527816	239
1485	6	195182175	228
1485	7	181459644	193
1485	8	47192491	182
1485	9	2914540776	177
1485	10	4306463230	164
1486	1	4306400194	797
1486	2	6377669	717
1486	3	4210235286	690
1486	4	24807848	615
1486	5	35412551	421
1486	6	152000018	332
1486	7	77047749	287
1486	8	22862804	273
1486	9	4210213036	244
1486	10	125754415	214
1487	1	4210202285	2046
1487	2	196493665	673
1487	3	161318153	530
1487	4	4306525036	386
1487	5	4306463937	315
1487	6	188336720	309
1487	7	181675524	245
1487	8	141152059	171
1487	9	4306523575	147
1487	10	4306498894	145
1488	1	4306463937	665
1488	2	124907306	504
1488	3	4306463855	479
1488	4	4210212669	342
1488	5	30803906	306
1488	6	46483713	306
1488	7	4210172589	282
1488	8	204799461	246
1488	9	183584863	177
1488	10	202381698	159
1489	1	4306501125	217
1489	2	4306501127	215
1489	3	64511102	197
1489	4	4210169245	165
1489	5	2765037327	160
1489	6	4306463937	150
1489	7	144771191	149
1489	8	25157213	148
1489	9	4306402512	146
1489	10	4306400194	141
1490	1	55737203	654
1490	2	134216166	462
1490	3	17551360	392
1490	4	109720773	188
1490	5	4306402450	185
1490	6	79392371	181
1490	7	106296714	179
1490	8	4306463937	178
1490	9	59323220	177
1490	10	87561820	147
1491	1	200071133	1851
1491	2	15137598	551
1491	3	2595292759	424
1491	4	14436165	368
1491	5	168522863	334
1491	6	51596929	300
1491	7	4306525036	286
1491	8	36838616	276
1491	9	4306402567	275
1491	10	2754803477	264
1492	1	4306463937	533
1492	2	137773608	230
1492	3	14881475	218
1492	4	36233454	208
1492	5	4306525036	197
1492	6	196414289	193
1492	7	4210203117	192
1492	8	3880285	157
1492	9	4210172589	148
1492	10	85421537	122
1493	1	52566953	1098
1493	2	13479253	653
1493	3	24940445	501
1493	4	203465130	489
1493	5	86852077	447
1493	6	124453322	348
1493	7	145089992	249
1493	8	4306525036	203
1493	9	124203677	189
1493	10	4210210829	184
1494	1	171471881	2450
1494	2	177710124	1034
1494	3	199213172	891
1494	4	24891482	397
1494	5	17264655	336
1494	6	2764499429	256
1494	7	4306400562	248
1494	8	4210193854	231
1494	9	4210207663	199
1494	10	4306504709	194
1495	1	91748803	709
1495	2	96615428	666
1495	3	57491091	513
1495	4	4306525036	499
1495	5	55776271	478
1495	6	114911520	407
1495	7	6147291	352
1495	8	91749377	301
1495	9	7140881	296
1495	10	103035011	295
1496	1	4210172589	4443
1496	2	4306401271	1148
1496	3	4306400194	364
1496	4	2876017	297
1496	5	4306463937	286
1496	6	99789271	246
1496	7	60036207	153
1496	8	4306463230	128
1496	9	4210171147	99
1496	10	173574685	97
1497	1	40080443	1528
1497	2	4306525036	733
1497	3	2488126895	553
1497	4	2764986774	346
1497	5	4306463937	286
1497	6	181318168	252
1497	7	12898181	141
1497	8	4306463855	134
1497	9	144187503	128
1497	10	2755775405	119
1498	1	106296714	750
1498	2	4306400194	295
1498	3	4306463937	288
1498	4	4210206007	166
1498	5	2764900261	160
1498	6	49967189	149
1498	7	101949793	146
1498	8	2764905038	137
1498	9	64417657	134
1498	10	120683614	132
1499	1	4210172589	2043
1499	2	4306401271	923
1499	3	120991925	759
1499	4	4306463937	514
1499	5	4306463409	265
1499	6	77467249	242
1499	7	4306463223	209
1499	8	169221615	184
1499	9	4306463855	133
1499	10	25720340	123
1500	1	4306463937	667
1500	2	106296714	514
1500	3	24688465	440
1500	4	4306400194	362
1500	5	123149298	280
1500	6	145575934	257
1500	7	2764830010	150
1500	8	2764743394	146
1500	9	128754310	129
1500	10	160215590	125
1501	1	4306525036	669
1501	2	140251998	531
1501	3	202381698	302
1501	4	168522863	248
1501	5	128439998	240
1501	6	151589183	212
1501	7	4306463937	176
1501	8	157527038	151
1501	9	4306402567	131
1501	10	10623703	127
1502	1	4306400194	568
1502	2	106296714	502
1502	3	103321696	469
1502	4	4306463937	357
1502	5	173256270	299
1502	6	57667410	296
1502	7	4210172729	207
1502	8	196821226	205
1502	9	4210172589	177
1502	10	153485742	153
1503	1	4306525036	603
1503	2	140251998	577
1503	3	38008053	307
1503	4	200071133	263
1503	5	202381698	251
1503	6	128439998	242
1503	7	168522863	220
1503	8	151589183	204
1503	9	4306463937	186
1503	10	70396342	181
1504	1	106296714	1631
1504	2	2764847869	366
1504	3	4306400194	353
1504	4	4306463937	305
1504	5	2485537415	236
1504	6	120683614	228
1504	7	49967189	188
1504	8	2764900261	166
1504	9	2764905038	124
1504	10	175310385	121
1505	1	104261359	833
1505	2	12418545	532
1505	3	9351502	475
1505	4	185347631	432
1505	5	188633547	419
1505	6	28438197	329
1505	7	183233548	314
1505	8	43044067	279
1505	9	136710263	278
1505	10	87343901	246
1506	1	4306463937	882
1506	2	4306463855	764
1506	3	102059668	492
1506	4	62036463	383
1506	5	26762059	368
1506	6	19655492	336
1506	7	4306463716	238
1506	8	4210172589	166
1506	9	4306463871	150
1506	10	141879773	145
1507	1	4306463937	957
1507	2	4306463855	538
1507	3	4306462995	432
1507	4	4306463708	370
1507	5	4306462964	333
1507	6	74899632	291
1507	7	4210184657	264
1507	8	4306464262	262
1507	9	2764375719	261
1507	10	4210172589	242
1508	1	4210172589	3271
1508	2	4306401271	857
1508	3	4306463937	495
1508	4	4210220163	472
1508	5	2042836	339
1508	6	4317411217	197
1508	7	116184629	191
1508	8	2764746468	190
1508	9	4306463708	180
1508	10	4306464242	154
1509	1	4306525036	955
1509	2	14109371	845
1509	3	65618785	436
1509	4	2764466093	325
1509	5	4306402450	284
1509	6	118785805	260
1509	7	4306463937	223
1509	8	32190847	208
1509	9	3756010	204
1509	10	35439863	201
1510	1	84272931	827
1510	2	4306525036	726
1510	3	45445671	714
1510	4	190398947	593
1510	5	127900037	364
1510	6	130598054	342
1510	7	6860681	263
1510	8	2595292759	252
1510	9	4306463937	216
1510	10	171513543	199
1511	1	78419349	670
1511	2	137084839	570
1511	3	60519989	536
1511	4	70817854	511
1511	5	4306463230	414
1511	6	29409266	363
1511	7	200764475	305
1511	8	67425620	304
1511	9	105605216	246
1511	10	4306531913	209
1512	1	4306400194	1286
1512	2	106296714	1046
1512	3	2485537415	250
1512	4	2764900261	192
1512	5	4306463937	181
1512	6	2764905038	167
1512	7	101949793	151
1512	8	45693802	112
1512	9	110206669	112
1512	10	414566	104
1513	1	35412551	925
1513	2	4306400194	895
1513	3	24688465	608
1513	4	70718007	394
1513	5	187806540	353
1513	6	4210224030	341
1513	7	138681734	315
1513	8	4306463937	312
1513	9	950076683	301
1513	10	4210235286	292
1514	1	190353498	639
1514	2	4306463937	358
1514	3	4306463855	298
1514	4	2764740476	264
1514	5	13872956	210
1514	6	2764665372	184
1514	7	16392879	175
1514	8	180263418	163
1514	9	88010664	151
1514	10	4210171619	150
1515	1	4306525036	592
1515	2	4306463230	389
1515	3	128227336	329
1515	4	202381698	321
1515	5	4306463937	307
1515	6	158228368	206
1515	7	27359860	177
1515	8	167979021	173
1515	9	189281586	170
1515	10	2764852704	165
1516	1	4306463937	551
1516	2	106296714	382
1516	3	78398831	219
1516	4	4306463409	218
1516	5	4210172634	205
1516	6	204030396	202
1516	7	4306462995	193
1516	8	4306463855	181
1516	9	143778727	162
1516	10	91386000	152
1517	1	183492911	2825
1517	2	178776955	834
1517	3	180314335	581
1517	4	4210238599	471
1517	5	175543413	438
1517	6	4210171700	334
1517	7	201441698	277
1517	8	130108588	222
1517	9	4210212500	221
1517	10	134390580	195
1518	1	4026894	1209
1518	2	112180307	716
1518	3	100227592	627
1518	4	4306525036	624
1518	5	4210167578	583
1518	6	59624048	555
1518	7	4306463937	459
1518	8	4306463230	353
1518	9	2764663100	321
1518	10	2739034459	318
1519	1	17147534	607
1519	2	4306463937	357
1519	3	2764449704	347
1519	4	4210232579	295
1519	5	4306525036	255
1519	6	4210234749	233
1519	7	2764493120	153
1519	8	4306463230	146
1519	9	2739058702	136
1519	10	94610253	134
1520	1	4306400194	1836
1520	2	4210235286	927
1520	3	35412551	723
1520	4	24807848	562
1520	5	195231649	549
1520	6	167943036	377
1520	7	4306463937	289
1520	8	24688465	274
1520	9	148121101	262
1520	10	185067381	256
1521	1	4306525036	1037
1521	2	4306463937	297
1521	3	25650217	264
1521	4	144270092	234
1521	5	183989336	206
1521	6	44717366	178
1521	7	4306463230	158
1521	8	202381698	150
1521	9	44888363	130
1521	10	132787887	128
1522	1	100835903	534
1522	2	4306463937	359
1522	3	106296714	352
1522	4	4306400194	251
1522	5	4306419226	170
1522	6	37538908	153
1522	7	105046310	142
1522	8	4306418181	108
1522	9	139392130	105
1522	10	4306417726	91
1523	1	75741262	493
1523	2	164001016	381
1523	3	206811868	219
1523	4	2481244646	202
1523	5	196734849	200
1523	6	4210193069	191
1523	7	6377669	181
1523	8	183492911	160
1523	9	94313546	154
1523	10	23181512	143
1524	1	8962223	326
1524	2	4210169245	230
1524	3	4210202285	223
1524	4	4306463937	213
1524	5	61564791	188
1524	6	4210169805	169
1524	7	4306463230	166
1524	8	2764989785	158
1524	9	4210189194	157
1524	10	2764696622	146
1525	1	31010182	375
1525	2	16945967	357
1525	3	13961689	295
1525	4	183492911	292
1525	5	11146949	264
1525	6	6785741	261
1525	7	140928716	238
1525	8	128754310	207
1525	9	58031724	190
1525	10	96702057	172
1526	1	105208853	303
1526	2	4306463937	254
1526	3	95725323	164
1526	4	4306463855	128
1526	5	4306463409	127
1526	6	32993367	119
1526	7	205053445	114
1526	8	4210187594	114
1526	9	4210179225	111
1526	10	106296714	106
1527	1	50222406	425
1527	2	4210197219	310
1527	3	4210205149	261
1527	4	4306463937	208
1527	5	143744711	199
1527	6	66058762	170
1527	7	183492911	162
1527	8	133646729	146
1527	9	170809390	135
1527	10	4363608088	134
1528	1	168814323	1288
1528	2	114265159	721
1528	3	2486410643	409
1528	4	44318362	388
1528	5	4306463937	232
1528	6	4210186125	225
1528	7	201530359	206
1528	8	132244886	163
1528	9	4210228852	156
1528	10	100787194	151
1529	1	186745480	1504
1529	2	129676613	1025
1529	3	4210202285	517
1529	4	4210189194	358
1529	5	105637730	292
1529	6	2497375143	254
1529	7	198098182	216
1529	8	4306463230	179
1529	9	4210187594	171
1529	10	128754310	158
1530	1	4306401280	507
1530	2	4306501743	486
1530	3	2739064124	457
1530	4	4210234566	153
1530	5	2739237874	137
1530	6	4210227523	117
1530	7	4317411217	111
1530	8	4210222786	100
1530	9	2736666618	98
1530	10	4306401271	98
1531	1	4306525036	608
1531	2	4306402450	462
1531	3	4210172589	439
1531	4	12898181	421
1531	5	4306401271	391
1531	6	167257428	343
1531	7	155125020	266
1531	8	49861241	259
1531	9	202381698	259
1531	10	2595931848	237
1532	1	4306525036	707
1532	2	38008053	382
1532	3	200071133	270
1532	4	202381698	267
1532	5	140251998	259
1532	6	168522863	198
1532	7	70396342	194
1532	8	199011235	158
1532	9	30970080	156
1532	10	4306402450	152
1533	1	15137598	577
1533	2	14436165	533
1533	3	168522863	356
1533	4	4306525036	352
1533	5	140251998	344
1533	6	30970080	295
1533	7	4306402567	237
1533	8	4306463937	225
1533	9	202381698	189
1533	10	128439998	184
1534	1	4306525036	872
1534	2	186113128	353
1534	3	200071133	233
1534	4	4306463937	233
1534	5	18197459	207
1534	6	15137598	182
1534	7	97303050	148
1534	8	202381698	127
1534	9	36361591	120
1534	10	38631682	120
1535	1	4306525036	633
1535	2	14436165	508
1535	3	15137598	338
1535	4	4306463937	203
1535	5	2595413687	176
1535	6	4306463230	176
1535	7	60865174	159
1535	8	4306402450	156
1535	9	4210214127	142
1535	10	181810612	126
1536	1	25235501	485
1536	2	65353606	466
1536	3	4306463937	345
1536	4	4210172589	299
1536	5	4210205650	199
1536	6	93284759	171
1536	7	4306401271	168
1536	8	4306463855	163
1536	9	159120381	153
1536	10	4210172023	132
1537	1	150985620	645
1537	2	4306463937	588
1537	3	4306525036	553
1537	4	108723051	257
1537	5	70185877	243
1537	6	73246074	210
1537	7	4306462995	199
1537	8	4306463855	171
1537	9	41709181	168
1537	10	4210239305	167
1538	1	40629775	999
1538	2	4306525036	719
1538	3	4306463937	473
1538	4	150692223	434
1538	5	3919362	361
1538	6	4306463230	321
1538	7	24299867	288
1538	8	49137649	283
1538	9	76304953	244
1538	10	50016660	226
1539	1	4306463937	652
1539	2	4306401271	350
1539	3	135539873	336
1539	4	4210172589	298
1539	5	79505318	297
1539	6	2764509879	273
1539	7	4210204360	228
1539	8	127118166	216
1539	9	83253694	215
1539	10	4306401280	199
1540	1	4306463855	774
1540	2	4306463937	737
1540	3	26978096	602
1540	4	190652642	438
1540	5	4306463716	371
1540	6	4306463122	279
1540	7	44753038	168
1540	8	2764375719	165
1540	9	4306463717	135
1540	10	154433558	125
1541	1	170105747	475
1541	2	100175869	388
1541	3	4306402567	370
1541	4	81924583	366
1541	5	4306463937	285
1541	6	4306525036	279
1541	7	81474683	252
1541	8	167407068	251
1541	9	4306463230	248
1541	10	202381698	227
1542	1	4306463937	538
1542	2	9692511	257
1542	3	4210172589	249
1542	4	88763227	239
1542	5	4306463855	217
1542	6	12410666	169
1542	7	108453729	166
1542	8	34137071	164
1542	9	29984966	154
1542	10	145429826	153
1543	1	4317411217	406
1543	2	4306401280	318
1543	3	4210180363	184
1543	4	4306516739	180
1543	5	4306516552	158
1543	6	4306509005	153
1543	7	4306516779	139
1543	8	4306516958	122
1543	9	2736655138	106
1543	10	4306517099	103
1544	1	4210172589	2037
1544	2	4306401271	1880
1544	3	4306463855	293
1544	4	4306463937	225
1544	5	148397273	174
1544	6	4306463716	121
1544	7	120253869	103
1544	8	2764375719	95
1544	9	2764647102	95
1544	10	4306463708	89
1545	1	4306400194	2611
1545	2	151579836	1003
1545	3	4210226894	459
1545	4	161157516	453
1545	5	7365561	428
1545	6	54953690	289
1545	7	4306463937	204
1545	8	129511265	203
1545	9	73458468	200
1545	10	168054501	189
1546	1	4210196743	3440
1546	2	193620188	632
1546	3	183652945	472
1546	4	174013774	338
1546	5	55420515	191
1546	6	2765017008	160
1546	7	196837587	150
1546	8	128347262	135
1546	9	4306463937	135
1546	10	204691207	117
1547	1	41354064	494
1547	2	4306463937	394
1547	3	205999849	319
1547	4	108911230	307
1547	5	55509983	304
1547	6	88226677	281
1547	7	4306525036	265
1547	8	166799026	256
1547	9	39653451	253
1547	10	93466130	253
1548	1	45333638	799
1548	2	4306463937	466
1548	3	180657665	460
1548	4	4306463855	364
1548	5	4210172589	335
1548	6	73388012	202
1548	7	91771295	174
1548	8	3627878	172
1548	9	4306525036	154
1548	10	70371499	143
1549	1	41354064	3403
1549	2	133942674	879
1549	3	201989124	812
1549	4	205050996	563
1549	5	111155417	526
1549	6	4210200754	451
1549	7	67393510	430
1549	8	205754296	397
1549	9	4924609	367
1549	10	80698544	357
1550	1	106296714	1294
1550	2	4306400194	635
1550	3	4306463937	228
1550	4	2764905038	173
1550	5	2764900261	158
1550	6	4210206007	152
1550	7	13144211	143
1550	8	2485537415	128
1550	9	45693802	121
1550	10	4210191458	118
1551	1	4306525036	840
1551	2	4306463937	277
1551	3	2738950867	246
1551	4	144860794	210
1551	5	141953298	191
1551	6	4306463230	185
1551	7	14436165	171
1551	8	60865174	124
1551	9	127438345	124
1551	10	72350973	121
1552	1	4210172589	716
1552	2	4306401271	588
1552	3	4306463855	436
1552	4	4306463937	417
1552	5	4306463223	333
1552	6	4306462995	225
1552	7	4306463716	199
1552	8	4306463708	163
1552	9	85457386	116
1552	10	169586356	113
1553	1	4306525036	1367
1553	2	58727509	460
1553	3	4306463937	444
1553	4	14436165	400
1553	5	169297576	278
1553	6	45720283	254
1553	7	137740113	244
1553	8	32635664	175
1553	9	28607811	168
1553	10	21432770	146
1554	1	4306525036	962
1554	2	4306463937	454
1554	3	41314575	447
1554	4	104135014	374
1554	5	124584150	370
1554	6	4306463230	191
1554	7	60865174	184
1554	8	100253076	163
1554	9	86061721	149
1554	10	138569045	149
1555	1	4317411217	376
1555	2	4306401280	238
1555	3	4306516858	142
1555	4	2736648583	140
1555	5	4210169015	134
1555	6	4210227840	129
1555	7	4210228650	126
1555	8	2737584908	106
1555	9	4306516975	103
1555	10	4210170742	100
1556	1	4306401271	1297
1556	2	4210172589	889
1556	3	4306463937	328
1556	4	4306463855	276
1556	5	20152851	168
1556	6	85457386	139
1556	7	4306463716	108
1556	8	4306464009	105
1556	9	4306463708	104
1556	10	138054872	102
1557	1	24284137	880
1557	2	116094739	589
1557	3	4210202285	519
1557	4	153217397	428
1557	5	16737290	391
1557	6	20181990	320
1557	7	194735492	274
1557	8	2736800165	270
1557	9	133299089	203
1557	10	4306463937	196
1558	1	189344224	619
1558	2	52363224	349
1558	3	4306463937	338
1558	4	102630943	290
1558	5	176710131	290
1558	6	4210190971	270
1558	7	87240457	269
1558	8	40006715	265
1558	9	4306463230	240
1558	10	105775785	223
1559	1	4306525036	926
1559	2	200071133	505
1559	3	14436165	236
1559	4	140251998	220
1559	5	4306463937	180
1559	6	202381698	178
1559	7	149476849	141
1559	8	15137598	137
1559	9	128439998	136
1559	10	27064115	119
1560	1	91749377	619
1560	2	178566096	602
1560	3	4306525036	454
1560	4	91748803	446
1560	5	2594976040	398
1560	6	96615428	376
1560	7	55776271	352
1560	8	27359860	341
1560	9	2486125978	317
1560	10	23243006	263
1561	1	98026630	744
1561	2	134644764	541
1561	3	8548135	358
1561	4	38919146	329
1561	5	26760650	291
1561	6	2737939966	269
1561	7	2483688756	267
1561	8	4306463230	266
1561	9	106548112	262
1561	10	206298197	212
1562	1	36642063	1187
1562	2	2672396	1066
1562	3	4306525036	590
1562	4	203050583	459
1562	5	128631314	423
1562	6	38907727	421
1562	7	4306463937	415
1562	8	70058116	323
1562	9	4306463230	257
1562	10	100736837	256
1563	1	4306463708	650
1563	2	4306463937	632
1563	3	182180425	620
1563	4	4210202514	510
1563	5	4306463855	445
1563	6	4306462964	383
1563	7	2764375719	293
1563	8	4210184657	278
1563	9	2764402342	244
1563	10	196911494	236
1564	1	4306400194	1674
1564	2	51920167	836
1564	3	87350844	636
1564	4	2480022913	621
1564	5	159544283	524
1564	6	151579836	334
1564	7	14920484	291
1564	8	150125562	237
1564	9	4210179087	236
1564	10	4210192031	184
1565	1	54937123	592
1565	2	4306463937	403
1565	3	8097788	315
1565	4	87240457	282
1565	5	90999920	270
1565	6	4306400194	235
1565	7	4210190971	202
1565	8	102630943	190
1565	9	986251842	157
1565	10	153281200	153
1566	1	124030303	1214
1566	2	4306525036	829
1566	3	188121330	732
1566	4	183492911	624
1566	5	155721155	474
1566	6	4210221680	246
1566	7	2765059975	222
1566	8	148303206	220
1566	9	4306463937	189
1566	10	2764974866	177
1567	1	4306400194	2555
1567	2	106296714	1942
1567	3	90727058	925
1567	4	75897683	660
1567	5	68047077	360
1567	6	4306463937	264
1567	7	53865935	259
1567	8	6941720	243
1567	9	4306402512	205
1567	10	59933527	186
1568	1	2764676598	274
1568	2	4210179954	215
1568	3	144771191	212
1568	4	64511102	168
1568	5	198098182	168
1568	6	2898188555	166
1568	7	4306463937	154
1568	8	2764399000	152
1568	9	96305778	151
1568	10	145575934	133
1569	1	183492911	2206
1569	2	104118869	848
1569	3	178776955	703
1569	4	117354312	662
1569	5	134390580	625
1569	6	4306463937	247
1569	7	47864364	226
1569	8	76304953	217
1569	9	4210238599	206
1569	10	196734849	148
1570	1	4306525036	1140
1570	2	58498366	765
1570	3	61859066	414
1570	4	30640462	271
1570	5	103663982	246
1570	6	113438027	199
1570	7	4306463937	183
1570	8	2764953765	144
1570	9	195000414	136
1570	10	2672396	126
1571	1	4306525036	1177
1571	2	14436165	318
1571	3	76900504	266
1571	4	4306463937	242
1571	5	4306463230	201
1571	6	86692366	176
1571	7	4210172677	175
1571	8	141953298	161
1571	9	2738950867	150
1571	10	154471048	147
1572	1	4306463409	453
1572	2	4306463937	430
1572	3	4210177767	327
1572	4	4306417665	314
1572	5	106296714	215
1572	6	4210172589	195
1572	7	4306418324	188
1572	8	4306419566	120
1572	9	4306420657	107
1572	10	2764900261	103
1573	1	129686714	610
1573	2	4306463937	596
1573	3	161248890	495
1573	4	4306463855	463
1573	5	4210172589	309
1573	6	90818395	222
1573	7	4306463230	206
1573	8	4306463075	143
1573	9	4306462995	127
1573	10	175056054	121
1574	1	106296714	1570
1574	2	4306400194	1290
1574	3	4387284112	588
1574	4	30686695	478
1574	5	4306463937	280
1574	6	4210179349	183
1574	7	4306512626	176
1574	8	4306420577	168
1574	9	4210191458	149
1574	10	4210224842	133
1575	1	134390580	614
1575	2	4306400194	556
1575	3	35412551	528
1575	4	178776955	386
1575	5	164566984	380
1575	6	186881120	366
1575	7	24807848	362
1575	8	4210224030	288
1575	9	64486668	287
1575	10	4363604419	270
1576	1	4306525036	866
1576	2	4306463937	330
1576	3	154471048	238
1576	4	14436165	224
1576	5	141953298	159
1576	6	28966261	140
1576	7	2738950867	138
1576	8	10058814	137
1576	9	30446230	133
1576	10	4306463230	122
1577	1	3225087	862
1577	2	4306463937	607
1577	3	197285354	424
1577	4	151331055	321
1577	5	46238352	306
1577	6	4306463230	222
1577	7	4306463855	207
1577	8	4210229424	204
1577	9	4210172589	201
1577	10	4306462995	200
1578	1	135458494	1097
1578	2	4210196743	652
1578	3	29946585	383
1578	4	85201822	380
1578	5	112652565	363
1578	6	63107127	358
1578	7	88768767	324
1578	8	4306463937	287
1578	9	207933444	275
1578	10	4306402567	213
1579	1	4306525036	1193
1579	2	41314575	376
1579	3	4306463937	285
1579	4	4306463230	192
1579	5	127438345	191
1579	6	46399520	162
1579	7	140889577	151
1579	8	60865174	147
1579	9	159891131	137
1579	10	159787512	130
1580	1	4306463230	884
1580	2	161638509	626
1580	3	69093139	598
1580	4	4306525036	529
1580	5	7204592	440
1580	6	43044067	346
1580	7	79984219	344
1580	8	23243006	307
1580	9	201045011	277
1580	10	147868187	256
1581	1	4306525036	482
1581	2	96615428	481
1581	3	54542293	374
1581	4	189281586	282
1581	5	55776271	245
1581	6	4306402567	234
1581	7	4306463937	224
1581	8	4306463230	201
1581	9	202381698	190
1581	10	46544255	184
1582	1	77047749	613
1582	2	145476921	377
1582	3	143846845	356
1582	4	95739953	328
1582	5	191963794	319
1582	6	181332294	269
1582	7	23181512	241
1582	8	206811868	236
1582	9	35412551	232
1582	10	98085912	226
1583	1	183492911	845
1583	2	77056576	684
1583	3	109302362	576
1583	4	140928716	450
1583	5	147767848	343
1583	6	128754310	336
1583	7	67425620	309
1583	8	4306463937	246
1583	9	4210187594	224
1583	10	154368109	215
1584	1	8722945	511
1584	2	167407068	281
1584	3	4306463230	276
1584	4	4306525036	271
1584	5	110785341	232
1584	6	134644764	232
1584	7	98026630	210
1584	8	202381698	177
1584	9	4306463075	169
1584	10	4306463937	169
1585	1	4306525036	724
1585	2	14544163	601
1585	3	205145379	414
1585	4	150708336	324
1585	5	140889577	264
1585	6	26699211	189
1585	7	52732750	184
1585	8	4306401280	160
1585	9	173941543	139
1585	10	110785341	136
1586	1	39924113	733
1586	2	4306525036	729
1586	3	4306463937	370
1586	4	76925378	304
1586	5	4306463230	277
1586	6	144860794	208
1586	7	22881060	188
1586	8	141953298	160
1586	9	144578311	143
1586	10	125174104	140
1587	1	4306463855	324
1587	2	130873806	201
1587	3	4306401280	190
1587	4	4317411217	174
1587	5	2764590641	173
1587	6	4306462995	166
1587	7	4210201753	130
1587	8	2764382321	129
1587	9	179605291	125
1587	10	106296714	121
1588	1	162708223	539
1588	2	70769875	420
1588	3	13479253	382
1588	4	4210172589	259
1588	5	86852077	241
1588	6	207178839	235
1588	7	169363509	224
1588	8	183492911	224
1588	9	4306463937	200
1588	10	36624081	198
1589	1	4306525036	889
1589	2	45445671	681
1589	3	73678819	646
1589	4	4306463937	446
1589	5	2764444635	340
1589	6	17762386	224
1589	7	139838620	223
1589	8	568598	213
1589	9	13083541	205
1589	10	127900037	195
1590	1	4306525036	1306
1590	2	105068684	439
1590	3	92370695	266
1590	4	147444837	249
1590	5	116608325	246
1590	6	12898181	230
1590	7	79233773	221
1590	8	4306463937	195
1590	9	192814187	166
1590	10	135745533	155
1591	1	140251998	567
1591	2	4306525036	540
1591	3	38008053	279
1591	4	202381698	278
1591	5	4306463937	216
1591	6	128439998	202
1591	7	151589183	192
1591	8	125754415	167
1591	9	2595292759	148
1591	10	4306402567	140
1592	1	4306463937	938
1592	2	4210190285	538
1592	3	4306463855	398
1592	4	71495573	291
1592	5	4210179873	253
1592	6	4306462995	251
1592	7	20022381	242
1592	8	127265990	217
1592	9	39973823	197
1592	10	4306463091	181
1593	1	41354064	1109
1593	2	55009144	468
1593	3	4210172371	324
1593	4	4210200754	297
1593	5	67393510	288
1593	6	2481244646	267
1593	7	152760256	262
1593	8	193447295	257
1593	9	37391459	255
1593	10	177196338	227
1594	1	75371934	790
1594	2	71324801	369
1594	3	110876149	351
1594	4	4306463937	284
1594	5	195255895	243
1594	6	202457705	203
1594	7	204799461	203
1594	8	86898881	200
1594	9	115310785	191
1594	10	93478396	152
1595	1	70817854	1856
1595	2	105605216	1088
1595	3	4306463230	815
1595	4	5858206	693
1595	5	60519989	534
1595	6	36303399	370
1595	7	2501125583	301
1595	8	67425620	288
1595	9	29890325	269
1595	10	29409266	223
1596	1	106296714	2527
1596	2	4306400194	976
1596	3	4306463937	537
1596	4	4306402512	407
1596	5	75534514	246
1596	6	4306419999	226
1596	7	4306420577	225
1596	8	4210191458	205
1596	9	196139623	184
1596	10	4306417597	147
1597	1	2595292759	452
1597	2	4306525036	383
1597	3	128018148	305
1597	4	140251998	264
1597	5	200071133	215
1597	6	202381698	214
1597	7	38008053	191
1597	8	199011235	184
1597	9	4306402567	179
1597	10	4306463937	164
1598	1	106296714	1231
1598	2	4306400194	667
1598	3	4306463937	283
1598	4	2764847869	142
1598	5	2764900261	125
1598	6	63392143	122
1598	7	2485537415	116
1598	8	4210172589	107
1598	9	120683614	102
1598	10	4210183172	91
1599	1	99242495	1120
1599	2	4210172589	569
1599	3	4306401271	377
1599	4	4306463855	272
1599	5	80150607	268
1599	6	159637997	252
1599	7	186558940	250
1599	8	145575934	232
1599	9	10134376	209
1599	10	4306463937	197
1600	1	110533041	666
1600	2	4306525036	633
1600	3	15137598	589
1600	4	175922936	507
1600	5	4306463937	317
1600	6	106908163	248
1600	7	1995308	232
1600	8	14436165	214
1600	9	2596394214	212
1600	10	4306463230	190
1601	1	32898093	639
1601	2	76304953	450
1601	3	4306463937	369
1601	4	4306402567	297
1601	5	132751470	215
1601	6	5240358	214
1601	7	115201632	170
1601	8	196734849	152
1601	9	4306463230	152
1601	10	98183460	151
1602	1	99182027	292
1602	2	128754310	268
1602	3	50523690	252
1602	4	4210194614	180
1602	5	128368299	156
1602	6	58031724	155
1602	7	67425620	147
1602	8	4306463937	142
1602	9	4210240396	137
1602	10	112770955	136
1603	1	66354037	3183
1603	2	59012888	561
1603	3	11702923	505
1603	4	164692974	438
1603	5	35412551	435
1603	6	121986758	431
1603	7	39128869	405
1603	8	104875562	404
1603	9	2764696622	402
1603	10	24807848	314
1604	1	76910236	1480
1604	2	4210219862	365
1604	3	2736865057	333
1604	4	4210231370	323
1604	5	133066183	257
1604	6	19503097	251
1604	7	4210210994	222
1604	8	108833125	220
1604	9	4306463937	210
1604	10	4306463075	202
1605	1	4306400194	1084
1605	2	106296714	944
1605	3	137468011	324
1605	4	4210173141	319
1605	5	183492911	292
1605	6	110206669	257
1605	7	45693802	256
1605	8	137030581	190
1605	9	105424869	155
1605	10	2485537415	149
1606	1	145575934	667
1606	2	4306463075	311
1606	3	172073041	298
1606	4	113349237	225
1606	5	206927758	209
1606	6	54853311	198
1606	7	101949793	191
1606	8	4210205812	170
1606	9	4306400194	150
1606	10	4210178770	146
1607	1	198879913	524
1607	2	10892749	512
1607	3	189694085	313
1607	4	59479367	251
1607	5	101949793	187
1607	6	37189094	160
1607	7	109302362	123
1607	8	147767848	100
1607	9	16945967	88
1607	10	147622553	85
1608	1	183492911	947
1608	2	11146949	512
1608	3	105243760	287
1608	4	189509794	267
1608	5	187991544	241
1608	6	200764475	241
1608	7	16945967	192
1608	8	52442148	189
1608	9	2481244646	171
1608	10	4306463937	157
1609	1	183492911	864
1609	2	100607112	340
1609	3	111326731	295
1609	4	43295729	215
1609	5	39675887	192
1609	6	106174089	170
1609	7	4306463075	162
1609	8	4210233251	159
1609	9	29980478	146
1609	10	4306463937	135
1610	1	119228529	322
1610	2	115427279	300
1610	3	4306525036	295
1610	4	4306401271	273
1610	5	4210172589	227
1610	6	206696595	220
1610	7	4306463937	195
1610	8	110785341	191
1610	9	18733340	155
1610	10	15239247	146
1611	1	41354064	3504
1611	2	201989124	1004
1611	3	205050996	705
1611	4	67393510	560
1611	5	4210200754	549
1611	6	133942674	522
1611	7	111155417	447
1611	8	152760256	410
1611	9	205754296	392
1611	10	179810352	322
1612	1	4306400194	7590
1612	2	4306420609	514
1612	3	4306419644	368
1612	4	928796702	208
1612	5	106296714	206
1612	6	4306419146	182
1612	7	193920097	162
1612	8	118988714	155
1612	9	4306402512	154
1612	10	4306419637	143
1613	1	4306525036	637
1613	2	205999849	510
1613	3	41354064	490
1613	4	55509983	392
1613	5	29564236	327
1613	6	108911230	325
1613	7	88226677	308
1613	8	39653451	292
1613	9	4306463937	288
1613	10	93466130	253
1614	1	106296714	355
1614	2	4210206007	267
1614	3	2764905038	265
1614	4	2764900261	191
1614	5	4306463937	188
1614	6	4306400194	185
1614	7	4306463409	174
1614	8	2764531433	152
1614	9	4210169156	151
1614	10	4210172589	146
1615	1	4306400194	371
1615	2	2898246533	284
1615	3	4306463937	246
1615	4	106296714	149
1615	5	115207144	149
1615	6	128754310	131
1615	7	2898405271	106
1615	8	4210179954	94
1615	9	91329792	90
1615	10	4210174850	88
1616	1	4306525036	959
1616	2	14436165	672
1616	3	121831025	528
1616	4	183989336	274
1616	5	25650217	261
1616	6	4306463937	258
1616	7	13698240	206
1616	8	50823678	201
1616	9	200071133	199
1616	10	50602745	184
1617	1	4306525036	293
1617	2	83853393	288
1617	3	173499201	243
1617	4	153285774	209
1617	5	70979998	200
1617	6	4210230422	189
1617	7	134644764	183
1617	8	4306463937	173
1617	9	118568332	169
1617	10	4306463230	162
1618	1	11400418	505
1618	2	140251998	436
1618	3	4306525036	319
1618	4	206830620	235
1618	5	151589183	229
1618	6	3485792	196
1618	7	4210172276	162
1618	8	202381698	160
1618	9	4306463230	153
1618	10	4306463937	147
1619	1	97378760	1024
1619	2	48860480	1018
1619	3	164770093	344
1619	4	166351637	309
1619	5	32869529	306
1619	6	4306463937	276
1619	7	5458151	274
1619	8	188738898	258
1619	9	4210174958	253
1619	10	62676688	239
1620	1	4306525036	891
1620	2	14436165	439
1620	3	66639021	268
1620	4	678965	250
1620	5	2764743878	164
1620	6	105051383	151
1620	7	4306463937	135
1620	8	4210228861	129
1620	9	15137598	128
1620	10	202381698	128
1621	1	4210172589	2095
1621	2	4306401271	1621
1621	3	4210171147	264
1621	4	4306463937	246
1621	5	184729184	221
1621	6	4210169746	137
1621	7	4306463855	133
1621	8	4306401280	132
1621	9	7424199	129
1621	10	4306463716	114
1622	1	76910236	524
1622	2	2765035553	419
1622	3	4306463075	371
1622	4	2736865057	353
1622	5	14252860	273
1622	6	4306463937	181
1622	7	2764627745	171
1622	8	2912074200	157
1622	9	123149298	140
1622	10	56205983	139
1623	1	4306525036	560
1623	2	2754852731	419
1623	3	4306463937	232
1623	4	191417626	226
1623	5	165390330	195
1623	6	49878492	191
1623	7	67495602	174
1623	8	4306463230	160
1623	9	14436165	143
1623	10	108732581	136
1624	1	134185576	1072
1624	2	53450646	691
1624	3	86852077	318
1624	4	21442059	292
1624	5	87561820	285
1624	6	44455300	243
1624	7	4306463937	243
1624	8	134216166	217
1624	9	52566953	200
1624	10	4306463075	193
1625	1	4306525036	855
1625	2	43051214	409
1625	3	104135014	360
1625	4	4306463937	322
1625	5	124584150	300
1625	6	141953298	217
1625	7	14436165	214
1625	8	2738950867	174
1625	9	4306463230	165
1625	10	5398819	153
1626	1	171072222	778
1626	2	111155417	693
1626	3	166159787	435
1626	4	104038378	399
1626	5	140251998	396
1626	6	4210200754	313
1626	7	67393510	293
1626	8	4306463937	292
1626	9	152760256	259
1626	10	16435181	251
1627	1	4306525036	518
1627	2	79704628	480
1627	3	14436165	473
1627	4	4306463937	264
1627	5	137419829	261
1627	6	96975567	219
1627	7	2764892302	197
1627	8	141953298	182
1627	9	4306463230	182
1627	10	175814247	155
1628	1	200071133	1948
1628	2	4306525036	574
1628	3	14436165	355
1628	4	153015021	271
1628	5	149476849	229
1628	6	199810014	227
1628	7	163204731	188
1628	8	2752781272	180
1628	9	136942575	168
1628	10	159715054	168
1629	1	4306525036	411
1629	2	17753305	315
1629	3	202381698	290
1629	4	4306463937	249
1629	5	167664057	234
1629	6	59702976	180
1629	7	205775358	167
1629	8	4306463230	156
1629	9	2090548	147
1629	10	13389975	147
1630	1	186935893	1937
1630	2	55916960	797
1630	3	164770093	763
1630	4	4363604106	701
1630	5	19016632	420
1630	6	4306463230	211
1630	7	196074334	209
1630	8	181504447	194
1630	9	202680183	172
1630	10	65464001	164
1631	1	4210172589	1434
1631	2	4306401271	1020
1631	3	4306463937	491
1631	4	4306463855	173
1631	5	4306525036	155
1631	6	159675017	133
1631	7	4210179783	113
1631	8	4306463223	101
1631	9	4306463716	101
1631	10	4306464156	90
1632	1	181451930	303
1632	2	132320204	225
1632	3	4306463937	215
1632	4	140531128	201
1632	5	67377460	196
1632	6	38400733	194
1632	7	4306525036	188
1632	8	4306463855	176
1632	9	173117069	171
1632	10	114004174	129
1633	1	115510430	654
1633	2	4306525036	565
1633	3	149459226	272
1633	4	4306463937	265
1633	5	143406092	190
1633	6	4306463230	167
1633	7	77494981	149
1633	8	109998069	149
1633	9	139838620	125
1633	10	96699677	119
1634	1	11732831	436
1634	2	4210195883	272
1634	3	134216166	244
1634	4	4306525036	174
1634	5	87561820	166
1634	6	4306402450	132
1634	7	4317411217	132
1634	8	86852077	116
1634	9	4306463937	115
1634	10	194154261	114
1635	1	14436165	1214
1635	2	4306525036	778
1635	3	101107869	495
1635	4	4306463230	437
1635	5	4306463937	301
1635	6	41582180	171
1635	7	4210219855	124
1635	8	4306401280	118
1635	9	4210190147	114
1635	10	172125442	109
1636	1	4306400194	872
1636	2	4210172589	382
1636	3	4306400573	259
1636	4	4306525036	218
1636	5	4306402450	203
1636	6	4306463937	181
1636	7	17147534	129
1636	8	2738950867	128
1636	9	4306463230	117
1636	10	8481965	111
1637	1	183492911	2202
1637	2	127985767	842
1637	3	145630073	552
1637	4	10719676	497
1637	5	14279044	443
1637	6	105243760	420
1637	7	187991544	345
1637	8	29254203	338
1637	9	66392791	269
1637	10	4306463937	260
1638	1	4306525036	901
1638	2	144860794	300
1638	3	127438345	266
1638	4	187579785	257
1638	5	141953298	226
1638	6	4306463937	188
1638	7	2738950867	168
1638	8	14436165	153
1638	9	4306463230	147
1638	10	116251202	134
1639	1	134406477	435
1639	2	2739225236	305
1639	3	4306525036	292
1639	4	28828462	272
1639	5	171176648	256
1639	6	4306463937	244
1639	7	4306463855	235
1639	8	92129386	166
1639	9	112414500	165
1639	10	162743325	158
1640	1	4306463091	939
1640	2	4306462995	711
1640	3	4306463855	430
1640	4	203328646	346
1640	5	4306463708	267
1640	6	81528758	231
1640	7	121997567	191
1640	8	4210229345	183
1640	9	188435531	180
1640	10	47829194	163
1641	1	118045308	705
1641	2	126796143	530
1641	3	202381698	356
1641	4	196734849	291
1641	5	146976949	264
1641	6	4306402567	253
1641	7	115815424	241
1641	8	86852077	237
1641	9	28057480	229
1641	10	31777576	207
1642	1	4306402567	576
1642	2	180901878	450
1642	3	187186932	446
1642	4	98809561	414
1642	5	4306525036	320
1642	6	121703463	252
1642	7	134425043	248
1642	8	4306400573	239
1642	9	71291065	236
1642	10	4306402450	218
1643	1	29980478	525
1643	2	1016481467	442
1643	3	4306463937	350
1643	4	138354367	348
1643	5	4306463075	237
1643	6	198573919	217
1643	7	4306463230	157
1643	8	29311329	150
1643	9	86852077	150
1643	10	37224784	146
1644	1	106296714	694
1644	2	4306400194	618
1644	3	4306463937	211
1644	4	2764905038	190
1644	5	4210172589	161
1644	6	2764900261	160
1644	7	4210169156	150
1644	8	2485537415	134
1644	9	4210206007	107
1644	10	2764566388	103
1645	1	4210172589	615
1645	2	4306463855	327
1645	3	4306401271	319
1645	4	4306463937	318
1645	5	52853039	313
1645	6	50366009	243
1645	7	79946630	192
1645	8	39476178	186
1645	9	2764375719	182
1645	10	158923391	171
1646	1	52363224	402
1646	2	189344224	380
1646	3	102630943	346
1646	4	87240457	337
1646	5	197285952	281
1646	6	4306400194	250
1646	7	23074404	227
1646	8	153281200	224
1646	9	4210187541	224
1646	10	986251842	220
1647	1	4306525036	588
1647	2	4306463937	253
1647	3	172540258	117
1647	4	4306463855	113
1647	5	4210172589	111
1647	6	15239247	105
1647	7	4306401280	102
1647	8	4306463075	99
1647	9	4210191231	86
1647	10	169813748	83
1648	1	4306463855	753
1648	2	4306463937	527
1648	3	4306463716	241
1648	4	149872823	216
1648	5	96629499	187
1648	6	47282871	141
1648	7	4210172589	138
1648	8	4306462964	136
1648	9	2764375719	134
1648	10	135713760	129
1649	1	4306525036	606
1649	2	192814187	459
1649	3	4306463937	247
1649	4	172573765	215
1649	5	4210172589	208
1649	6	4393917726	200
1649	7	202381698	106
1649	8	4306463230	106
1649	9	62468778	97
1649	10	4362743	94
1650	1	4306525036	472
1650	2	28607811	458
1650	3	45720283	322
1650	4	4306463937	318
1650	5	3992287	250
1650	6	80252431	164
1650	7	58727509	135
1650	8	32635664	132
1650	9	140251998	129
1650	10	202381698	127
1651	1	131016564	735
1651	2	148726610	441
1651	3	4306525036	403
1651	4	103865650	301
1651	5	150548798	293
1651	6	4210218968	261
1651	7	130661733	214
1651	8	4306463230	209
1651	9	122302516	203
1651	10	4306463075	198
1652	1	106296714	940
1652	2	4306400194	645
1652	3	2764905038	212
1652	4	4306463937	211
1652	5	2485537415	184
1652	6	13144211	181
1652	7	2764900261	148
1652	8	192650101	137
1652	9	4210169156	136
1652	10	4210187594	119
1653	1	4210172589	685
1653	2	13144211	312
1653	3	4306401271	236
1653	4	106296714	218
1653	5	4306463937	192
1653	6	4306400194	137
1653	7	4306401280	124
1653	8	169988927	118
1653	9	103321696	108
1653	10	2764905038	88
1654	1	4306400194	3600
1654	2	200871675	498
1654	3	151579836	433
1654	4	70695507	328
1654	5	19392275	280
1654	6	185232611	226
1654	7	184577771	225
1654	8	158241587	219
1654	9	170381558	204
1654	10	74141806	201
1655	1	4306525036	678
1655	2	20605092	658
1655	3	157460402	512
1655	4	202381698	312
1655	5	72350973	302
1655	6	56736983	291
1655	7	161282271	222
1655	8	137629795	189
1655	9	14436165	175
1655	10	66330005	159
1656	1	125941916	616
1656	2	4306463230	363
1656	3	2764828120	325
1656	4	116285706	276
1656	5	207406949	271
1656	6	118082147	232
1656	7	67795522	218
1656	8	202381698	213
1656	9	96743589	193
1656	10	155333626	177
1657	1	202618210	403
1657	2	76161538	307
1657	3	181586246	307
1657	4	4210177787	174
1657	5	4306463855	172
1657	6	4306463937	170
1657	7	4306514367	161
1657	8	187785772	155
1657	9	185286239	150
1657	10	2764666867	150
1658	1	4306525036	710
1658	2	195182175	654
1658	3	28527816	640
1658	4	39924113	473
1658	5	4306463937	449
1658	6	170171939	249
1658	7	47192491	219
1658	8	76925378	217
1658	9	4306463230	212
1658	10	144860794	145
1659	1	183492911	590
1659	2	111326731	343
1659	3	4306400194	254
1659	4	106296714	252
1659	5	43295729	200
1659	6	7560371	185
1659	7	2485537415	146
1659	8	29254203	145
1659	9	117727964	140
1659	10	117411352	138
1660	1	186746772	1182
1660	2	4306525036	707
1660	3	2754767779	411
1660	4	56953219	363
1660	5	200071133	311
1660	6	4306463230	288
1660	7	4306463937	268
1660	8	14436165	258
1660	9	46670945	233
1660	10	66320806	202
1661	1	2530005873	563
1661	2	158028765	533
1661	3	84339699	512
1661	4	143744711	490
1661	5	187991544	463
1661	6	138759888	363
1661	7	105243760	351
1661	8	133646729	217
1661	9	42323631	180
1661	10	4210169477	172
1662	1	4210172589	8794
1662	2	4306463937	588
1662	3	4306463855	400
1662	4	4306462995	249
1662	5	4306463708	218
1662	6	4306463805	181
1662	7	4306463230	178
1662	8	4306463091	167
1662	9	4306463359	135
1662	10	4306463223	131
1663	1	151564723	833
1663	2	186451451	682
1663	3	4306463937	572
1663	4	182099265	427
1663	5	78433294	307
1663	6	96615428	248
1663	7	115815424	232
1663	8	4210172139	220
1663	9	31411064	219
1663	10	103035011	218
1664	1	188605413	672
1664	2	200764475	428
1664	3	52442148	374
1664	4	96365333	318
1664	5	4306463230	265
1664	6	156806727	238
1664	7	67425620	226
1664	8	26125866	223
1664	9	42323631	201
1664	10	4306463937	194
1665	1	157690423	674
1665	2	4306402567	364
1665	3	11296630	314
1665	4	4306463937	297
1665	5	202381698	285
1665	6	147866836	262
1665	7	121334040	211
1665	8	121360315	208
1665	9	158656174	199
1665	10	3006207977	199
1666	1	183492911	1090
1666	2	920941	731
1666	3	4210193667	580
1666	4	4306463937	377
1666	5	106296714	326
1666	6	69196262	317
1666	7	4210171700	313
1666	8	130108588	284
1666	9	4387289665	198
1666	10	178776955	189
1667	1	98455728	840
1667	2	58954656	506
1667	3	101949793	465
1667	4	189694085	252
1667	5	4306463230	217
1667	6	191963794	147
1667	7	4306463937	139
1667	8	2764696622	132
1667	9	192559872	128
1667	10	124795565	113
1668	1	4306402567	502
1668	2	38008053	404
1668	3	96615428	389
1668	4	2595292759	368
1668	5	185787987	314
1668	6	140251998	284
1668	7	81563257	226
1668	8	125754415	216
1668	9	4306525036	207
1668	10	202381698	202
1669	1	4306525036	744
1669	2	4306463937	431
1669	3	86387881	405
1669	4	4210197100	384
1669	5	59624048	255
1669	6	36642063	245
1669	7	4210201749	244
1669	8	200877091	235
1669	9	4306463230	214
1669	10	104442948	161
1670	1	4306525036	824
1670	2	131387491	559
1670	3	162191074	498
1670	4	2478453819	414
1670	5	103059793	389
1670	6	118780703	386
1670	7	2751401339	302
1670	8	4306463937	179
1670	9	180106345	163
1670	10	2764794283	127
1671	1	169411308	497
1671	2	179157397	469
1671	3	4306400194	419
1671	4	2764696622	345
1671	5	2764510598	231
1671	6	4210187594	189
1671	7	12965339	184
1671	8	4210192031	173
1671	9	14920484	171
1671	10	151851439	170
1672	1	106928643	482
1672	2	19266977	461
1672	3	29980478	415
1672	4	95823260	376
1672	5	87940674	307
1672	6	145089992	273
1672	7	158447136	273
1672	8	67425620	231
1672	9	2737737749	224
1672	10	75411654	222
1673	1	4306400194	2510
1673	2	53865935	901
1673	3	159544283	768
1673	4	184147796	603
1673	5	150125562	470
1673	6	158116049	257
1673	7	4210226894	150
1673	8	158241587	136
1673	9	151579836	131
1673	10	4805881	130
1674	1	4210172589	1005
1674	2	49327401	648
1674	3	4306401271	593
1674	4	4306400194	404
1674	5	78466176	359
1674	6	4306463937	257
1674	7	4306463855	177
1674	8	126021079	162
1674	9	4306463223	156
1674	10	201533460	148
1675	1	4210172589	770
1675	2	4306463937	551
1675	3	4306463409	308
1675	4	4306401271	207
1675	5	4210185096	182
1675	6	106296714	162
1675	7	4306400194	127
1675	8	4306419566	117
1675	9	4306417665	111
1675	10	4306463855	100
1676	1	4306463855	303
1676	2	4306463937	284
1676	3	2738082917	200
1676	4	4306478302	146
1676	5	4387292208	83
1676	6	78977824	81
1676	7	104917558	77
1676	8	156752806	77
1676	9	4210172589	75
1676	10	22313829	71
1677	1	4306402567	363
1677	2	4306525036	327
1677	3	86558740	319
1677	4	136634221	314
1677	5	104993753	285
1677	6	10652568	275
1677	7	4306463937	252
1677	8	180901878	231
1677	9	202381698	228
1677	10	4306463230	209
1678	1	4306525036	589
1678	2	4306463937	427
1678	3	171176648	308
1678	4	44052652	265
1678	5	92129386	156
1678	6	131132109	155
1678	7	4210172589	153
1678	8	175683280	147
1678	9	4306462995	144
1678	10	68436342	121
1679	1	36642063	1522
1679	2	100736837	741
1679	3	4306525036	499
1679	4	159788776	456
1679	5	4306463937	415
1679	6	65770309	362
1679	7	2672396	342
1679	8	203050583	303
1679	9	38907727	245
1679	10	4306463230	229
1680	1	4306400194	4712
1680	2	184147796	358
1680	3	40813394	296
1680	4	111381568	263
1680	5	192853806	224
1680	6	4306463937	208
1680	7	130774151	203
1680	8	104894821	184
1680	9	121479258	176
1680	10	66563395	160
1681	1	4306525036	687
1681	2	4306463937	471
1681	3	191417626	370
1681	4	108732581	267
1681	5	198804558	240
1681	6	154451576	234
1681	7	129764719	213
1681	8	87161179	186
1681	9	76900504	182
1681	10	4306463230	129
1682	1	4210237713	2026
1682	2	6791298	1581
1682	3	24807848	964
1682	4	4306400194	602
1682	5	190924190	549
1682	6	119212824	516
1682	7	41354064	409
1682	8	3649266	299
1682	9	34296711	294
1682	10	4210187594	288
1683	1	4306400194	3910
1683	2	2883122597	469
1683	3	2764696622	385
1683	4	4306463937	324
1683	5	118704488	323
1683	6	38866342	282
1683	7	187260366	152
1683	8	201441698	121
1683	9	183492911	107
1683	10	4210187594	107
1684	1	4306525036	546
1684	2	158228368	312
1684	3	2484704948	288
1684	4	4306402567	263
1684	5	128227336	243
1684	6	202381698	236
1684	7	133274750	210
1684	8	4306463230	154
1684	9	66401815	153
1684	10	4306463937	149
1685	1	4306402567	746
1685	2	164728804	345
1685	3	200071133	311
1685	4	202381698	271
1685	5	196734849	226
1685	6	142952003	224
1685	7	4306463230	221
1685	8	199738284	216
1685	9	4306525036	200
1685	10	5555990	175
1686	1	177196338	720
1686	2	41354064	444
1686	3	92465984	348
1686	4	111155417	293
1686	5	152760256	222
1686	6	185621672	218
1686	7	186054908	208
1686	8	68911691	200
1686	9	75741262	196
1686	10	4306463937	183
1687	1	106296714	327
1687	2	2898246533	218
1687	3	4306463937	188
1687	4	91284046	139
1687	5	58031724	115
1687	6	4306400194	106
1687	7	38993383	102
1687	8	183492911	93
1687	9	2764940497	88
1687	10	144620930	85
1688	1	91748803	692
1688	2	4306525036	488
1688	3	68792902	232
1688	4	128227336	225
1688	5	23243006	218
1688	6	202381698	211
1688	7	101755860	164
1688	8	206734468	159
1688	9	133274750	149
1688	10	134003780	143
1689	1	4306400194	5913
1689	2	106296714	810
1689	3	4210191458	261
1689	4	4306420609	187
1689	5	2485537415	134
1689	6	4306419644	128
1689	7	4306419637	107
1689	8	2764900261	98
1689	9	4306463937	65
1689	10	12529635	59
1690	1	177147899	873
1690	2	198339081	533
1690	3	138759888	522
1690	4	2764437742	427
1690	5	149937609	391
1690	6	164001016	365
1690	7	2764728150	335
1690	8	2502627819	322
1690	9	135204980	304
1690	10	94619837	260
1691	1	92562763	401
1691	2	146976949	381
1691	3	195255895	346
1691	4	27810548	249
1691	5	71324801	247
1691	6	134698528	224
1691	7	197406704	203
1691	8	4306463937	191
1691	9	51065943	157
1691	10	207083915	154
1692	1	11296630	818
1692	2	971171794	589
1692	3	4306525036	255
1692	4	15239247	254
1692	5	46035623	171
1692	6	84398851	159
1692	7	50311296	137
1692	8	4306402512	125
1692	9	4306463937	125
1692	10	86852077	123
1693	1	106296714	1574
1693	2	2764847869	741
1693	3	4306400194	432
1693	4	4306463937	377
1693	5	157670870	228
1693	6	166990724	147
1693	7	37538908	98
1693	8	4210206007	85
1693	9	2764900261	83
1693	10	116977442	77
1694	1	76910236	554
1694	2	40006715	204
1694	3	148709879	202
1694	4	22862804	199
1694	5	160220869	188
1694	6	19503097	162
1694	7	4306463075	159
1694	8	4306400194	158
1694	9	4306463937	157
1694	10	195914795	138
1695	1	4306463855	405
1695	2	4306462995	329
1695	3	84445930	305
1695	4	105288734	299
1695	5	4306463937	292
1695	6	79849269	271
1695	7	4306463716	247
1695	8	4306463122	236
1695	9	2764375719	211
1695	10	4210222646	207
1696	1	4210172589	1055
1696	2	4306463937	456
1696	3	57049600	446
1696	4	4306463855	336
1696	5	78280016	314
1696	6	2092408	269
1696	7	205778772	220
1696	8	4306462995	189
1696	9	100149336	172
1696	10	149709236	121
1697	1	106296714	478
1697	2	4306400194	383
1697	3	4306463937	305
1697	4	64721560	211
1697	5	157670870	184
1697	6	4306402512	165
1697	7	165473669	113
1697	8	37538908	76
1697	9	117494069	68
1697	10	183492911	67
1698	1	11296630	2602
1698	2	132957497	530
1698	3	207226196	496
1698	4	4306463937	247
1698	5	129421594	182
1698	6	4306523472	173
1698	7	971171794	123
1698	8	950076683	120
1698	9	183492911	112
1698	10	2764696622	107
1699	1	9070569	1135
1699	2	2764696622	502
1699	3	4210187594	272
1699	4	45645249	218
1699	5	154732359	217
1699	6	128754310	199
1699	7	4210230151	194
1699	8	19068271	192
1699	9	67425620	183
1699	10	4306463937	176
1700	1	4306463937	533
1700	2	191417626	476
1700	3	4306525036	403
1700	4	163289574	337
1700	5	33418846	259
1700	6	104698359	245
1700	7	108768312	233
1700	8	132356188	232
1700	9	4306463230	218
1700	10	108732581	208
1701	1	179591353	781
1701	2	113313948	550
1701	3	2764696622	327
1701	4	183492911	308
1701	5	25157213	277
1701	6	4306463937	218
1701	7	4306500758	195
1701	8	164609412	190
1701	9	4210187594	145
1701	10	4306400194	145
1702	1	4306525036	773
1702	2	46544255	565
1702	3	11852655	559
1702	4	80413395	461
1702	5	100045985	337
1702	6	155128447	335
1702	7	4306463937	231
1702	8	4306463230	208
1702	9	129317210	195
1702	10	135866459	181
1703	1	53865935	1499
1703	2	4306400194	1358
1703	3	158116049	711
1703	4	184147796	490
1703	5	4805881	351
1703	6	83211391	225
1703	7	4306463937	222
1703	8	175014900	165
1703	9	168054501	151
1703	10	118967163	142
1704	1	4306400194	892
1704	2	106296714	652
1704	3	4306463937	258
1704	4	4387284122	228
1704	5	2485537415	149
1704	6	2480266640	148
1704	7	69141925	144
1704	8	4210172589	133
1704	9	4210191458	97
1704	10	101949793	88
1705	1	15335648	1314
1705	2	97556332	553
1705	3	207290628	451
1705	4	47841752	369
1705	5	4306463937	255
1705	6	2764456207	219
1705	7	186215666	192
1705	8	4210172589	189
1705	9	31064911	166
1705	10	70513841	162
1706	1	15336283	570
1706	2	80921037	487
1706	3	4306525036	475
1706	4	62072220	391
1706	5	4210211635	261
1706	6	171471881	231
1706	7	4306463075	201
1706	8	207638786	192
1706	9	4306463937	170
1706	10	4306463230	158
1707	1	106296714	626
1707	2	4306400194	298
1707	3	2764905038	149
1707	4	4306463937	144
1707	5	101949793	129
1707	6	4306500162	107
1707	7	2764900261	93
1707	8	2502673154	89
1707	9	137478622	86
1707	10	183492911	81
1708	1	41354064	626
1708	2	111155417	438
1708	3	152760256	373
1708	4	137084839	343
1708	5	68911691	316
1708	6	102276873	307
1708	7	4210200754	307
1708	8	67393510	295
1708	9	205050996	257
1708	10	146709414	241
1709	1	4306525036	1379
1709	2	29564236	448
1709	3	2756327665	403
1709	4	174893293	337
1709	5	108911230	281
1709	6	15444899	267
1709	7	132108250	236
1709	8	45406943	232
1709	9	3012652961	193
1709	10	2764911966	179
1710	1	4306525036	1227
1710	2	106296714	578
1710	3	19032547	461
1710	4	52395412	331
1710	5	11622463	261
1710	6	172276550	255
1710	7	4306400194	238
1710	8	4306463937	226
1710	9	4210201630	223
1710	10	4306402567	187
1711	1	4210172589	1400
1711	2	4306401271	348
1711	3	10134376	228
1711	4	4306463937	191
1711	5	4210228009	158
1711	6	4317411217	133
1711	7	88577320	111
1711	8	4306463855	109
1711	9	4210214117	107
1711	10	4306402450	97
1712	1	4306463937	532
1712	2	4306463855	299
1712	3	4210172589	295
1712	4	159675017	242
1712	5	4306401271	239
1712	6	63231389	206
1712	7	146344	184
1712	8	82455696	182
1712	9	2735447094	176
1712	10	4306525036	169
1713	1	4306525036	756
1713	2	4306463937	557
1713	3	30525748	309
1713	4	196979320	203
1713	5	202381698	180
1713	6	191188855	162
1713	7	4306463230	148
1713	8	12548615	104
1713	9	4802544	88
1713	10	59248909	76
1714	1	4306400194	3972
1714	2	106296714	979
1714	3	4210191458	341
1714	4	4363607701	151
1714	5	137030581	144
1714	6	2485537415	136
1714	7	110206669	122
1714	8	199944782	107
1714	9	4363607764	107
1714	10	4210173141	106
1715	1	4210187594	453
1715	2	4306463855	215
1715	3	4306401280	199
1715	4	2764696622	192
1715	5	42886211	157
1715	6	104917558	124
1715	7	4317411217	121
1715	8	4393919366	120
1715	9	4306463937	118
1715	10	2764737586	88
1716	1	4306400194	4112
1716	2	100601982	249
1716	3	181633058	242
1716	4	185067381	238
1716	5	105693234	223
1716	6	40212770	206
1716	7	4210169430	204
1716	8	79244937	188
1716	9	23873141	174
1716	10	133905466	167
1717	1	4306462995	480
1717	2	4306463855	430
1717	3	138564541	419
1717	4	4306463937	364
1717	5	26362423	308
1717	6	4306463716	302
1717	7	146868478	254
1717	8	4306462964	250
1717	9	2764375719	227
1717	10	4306463122	217
1718	1	4210227223	760
1718	2	58769659	645
1718	3	16772596	538
1718	4	4210188992	451
1718	5	4306463855	442
1718	6	14775208	406
1718	7	4210183115	383
1718	8	4210187016	340
1718	9	2764683600	216
1718	10	128968821	212
1719	1	106296714	875
1719	2	4306400194	562
1719	3	4306463937	362
1719	4	4210226185	285
1719	5	4306512673	205
1719	6	2764900261	175
1719	7	4306525036	147
1719	8	4306463230	117
1719	9	4210172589	105
1719	10	30698027	94
1720	1	4306400194	903
1720	2	198325475	626
1720	3	9424914	530
1720	4	128350725	417
1720	5	4210172589	351
1720	6	160779208	342
1720	7	92223472	305
1720	8	125980181	282
1720	9	2764463436	195
1720	10	4306463937	181
1721	1	4306525036	738
1721	2	74293116	648
1721	3	206235894	260
1721	4	200071133	206
1721	5	134546602	205
1721	6	164469042	182
1721	7	118812467	161
1721	8	4306463937	150
1721	9	140251998	113
1721	10	13895637	112
1722	1	4306525036	739
1722	2	12898181	211
1722	3	4306463937	171
1722	4	74917805	151
1722	5	100173455	126
1722	6	4306401280	119
1722	7	4210218228	118
1722	8	79233773	109
1722	9	2765046586	104
1722	10	2228914	95
1723	1	183492911	1912
1723	2	178776955	592
1723	3	4210238599	432
1723	4	134390580	283
1723	5	130108588	266
1723	6	180314335	243
1723	7	186881120	197
1723	8	105243760	186
1723	9	4363604758	175
1723	10	201441698	157
1724	1	4306525036	662
1724	2	14436165	568
1724	3	183989336	410
1724	4	4306463937	277
1724	5	44888363	216
1724	6	50004817	195
1724	7	25650217	174
1724	8	31702427	156
1724	9	4306463230	150
1724	10	4210201221	144
1725	1	57504206	633
1725	2	4306525036	605
1725	3	14436165	572
1725	4	108525051	565
1725	5	2595292759	427
1725	6	4306463937	389
1725	7	4306463230	290
1725	8	37169408	242
1725	9	11896317	207
1725	10	200071133	190
1726	1	4306401280	488
1726	2	4306525769	195
1726	3	4210234276	151
1726	4	4210169784	111
1726	5	4306401271	91
1726	6	4210182938	80
1726	7	4306506197	73
1726	8	4306520332	69
1726	9	4210172589	67
1726	10	4210182600	67
1727	1	4306400194	1166
1727	2	178702154	738
1727	3	65753830	468
1727	4	169411308	463
1727	5	30880287	370
1727	6	106296714	328
1727	7	78192177	287
1727	8	194044894	260
1727	9	4306463937	251
1727	10	121371512	197
1728	1	4306525036	877
1728	2	4306463937	381
1728	3	47192491	290
1728	4	60318618	278
1728	5	86387881	215
1728	6	4210201749	193
1728	7	4210173306	182
1728	8	200877091	159
1728	9	133324295	158
1728	10	2764374275	147
1729	1	4306463937	627
1729	2	2898565713	315
1729	3	65690446	237
1729	4	128754310	160
1729	5	67425620	145
1729	6	2912548	134
1729	7	104863613	134
1729	8	25105827	132
1729	9	4210185096	131
1729	10	88457320	112
1730	1	14436165	705
1730	2	4306525036	557
1730	3	4306463937	438
1730	4	45720283	338
1730	5	58727509	332
1730	6	28607811	250
1730	7	32635664	234
1730	8	80252431	204
1730	9	2595292759	190
1730	10	143887118	178
1731	1	4306525036	497
1731	2	60318618	379
1731	3	49861241	260
1731	4	4306463937	259
1731	5	2765065622	188
1731	6	4306463855	144
1731	7	59624048	143
1731	8	2764928273	142
1731	9	4306402450	111
1731	10	19793444	100
1732	1	4306525036	563
1732	2	45445671	531
1732	3	122347013	480
1732	4	127900037	435
1732	5	22881060	411
1732	6	197285354	322
1732	7	31793102	226
1732	8	139838620	224
1732	9	1605907	223
1732	10	4306463937	221
1733	1	113542562	2029
1733	2	10907757	753
1733	3	103398315	492
1733	4	2764696622	320
1733	5	147871266	298
1733	6	35117596	291
1733	7	114484406	284
1733	8	4210187594	264
1733	9	26602194	216
1733	10	145630073	198
1734	1	4306401280	236
1734	2	2764478084	178
1734	3	4210169989	173
1734	4	4210182618	158
1734	5	4317411217	155
1734	6	2764620028	135
1734	7	4306529579	131
1734	8	4306530635	129
1734	9	4210198570	125
1734	10	4210187594	123
1735	1	4306525036	599
1735	2	14436165	480
1735	3	173274907	434
1735	4	79704628	335
1735	5	91695523	306
1735	6	4306463937	232
1735	7	137419829	222
1735	8	169054600	222
1735	9	4306463230	209
1735	10	134773490	202
1736	1	4306525036	468
1736	2	200071133	352
1736	3	15137598	311
1736	4	162030435	240
1736	5	168522863	202
1736	6	30970080	200
1736	7	140251998	190
1736	8	4210169613	181
1736	9	202381698	174
1736	10	10623703	154
1737	1	6377669	405
1737	2	4306400194	388
1737	3	164001016	354
1737	4	99352657	319
1737	5	135204980	270
1737	6	24807848	179
1737	7	4306463937	171
1737	8	11146949	163
1737	9	105243760	153
1737	10	35412551	147
1738	1	4306463937	492
1738	2	4306525036	387
1738	3	111362775	308
1738	4	76900504	213
1738	5	50260976	201
1738	6	171705774	155
1738	7	109113098	150
1738	8	116012647	150
1738	9	4306402450	122
1738	10	172125442	114
1739	1	85738991	449
1739	2	11296630	255
1739	3	111326731	215
1739	4	4306418306	196
1739	5	183492911	184
1739	6	189798733	162
1739	7	198879913	159
1739	8	1393328	153
1739	9	4306400194	149
1739	10	59479367	145
1740	1	7538555	309
1740	2	141585851	291
1740	3	4306463937	183
1740	4	29724373	180
1740	5	2737336974	178
1740	6	38407038	170
1740	7	203465130	150
1740	8	124444490	145
1740	9	182375677	144
1740	10	13479253	143
1741	1	4306463937	2191
1741	2	4210167954	995
1741	3	2898565713	559
1741	4	4210189761	406
1741	5	4210185096	191
1741	6	4210207714	189
1741	7	2898246533	156
1741	8	106296714	155
1741	9	2898405271	125
1741	10	4210170077	118
1742	1	4306401271	1436
1742	2	4210172589	979
1742	3	4306463223	550
1742	4	4306463716	470
1742	5	151404345	391
1742	6	4306463937	316
1742	7	15356059	308
1742	8	67103694	287
1742	9	4210177023	260
1742	10	4306463855	250
1743	1	4306463855	519
1743	2	4306463716	517
1743	3	4306463937	497
1743	4	201928713	338
1743	5	4306401271	335
1743	6	165431477	327
1743	7	4210172589	307
1743	8	33125897	298
1743	9	131679521	256
1743	10	4306462995	218
1744	1	4306525036	800
1744	2	66051165	339
1744	3	146304353	319
1744	4	205870262	223
1744	5	174312932	191
1744	6	194945867	160
1744	7	200967711	147
1744	8	144187503	139
1744	9	62565178	119
1744	10	168043052	107
1745	1	130908126	423
1745	2	52251279	289
1745	3	134644764	272
1745	4	98026630	269
1745	5	4306463230	182
1745	6	4306463937	180
1745	7	4210196743	178
1745	8	4306525036	159
1745	9	2764746235	149
1745	10	84231135	140
1746	1	41354064	787
1746	2	116969037	499
1746	3	23544583	258
1746	4	5191015	191
1746	5	104732370	184
1746	6	4306463937	177
1746	7	9018758	152
1746	8	4306400194	144
1746	9	2482584171	143
1746	10	4306463230	134
1747	1	111155417	1134
1747	2	171072222	941
1747	3	41354064	467
1747	4	166159787	431
1747	5	4210200754	410
1747	6	67393510	392
1747	7	104038378	337
1747	8	68911691	325
1747	9	4306463937	290
1747	10	152760256	270
1748	1	4306463937	3894
1748	2	41354064	1937
1748	3	70121411	644
1748	4	95954025	529
1748	5	133942674	303
1748	6	84090441	254
1748	7	205050996	208
1748	8	197964166	191
1748	9	205754296	186
1748	10	114976158	147
1749	1	2898246533	304
1749	2	50523690	192
1749	3	2898405271	188
1749	4	128754310	183
1749	5	4306463937	141
1749	6	67425620	139
1749	7	133363738	139
1749	8	51360982	130
1749	9	58031724	126
1749	10	13961689	125
1750	1	171471881	769
1750	2	135458494	615
1750	3	85201822	256
1750	4	2764687554	256
1750	5	4210196743	222
1750	6	63107127	212
1750	7	146976949	208
1750	8	13822188	205
1750	9	112652565	189
1750	10	202381698	179
1751	1	148709879	582
1751	2	195914795	505
1751	3	35412551	416
1751	4	4306400194	383
1751	5	22862804	378
1751	6	4210235286	346
1751	7	4210205691	309
1751	8	4306463937	260
1751	9	90999920	255
1751	10	155225502	236
1752	1	15137598	1056
1752	2	4306525036	591
1752	3	41354064	346
1752	4	14436165	315
1752	5	41454044	251
1752	6	168522863	218
1752	7	117498271	215
1752	8	4306463937	213
1752	9	50055314	170
1752	10	57202346	164
1753	1	95823145	813
1753	2	9838493	332
1753	3	71324801	320
1753	4	4306401271	283
1753	5	177859656	225
1753	6	115310785	212
1753	7	4306463937	191
1753	8	4210172589	188
1753	9	79820318	183
1753	10	27827792	180
1754	1	4306400573	1362
1754	2	86852077	333
1754	3	4306400194	302
1754	4	4306402450	302
1754	5	202381698	232
1754	6	4210172589	167
1754	7	196734849	152
1754	8	4393917726	142
1754	9	6589812	137
1754	10	4210172076	128
1755	1	4306463937	660
1755	2	4306463855	437
1755	3	201436551	293
1755	4	4210172589	287
1755	5	4306401271	178
1755	6	207806050	174
1755	7	4210198702	165
1755	8	164882405	146
1755	9	4306462995	121
1755	10	4306463223	120
1756	1	4306463937	348
1756	2	57376881	307
1756	3	4306463855	234
1756	4	4306525036	185
1756	5	4306463869	99
1756	6	4306478302	86
1756	7	4306401280	81
1756	8	2764765808	78
1756	9	4210172589	78
1756	10	72553257	77
1757	1	108821158	746
1757	2	11296630	429
1757	3	4220650854	364
1757	4	106174089	355
1757	5	183957208	310
1757	6	36624081	305
1757	7	59098468	295
1757	8	4210228715	249
1757	9	100607112	232
1757	10	4306501062	181
1758	1	171076697	705
1758	2	119212824	599
1758	3	6791298	584
1758	4	4306463937	476
1758	5	41354064	371
1758	6	34296711	359
1758	7	171072222	319
1758	8	24807848	298
1758	9	4210237713	284
1758	10	4210174675	263
1759	1	2501411041	977
1759	2	205451775	879
1759	3	2765020922	720
1759	4	74916569	565
1759	5	101999905	439
1759	6	153307584	388
1759	7	109184716	386
1759	8	4210189390	320
1759	9	2764349063	226
1759	10	161565499	200
1760	1	201530359	583
1760	2	4306463937	329
1760	3	74970393	302
1760	4	86852077	196
1760	5	202986090	196
1760	6	58631098	195
1760	7	4306525036	177
1760	8	4210198353	166
1760	9	87561820	159
1760	10	147008614	158
1761	1	4306463937	490
1761	2	4306463855	165
1761	3	4306525036	150
1761	4	4306401280	138
1761	5	9692511	98
1761	6	4317411217	70
1761	7	15239247	57
1761	8	104917558	54
1761	9	4306402450	50
1761	10	203585231	49
1762	1	4210172589	3303
1762	2	4306401271	521
1762	3	4306463937	406
1762	4	4306462995	342
1762	5	121409115	264
1762	6	4306463223	194
1762	7	4306463708	181
1762	8	136764900	176
1762	9	4306463855	176
1762	10	37173775	170
1763	1	62532593	776
1763	2	4306525036	476
1763	3	79704628	336
1763	4	4210174059	319
1763	5	59624048	241
1763	6	4306463937	230
1763	7	96975567	226
1763	8	163185351	223
1763	9	169054600	140
1763	10	43436036	136
1764	1	4306402567	1249
1764	2	87560609	639
1764	3	4306400194	390
1764	4	65932378	342
1764	5	122176235	299
1764	6	138169916	273
1764	7	3006207977	269
1764	8	109682412	265
1764	9	125754415	242
1764	10	202381698	207
1765	1	4306525036	721
1765	2	4306402450	458
1765	3	4306401280	268
1765	4	4210193419	201
1765	5	132829192	184
1765	6	4306402567	181
1765	7	2597340651	179
1765	8	2764554612	176
1765	9	2596394214	174
1765	10	185208586	172
1766	1	6791298	2025
1766	2	4210237713	1175
1766	3	4306400194	743
1766	4	24807848	579
1766	5	93909106	538
1766	6	119212824	514
1766	7	139340696	487
1766	8	190924190	402
1766	9	89963981	366
1766	10	4210187594	296
1767	1	96615428	507
1767	2	4306525036	377
1767	3	6147291	221
1767	4	27359860	202
1767	5	55776271	197
1767	6	103035011	165
1767	7	4306463937	165
1767	8	202381698	160
1767	9	189281586	157
1767	10	4306463230	154
1768	1	4210231474	368
1768	2	4306525036	365
1768	3	2734906896	347
1768	4	111237879	296
1768	5	4210198283	280
1768	6	41882632	219
1768	7	4306463937	209
1768	8	2765061603	195
1768	9	4306463708	184
1768	10	4210223850	182
1769	1	4210172589	2135
1769	2	4306463937	331
1769	3	4306462995	327
1769	4	4306463223	317
1769	5	4306401271	204
1769	6	82472405	194
1769	7	4306463855	187
1769	8	4317411217	184
1769	9	4306463708	147
1769	10	4306463409	89
1770	1	4210172589	1431
1770	2	4306401271	1372
1770	3	4306463937	151
1770	4	4306401280	126
1770	5	199447588	120
1770	6	4306527158	90
1770	7	184446198	87
1770	8	4306463855	86
1770	9	4210171147	82
1770	10	42192170	79
1771	1	135458494	1185
1771	2	63107127	363
1771	3	85201822	312
1771	4	4210196743	271
1771	5	29946585	240
1771	6	130908126	223
1771	7	168542390	181
1771	8	96685181	170
1771	9	9265444	158
1771	10	14509825	152
1772	1	4306525036	385
1772	2	180901878	319
1772	3	4306402567	245
1772	4	166515463	225
1772	5	4306463937	191
1772	6	202381698	155
1772	7	4306463230	152
1772	8	5555990	151
1772	9	122866201	133
1772	10	70982952	120
1773	1	4306525036	567
1773	2	4306421180	239
1773	3	59475652	226
1773	4	104698359	211
1773	5	4306463937	183
1773	6	4210172589	158
1773	7	103321696	141
1773	8	169988927	122
1773	9	12898181	113
1773	10	37151855	93
1774	1	129676613	1137
1774	2	2497375143	430
1774	3	105637730	413
1774	4	186745480	409
1774	5	90999920	368
1774	6	6846437	345
1774	7	109565702	307
1774	8	198098182	261
1774	9	75069817	226
1774	10	815301	169
1775	1	4306400194	828
1775	2	106296714	313
1775	3	4306402450	277
1775	4	4210169156	267
1775	5	4306400573	189
1775	6	2485537415	158
1775	7	4210172076	143
1775	8	44278595	138
1775	9	196734849	130
1775	10	2764900261	128
1776	1	4306463716	757
1776	2	4306462995	660
1776	3	126647188	493
1776	4	2764375719	458
1776	5	110082257	445
1776	6	4306463937	410
1776	7	4306463708	366
1776	8	4306463855	361
1776	9	45884062	323
1776	10	8759915	231
1777	1	39403764	774
1777	2	4306400194	441
1777	3	2764373995	339
1777	4	14920484	338
1777	5	4210192031	316
1777	6	54871839	245
1777	7	51920167	222
1777	8	4210230070	220
1777	9	4210179087	202
1777	10	177115271	191
1778	1	3164724	492
1778	2	109302362	355
1778	3	4210187594	295
1778	4	10892749	291
1778	5	189694085	278
1778	6	4306463937	212
1778	7	46058507	184
1778	8	101949793	181
1778	9	4210169992	168
1778	10	5240358	147
1779	1	4306463855	259
1779	2	4306463937	254
1779	3	2764428444	224
1779	4	2764459744	206
1779	5	4210172589	156
1779	6	162196882	120
1779	7	104917558	118
1779	8	2764344500	113
1779	9	32136629	95
1779	10	182336501	90
1780	1	4306525036	686
1780	2	4306463230	336
1780	3	27359860	286
1780	4	46544255	254
1780	5	4306463937	151
1780	6	189281586	133
1780	7	113896437	127
1780	8	96615428	121
1780	9	202381698	121
1780	10	55776271	114
1781	1	53450646	518
1781	2	134216166	256
1781	3	4306463937	227
1781	4	58516903	210
1781	5	86852077	199
1781	6	44455300	182
1781	7	52566953	154
1781	8	4210200103	151
1781	9	104641133	143
1781	10	86512602	135
1782	1	3649266	1478
1782	2	67716761	1030
1782	3	187991544	837
1782	4	50523690	606
1782	5	4306463937	328
1782	6	139187495	212
1782	7	34296711	194
1782	8	189917590	189
1782	9	87940674	180
1782	10	41354064	179
1783	1	4306463855	521
1783	2	4306463937	504
1783	3	77485876	401
1783	4	4306463716	240
1783	5	4306462995	210
1783	6	4306463717	189
1783	7	4210172589	186
1783	8	2764375719	173
1783	9	164505828	168
1783	10	34010420	164
1784	1	37391459	474
1784	2	4210200754	456
1784	3	67393510	438
1784	4	111155417	397
1784	5	2764437742	340
1784	6	95739953	249
1784	7	152760256	224
1784	8	193447295	217
1784	9	198339081	211
1784	10	134307298	210
1785	1	4306525036	688
1785	2	50055314	357
1785	3	104698359	246
1785	4	4306463937	242
1785	5	15137598	241
1785	6	108768312	212
1785	7	188044397	191
1785	8	4306463230	191
1785	9	14436165	177
1785	10	4306402450	119
1786	1	108821158	655
1786	2	106840945	534
1786	3	119230507	395
1786	4	14326618	390
1786	5	130797008	343
1786	6	4306463937	325
1786	7	207178839	232
1786	8	36624081	194
1786	9	152000018	191
1786	10	101212950	168
1787	1	4306525036	858
1787	2	2672396	346
1787	3	985209115	255
1787	4	167769348	236
1787	5	86809486	220
1787	6	126223282	205
1787	7	2913251149	188
1787	8	36642063	166
1787	9	2764988127	142
1787	10	38907727	141
1788	1	183492911	587
1788	2	199247034	332
1788	3	178776955	285
1788	4	105243760	250
1788	5	186881120	233
1788	6	44567922	223
1788	7	137084839	196
1788	8	64486668	158
1788	9	112574528	158
1788	10	134390580	158
1789	1	4306401271	779
1789	2	4210172589	614
1789	3	80485027	444
1789	4	4306463855	307
1789	5	4306463937	231
1789	6	2738397068	217
1789	7	4306462995	131
1789	8	85245245	103
1789	9	85457386	102
1789	10	4306463708	98
1790	1	41354064	1677
1790	2	4924609	948
1790	3	166159787	596
1790	4	108008259	519
1790	5	4210200754	461
1790	6	67393510	442
1790	7	152760256	430
1790	8	201989124	379
1790	9	68911691	361
1790	10	16435181	311
1791	1	2484704948	688
1791	2	6919857	567
1791	3	158228368	507
1791	4	4306402567	487
1791	5	171282171	447
1791	6	149218730	440
1791	7	97758720	298
1791	8	86852077	280
1791	9	202381698	235
1791	10	4306463937	231
1792	1	4210172589	566
1792	2	4306525036	546
1792	3	4306463937	258
1792	4	4306401271	252
1792	5	678965	210
1792	6	96713007	165
1792	7	135745533	137
1792	8	191882557	131
1792	9	4306463230	114
1792	10	186543748	109
1793	1	122498148	500
1793	2	92592804	435
1793	3	2765054068	327
1793	4	199863409	303
1793	5	4306463855	246
1793	6	28768420	233
1793	7	2764507170	222
1793	8	4306463937	216
1793	9	2764576423	213
1793	10	2764786326	167
1794	1	88895571	310
1794	2	4210205505	301
1794	3	4210238399	288
1794	4	4210223192	260
1794	5	2764592158	216
1794	6	4306463402	213
1794	7	4306401280	210
1794	8	4210211443	203
1794	9	125610265	202
1794	10	2764650626	183
1795	1	4306463937	533
1795	2	174777489	486
1795	3	4306463855	333
1795	4	2738151512	243
1795	5	122684265	131
1795	6	4306463091	129
1795	7	2764375719	120
1795	8	4210185036	116
1795	9	4210172589	102
1795	10	4306401280	95
1796	1	4210196743	1174
1796	2	2764649054	656
1796	3	14903550	471
1796	4	2739448144	393
1796	5	62863702	374
1796	6	193620188	257
1796	7	4210168758	236
1796	8	4306402512	215
1796	9	174013774	202
1796	10	2493613807	189
1797	1	4306400194	1109
1797	2	18902827	820
1797	3	8494942	589
1797	4	81616010	411
1797	5	4502562	232
1797	6	2307745	221
1797	7	106296714	220
1797	8	4306503796	202
1797	9	186126824	164
1797	10	128556326	153
1798	1	25707077	540
1798	2	128350725	340
1798	3	4306400194	315
1798	4	13624874	293
1798	5	4306463937	269
1798	6	165633816	250
1798	7	985303	238
1798	8	166831694	235
1798	9	9424914	216
1798	10	97293958	159
1799	1	50523690	522
1799	2	116094739	397
1799	3	24284137	394
1799	4	4210169712	384
1799	5	4306463937	291
1799	6	54043040	265
1799	7	16737290	175
1799	8	75741262	143
1799	9	189344224	142
1799	10	187991544	139
1800	1	106296714	849
1800	2	4306400194	493
1800	3	4306463937	176
1800	4	2764905038	167
1800	5	2764900261	141
1800	6	12529635	135
1800	7	4306463409	85
1800	8	4306421005	83
1800	9	4210206007	82
1800	10	4210169156	72
1801	1	4363604106	3632
1801	2	19016632	436
1801	3	4220650854	327
1801	4	35794861	280
1801	5	105811054	264
1801	6	28462638	236
1801	7	4210169321	184
1801	8	4363608748	143
1801	9	4363607700	111
1801	10	4306463230	74
1802	1	48860480	969
1802	2	186935893	648
1802	3	164770093	510
1802	4	202680183	478
1802	5	149937609	441
1802	6	109565702	303
1802	7	112051168	253
1802	8	75069817	245
1802	9	33892871	216
1802	10	105637730	212
1803	1	183492911	1106
1803	2	193112073	783
1803	3	119074828	572
1803	4	145630073	379
1803	5	4306400194	279
1803	6	2764696622	275
1803	7	105243760	230
1803	8	28621275	217
1803	9	202289667	194
1803	10	43111796	136
1804	1	4210237713	2229
1804	2	4306400194	2022
1804	3	24807848	1229
1804	4	6791298	725
1804	5	167943036	431
1804	6	4210182288	401
1804	7	4210235286	373
1804	8	4210240247	360
1804	9	4210195687	344
1804	10	79244937	287
1805	1	4306528759	1783
1805	2	4210223152	419
1805	3	4210217930	356
1805	4	4210168225	325
1805	5	2738562123	289
1805	6	4210167977	286
1805	7	4210198118	270
1805	8	4210236376	227
1805	9	4210229964	216
1805	10	4306522965	209
1806	1	142940729	357
1806	2	2764621431	310
1806	3	4306463855	275
1806	4	4306463937	216
1806	5	4210191060	143
1806	6	4210240846	115
1806	7	4210188342	112
1806	8	4306463409	102
1806	9	201876622	99
1806	10	4306463717	97
1807	1	202403813	349
1807	2	4306463937	267
1807	3	161248890	252
1807	4	4306400194	233
1807	5	106296714	223
1807	6	4306463075	215
1807	7	2764830010	146
1807	8	54853311	135
1807	9	4306463230	134
1807	10	145575934	129
1808	1	119074828	4039
1808	2	191935395	763
1808	3	2764696622	628
1808	4	43111796	457
1808	5	4210189194	344
1808	6	93909106	324
1808	7	2764561113	195
1808	8	4210187594	176
1808	9	4306400194	165
1808	10	4306463937	152
1809	1	90573847	1231
1809	2	111155417	604
1809	3	13909153	512
1809	4	4210168331	467
1809	5	181332294	418
1809	6	77047749	397
1809	7	41354064	272
1809	8	44567922	270
1809	9	185621672	254
1809	10	112856106	245
1810	1	4306463937	784
1810	2	126013225	610
1810	3	69790668	344
1810	4	84101701	328
1810	5	169988927	297
1810	6	168682784	273
1810	7	4210172589	231
1810	8	103321696	164
1810	9	4306463855	152
1810	10	4306463409	117
1811	1	4306525036	486
1811	2	14436165	462
1811	3	200071133	401
1811	4	58727509	355
1811	5	4306463937	353
1811	6	92442678	311
1811	7	86638576	289
1811	8	45720283	265
1811	9	28607811	197
1811	10	2755888424	191
1812	1	100736837	590
1812	2	4306463937	492
1812	3	4306525036	480
1812	4	36642063	467
1812	5	89066222	459
1812	6	22523967	439
1812	7	193953920	354
1812	8	86387881	299
1812	9	163740676	227
1812	10	4306463230	218
1813	1	205857434	518
1813	2	94385113	503
1813	3	2764981211	448
1813	4	55906826	434
1813	5	166989785	325
1813	6	74504252	240
1813	7	4210171151	238
1813	8	185100285	216
1813	9	40528764	171
1813	10	4210208550	155
1814	1	65690446	552
1814	2	196821226	240
1814	3	77056576	235
1814	4	4306463937	218
1814	5	103321696	181
1814	6	106296714	136
1814	7	4210189194	106
1814	8	128754310	101
1814	9	67425620	99
1814	10	184816971	97
1815	1	30525748	1128
1815	2	12548615	673
1815	3	196979320	642
1815	4	4306525036	575
1815	5	4306463937	481
1815	6	191188855	261
1815	7	39924113	161
1815	8	49004918	128
1815	9	76925378	117
1815	10	75407890	116
1816	1	4306525036	755
1816	2	4393916186	289
1816	3	36000085	255
1816	4	13663286	246
1816	5	125263180	230
1816	6	2765049202	203
1816	7	96988850	196
1816	8	137832324	192
1816	9	2751401339	184
1816	10	2764561490	162
1817	1	4306463855	506
1817	2	39476178	481
1817	3	4306401271	353
1817	4	4210172589	323
1817	5	4306463937	311
1817	6	6711362	284
1817	7	4210233941	230
1817	8	4306463716	171
1817	9	24809831	159
1817	10	4306463223	153
1818	1	160566677	299
1818	2	140251998	298
1818	3	4306525036	274
1818	4	185534594	201
1818	5	62949411	191
1818	6	187816532	185
1818	7	5555990	183
1818	8	41354064	176
1818	9	102125482	165
1818	10	135837084	163
1819	1	4306525036	526
1819	2	4306463937	298
1819	3	2756215436	287
1819	4	4306400194	214
1819	5	202381698	211
1819	6	4210172589	187
1819	7	28612791	163
1819	8	106296714	143
1819	9	17147534	111
1819	10	55189604	110
1820	1	4387282692	204
1820	2	104917558	160
1820	3	106296714	148
1820	4	4306463937	139
1820	5	4306401280	127
1820	6	4306463855	89
1820	7	4306463409	81
1820	8	4306525036	78
1820	9	4210187594	74
1820	10	4317411217	66
1821	1	4210200103	297
1821	2	53450646	294
1821	3	4210198353	223
1821	4	203465130	222
1821	5	4210204350	181
1821	6	21442059	180
1821	7	65230043	174
1821	8	86852077	172
1821	9	52566953	162
1821	10	2492648963	156
1822	1	4306400194	1310
1822	2	151579836	283
1822	3	2483979929	215
1822	4	83211391	199
1822	5	77333429	195
1822	6	190787756	186
1822	7	14920484	177
1822	8	4210192031	171
1822	9	51920167	163
1822	10	50372074	155
1823	1	4210172589	1086
1823	2	4306401271	785
1823	3	194185345	354
1823	4	4306463937	295
1823	5	4306463855	281
1823	6	4306463708	225
1823	7	2765074323	201
1823	8	4306463716	183
1823	9	4210169746	152
1823	10	4306462995	127
1824	1	81674035	663
1824	2	4306525036	546
1824	3	4306463937	250
1824	4	44036404	205
1824	5	2765031453	188
1824	6	188336720	134
1824	7	77494981	113
1824	8	200437886	110
1824	9	4306463230	104
1824	10	15239247	90
1825	1	84179801	718
1825	2	117279562	641
1825	3	1959426	458
1825	4	7359802	329
1825	5	202680183	301
1825	6	41354064	285
1825	7	37391459	255
1825	8	95739953	249
1825	9	176313377	222
1825	10	2482773761	214
1826	1	4306525036	541
1826	2	76304953	347
1826	3	145806103	314
1826	4	107025856	302
1826	5	14436165	297
1826	6	50016660	242
1826	7	4306463937	217
1826	8	4306463230	207
1826	9	207341048	195
1826	10	191336577	193
1827	1	14436165	570
1827	2	4306525036	473
1827	3	4306463937	222
1827	4	96615428	217
1827	5	101533045	187
1827	6	11564597	138
1827	7	49828768	136
1827	8	146061289	135
1827	9	14534568	125
1827	10	15137598	115
1828	1	4306525036	765
1828	2	76304953	754
1828	3	145806103	744
1828	4	129637156	282
1828	5	4306463937	217
1828	6	79587146	195
1828	7	50016660	179
1828	8	4306463230	159
1828	9	207341048	151
1828	10	74941265	148
1829	1	4306400194	932
1829	2	4306402567	315
1829	3	109682412	285
1829	4	200871675	247
1829	5	151292657	244
1829	6	24332595	217
1829	7	151579836	208
1829	8	118940690	178
1829	9	4306463937	168
1829	10	89452420	165
1830	1	4306400194	2367
1830	2	180803011	298
1830	3	122441808	228
1830	4	103671469	214
1830	5	4306463937	196
1830	6	118039931	148
1830	7	2478470528	141
1830	8	4210226894	128
1830	9	151579836	125
1830	10	87963603	102
1831	1	41354064	3463
1831	2	133942674	751
1831	3	114976158	699
1831	4	70121411	279
1831	5	80698544	271
1831	6	4210180763	222
1831	7	197964166	219
1831	8	205754296	202
1831	9	205050996	186
1831	10	52459750	138
1832	1	4306463937	304
1832	2	4306463855	295
1832	3	137773608	232
1832	4	2738474347	231
1832	5	162196882	228
1832	6	4210176587	206
1832	7	146713389	149
1832	8	2764671384	126
1832	9	135873401	121
1832	10	3880285	108
1833	1	65770309	597
1833	2	4306463937	464
1833	3	4306525036	382
1833	4	4210222112	336
1833	5	59624048	302
1833	6	4306463230	270
1833	7	130320380	228
1833	8	111727011	207
1833	9	4210167578	187
1833	10	4210178590	146
1834	1	83651209	559
1834	2	4306525036	537
1834	3	156174673	428
1834	4	4306463937	356
1834	5	66441642	271
1834	6	14436165	253
1834	7	4306463230	218
1834	8	206392846	210
1834	9	143352558	195
1834	10	110399111	165
1835	1	129922104	849
1835	2	10134376	673
1835	3	4306463937	622
1835	4	4210181232	435
1835	5	58516903	394
1835	6	4306463855	191
1835	7	4210172589	112
1835	8	94060836	103
1835	9	110062167	89
1835	10	33036077	87
1836	1	62820861	956
1836	2	114265159	663
1836	3	4210203173	556
1836	4	200472310	436
1836	5	132244886	323
1836	6	100787194	268
1836	7	2764901017	266
1836	8	4210173217	248
1836	9	4210186125	246
1836	10	4306504716	218
1837	1	63511553	1180
1837	2	179017329	663
1837	3	68503223	382
1837	4	4949901	338
1837	5	34395325	313
1837	6	168357330	300
1837	7	23655555	290
1837	8	134199791	256
1837	9	122730748	234
1837	10	67425620	224
1838	1	63393118	640
1838	2	4306463937	502
1838	3	4210172589	494
1838	4	4306463855	380
1838	5	118096098	246
1838	6	180105601	204
1838	7	4306401271	160
1838	8	170408770	155
1838	9	189157259	146
1838	10	4306462995	124
1839	1	205775358	435
1839	2	67880631	400
1839	3	4306525036	379
1839	4	115964404	285
1839	5	157527038	213
1839	6	128891601	169
1839	7	4306463230	168
1839	8	67902008	147
1839	9	131832911	145
1839	10	191044671	140
1840	1	121762105	741
1840	2	4306463937	542
1840	3	4306525036	411
1840	4	4306463230	386
1840	5	191903559	230
1840	6	72618935	221
1840	7	140848990	201
1840	8	143744428	185
1840	9	3341432	148
1840	10	193700400	144
1841	1	4306402567	416
1841	2	96410829	263
1841	3	5677253	253
1841	4	4306525036	248
1841	5	140251998	244
1841	6	200139231	238
1841	7	202381698	203
1841	8	188085164	200
1841	9	4306463937	173
1841	10	125754415	138
1842	1	130447213	1177
1842	2	11296630	306
1842	3	22862804	232
1842	4	4306463937	200
1842	5	143744711	192
1842	6	4210187594	173
1842	7	4306463230	146
1842	8	152000018	133
1842	9	2764696622	123
1842	10	168745376	120
1843	1	4306463937	563
1843	2	196919950	535
1843	3	4210172589	414
1843	4	118119388	365
1843	5	2765013869	319
1843	6	4306463223	258
1843	7	187626162	240
1843	8	4210236921	207
1843	9	4306401271	191
1843	10	4210213280	166
1844	1	140251998	381
1844	2	42294715	238
1844	3	11400418	228
1844	4	4306463937	228
1844	5	4306402567	208
1844	6	4210172276	203
1844	7	2493613807	190
1844	8	202381698	175
1844	9	178362034	174
1844	10	67862205	145
1845	1	41354064	781
1845	2	4306525036	428
1845	3	4210169613	270
1845	4	30970080	262
1845	5	10422866	259
1845	6	15137598	210
1845	7	134668137	208
1845	8	162030435	207
1845	9	117498271	181
1845	10	140251998	180
1846	1	115783906	527
1846	2	4306463855	523
1846	3	4306463937	446
1846	4	10134376	245
1846	5	2764911574	183
1846	6	2764646822	174
1846	7	4306401280	125
1846	8	2764562404	103
1846	9	4210195883	100
1846	10	4210172589	93
1847	1	29980478	967
1847	2	58516903	309
1847	3	18714766	256
1847	4	67425620	225
1847	5	4210189194	208
1847	6	10134376	206
1847	7	2764478331	202
1847	8	4210178770	198
1847	9	4210195883	195
1847	10	4306463230	183
1848	1	4306525036	552
1848	2	140251998	158
1848	3	202381698	153
1848	4	88052261	134
1848	5	4306463937	125
1848	6	151589183	119
1848	7	128018148	116
1848	8	10623703	92
1848	9	2737566431	89
1848	10	4306463075	82
1849	1	191556934	667
1849	2	4210172589	469
1849	3	171484276	167
1849	4	4306401280	166
1849	5	4306463937	149
1849	6	4306401271	131
1849	7	4306463409	105
1849	8	205993034	85
1849	9	4306463230	78
1849	10	4306463855	73
1850	1	4306463075	736
1850	2	29980478	612
1850	3	149373597	268
1850	4	28058569	215
1850	5	165454098	205
1850	6	67425620	192
1850	7	123418790	184
1850	8	4306463230	181
1850	9	96167972	146
1850	10	4210178770	142
1851	1	163644703	705
1851	2	85738991	365
1851	3	4306418306	308
1851	4	189798733	167
1851	5	201045332	144
1851	6	10892749	119
1851	7	59479367	105
1851	8	4306402512	102
1851	9	4306420133	92
1851	10	149016011	73
1852	1	37411791	810
1852	2	91823780	519
1852	3	134770349	378
1852	4	80733542	196
1852	5	4306463937	166
1852	6	4306463230	118
1852	7	201473135	117
1852	8	2737336974	115
1852	9	2764760737	109
1852	10	58867329	95
1853	1	187991544	413
1853	2	143744711	371
1853	3	84339699	357
1853	4	158028765	321
1853	5	105243760	319
1853	6	42323631	284
1853	7	189509794	272
1853	8	67716761	224
1853	9	34296711	200
1853	10	2530005873	177
1854	1	103398315	1338
1854	2	26602194	619
1854	3	67069294	341
1854	4	183492911	333
1854	5	4210187594	226
1854	6	2764696622	206
1854	7	187991544	192
1854	8	180314335	177
1854	9	4210238599	171
1854	10	199470047	161
1855	1	4306525036	835
1855	2	43051214	395
1855	3	4210221923	228
1855	4	5398819	213
1855	5	39924113	197
1855	6	2764606553	190
1855	7	141953298	184
1855	8	4306463937	173
1855	9	2738950867	153
1855	10	4306463230	152
1856	1	183492911	646
1856	2	29254203	327
1856	3	101466443	296
1856	4	2764696622	288
1856	5	4210233251	245
1856	6	187991544	238
1856	7	31010182	214
1856	8	2764409548	169
1856	9	4210187594	136
1856	10	4306463937	104
1857	1	4306401280	304
1857	2	1998841	261
1857	3	4306521925	231
1857	4	4210189495	206
1857	5	4210186837	129
1857	6	4306519083	129
1857	7	4210183732	124
1857	8	4306527852	118
1857	9	4210190226	107
1857	10	4210211537	105
1858	1	4306401280	369
1858	2	4210177039	193
1858	3	4210186100	166
1858	4	4210222962	157
1858	5	4317411217	155
1858	6	2738773805	154
1858	7	2736889285	113
1858	8	4306401271	113
1858	9	4210199646	102
1858	10	4210235616	99
1859	1	51267760	404
1859	2	4210193172	381
1859	3	4306463855	374
1859	4	4306463937	313
1859	5	4306530269	286
1859	6	4210206763	234
1859	7	73472941	222
1859	8	5750412	152
1859	9	4306401280	138
1859	10	4210176476	123
1860	1	60503757	857
1860	2	4306525036	513
1860	3	150411170	404
1860	4	109998069	351
1860	5	6142729	270
1860	6	131590804	264
1860	7	52340619	192
1860	8	70513841	188
1860	9	157460402	181
1860	10	4306463937	167
1861	1	4306525036	466
1861	2	4306463937	352
1861	3	104698359	160
1861	4	4306463230	154
1861	5	2764590968	133
1861	6	4306402450	101
1861	7	191417626	95
1861	8	128507546	92
1861	9	14436165	90
1861	10	188044397	89
1862	1	112914683	570
1862	2	4306463855	516
1862	3	4306463937	392
1862	4	17004734	249
1862	5	4210197466	212
1862	6	4306401271	169
1862	7	4210172589	164
1862	8	4306402512	147
1862	9	78512408	137
1862	10	10134376	124
1863	1	4306463855	674
1863	2	4306463937	527
1863	3	163917399	318
1863	4	21016770	259
1863	5	4210172589	255
1863	6	4306463708	254
1863	7	4306463716	235
1863	8	4306464262	225
1863	9	4306462995	160
1863	10	2764375719	149
1864	1	4306463937	307
1864	2	65690446	265
1864	3	4210172589	226
1864	4	10134376	203
1864	5	184816971	153
1864	6	97048498	118
1864	7	59007373	105
1864	8	164321952	97
1864	9	2898405271	94
1864	10	41302103	83
1865	1	4306525036	728
1865	2	4306463937	558
1865	3	170496595	552
1865	4	83451902	442
1865	5	91064148	398
1865	6	77791401	243
1865	7	164699263	228
1865	8	66198783	176
1865	9	2764418376	152
1865	10	4306463230	148
1866	1	153994436	942
1866	2	4306463937	531
1866	3	4306525036	518
1866	4	36642063	498
1866	5	100736837	489
1866	6	23813625	311
1866	7	11131942	232
1866	8	4306463230	217
1866	9	136026792	205
1866	10	2754281505	162
1867	1	4306525036	684
1867	2	4306463937	346
1867	3	4306463230	220
1867	4	15336283	211
1867	5	62072220	162
1867	6	32487399	143
1867	7	4210211635	137
1867	8	2312674	125
1867	9	36642063	99
1867	10	141953298	95
1868	1	4306525036	624
1868	2	86638576	475
1868	3	92442678	327
1868	4	4306463937	305
1868	5	153994436	301
1868	6	2755888424	223
1868	7	191012840	156
1868	8	166925758	153
1868	9	58727509	151
1868	10	4306463230	145
1869	1	13479253	995
1869	2	203465130	766
1869	3	86852077	617
1869	4	201530359	415
1869	5	143381477	386
1869	6	145089992	287
1869	7	173943867	270
1869	8	136710263	210
1869	9	87561820	205
1869	10	10446503	183
1870	1	4306400194	395
1870	2	170156948	253
1870	3	165454098	238
1870	4	189344224	205
1870	5	4306463937	164
1870	6	183492911	150
1870	7	128754310	149
1870	8	205118121	144
1870	9	67425620	142
1870	10	4210196937	131
1871	1	4306400194	499
1871	2	4306463937	335
1871	3	128350725	269
1871	4	153329750	249
1871	5	4210172589	236
1871	6	132362803	205
1871	7	4306401271	144
1871	8	133905466	139
1871	9	188551233	133
1871	10	167117542	128
1872	1	4306525036	417
1872	2	4306402567	229
1872	3	202381698	195
1872	4	10623703	180
1872	5	4306463230	148
1872	6	4306463937	139
1872	7	89339265	131
1872	8	4210172139	131
1872	9	4306402450	128
1872	10	8802318	123
1873	1	4306400194	328
1873	2	147316732	233
1873	3	196647941	198
1873	4	2485537415	179
1873	5	49967189	175
1873	6	63459445	156
1873	7	10936095	153
1873	8	100142436	110
1873	9	85427048	105
1873	10	2500830676	105
1874	1	165454098	524
1874	2	9070569	482
1874	3	93312259	221
1874	4	128754310	212
1874	5	39172745	203
1874	6	2898442875	198
1874	7	4306463075	194
1874	8	46775058	186
1874	9	154695693	174
1874	10	4210189194	156
1875	1	4306463937	340
1875	2	57173539	314
1875	3	167168624	303
1875	4	2764536971	280
1875	5	4179095	216
1875	6	32891422	137
1875	7	4363608843	119
1875	8	4210187594	93
1875	9	4306400194	86
1875	10	4306401280	82
1876	1	4317411217	343
1876	2	4393919366	236
1876	3	4306401280	233
1876	4	4306500042	225
1876	5	4210180887	207
1876	6	4210238531	188
1876	7	4220651779	187
1876	8	4210186027	186
1876	9	4210190865	179
1876	10	4210192270	162
1877	1	204609040	316
1877	2	95739953	284
1877	3	7538555	245
1877	4	13479253	212
1877	5	4306463937	162
1877	6	2481244646	153
1877	7	75741262	152
1877	8	181332294	133
1877	9	80741212	124
1877	10	67716761	120
1878	1	4306463937	1003
1878	2	4210168331	632
1878	3	154037165	605
1878	4	190924190	261
1878	5	203479135	255
1878	6	1070115	247
1878	7	41354064	189
1878	8	34296711	184
1878	9	133935646	173
1878	10	119212824	167
1879	1	73111969	765
1879	2	172934240	668
1879	3	103897674	442
1879	4	176982244	321
1879	5	4306402567	279
1879	6	4306463937	277
1879	7	4210172149	172
1879	8	202381698	157
1879	9	164789166	154
1879	10	4306525036	145
1880	1	195255895	660
1880	2	71324801	434
1880	3	115310785	331
1880	4	177859656	259
1880	5	4210216705	201
1880	6	144119614	192
1880	7	60440357	179
1880	8	189852317	178
1880	9	152552278	146
1880	10	4210177741	128
1881	1	204459408	1086
1881	2	16561315	872
1881	3	189140625	675
1881	4	202680183	446
1881	5	173979593	431
1881	6	10719676	416
1881	7	107255770	310
1881	8	33892871	277
1881	9	34870678	276
1881	10	95865439	249
1882	1	4306463937	285
1882	2	178362034	227
1882	3	41354064	206
1882	4	88226677	185
1882	5	4306525036	176
1882	6	2493613807	171
1882	7	42294715	154
1882	8	111155417	145
1882	9	201989124	123
1882	10	4210200754	121
1883	1	4306463937	519
1883	2	4306463855	283
1883	3	4306400194	247
1883	4	9692511	240
1883	5	187602988	226
1883	6	4306463708	211
1883	7	91348919	171
1883	8	4306463997	161
1883	9	255146	152
1883	10	183337005	148
1884	1	128018148	520
1884	2	140251998	427
1884	3	88052261	349
1884	4	4306525036	229
1884	5	151589183	207
1884	6	2737566431	185
1884	7	104038378	164
1884	8	2764928002	157
1884	9	125754415	136
1884	10	4306463937	136
1885	1	132538424	707
1885	2	4819472	421
1885	3	22285447	362
1885	4	4306525036	357
1885	5	111160002	319
1885	6	50280174	310
1885	7	13619737	272
1885	8	161085503	251
1885	9	182038535	204
1885	10	136338150	195
1886	1	4306401271	1538
1886	2	4210172589	951
1886	3	91754907	197
1886	4	19383905	191
1886	5	4306463937	157
1886	6	85457386	140
1886	7	2739393555	102
1886	8	4306401280	98
1886	9	61808140	90
1886	10	101209419	90
1887	1	4306400194	669
1887	2	4306463937	392
1887	3	67716761	374
1887	4	168309380	370
1887	5	154732359	293
1887	6	6791298	241
1887	7	190924190	195
1887	8	41354064	167
1887	9	4210174675	158
1887	10	59020844	153
1888	1	4306463855	480
1888	2	4306463937	433
1888	3	207416075	249
1888	4	96072387	221
1888	5	73388012	214
1888	6	124004514	209
1888	7	95655282	139
1888	8	6123250	117
1888	9	4306463716	101
1888	10	90816027	88
1889	1	195727172	864
1889	2	4306525036	693
1889	3	108911230	261
1889	4	29564236	228
1889	5	2911370914	188
1889	6	132108250	143
1889	7	134644764	133
1889	8	2756327665	128
1889	9	118315377	117
1889	10	15444899	115
1890	1	7291761	1047
1890	2	177975795	461
1890	3	147767848	386
1890	4	4210187594	312
1890	5	127523745	291
1890	6	109302362	218
1890	7	4306463937	208
1890	8	10892749	203
1890	9	86481247	173
1890	10	122014475	135
1891	1	4306463937	360
1891	2	4210172589	213
1891	3	4306463409	184
1891	4	106296714	116
1891	5	2764905038	100
1891	6	4306463230	92
1891	7	4306401280	79
1891	8	4210195248	76
1891	9	4210177767	69
1891	10	4306417665	68
1892	1	4306525036	602
1892	2	2596117549	211
1892	3	14436165	209
1892	4	113298455	195
1892	5	109369870	192
1892	6	122042528	182
1892	7	4306402450	174
1892	8	3774022	159
1892	9	159891131	127
1892	10	4306463937	127
1893	1	4306463491	2263
1893	2	4306463091	1007
1893	3	4306463937	610
1893	4	4306462951	252
1893	5	4306462966	237
1893	6	4306464261	201
1893	7	180862878	192
1893	8	55402921	183
1893	9	4306464022	177
1893	10	176974017	173
1894	1	8481965	1458
1894	2	182038535	659
1894	3	161085503	494
1894	4	127482523	455
1894	5	4306525036	399
1894	6	62275304	281
1894	7	4306463937	222
1894	8	50280174	214
1894	9	180082538	166
1894	10	151836202	152
1895	1	4306463855	621
1895	2	4306463937	550
1895	3	98355519	338
1895	4	69220080	174
1895	5	4306463716	161
1895	6	181098927	154
1895	7	4306462995	122
1895	8	79135273	112
1895	9	4210172589	105
1895	10	2764360065	103
1896	1	106296714	341
1896	2	4306400194	324
1896	3	4306463937	214
1896	4	69141925	97
1896	5	2764905038	95
1896	6	4210177528	94
1896	7	115004586	89
1896	8	2485537415	84
1896	9	10936095	82
1896	10	49967189	82
1897	1	183492911	1281
1897	2	178776955	656
1897	3	134390580	523
1897	4	180314335	375
1897	5	4210238599	316
1897	6	186881120	217
1897	7	102728161	187
1897	8	175543413	171
1897	9	4306400194	167
1897	10	104118869	154
1898	1	4306401271	1811
1898	2	4210172589	435
1898	3	91754907	197
1898	4	180723199	189
1898	5	201533460	163
1898	6	2739393555	152
1898	7	154775064	134
1898	8	2765062947	129
1898	9	4306463937	122
1898	10	4306401280	113
1899	1	4306525036	572
1899	2	128227336	188
1899	3	91748803	186
1899	4	202381698	146
1899	5	4306401280	141
1899	6	4306402450	124
1899	7	4306463937	122
1899	8	153189382	120
1899	9	27359860	107
1899	10	178566096	102
1900	1	135458494	1039
1900	2	4210196743	449
1900	3	134644764	382
1900	4	31777576	347
1900	5	85201822	264
1900	6	29946585	241
1900	7	98430239	214
1900	8	60052374	179
1900	9	63107127	177
1900	10	9324707	134
1901	1	4306400194	1485
1901	2	106296714	312
1901	3	132362803	259
1901	4	4306463937	162
1901	5	5437875	159
1901	6	4394736638	143
1901	7	4306420609	120
1901	8	127898559	116
1901	9	4306402512	115
1901	10	4210175730	107
1902	1	106296714	1492
1902	2	4306418235	430
1902	3	4306417720	247
1902	4	4306400194	228
1902	5	4306402512	214
1902	6	4306463937	182
1902	7	4306463855	169
1902	8	171267539	126
1902	9	2764816760	110
1902	10	2764900261	95
1903	1	4210172589	2462
1903	2	4306401271	535
1903	3	4306463937	380
1903	4	34941771	306
1903	5	174966194	275
1903	6	4306463230	124
1903	7	4306463223	118
1903	8	66201313	113
1903	9	4210213280	103
1903	10	4306463708	95
1904	1	106296714	435
1904	2	4306463937	249
1904	3	4121042	171
1904	4	99753134	114
1904	5	110965136	104
1904	6	4210176815	103
1904	7	9692511	96
1904	8	32271328	90
1904	9	114265899	90
1904	10	78735424	89
1905	1	148373282	990
1905	2	4306525036	700
1905	3	4306463230	457
1905	4	196975874	348
1905	5	59404955	203
1905	6	161638509	201
1905	7	23625584	198
1905	8	207406949	184
1905	9	23243006	151
1905	10	4210168508	134
1906	1	187296519	453
1906	2	4306401280	357
1906	3	179029225	307
1906	4	4210191687	117
1906	5	102196823	100
1906	6	2739064124	99
1906	7	4210208500	92
1906	8	4210208850	89
1906	9	4210196894	88
1906	10	4317411217	85
1907	1	55626769	248
1907	2	67716761	245
1907	3	84339699	237
1907	4	42323631	217
1907	5	189509794	197
1907	6	2764696622	169
1907	7	4210168331	169
1907	8	95739953	164
1907	9	187991544	157
1907	10	2481244646	156
1908	1	96873385	733
1908	2	178711970	313
1908	3	189140625	289
1908	4	83853393	286
1908	5	203479135	265
1908	6	188673600	257
1908	7	19375554	252
1908	8	4306525036	203
1908	9	174893293	185
1908	10	148303206	166
1909	1	4306525036	616
1909	2	14436165	256
1909	3	4306463937	236
1909	4	4306463230	159
1909	5	119714264	137
1909	6	200071133	116
1909	7	3992287	102
1909	8	15952725	95
1909	9	141953298	93
1909	10	86638576	90
1910	1	4306525036	708
1910	2	200672447	210
1910	3	141953298	197
1910	4	2738950867	153
1910	5	43051214	139
1910	6	104442948	131
1910	7	4210190147	118
1910	8	4306463230	117
1910	9	4306463937	110
1910	10	195182175	104
1911	1	4210172589	1073
1911	2	4306401271	836
1911	3	4306463937	255
1911	4	127742747	244
1911	5	4306400194	203
1911	6	159894308	190
1911	7	36178057	139
1911	8	7161550	130
1911	9	4306463230	101
1911	10	144150890	93
1912	1	4306463937	309
1912	2	4210172589	292
1912	3	4306463409	171
1912	4	4306417665	159
1912	5	4306401271	129
1912	6	4306463716	119
1912	7	4306418324	93
1912	8	4210177767	89
1912	9	4306463855	88
1912	10	146741597	83
1913	1	165569574	220
1913	2	4306524349	215
1913	3	129893106	142
1913	4	194652459	142
1913	5	200794352	137
1913	6	207083915	127
1913	7	90680744	126
1913	8	35917800	118
1913	9	6145614	113
1913	10	195255895	113
1914	1	15137598	670
1914	2	168522863	353
1914	3	41454044	291
1914	4	4306525036	229
1914	5	4306402567	203
1914	6	2574783	199
1914	7	183149254	169
1914	8	168415115	161
1914	9	140251998	123
1914	10	202381698	116
1915	1	75741262	1012
1915	2	6377669	692
1915	3	94313546	513
1915	4	204609040	409
1915	5	77047749	184
1915	6	4210200754	179
1915	7	164001016	170
1915	8	67393510	164
1915	9	152760256	149
1915	10	24807848	138
1916	1	4306525036	565
1916	2	155128447	231
1916	3	4306462867	224
1916	4	128227336	165
1916	5	102868315	161
1916	6	158228368	142
1916	7	53087977	138
1916	8	4306402567	138
1916	9	4306463937	138
1916	10	4306463230	127
1917	1	4306525036	421
1917	2	14436165	314
1917	3	108525051	253
1917	4	18118477	196
1917	5	49250914	177
1917	6	200071133	171
1917	7	153558830	159
1917	8	164469042	135
1917	9	4306463230	129
1917	10	4306463937	122
1918	1	39841227	354
1918	2	4210172589	352
1918	3	4306400194	347
1918	4	4306401271	285
1918	5	4306463937	221
1918	6	106296714	139
1918	7	184816971	118
1918	8	4210187594	98
1918	9	2764696622	89
1918	10	103321696	83
1919	1	4306525036	984
1919	2	67147237	320
1919	3	64889221	135
1919	4	62865007	128
1919	5	44717366	124
1919	6	2764893290	113
1919	7	177636448	108
1919	8	2755507738	107
1919	9	2756077210	93
1919	10	104981103	92
1920	1	164692974	756
1920	2	31010182	338
1920	3	4210187594	283
1920	4	49050747	249
1920	5	40976917	197
1920	6	2764696622	166
1920	7	19003042	134
1920	8	4363607874	130
1920	9	44010765	111
1920	10	76010543	104
1921	1	164150133	1089
1921	2	14436165	845
1921	3	4306525036	506
1921	4	4306463937	241
1921	5	113871862	121
1921	6	4306462995	114
1921	7	4306463230	111
1921	8	87202501	82
1921	9	177350161	80
1921	10	2738950867	79
1922	1	4306525036	361
1922	2	4306463937	336
1922	3	116251202	233
1922	4	136578784	233
1922	5	60865174	219
1922	6	181568219	208
1922	7	185186944	149
1922	8	163651451	145
1922	9	14544163	133
1922	10	201064403	127
1923	1	107251254	399
1923	2	2764776196	367
1923	3	105929320	365
1923	4	4306463937	227
1923	5	86852077	199
1923	6	2737336974	150
1923	7	198573919	144
1923	8	4306463075	143
1923	9	183209598	141
1923	10	87561820	129
1924	1	4306525036	240
1924	2	98026630	232
1924	3	13895637	223
1924	4	140251998	166
1924	5	44425019	125
1924	6	119525064	122
1924	7	4306463937	121
1924	8	66401815	112
1924	9	176136234	91
1924	10	4306463230	87
1925	1	4306463855	389
1925	2	4306463937	302
1925	3	2764942408	274
1925	4	2764617905	217
1925	5	2764926134	198
1925	6	2764375719	170
1925	7	2803517	122
1925	8	4306463230	106
1925	9	2898331414	105
1925	10	2764609117	102
1926	1	171471881	1076
1926	2	199213172	399
1926	3	12023821	252
1926	4	4306463937	216
1926	5	4306463230	175
1926	6	2764509370	169
1926	7	174901760	162
1926	8	194835164	160
1926	9	4210218701	143
1926	10	141356220	133
1927	1	4210196743	463
1927	2	42294715	257
1927	3	2493613807	229
1927	4	4210226337	222
1927	5	193620188	210
1927	6	4306402567	197
1927	7	67862205	182
1927	8	48849333	181
1927	9	32610980	178
1927	10	4306463937	171
1928	1	180901878	390
1928	2	4306525036	337
1928	3	4306463937	264
1928	4	166515463	177
1928	5	205775358	177
1928	6	202381698	152
1928	7	4306463230	139
1928	8	4306402567	132
1928	9	121703463	98
1928	10	18163555	89
1929	1	4306525036	507
1929	2	14436165	241
1929	3	195816289	231
1929	4	4306463937	221
1929	5	79704628	160
1929	6	4306463230	150
1929	7	2738950867	127
1929	8	141953298	121
1929	9	101278519	113
1929	10	62532593	96
1930	1	4306525036	442
1930	2	4306463937	424
1930	3	4306463230	248
1930	4	104698359	227
1930	5	4306462995	197
1930	6	33418846	173
1930	7	124035732	168
1930	8	108768312	146
1930	9	7689096	145
1930	10	453935	100
1931	1	4306463937	1719
1931	2	41354064	1635
1931	3	4210168331	635
1931	4	133942674	283
1931	5	205050996	219
1931	6	70121411	214
1931	7	108008259	177
1931	8	73388172	175
1931	9	205754296	140
1931	10	80698544	139
1932	1	85738991	238
1932	2	101949793	185
1932	3	2485537415	160
1932	4	4306463937	144
1932	5	189798733	126
1932	6	4306418306	124
1932	7	4306400194	113
1932	8	49967189	103
1932	9	4210179954	85
1932	10	189694085	73
1933	1	2765074323	597
1933	2	194185345	471
1933	3	4306463937	362
1933	4	4306463855	322
1933	5	4210172589	201
1933	6	58516903	193
1933	7	4317411217	157
1933	8	4306401271	126
1933	9	10134376	104
1933	10	4306463708	83
1934	1	4306525036	582
1934	2	170339494	373
1934	3	30045969	296
1934	4	112197712	245
1934	5	4306463230	180
1934	6	4306463937	170
1934	7	72350973	137
1934	8	2739064124	103
1934	9	202381698	102
1934	10	128227336	89
1935	1	4306463855	491
1935	2	14181881	268
1935	3	4306463937	266
1935	4	108263389	199
1935	5	57783494	180
1935	6	2764761010	177
1935	7	207675253	163
1935	8	4306463409	158
1935	9	9033830	117
1935	10	4210179225	116
1936	1	204459408	1251
1936	2	34870678	688
1936	3	173979593	515
1936	4	121410566	432
1936	5	189140625	329
1936	6	69753523	238
1936	7	202680183	217
1936	8	4306463937	198
1936	9	15526297	163
1936	10	127769916	156
1937	1	10223069	242
1937	2	62969111	209
1937	3	106296714	161
1937	4	4306463937	150
1937	5	4306400194	130
1937	6	2764900261	124
1937	7	137773608	115
1937	8	2739259196	108
1937	9	4393918545	105
1937	10	4210186383	90
1938	1	4306463409	359
1938	2	4306463937	243
1938	3	4210172589	228
1938	4	4306417665	199
1938	5	59995812	108
1938	6	4306418324	98
1938	7	4210177767	94
1938	8	4306420657	90
1938	9	141478581	85
1938	10	2508752	84
1939	1	4210172589	524
1939	2	4306401271	415
1939	3	4306463937	319
1939	4	2764777209	144
1939	5	4306463855	131
1939	6	10134376	129
1939	7	4306463223	119
1939	8	120049674	96
1939	9	69872077	88
1939	10	128059648	88
1940	1	37411791	556
1940	2	41354064	256
1940	3	168898714	202
1940	4	2481244646	182
1940	5	204609040	174
1940	6	45305740	144
1940	7	66104727	144
1940	8	95739953	126
1940	9	202680183	119
1940	10	171512606	116
1941	1	201921491	295
1941	2	71857517	140
1941	3	203966947	136
1941	4	168377509	133
1941	5	2764498263	130
1941	6	2764649243	127
1941	7	128754310	115
1941	8	151498627	114
1941	9	4306463937	113
1941	10	67425620	101
1942	1	4210172589	454
1942	2	145575934	383
1942	3	4306400194	342
1942	4	64511102	249
1942	5	10134376	244
1942	6	159637997	210
1942	7	4306463937	200
1942	8	106296714	195
1942	9	2764743394	194
1942	10	4306401271	140
1943	1	14436165	677
1943	2	49488433	646
1943	3	4306525036	469
1943	4	140231191	467
1943	5	4306463937	257
1943	6	2764844374	194
1943	7	13842274	148
1943	8	4306463230	128
1943	9	31780008	113
1943	10	20709540	95
1944	1	4306463937	463
1944	2	4306463855	399
1944	3	42868818	279
1944	4	4306463871	189
1944	5	152428769	172
1944	6	4210182004	146
1944	7	128384658	114
1944	8	136099329	109
1944	9	2764374073	89
1944	10	4306463716	80
1945	1	90999920	672
1945	2	129676613	281
1945	3	128740003	238
1945	4	4210171160	233
1945	5	4210206986	233
1945	6	29537273	175
1945	7	5745031	164
1945	8	130017051	154
1945	9	118246204	153
1945	10	4210187594	140
1946	1	85738991	735
1946	2	189798733	327
1946	3	4306418306	172
1946	4	43247408	153
1946	5	183492911	134
1946	6	153101029	131
1946	7	201045332	128
1946	8	72497124	123
1946	9	59479367	107
1946	10	4210208108	99
1947	1	4306463937	820
1947	2	138759888	528
1947	3	4210169118	520
1947	4	198339081	313
1947	5	149516416	288
1947	6	68503223	218
1947	7	4210205149	216
1947	8	116826539	194
1947	9	67716761	180
1947	10	143746784	173
1948	1	4306400194	1042
1948	2	77047749	396
1948	3	26018076	287
1948	4	4210232664	287
1948	5	167262187	222
1948	6	189701308	212
1948	7	4210237713	157
1948	8	4306402450	142
1948	9	123480357	140
1948	10	2786256796	139
1949	1	145630073	1256
1949	2	63023845	940
1949	3	34296711	453
1949	4	185347286	380
1949	5	4210187594	344
1949	6	79162954	266
1949	7	113542562	241
1949	8	132457063	226
1949	9	2764696622	191
1949	10	168878583	183
1950	1	4306525036	523
1950	2	4306463937	363
1950	3	4306463230	285
1950	4	134483451	253
1950	5	46732370	247
1950	6	128634829	193
1950	7	74113319	136
1950	8	181568219	101
1950	9	14436165	93
1950	10	60865174	89
1951	1	4306525036	622
1951	2	4306463937	440
1951	3	2312674	271
1951	4	113474406	215
1951	5	144860794	194
1951	6	4306463230	194
1951	7	4210177186	191
1951	8	14109371	165
1951	9	90626604	118
1951	10	205902839	94
1952	1	19266977	614
1952	2	146462558	287
1952	3	178493899	284
1952	4	161551636	249
1952	5	4306463075	235
1952	6	120384139	222
1952	7	4306463937	185
1952	8	105963835	135
1952	9	4210178770	126
1952	10	156179317	101
1953	1	4306463937	515
1953	2	4306463708	226
1953	3	4306463855	216
1953	4	117267838	207
1953	5	4306525036	188
1953	6	112842941	142
1953	7	47042973	138
1953	8	4306462995	138
1953	9	4210172589	135
1953	10	70185877	117
1954	1	4306463937	413
1954	2	175056054	347
1954	3	2898565713	313
1954	4	58516903	299
1954	5	4210172589	246
1954	6	133853345	210
1954	7	4306401271	165
1954	8	2497375143	150
1954	9	198098182	145
1954	10	4306463230	136
1955	1	2764385719	2581
1955	2	4210169549	1019
1955	3	4210171706	738
1955	4	88836445	627
1955	5	2914660007	521
1955	6	137551407	253
1955	7	4317411217	188
1955	8	4210216402	155
1955	9	4210235557	139
1955	10	4210196937	128
1956	1	4306525036	447
1956	2	205775358	353
1956	3	4306463937	351
1956	4	4306463230	242
1956	5	18163555	199
1956	6	159506102	183
1956	7	182143151	138
1956	8	12548615	134
1956	9	30525748	120
1956	10	4210218062	106
1957	1	119525064	642
1957	2	66401815	238
1957	3	4306525036	233
1957	4	4306463230	211
1957	5	99313352	180
1957	6	4306401280	124
1957	7	4210234931	115
1957	8	2739064124	114
1957	9	4306463937	113
1957	10	2764413569	105
1958	1	4306525036	1292
1958	2	191726168	432
1958	3	92279829	244
1958	4	103663982	226
1958	5	23327923	216
1958	6	176204532	213
1958	7	148949672	191
1958	8	44717366	120
1958	9	75186586	116
1958	10	2755441855	102
1959	1	4210172589	418
1959	2	4306401271	341
1959	3	4306463937	255
1959	4	4306463855	164
1959	5	106822843	134
1959	6	4306525036	129
1959	7	4210220588	120
1959	8	15239247	91
1959	9	156988948	91
1959	10	4306463708	86
1960	1	4306400194	2018
1960	2	2883122597	747
1960	3	4306463937	445
1960	4	21451252	294
1960	5	4210172589	279
1960	6	118704488	184
1960	7	115229607	158
1960	8	4306463708	145
1960	9	38866342	143
1960	10	4306462995	135
1961	1	4306525036	598
1961	2	109369870	182
1961	3	53087977	134
1961	4	77494981	132
1961	5	1605907	130
1961	6	202381698	130
1961	7	4306402450	128
1961	8	18455948	113
1961	9	4306463230	109
1961	10	4210201221	101
1962	1	4306525036	481
1962	2	87338489	270
1962	3	111163638	236
1962	4	116251202	234
1962	5	91067379	189
1962	6	10652568	161
1962	7	202381698	157
1962	8	60865174	121
1962	9	196734849	118
1962	10	2595413687	115
1963	1	43295729	336
1963	2	56039944	201
1963	3	197975706	198
1963	4	4306463937	174
1963	5	10134376	167
1963	6	4210202285	157
1963	7	4306400194	123
1963	8	183492911	106
1963	9	4210172589	105
1963	10	117411352	96
1964	1	4306525036	524
1964	2	4306463937	265
1964	3	14436165	262
1964	4	4306463230	205
1964	5	122347013	139
1964	6	140231191	138
1964	7	139838620	137
1964	8	1879512	127
1964	9	23975315	124
1964	10	143352558	111
1965	1	193112073	1430
1965	2	77047749	945
1965	3	24807848	562
1965	4	6791298	529
1965	5	34296711	445
1965	6	207852612	425
1965	7	4306400194	384
1965	8	4210187594	319
1965	9	146709414	241
1965	10	4210237713	233
1966	1	11629336	358
1966	2	83853393	278
1966	3	4306463230	189
1966	4	200764475	170
1966	5	2764739176	162
1966	6	67425620	146
1966	7	196734849	145
1966	8	163807576	141
1966	9	4306525036	120
1966	10	173145877	116
1967	1	4306525036	500
1967	2	14436165	465
1967	3	4306463937	270
1967	4	4306463230	251
1967	5	2738950867	122
1967	6	141953298	95
1967	7	18197459	73
1967	8	205775358	68
1967	9	186113128	60
1967	10	186920367	59
1968	1	75581497	821
1968	2	4306525036	554
1968	3	131078631	365
1968	4	140889577	266
1968	5	4306463937	214
1968	6	14544163	192
1968	7	52732750	178
1968	8	205145379	156
1968	9	202381698	149
1968	10	72042703	120
1969	1	4306525036	439
1969	2	45954700	244
1969	3	203465130	139
1969	4	145089992	136
1969	5	4306506097	118
1969	6	87561820	116
1969	7	124203677	111
1969	8	149937609	109
1969	9	4306463937	109
1969	10	86852077	89
1970	1	202381698	489
1970	2	4210172139	292
1970	3	4306525036	269
1970	4	196734849	228
1970	5	4306463937	207
1970	6	7858788	206
1970	7	79990748	201
1970	8	4306463399	170
1970	9	4306463230	144
1970	10	4306402450	122
1971	1	4306462995	960
1971	2	4306463716	673
1971	3	2764375719	386
1971	4	4306463855	295
1971	5	4306463937	272
1971	6	4306463717	152
1971	7	72530233	148
1971	8	72345919	147
1971	9	4306463708	145
1971	10	4306462964	138
1972	1	145089992	229
1972	2	4306525036	203
1972	3	203465130	200
1972	4	45954700	196
1972	5	4306463937	170
1972	6	13479253	148
1972	7	4306463230	133
1972	8	87561820	125
1972	9	86852077	99
1972	10	4306463075	98
1973	1	41354064	508
1973	2	4306525036	340
1973	3	205999849	212
1973	4	108911230	206
1973	5	55509983	180
1973	6	4306463937	175
1973	7	39653451	160
1973	8	166799026	132
1973	9	124250138	130
1973	10	29564236	125
1974	1	171471881	1356
1974	2	112646816	698
1974	3	199213172	352
1974	4	4210222011	276
1974	5	4210167524	160
1974	6	2764419951	159
1974	7	4210226464	159
1974	8	4210224067	147
1974	9	4306533347	135
1974	10	40752542	132
1975	1	106296714	1431
1975	2	4306463937	325
1975	3	47930974	243
1975	4	4306400194	238
1975	5	4363608771	186
1975	6	4210203257	129
1975	7	4306418476	128
1975	8	93787993	107
1975	9	2764461748	107
1975	10	4363608932	101
1976	1	4210172589	1317
1976	2	4306401271	578
1976	3	4306463937	242
1976	4	51113653	132
1976	5	103321696	110
1976	6	44585919	78
1976	7	175056054	72
1976	8	94499970	71
1976	9	4306463230	57
1976	10	4306401280	51
1977	1	106296714	695
1977	2	4306463937	379
1977	3	66526724	348
1977	4	128457257	213
1977	5	4306525036	114
1977	6	4306463855	109
1977	7	30338973	107
1977	8	2764900261	107
1977	9	2764905038	91
1977	10	15239247	86
1978	1	143111890	460
1978	2	4210202585	232
1978	3	1666925	227
1978	4	2764726801	221
1978	5	65230043	210
1978	6	116775814	198
1978	7	2764873327	197
1978	8	4210195883	172
1978	9	2764967373	161
1978	10	199825796	138
1979	1	4306525036	340
1979	2	4210196743	223
1979	3	134644764	157
1979	4	88153332	104
1979	5	182611093	99
1979	6	98026630	91
1979	7	2765017008	90
1979	8	4306463937	85
1979	9	4306401280	84
1979	10	4210195883	80
1980	1	4306400194	504
1980	2	106296714	338
1980	3	2764431341	183
1980	4	145575934	171
1980	5	4306463937	138
1980	6	202381698	134
1980	7	60115552	120
1980	8	64511102	118
1980	9	2764743394	107
1980	10	10134376	101
1981	1	4306463855	545
1981	2	4306463937	498
1981	3	136099329	302
1981	4	4210182004	219
1981	5	4306463871	183
1981	6	125130336	156
1981	7	208038180	144
1981	8	32648145	139
1981	9	4210196430	133
1981	10	185930297	129
1982	1	2764771562	454
1982	2	149994590	425
1982	3	196029703	375
1982	4	15273895	339
1982	5	2764689596	329
1982	6	4306463855	322
1982	7	2764375719	282
1982	8	184215881	235
1982	9	4210174344	230
1982	10	93133213	222
1983	1	47258695	414
1983	2	4306463937	391
1983	3	4306463855	244
1983	4	50623261	230
1983	5	4306463708	196
1983	6	91386000	139
1983	7	2764542025	131
1983	8	4306462995	109
1983	9	179289126	98
1983	10	75102731	93
1984	1	121323410	705
1984	2	4306525036	382
1984	3	192539729	296
1984	4	4306463937	252
1984	5	25293849	200
1984	6	94779792	135
1984	7	2764386890	123
1984	8	9336330	114
1984	9	4387281795	111
1984	10	123991139	106
1985	1	26186121	739
1985	2	42803210	694
1985	3	41354064	441
1985	4	128990672	329
1985	5	146563757	294
1985	6	201989124	196
1985	7	133942674	168
1985	8	4306525036	163
1985	9	4306463937	148
1985	10	4306463230	139
1986	1	106296714	769
1986	2	4306400194	480
1986	3	107923245	256
1986	4	4306463937	198
1986	5	186357190	161
1986	6	120348307	136
1986	7	11065456	129
1986	8	4306523034	110
1986	9	4210226185	77
1986	10	4306402512	72
1987	1	4306402450	284
1987	2	4306400573	255
1987	3	4306525036	186
1987	4	122347013	177
1987	5	4210216427	125
1987	6	82239980	109
1987	7	202381698	103
1987	8	2738950867	103
1987	9	123732490	100
1987	10	139838620	100
1988	1	10134376	385
1988	2	4306463937	275
1988	3	4210195883	261
1988	4	4210172589	201
1988	5	58516903	176
1988	6	50885219	167
1988	7	4306463855	134
1988	8	129229188	131
1988	9	4210189194	112
1988	10	56464651	96
1989	1	41354064	2580
1989	2	133942674	524
1989	3	205050996	387
1989	4	201989124	376
1989	5	80698544	307
1989	6	205754296	241
1989	7	197964166	219
1989	8	4210200754	208
1989	9	67393510	206
1989	10	152760256	191
1990	1	4306525036	773
1990	2	144350125	410
1990	3	2477089890	401
1990	4	75242794	222
1990	5	13978405	169
1990	6	4306463937	149
1990	7	19793444	145
1990	8	192814187	138
1990	9	69340840	134
1990	10	36000085	97
1991	1	4306525036	656
1991	2	4306463937	161
1991	3	43051214	151
1991	4	4306463230	141
1991	5	5398819	77
1991	6	141953298	76
1991	7	139062638	71
1991	8	2738950867	70
1991	9	14436165	69
1991	10	15137598	67
1992	1	183492911	1461
1992	2	162355128	272
1992	3	4306400194	189
1992	4	4210205637	170
1992	5	4306463937	157
1992	6	14279044	155
1992	7	83637746	148
1992	8	101949793	148
1992	9	189694085	148
1992	10	4306530582	112
1993	1	111160002	321
1993	2	145630073	270
1993	3	183492911	260
1993	4	4306400194	246
1993	5	164566984	216
1993	6	4210187594	210
1993	7	178776955	187
1993	8	90573847	176
1993	9	31010182	169
1993	10	24807848	164
1994	1	59953647	471
1994	2	26862755	280
1994	3	140059072	276
1994	4	49321836	261
1994	5	4306463937	256
1994	6	191693275	209
1994	7	4306463855	184
1994	8	37660120	173
1994	9	114439130	154
1994	10	4210172589	125
1995	1	4210172589	1241
1995	2	4306463937	329
1995	3	4306401271	204
1995	4	4306463855	114
1995	5	10134376	98
1995	6	4210213280	85
1995	7	4306463223	83
1995	8	4210177794	81
1995	9	4317411217	68
1995	10	4306463409	59
1996	1	178776955	784
1996	2	134390580	473
1996	3	183492911	406
1996	4	4306400194	399
1996	5	24807848	251
1996	6	164566984	237
1996	7	186881120	209
1996	8	4306418073	198
1996	9	196734849	186
1996	10	105243760	170
1997	1	4306463708	1020
1997	2	4210172589	523
1997	3	4306463937	333
1997	4	4306462995	277
1997	5	4306463855	257
1997	6	56047584	247
1997	7	75102731	229
1997	8	147022693	215
1997	9	160343789	119
1997	10	4306463997	98
1998	1	2738335941	299
1998	2	4306463937	259
1998	3	4306463855	213
1998	4	182487661	170
1998	5	4210212179	142
1998	6	126644992	135
1998	7	80206211	106
1998	8	4306463708	91
1998	9	29243050	88
1998	10	10873304	86
1999	1	4306525036	288
1999	2	4306463937	253
1999	3	159563226	193
1999	4	19793444	176
1999	5	4306463855	153
1999	6	145410231	148
1999	7	54816476	116
1999	8	144187503	114
1999	9	49861241	98
1999	10	43044738	81
2000	1	4210211349	1262
2000	2	4306463937	546
2000	3	153020912	355
2000	4	4210190235	302
2000	5	120348307	207
2000	6	4306463075	120
2000	7	95999327	110
2000	8	106296714	94
2000	9	4210202285	90
2000	10	4306463230	81
2001	1	171471881	1363
2001	2	48852984	545
2001	3	199213172	309
2001	4	85157363	259
2001	5	4210193854	164
2001	6	4210233173	160
2001	7	4210224067	152
2001	8	4210197899	146
2001	9	4306400562	131
2001	10	40752542	129
2002	1	4306400194	1732
2002	2	106296714	1122
2002	3	177675236	344
2002	4	4306463937	303
2002	5	172477885	221
2002	6	90727058	201
2002	7	67922921	197
2002	8	188076996	176
2002	9	172351290	165
2002	10	4210231662	141
2003	1	171918450	593
2003	2	192395394	391
2003	3	53942123	342
2003	4	48277251	210
2003	5	139950591	159
2003	6	178362034	157
2003	7	4306463937	132
2003	8	4306401271	108
2003	9	71324801	99
2003	10	2738977497	91
2004	1	7291761	306
2004	2	4306400194	301
2004	3	120877133	240
2004	4	24807848	206
2004	5	164566984	163
2004	6	178776955	145
2004	7	31010182	143
2004	8	10892749	142
2004	9	4210182288	139
2004	10	183492911	124
2005	1	4306525036	965
2005	2	4306463937	506
2005	3	179591353	399
2005	4	140889577	232
2005	5	174817601	206
2005	6	173526038	193
2005	7	2764403496	193
2005	8	185523233	170
2005	9	52732750	169
2005	10	4210211936	154
2006	1	4210176815	362
2006	2	4210202285	348
2006	3	130455057	275
2006	4	106296714	266
2006	5	92539022	263
2006	6	94432539	261
2006	7	72159247	233
2006	8	2764905038	227
2006	9	4306463075	218
2006	10	4306525036	170
2007	1	53336109	470
2007	2	22862804	197
2007	3	4210187594	182
2007	4	111927887	144
2007	5	8962223	141
2007	6	4306463937	132
2007	7	138356703	119
2007	8	2764696622	109
2007	9	164692974	99
2007	10	16945967	95
2008	1	86512602	814
2008	2	5745031	319
2008	3	164001016	247
2008	4	2764437742	226
2008	5	124203677	192
2008	6	105637730	190
2008	7	149937609	182
2008	8	129676613	176
2008	9	2898407351	159
2008	10	2497301991	158
2009	1	4306525036	381
2009	2	4306463937	182
2009	3	168522863	157
2009	4	202381698	153
2009	5	86558740	134
2009	6	140251998	131
2009	7	180901878	121
2009	8	4306402567	117
2009	9	14436165	111
2009	10	200071133	95
2010	1	25376279	808
2010	2	116051058	519
2010	3	13632289	402
2010	4	1842953	381
2010	5	4306463937	354
2010	6	2764689634	266
2010	7	4306463855	242
2010	8	2764988021	229
2010	9	2764723658	175
2010	10	4306463869	114
2011	1	4210172589	632
2011	2	198325475	342
2011	3	4306463937	339
2011	4	4306401271	233
2011	5	184793761	216
2011	6	2764463436	207
2011	7	2764900385	197
2011	8	4306400194	174
2011	9	125980181	127
2011	10	4210230637	126
2012	1	145814765	574
2012	2	100787194	360
2012	3	146875840	163
2012	4	4210238371	156
2012	5	164789166	149
2012	6	67491721	147
2012	7	132244886	117
2012	8	75741262	114
2012	9	194154261	109
2012	10	140906811	108
2013	1	4306401271	366
2013	2	4306463937	362
2013	3	4210172589	323
2013	4	4306463855	244
2013	5	136211407	205
2013	6	4306463223	128
2013	7	4306463230	109
2013	8	4306462995	100
2013	9	4306401280	98
2013	10	4306463708	74
2014	1	101991353	775
2014	2	171471881	500
2014	3	9351502	306
2014	4	91354186	240
2014	5	1038286569	215
2014	6	175181960	162
2014	7	90590500	160
2014	8	4210238371	129
2014	9	20257348	122
2014	10	4210237188	121
2015	1	183492911	1431
2015	2	117354312	476
2015	3	2898295080	349
2015	4	134390580	318
2015	5	104118869	316
2015	6	4306400194	261
2015	7	178776955	184
2015	8	105243760	170
2015	9	196734849	150
2015	10	47864364	141
2016	1	106296714	824
2016	2	4306400194	232
2016	3	4306463937	226
2016	4	4210206007	99
2016	5	2764900261	84
2016	6	2764905038	77
2016	7	2764825856	62
2016	8	4306463409	55
2016	9	128754310	54
2016	10	4210179954	47
2017	1	19266977	477
2017	2	58516903	322
2017	3	18051569	240
2017	4	4306463230	219
2017	5	4306463937	216
2017	6	145089992	197
2017	7	111367495	141
2017	8	161551636	136
2017	9	13479253	135
2017	10	87561820	117
2018	1	4306525036	766
2018	2	144860794	259
2018	3	159891131	188
2018	4	187579785	156
2018	5	127438345	146
2018	6	122042528	131
2018	7	4306463937	131
2018	8	41314575	123
2018	9	141953298	121
2018	10	2738950867	118
2019	1	183492911	1276
2019	2	101466443	681
2019	3	7291761	647
2019	4	2764696622	279
2019	5	43295729	233
2019	6	111326731	223
2019	7	109302362	179
2019	8	127523745	175
2019	9	4210238599	161
2019	10	4210187594	135
2020	1	4306525036	476
2020	2	4306463937	261
2020	3	4306402450	152
2020	4	60318618	120
2020	5	104698359	105
2020	6	61740008	102
2020	7	91064148	90
2020	8	164699263	86
2020	9	157664895	85
2020	10	4306463230	85
2021	1	124048381	121
2021	2	4306463855	70
2021	3	4210223168	66
2021	4	4210187798	46
2021	5	2764603276	35
2021	6	4210179815	34
2021	7	4306529090	30
2021	8	2738745709	28
2021	9	4306502727	28
2021	10	4306502728	28
2022	1	196009193	591
2022	2	92829914	562
2022	3	81547547	380
2022	4	4306463075	282
2022	5	46058507	258
2022	6	134216166	197
2022	7	4306463937	175
2022	8	2764479125	159
2022	9	10380613	118
2022	10	149305196	112
2023	1	41354064	331
2023	2	4210169613	297
2023	3	34460812	242
2023	4	4306525036	240
2023	5	108911230	210
2023	6	10422866	205
2023	7	165482960	193
2023	8	162030435	153
2023	9	30970080	151
2023	10	192603849	123
2024	1	63459445	188
2024	2	196647941	107
2024	3	10936095	95
2024	4	49967189	89
2024	5	147316732	80
2024	6	4306463937	75
2024	7	166990724	69
2024	8	2493627025	69
2024	9	4210185404	67
2024	10	4306514607	67
2025	1	4306525036	653
2025	2	49828768	257
2025	3	27359860	232
2025	4	164225461	159
2025	5	6589812	148
2025	6	55776271	148
2025	7	4210201221	143
2025	8	202381698	128
2025	9	83651209	115
2025	10	4306463230	115
2026	1	4306400194	2994
2026	2	106296714	687
2026	3	2764900261	175
2026	4	4210191458	163
2026	5	4210172589	133
2026	6	4306463937	121
2026	7	2485537415	85
2026	8	4210169156	85
2026	9	4306402450	78
2026	10	4306420609	76
2027	1	4306525036	326
2027	2	17147534	249
2027	3	4306463937	119
2027	4	100736837	95
2027	5	2738950867	74
2027	6	8481965	56
2027	7	193626562	50
2027	8	4306402450	49
2027	9	4306463230	49
2027	10	135934248	48
2028	1	4306463409	271
2028	2	50631486	229
2028	3	4306463937	160
2028	4	4210172589	111
2028	5	106296714	103
2028	6	4306417665	102
2028	7	4210228535	88
2028	8	192723185	79
2028	9	4210213280	78
2028	10	204030396	75
2029	1	106296714	1457
2029	2	4306400194	504
2029	3	90727058	359
2029	4	4306463937	281
2029	5	39012697	220
2029	6	4502562	185
2029	7	149828480	180
2029	8	68047077	159
2029	9	2764900261	128
2029	10	4210203510	119
2030	1	4306525036	523
2030	2	202381698	198
2030	3	140251998	189
2030	4	151589183	124
2030	5	10623703	102
2030	6	38008053	92
2030	7	4306402450	92
2030	8	85864898	88
2030	9	196734849	87
2030	10	104038378	81
2031	1	106296714	780
2031	2	4306463937	316
2031	3	4306400194	293
2031	4	4306424877	216
2031	5	4306417680	194
2031	6	4306402512	148
2031	7	4306420577	81
2031	8	91252481	69
2031	9	128025751	69
2031	10	4210179954	68
2032	1	137468011	236
2032	2	9692511	223
2032	3	4306402567	221
2032	4	45281609	219
2032	5	2493022126	202
2032	6	202381698	196
2032	7	194662844	160
2032	8	4306463937	155
2032	9	196734849	133
2032	10	165368631	125
2033	1	4306401271	1216
2033	2	2764525606	278
2033	3	980556082	226
2033	4	4210172589	191
2033	5	89947762	169
2033	6	4306463937	146
2033	7	4306402512	143
2033	8	91754907	123
2033	9	32361082	111
2033	10	80485027	110
2034	1	67081940	572
2034	2	4306463937	283
2034	3	4306463230	279
2034	4	4306400194	214
2034	5	106296714	210
2034	6	4210178067	190
2034	7	4210185096	175
2034	8	2764592663	143
2034	9	4210206007	113
2034	10	2764900261	106
2035	1	148639273	509
2035	2	3925375	454
2035	3	4306463937	340
2035	4	4306525036	209
2035	5	4306463230	185
2035	6	4306463125	179
2035	7	140848990	168
2035	8	4210173621	133
2035	9	4306463855	109
2035	10	202381698	90
2036	1	4306401280	711
2036	2	2736890154	162
2036	3	2737149477	140
2036	4	4210168037	121
2036	5	4210170630	103
2036	6	2737881762	98
2036	7	2737350900	86
2036	8	4210194695	82
2036	9	4317411217	81
2036	10	4306502526	79
2037	1	4306400194	1633
2037	2	76279167	850
2037	3	4306463937	311
2037	4	77333429	246
2037	5	89452420	208
2037	6	2764696622	192
2037	7	2883122597	168
2037	8	37268045	137
2037	9	106296714	130
2037	10	4306462921	127
2038	1	111155417	437
2038	2	4210200754	388
2038	3	67393510	385
2038	4	164001016	354
2038	5	2764437742	344
2038	6	152760256	336
2038	7	149937609	200
2038	8	2481244646	194
2038	9	52195378	190
2038	10	68911691	172
2039	1	98208149	976
2039	2	114406758	538
2039	3	183492911	429
2039	4	133911941	316
2039	5	4306463937	214
2039	6	4210212305	161
2039	7	81041188	158
2039	8	137865625	158
2039	9	42323631	151
2039	10	198286467	150
2040	1	4210172589	1624
2040	2	4306462995	776
2040	3	4306463708	577
2040	4	129946752	381
2040	5	118657254	340
2040	6	159320808	329
2040	7	124430719	326
2040	8	4210226457	305
2040	9	4306462967	304
2040	10	4306463937	265
2041	1	146663148	935
2041	2	4306525036	415
2041	3	168049282	282
2041	4	106099243	250
2041	5	4306463937	185
2041	6	4210172589	171
2041	7	2595931848	169
2041	8	176903982	148
2041	9	195759676	127
2041	10	171945920	126
2042	1	4306400194	215
2042	2	2973677	212
2042	3	4306463937	204
2042	4	2485537415	188
2042	5	10936095	143
2042	6	4210179954	131
2042	7	147316732	111
2042	8	63459445	95
2042	9	193624734	95
2042	10	2500830676	77
2043	1	146976949	708
2043	2	185774633	357
2043	3	87930725	278
2043	4	28057480	204
2043	5	26596028	176
2043	6	4306463937	176
2043	7	92562763	168
2043	8	171471881	148
2043	9	4306463075	143
2043	10	31777576	135
2044	1	4306400194	2570
2044	2	2764696622	335
2044	3	4306463937	139
2044	4	2764664775	98
2044	5	4306522422	90
2044	6	4306463708	81
2044	7	4306463075	79
2044	8	4306463230	73
2044	9	183492911	64
2044	10	487226	62
2045	1	148071443	395
2045	2	139986892	320
2045	3	152924554	275
2045	4	207539002	251
2045	5	2765017008	251
2045	6	4210195883	181
2045	7	146146975	164
2045	8	2738977497	139
2045	9	2765005772	123
2045	10	73408372	116
2046	1	106928643	349
2046	2	67716761	246
2046	3	53162366	207
2046	4	158447136	199
2046	5	42323631	147
2046	6	164001016	136
2046	7	23181512	130
2046	8	145476921	123
2046	9	2764437742	117
2046	10	135204980	116
2047	1	4306525036	549
2047	2	96615428	332
2047	3	55776271	326
2047	4	189281586	321
2047	5	46544255	241
2047	6	11075000	202
2047	7	100045985	169
2047	8	202381698	169
2047	9	103035011	152
2047	10	49828768	143
2048	1	196498761	438
2048	2	137362610	386
2048	3	4306463230	275
2048	4	26760650	260
2048	5	122730748	227
2048	6	98026630	218
2048	7	168584722	192
2048	8	38919146	177
2048	9	188241495	163
2048	10	4306463075	150
2049	1	4306525036	545
2049	2	4306463937	145
2049	3	14436165	133
2049	4	4306463230	118
2049	5	141953298	86
2049	6	70982952	70
2049	7	76900504	69
2049	8	165686931	68
2049	9	4306402450	65
2049	10	203153751	64
2050	1	183492911	1658
2050	2	178776955	473
2050	3	180314335	347
2050	4	4210238599	332
2050	5	134390580	292
2050	6	130108588	218
2050	7	186881120	189
2050	8	175543413	184
2050	9	201441698	141
2050	10	117354312	138
2051	1	2765043568	424
2051	2	126329860	415
2051	3	4306463855	406
2051	4	73803228	334
2051	5	2764821434	256
2051	6	4306463937	254
2051	7	2764375719	173
2051	8	161849915	158
2051	9	4306463708	154
2051	10	104993962	150
2052	1	4210167977	666
2052	2	4306531181	285
2052	3	4306401280	191
2052	4	4306522965	188
2052	5	4306535819	180
2052	6	4306528759	178
2052	7	4306529091	163
2052	8	4306531023	139
2052	9	4210170928	132
2052	10	4210198931	124
2053	1	47192491	642
2053	2	4306525036	413
2053	3	4306463937	411
2053	4	21837735	290
2053	5	28527816	289
2053	6	73678819	282
2053	7	182300451	159
2053	8	4210187659	158
2053	9	106375756	138
2053	10	4210182388	136
2054	1	4306525036	461
2054	2	4306463937	186
2054	3	4306401280	162
2054	4	4306402450	109
2054	5	13083541	98
2054	6	4306463230	97
2054	7	2764876480	96
2054	8	94788606	88
2054	9	202381698	83
2054	10	2764444635	75
2055	1	4210168331	816
2055	2	185347286	451
2055	3	108008259	369
2055	4	171072222	365
2055	5	41354064	358
2055	6	4306463937	324
2055	7	166159787	283
2055	8	4924609	238
2055	9	152760256	180
2055	10	68911691	177
2056	1	4306400194	3223
2056	2	106296714	196
2056	3	9093621	151
2056	4	5437875	149
2056	5	4306463937	126
2056	6	59667848	105
2056	7	160779208	105
2056	8	76159266	94
2056	9	4306402512	90
2056	10	9424914	82
2057	1	110785341	331
2057	2	115427279	249
2057	3	126804734	240
2057	4	4306463230	188
2057	5	194662844	158
2057	6	4210172589	149
2057	7	4306525036	131
2057	8	99313352	125
2057	9	4306463937	121
2057	10	2596909297	96
2058	1	169548688	213
2058	2	134698528	174
2058	3	134644764	134
2058	4	4306463937	134
2058	5	4210230202	128
2058	6	4306525036	121
2058	7	64108887	118
2058	8	2764665647	99
2058	9	60589374	92
2058	10	170334236	91
2059	1	4306525036	602
2059	2	41354064	237
2059	3	108911230	173
2059	4	4306463937	138
2059	5	29564236	136
2059	6	132108250	109
2059	7	15444899	98
2059	8	39653451	88
2059	9	2756327665	87
2059	10	205999849	85
2060	1	4306463855	336
2060	2	4306463937	201
2060	3	199141608	199
2060	4	4210219271	85
2060	5	9692511	76
2060	6	4210172589	73
2060	7	77494981	64
2060	8	4210172634	64
2060	9	204030396	60
2060	10	4306401280	60
2061	1	5555990	276
2061	2	4306525036	273
2061	3	202381698	198
2061	4	4306402567	191
2061	5	140251998	176
2061	6	86558740	168
2061	7	45757444	157
2061	8	151589183	120
2061	9	136634221	118
2061	10	4306463937	111
2062	1	4306400194	526
2062	2	14920484	398
2062	3	51920167	284
2062	4	151579836	219
2062	5	2764696622	215
2062	6	50372074	212
2062	7	939935174	156
2062	8	35093870	135
2062	9	4306463937	123
2062	10	4210182362	115
2063	1	90999920	450
2063	2	33892871	424
2063	3	183886180	264
2063	4	202680183	220
2063	5	129676613	189
2063	6	73337801	166
2063	7	149937609	160
2063	8	128740003	138
2063	9	4210206986	138
2063	10	147177414	128
2064	1	177486402	676
2064	2	4306525036	580
2064	3	158473028	362
2064	4	4306463937	311
2064	5	13860802	217
2064	6	15137598	151
2064	7	43051214	147
2064	8	4210208872	119
2064	9	14436165	94
2064	10	4306463230	89
2065	1	4306402567	360
2065	2	140251998	256
2065	3	4306525036	220
2065	4	202381698	165
2065	5	128439998	162
2065	6	168522863	146
2065	7	4306402450	141
2065	8	151589183	131
2065	9	126644158	125
2065	10	5677253	122
2066	1	4306525036	308
2066	2	2764778649	218
2066	3	29918858	168
2066	4	4306463937	162
2066	5	4306463855	138
2066	6	84585612	115
2066	7	103428141	84
2066	8	2764409503	68
2066	9	52165136	65
2066	10	177391433	58
2067	1	4306525036	630
2067	2	146061289	342
2067	3	4306463937	272
2067	4	4306463230	202
2067	5	104135014	166
2067	6	186113128	113
2067	7	3376858	93
2067	8	124584150	91
2067	9	115964404	80
2067	10	41314575	76
2068	1	4306525036	514
2068	2	77494981	206
2068	3	18455948	139
2068	4	178469169	136
2068	5	4306463937	131
2068	6	4306463230	130
2068	7	167664057	121
2068	8	4306401280	120
2068	9	202381698	92
2068	10	1605907	90
2069	1	4306400194	3326
2069	2	184147796	643
2069	3	53865935	592
2069	4	4805881	369
2069	5	4210226894	250
2069	6	158116049	208
2069	7	10430966	183
2069	8	181823235	117
2069	9	175014900	100
2069	10	75897683	96
2070	1	94640471	219
2070	2	4306463855	204
2070	3	4306463937	105
2070	4	4210230275	100
2070	5	205451775	93
2070	6	4306462964	86
2070	7	188405464	85
2070	8	4210186428	84
2070	9	4460436	80
2070	10	4306401280	79
2071	1	56828788	469
2071	2	101229256	273
2071	3	203465130	157
2071	4	41155759	152
2071	5	96743589	136
2071	6	155333626	131
2071	7	4306463937	131
2071	8	183233548	117
2071	9	4306463230	112
2071	10	118082147	96
2072	1	4306400194	1776
2072	2	106296714	1353
2072	3	4306463937	286
2072	4	90727058	192
2072	5	4306420609	136
2072	6	4306418075	102
2072	7	4210191458	95
2072	8	4306402512	84
2072	9	4306419644	83
2072	10	118988714	74
2073	1	89689683	418
2073	2	96743589	242
2073	3	98026630	196
2073	4	67154222	167
2073	5	202381698	167
2073	6	43867544	147
2073	7	134644764	147
2073	8	162100826	133
2073	9	4210238371	133
2073	10	35917800	125
2074	1	86512602	923
2074	2	119469986	660
2074	3	69753523	452
2074	4	124203677	216
2074	5	4210225467	201
2074	6	198339081	192
2074	7	149937609	185
2074	8	204609040	157
2074	9	127726946	149
2074	10	4306463230	139
2075	1	4306525036	376
2075	2	110785341	270
2075	3	67880631	251
2075	4	115964404	185
2075	5	154226970	150
2075	6	128891601	130
2075	7	4306463230	124
2075	8	67902008	110
2075	9	193501741	105
2075	10	4306463937	105
2076	1	4306462995	609
2076	2	4306463937	499
2076	3	4306462964	367
2076	4	2764375719	300
2076	5	4210194858	209
2076	6	4306463855	198
2076	7	4306463091	197
2076	8	193779622	165
2076	9	37879103	114
2076	10	44595396	114
2077	1	164692974	631
2077	2	111927887	300
2077	3	53799065	169
2077	4	4210187594	139
2077	5	203966947	137
2077	6	19003042	133
2077	7	66354037	131
2077	8	187991544	109
2077	9	31010182	104
2077	10	199470047	104
2078	1	145089992	458
2078	2	203465130	436
2078	3	13479253	398
2078	4	149937609	357
2078	5	134307298	197
2078	6	86852077	176
2078	7	52566953	172
2078	8	87561820	158
2078	9	4306463937	143
2078	10	4306463230	136
2079	1	4306400194	416
2079	2	101949793	277
2079	3	2480266640	261
2079	4	2485537415	217
2079	5	4306463937	174
2079	6	106296714	109
2079	7	147316732	105
2079	8	4210179954	78
2079	9	63459445	77
2079	10	10936095	72
2080	1	2764696622	362
2080	2	114499311	283
2080	3	77056576	280
2080	4	67425620	261
2080	5	4306463230	181
2080	6	127530304	166
2080	7	1200972	158
2080	8	128754310	158
2080	9	75411654	156
2080	10	123288148	153
2081	1	4210202285	1354
2081	2	22685659	428
2081	3	4210171723	173
2081	4	128754310	163
2081	5	4306463937	153
2081	6	97582030	116
2081	7	16239639	91
2081	8	4210222342	90
2081	9	4210189194	85
2081	10	14419372	83
2082	1	4306525036	433
2082	2	14436165	317
2082	3	13342628	173
2082	4	2738950867	148
2082	5	60865174	111
2082	6	141953298	107
2082	7	181568219	88
2082	8	185186944	84
2082	9	4306463937	72
2082	10	116251202	70
2083	1	189689514	349
2083	2	4306463937	295
2083	3	198573919	286
2083	4	55737203	270
2083	5	163378907	209
2083	6	4306463230	189
2083	7	203530175	186
2083	8	132059986	167
2083	9	4210170125	165
2083	10	48955725	135
2084	1	200764475	657
2084	2	165151903	448
2084	3	186054908	433
2084	4	92465984	419
2084	5	135472351	277
2084	6	26060816	242
2084	7	177196338	223
2084	8	103518591	172
2084	9	111277402	169
2084	10	91170297	146
2085	1	63494468	522
2085	2	56752001	287
2085	3	83853393	187
2085	4	58516903	127
2085	5	98026630	126
2085	6	168584722	114
2085	7	4306463230	97
2085	8	4306525036	91
2085	9	4210195883	85
2085	10	111155417	81
2086	1	76910236	365
2086	2	4306463075	355
2086	3	97691390	269
2086	4	132226890	232
2086	5	4306463230	220
2086	6	205118121	193
2086	7	14064848	187
2086	8	152303250	151
2086	9	166541267	119
2086	10	4363604106	115
2087	1	41354064	367
2087	2	4306525036	247
2087	3	166799026	221
2087	4	4306463937	193
2087	5	205999849	184
2087	6	88226677	160
2087	7	39653451	158
2087	8	108911230	149
2087	9	44811770	144
2087	10	124250138	108
2088	1	4210172589	931
2088	2	4306401271	756
2088	3	4306463937	204
2088	4	159612214	184
2088	5	4306463855	138
2088	6	159327246	136
2088	7	4306463223	75
2088	8	4306463952	71
2088	9	4306463708	69
2088	10	173252385	62
2089	1	4306525036	562
2089	2	43051214	299
2089	3	4306463937	213
2089	4	45445671	138
2089	5	45161156	119
2089	6	5398819	116
2089	7	4306463230	99
2089	8	113474406	97
2089	9	141953298	91
2089	10	47192491	90
2090	1	4306400194	443
2090	2	4306463937	264
2090	3	106296714	196
2090	4	4210172589	172
2090	5	4363605470	172
2090	6	4306463708	157
2090	7	202381698	152
2090	8	4306463855	133
2090	9	78735424	132
2090	10	91660768	104
2091	1	127668553	201
2091	2	86852077	195
2091	3	4306463937	176
2091	4	13442111	167
2091	5	75830442	157
2091	6	4306401280	145
2091	7	74970393	143
2091	8	134185576	123
2091	9	4210195883	114
2091	10	4210238840	114
2092	1	16737290	569
2092	2	2898407351	220
2092	3	67425620	219
2092	4	77056576	210
2092	5	128754310	194
2092	6	75411654	150
2092	7	4210189194	141
2092	8	4210184193	134
2092	9	122730748	122
2092	10	2764424395	108
2093	1	4210196743	1309
2093	2	65230043	214
2093	3	116775814	154
2093	4	4306402512	140
2093	5	4210218802	129
2093	6	4306463937	112
2093	7	2254258	99
2093	8	2898246533	79
2093	9	193620188	74
2093	10	2764967373	74
2094	1	104038378	329
2094	2	140251998	242
2094	3	4306463937	234
2094	4	4306525036	189
2094	5	185621672	168
2094	6	159739878	142
2094	7	111155417	136
2094	8	155362585	130
2094	9	4306463230	113
2094	10	98085912	108
2095	1	4210202285	610
2095	2	45181156	325
2095	3	145575934	250
2095	4	4210198353	203
2095	5	2764484758	168
2095	6	86852077	157
2095	7	198098182	151
2095	8	4210204350	110
2095	9	13479253	108
2095	10	10134376	104
2096	1	4306525036	670
2096	2	45445671	340
2096	3	2764444635	246
2096	4	73678819	219
2096	5	35334646	216
2096	6	22881060	183
2096	7	568598	155
2096	8	4306463937	153
2096	9	139838620	144
2096	10	17762386	139
2097	1	4210238371	360
2097	2	132336575	282
2097	3	207083915	207
2097	4	67121968	193
2097	5	162100826	191
2097	6	191660720	175
2097	7	97382565	157
2097	8	151641874	154
2097	9	4306463937	145
2097	10	4210177210	99
2098	1	28036099	471
2098	2	4306463855	397
2098	3	66322501	205
2098	4	4306463937	196
2098	5	4306401271	185
2098	6	4306401280	102
2098	7	10134376	93
2098	8	31717003	89
2098	9	4210172589	71
2098	10	2764896299	62
2099	1	179369505	1433
2099	2	67716761	392
2099	3	106928643	363
2099	4	154732359	230
2099	5	87940674	183
2099	6	67425620	178
2099	7	75411654	137
2099	8	4210178523	125
2099	9	16737290	115
2099	10	78718257	110
2100	1	4306400194	1090
2100	2	4357572	213
2100	3	83211391	191
2100	4	141283892	183
2100	5	4363604106	177
2100	6	68029218	149
2100	7	4306463937	149
2100	8	148709879	140
2100	9	4306402512	133
2100	10	89452420	126
2101	1	4306400194	3673
2101	2	106296714	319
2101	3	4306420609	308
2101	4	4306419644	217
2101	5	4306418075	183
2101	6	4306402512	181
2101	7	4210191458	167
2101	8	4306419146	144
2101	9	4210172589	128
2101	10	4306463937	93
2102	1	29980478	372
2102	2	160215590	324
2102	3	154695693	313
2102	4	165454098	302
2102	5	27766649	230
2102	6	4306463075	205
2102	7	67425620	196
2102	8	93312259	155
2102	9	93646482	155
2102	10	128754310	149
2103	1	4306525036	510
2103	2	4306463937	240
2103	3	142211178	220
2103	4	15137598	218
2103	5	5382288	146
2103	6	8391440	129
2103	7	168522863	126
2103	8	150168663	109
2103	9	14436165	107
2103	10	4306463230	96
2104	1	140251998	355
2104	2	4306525036	246
2104	3	180901878	235
2104	4	30970080	155
2104	5	202381698	125
2104	6	41354064	115
2104	7	151589183	109
2104	8	168522863	107
2104	9	4306463937	105
2104	10	4306402567	98
2105	1	29980478	506
2105	2	56464651	286
2105	3	67425620	233
2105	4	2764696622	194
2105	5	4306463075	185
2105	6	4306462873	169
2105	7	6846437	161
2105	8	4210189194	146
2105	9	75069817	141
2105	10	2764478331	139
2106	1	76010543	317
2106	2	87940674	234
2106	3	77056576	221
2106	4	154732359	205
2106	5	71623918	203
2106	6	67425620	188
2106	7	75411654	175
2106	8	70681891	168
2106	9	4210189194	167
2106	10	18714766	146
2107	1	71994424	833
2107	2	4306525036	688
2107	3	46544255	274
2107	4	4306463937	162
2107	5	4210187672	159
2107	6	21531352	130
2107	7	119628427	111
2107	8	32635664	90
2107	9	100045985	86
2107	10	4210203879	86
2108	1	110533041	419
2108	2	4306525036	411
2108	3	4306463937	374
2108	4	4026894	181
2108	5	4210167578	168
2108	6	4306463230	164
2108	7	59624048	157
2108	8	112180307	146
2108	9	144507673	144
2108	10	100227592	124
2109	1	187296519	209
2109	2	4306401280	174
2109	3	179029225	77
2109	4	2736428834	76
2109	5	4317411217	75
2109	6	2736781414	67
2109	7	4306463937	63
2109	8	4210214628	62
2109	9	134986326	52
2109	10	2739370219	52
2110	1	4306525036	548
2110	2	62865007	224
2110	3	140251998	167
2110	4	40136177	155
2110	5	202381698	137
2110	6	44717366	117
2110	7	4210214888	113
2110	8	4306463937	112
2110	9	57016439	99
2110	10	3113591	98
2111	1	183492911	242
2111	2	14676311	215
2111	3	70817854	167
2111	4	106296714	158
2111	5	128754310	99
2111	6	77056576	94
2111	7	4210187594	91
2111	8	67425620	90
2111	9	2485537415	89
2111	10	101949793	84
2112	1	2764437742	273
2112	2	134307298	233
2112	3	48860480	220
2112	4	95739953	193
2112	5	149937609	181
2112	6	152760256	175
2112	7	67393510	171
2112	8	4210200754	170
2112	9	37391459	169
2112	10	164001016	157
2113	1	75515220	426
2113	2	4306401280	320
2113	3	174013774	298
2113	4	2498816185	213
2113	5	4210196743	195
2113	6	2739064124	174
2113	7	4210222877	152
2113	8	1616830	151
2113	9	2737542012	140
2113	10	1030393547	136
2114	1	194662844	1176
2114	2	21693283	583
2114	3	4306463230	343
2114	4	38919146	199
2114	5	2737939966	160
2114	6	4306463937	147
2114	7	23579880	135
2114	8	4306463075	98
2114	9	126804734	96
2114	10	4210223135	88
2115	1	201313073	267
2115	2	2765017008	243
2115	3	4306463937	203
2115	4	149191589	171
2115	5	48277251	157
2115	6	96567077	154
2115	7	34720450	142
2115	8	2493613807	136
2115	9	131204085	124
2115	10	4306462985	110
2116	1	4306525036	502
2116	2	4306463937	227
2116	3	4306463230	197
2116	4	80921037	185
2116	5	155128447	139
2116	6	32635664	123
2116	7	46544255	114
2116	8	11852655	90
2116	9	80413395	90
2116	10	2755888424	84
2117	1	4306525036	521
2117	2	14436165	305
2117	3	4306463937	244
2117	4	2738950867	139
2117	5	191417626	135
2117	6	4306463230	117
2117	7	141953298	112
2117	8	124584150	84
2117	9	14109371	76
2117	10	104135014	73
2118	1	171918450	390
2118	2	2764515762	307
2118	3	71324801	282
2118	4	4306401280	219
2118	5	129123307	123
2118	6	114295916	118
2118	7	198098182	116
2118	8	4306463937	111
2118	9	109565702	103
2118	10	58516903	101
2119	1	4306402512	323
2119	2	120441280	251
2119	3	169927069	213
2119	4	4210238603	212
2119	5	4210217989	196
2119	6	4210202797	194
2119	7	4210202530	171
2119	8	4210215922	159
2119	9	4210233946	135
2119	10	2738384882	132
2120	1	101949793	214
2120	2	946213959	165
2120	3	4210198353	148
2120	4	4306400194	139
2120	5	4306463937	120
2120	6	106296714	119
2120	7	2764696622	99
2120	8	30869261	98
2120	9	2764905038	98
2120	10	2485537415	96
2121	1	4306401271	422
2121	2	4210172589	399
2121	3	4306463937	296
2121	4	4306506326	165
2121	5	4210197779	156
2121	6	2737328910	147
2121	7	118812498	136
2121	8	4306463855	134
2121	9	4306401280	91
2121	10	4306506325	87
2122	1	4306463937	379
2122	2	4306400194	312
2122	3	106296714	254
2122	4	100835903	170
2122	5	37538908	135
2122	6	2764847869	128
2122	7	2485537415	108
2122	8	61310614	104
2122	9	200807567	59
2122	10	195663827	58
2123	1	2736655138	252
2123	2	4306401280	252
2123	3	4317411217	184
2123	4	4387279523	177
2123	5	4210180363	145
2123	6	4306516739	143
2123	7	4210228009	119
2123	8	4306516552	116
2123	9	4210176955	104
2123	10	4210232798	103
2124	1	4210194487	162
2124	2	4306463937	133
2124	3	170370859	131
2124	4	140374062	101
2124	5	63018980	99
2124	6	104917558	82
2124	7	2764748117	69
2124	8	4363608752	61
2124	9	73400788	59
2124	10	4306463075	51
2125	1	25157213	239
2125	2	8962223	232
2125	3	4306501137	217
2125	4	4306501136	206
2125	5	4306501117	191
2125	6	4306501118	190
2125	7	4306501125	145
2125	8	4306463937	128
2125	9	2764989785	127
2125	10	4306501144	100
2126	1	2736865057	232
2126	2	76910236	221
2126	3	45181156	194
2126	4	198098182	132
2126	5	10134376	117
2126	6	4306463075	113
2126	7	58516903	100
2126	8	4306463937	92
2126	9	4210198353	91
2126	10	4210195883	77
2127	1	106296714	561
2127	2	4306400194	361
2127	3	4306463937	124
2127	4	4306513540	98
2127	5	4306462844	88
2127	6	2764900261	87
2127	7	37879656	69
2127	8	2764905038	65
2127	9	8351582	56
2127	10	2485537415	54
2128	1	106296714	326
2128	2	4306463937	216
2128	3	4306400194	163
2128	4	4210172589	135
2128	5	4210169156	133
2128	6	2764905038	90
2128	7	2764566388	87
2128	8	2764900261	82
2128	9	204030396	63
2128	10	125977778	61
2129	1	4306463937	454
2129	2	4210172589	426
2129	3	175056054	378
2129	4	4306401271	272
2129	5	4306463855	213
2129	6	4306463716	151
2129	7	198098182	105
2129	8	4306463223	103
2129	9	2497375143	98
2129	10	2764493737	90
2130	1	4306462995	377
2130	2	4306463937	319
2130	3	4210178583	292
2130	4	4306463716	273
2130	5	4306463855	263
2130	6	2764375719	243
2130	7	4306462964	138
2130	8	4306463717	122
2130	9	4306463491	91
2130	10	4306463151	89
2131	1	4306400194	622
2131	2	2485537415	268
2131	3	147316732	139
2131	4	101949793	91
2131	5	4210179954	85
2131	6	4210202905	85
2131	7	2500830676	84
2131	8	4210187594	77
2131	9	63459445	75
2131	10	2484188435	69
2132	1	171471881	856
2132	2	199213172	353
2132	3	158789388	310
2132	4	194835164	126
2132	5	17264655	116
2132	6	2764648274	105
2132	7	4210224067	104
2132	8	126370035	94
2132	9	201077199	90
2132	10	4306400562	89
2133	1	4306463937	495
2133	2	2764861018	364
2133	3	4306463855	229
2133	4	4306462995	220
2133	5	2764945993	198
2133	6	54596512	195
2133	7	2764375719	180
2133	8	31441446	176
2133	9	4306463708	173
2133	10	106011828	151
2134	1	4306402567	519
2134	2	202381698	247
2134	3	2484704948	239
2134	4	158228368	212
2134	5	196734849	163
2134	6	22454499	154
2134	7	4306402450	139
2134	8	28057480	138
2134	9	3006207977	124
2134	10	125754415	119
2135	1	169411308	458
2135	2	179157397	323
2135	3	65753830	311
2135	4	2764905038	192
2135	5	4306463937	169
2135	6	192650101	159
2135	7	4210229206	157
2135	8	106296714	139
2135	9	93986401	127
2135	10	2764696622	126
2136	1	41354064	1081
2136	2	155362585	243
2136	3	133942674	242
2136	4	171072222	207
2136	5	4306463937	201
2136	6	171616156	156
2136	7	112227793	154
2136	8	166159787	138
2136	9	114976158	132
2136	10	80698544	120
2137	1	4210172589	1206
2137	2	4306401271	1206
2137	3	202934171	400
2137	4	579031	389
2137	5	149131268	287
2137	6	4306463937	246
2137	7	4306463716	165
2137	8	4306400194	128
2137	9	136745531	112
2137	10	44585919	108
2138	1	207859457	416
2138	2	4306525036	339
2138	3	150708336	216
2138	4	14544163	205
2138	5	72159247	188
2138	6	15239247	184
2138	7	156862075	168
2138	8	94432539	143
2138	9	130455057	111
2138	10	150894996	99
2139	1	2764696622	624
2139	2	43111796	445
2139	3	4306463937	391
2139	4	11296630	271
2139	5	129676613	245
2139	6	4210189194	230
2139	7	183492911	163
2139	8	2497375143	160
2139	9	105637730	153
2139	10	186745480	116
2140	1	4306525036	364
2140	2	4306463230	208
2140	3	4306463937	200
2140	4	119714264	173
2140	5	115693375	145
2140	6	39924113	131
2140	7	25178087	130
2140	8	86558740	125
2140	9	4306402567	116
2140	10	30525748	112
2141	1	22862804	537
2141	2	152000018	417
2141	3	4306400194	218
2141	4	75741262	182
2141	5	90999920	162
2141	6	4210187594	150
2141	7	35412551	144
2141	8	4210213036	118
2141	9	2764696622	112
2141	10	204609040	99
2142	1	4306463937	320
2142	2	42803210	241
2142	3	4306402567	218
2142	4	4210238371	197
2142	5	171471881	185
2142	6	4306525036	183
2142	7	153677060	132
2142	8	116120500	130
2142	9	96743589	127
2142	10	202381698	126
2143	1	4306463855	293
2143	2	4306463937	193
2143	3	32271328	147
2143	4	4210195883	131
2143	5	104917558	112
2143	6	10134376	82
2143	7	4306401280	76
2143	8	24809831	59
2143	9	53056352	58
2143	10	136896044	57
2144	1	4306462995	597
2144	2	2764375719	296
2144	3	137016846	282
2144	4	4306463855	232
2144	5	4306463937	200
2144	6	95667342	165
2144	7	4306462964	154
2144	8	4306463122	146
2144	9	186998008	132
2144	10	4306463717	130
2145	1	4306525036	863
2145	2	176204532	267
2145	3	90605627	148
2145	4	57016439	131
2145	5	4306463230	124
2145	6	2765012585	123
2145	7	164611413	116
2145	8	4306463937	113
2145	9	116566766	107
2145	10	4210214888	105
2146	1	203966947	211
2146	2	4306400194	129
2146	3	196647941	112
2146	4	2485537415	83
2146	5	4306463937	70
2146	6	158797327	69
2146	7	4210179954	66
2146	8	4306402512	61
2146	9	147316732	60
2146	10	85427048	52
2147	1	4306463855	298
2147	2	4210229294	255
2147	3	13622375	240
2147	4	4306463937	208
2147	5	4210172589	180
2147	6	4306401271	125
2147	7	137445289	120
2147	8	4306463769	119
2147	9	4210195883	74
2147	10	16659855	73
2148	1	2738572485	314
2148	2	4210203106	291
2148	3	2736664788	196
2148	4	4210184288	195
2148	5	4210195735	195
2148	6	4210224492	191
2148	7	4210238184	186
2148	8	2739064124	176
2148	9	4210213769	170
2148	10	4210214763	163
2149	1	95739953	446
2149	2	23181512	440
2149	3	111155417	384
2149	4	152760256	286
2149	5	67393510	285
2149	6	4210200754	280
2149	7	123480357	189
2149	8	2481244646	180
2149	9	181332294	157
2149	10	98455728	156
2150	1	4306525036	556
2150	2	39924113	314
2150	3	4306463937	272
2150	4	4306463230	207
2150	5	43051214	198
2150	6	76925378	154
2150	7	2764606553	143
2150	8	5398819	132
2150	9	2738950867	119
2150	10	141953298	117
2151	1	4210230940	330
2151	2	167197906	289
2151	3	4306463855	283
2151	4	4306525036	181
2151	5	2948509140	154
2151	6	4306463937	124
2151	7	935239960	106
2151	8	4210194764	102
2151	9	9533193	101
2151	10	116608325	90
2152	1	29980478	467
2152	2	20715302	250
2152	3	67425620	206
2152	4	128754310	195
2152	5	186020892	195
2152	6	4306463075	190
2152	7	123887920	172
2152	8	2764471990	135
2152	9	111427844	129
2152	10	18714766	117
2153	1	183492911	1117
2153	2	178776955	294
2153	3	4306400194	185
2153	4	101949793	149
2153	5	175543413	136
2153	6	180314335	127
2153	7	189694085	118
2153	8	2764734955	111
2153	9	134390580	107
2153	10	4210238599	86
2154	1	65618785	504
2154	2	14109371	475
2154	3	4306525036	470
2154	4	4306463937	308
2154	5	92685437	176
2154	6	4306402450	153
2154	7	2312674	141
2154	8	90626604	137
2154	9	3756010	127
2154	10	54672533	114
2155	1	106928643	879
2155	2	189509794	784
2155	3	158447136	630
2155	4	53162366	577
2155	5	67716761	564
2155	6	143744711	209
2155	7	55626769	208
2155	8	138530117	192
2155	9	75411654	155
2155	10	154037165	149
2156	1	4210172589	1424
2156	2	4306462995	919
2156	3	105430050	436
2156	4	197191252	384
2156	5	182519303	309
2156	6	4306463937	285
2156	7	4306463708	282
2156	8	4306463223	186
2156	9	4306401271	178
2156	10	4210189654	142
2157	1	183209598	368
2157	2	29724373	309
2157	3	2764600758	253
2157	4	27960984	213
2157	5	38407038	193
2157	6	4306463937	176
2157	7	2737336974	130
2157	8	43295729	118
2157	9	105929320	118
2157	10	4210175116	113
2158	1	25157213	393
2158	2	193624734	182
2158	3	61564791	172
2158	4	4210179954	160
2158	5	4306400194	158
2158	6	4210169805	145
2158	7	4306501127	123
2158	8	2898246533	121
2158	9	4306501125	120
2158	10	4306463937	98
2159	1	54115554	510
2159	2	4306525036	334
2159	3	200071133	258
2159	4	96615428	255
2159	5	161282271	162
2159	6	2484704948	106
2159	7	55776271	105
2159	8	14436165	91
2159	9	6147291	88
2159	10	45192162	83
2160	1	4306463937	562
2160	2	4306463855	375
2160	3	199106067	149
2160	4	52609742	144
2160	5	4317411217	143
2160	6	2764382574	114
2160	7	4306463717	113
2160	8	2764375719	88
2160	9	2764671384	88
2160	10	4306463708	81
2161	1	4210196743	166
2161	2	2493613807	147
2161	3	2492648963	146
2161	4	2764916931	146
2161	5	98430239	145
2161	6	31777576	130
2161	7	2764726801	118
2161	8	116775814	117
2161	9	4306462873	108
2161	10	65230043	105
2162	1	4306400194	914
2162	2	106296714	836
2162	3	4306463937	331
2162	4	90727058	161
2162	5	177762063	129
2162	6	102748110	120
2162	7	4502562	108
2162	8	4306402512	105
2162	9	14709335	104
2162	10	4210229802	82
2163	1	181611401	332
2163	2	122730748	297
2163	3	150548798	191
2163	4	69753523	180
2163	5	111181672	142
2163	6	4306463230	122
2163	7	4306463937	105
2163	8	177510550	103
2163	9	19003042	101
2163	10	4210187594	96
2164	1	4210186913	310
2164	2	4306401840	246
2164	3	4306485964	139
2164	4	4317411217	130
2164	5	2736387448	116
2164	6	4306489128	106
2164	7	2764722224	101
2164	8	4210210259	101
2164	9	4210214878	98
2164	10	4210199767	79
2165	1	4306525709	400
2165	2	4306401280	206
2165	3	2739064124	198
2165	4	4210187030	154
2165	5	4210169803	124
2165	6	182792126	120
2165	7	4306501513	115
2165	8	2738230095	72
2165	9	2736612050	71
2165	10	4210205662	69
2166	1	113542562	1073
2166	2	42323631	760
2166	3	114406758	654
2166	4	191963794	246
2166	5	187991544	195
2166	6	6791298	162
2166	7	86481247	140
2166	8	98208149	115
2166	9	2764696622	111
2166	10	105243760	102
2167	1	53087977	584
2167	2	4306525036	294
2167	3	187465954	265
2167	4	130127385	183
2167	5	71414007	153
2167	6	24124513	136
2167	7	4306463230	132
2167	8	202381698	131
2167	9	80485324	124
2167	10	191963794	100
2168	1	4306525036	477
2168	2	19793444	205
2168	3	144187503	108
2168	4	4306463937	108
2168	5	2898578271	95
2168	6	137773608	81
2168	7	2764386890	76
2168	8	4306401280	69
2168	9	192814187	68
2168	10	3880285	62
2169	1	2764696622	474
2169	2	4210233251	373
2169	3	50523690	358
2169	4	67326217	303
2169	5	112770955	242
2169	6	143063394	223
2169	7	10892749	191
2169	8	101949793	145
2169	9	189694085	138
2169	10	4210187594	131
2170	1	4306463937	985
2170	2	4306462995	323
2170	3	4306400194	317
2170	4	91708095	289
2170	5	134345577	196
2170	6	156280010	152
2170	7	4501114	124
2170	8	4306402512	122
2170	9	2764830807	111
2170	10	2764375719	104
2171	1	106296714	208
2171	2	4306463937	189
2171	3	2764977688	149
2171	4	4306463409	133
2171	5	2737386756	125
2171	6	4306508766	104
2171	7	4306401280	101
2171	8	2764900261	87
2171	9	2764787909	80
2171	10	4210234098	77
2172	1	4306525036	449
2172	2	15137598	383
2172	3	50055314	281
2172	4	200071133	203
2172	5	4306463937	191
2172	6	14436165	173
2172	7	119714264	126
2172	8	15952725	104
2172	9	4306463230	103
2172	10	41454044	96
2173	1	4306463937	813
2173	2	100736837	727
2173	3	193626562	438
2173	4	22523967	401
2173	5	4306525036	305
2173	6	153994436	271
2173	7	11131942	169
2173	8	2754281505	156
2173	9	4210222886	140
2173	10	4306463230	139
2174	1	4306525036	421
2174	2	193300644	228
2174	3	116608325	117
2174	4	5171481	114
2174	5	19793444	103
2174	6	74622277	89
2174	7	4306463937	86
2174	8	192814187	84
2174	9	2764949224	69
2174	10	152101599	65
2175	1	4306463937	397
2175	2	40877164	363
2175	3	137467724	257
2175	4	4306463855	156
2175	5	110667073	154
2175	6	4306462995	150
2175	7	4306401280	123
2175	8	4210220156	111
2175	9	4306522015	97
2175	10	4210186864	95
2176	1	106296714	460
2176	2	103321696	309
2176	3	4306400194	308
2176	4	173256270	216
2176	5	4306463937	173
2176	6	17910731	130
2176	7	267729	92
2176	8	196821226	88
2176	9	65690446	79
2176	10	2764900261	74
2177	1	106296714	230
2177	2	4306463937	210
2177	3	103321696	204
2177	4	2764777209	191
2177	5	196821226	103
2177	6	172073041	98
2177	7	2764905038	91
2177	8	57667410	80
2177	9	173256270	73
2177	10	128754310	72
2178	1	140890273	384
2178	2	171471881	224
2178	3	31573680	212
2178	4	155128447	182
2178	5	4306463230	165
2178	6	113896437	134
2178	7	207406949	134
2178	8	161475033	132
2178	9	4306525036	122
2178	10	187317825	120
2179	1	4210184564	685
2179	2	2764493093	469
2179	3	52157898	263
2179	4	4306463855	249
2179	5	4306463937	217
2179	6	191658505	205
2179	7	109156048	139
2179	8	2764417013	130
2179	9	22755053	102
2179	10	2738367433	95
2180	1	118957039	447
2180	2	196656238	364
2180	3	4306463937	347
2180	4	939558408	308
2180	5	2764895074	143
2180	6	171282171	139
2180	7	2484704948	131
2180	8	195642041	97
2180	9	4306462995	81
2180	10	182295942	73
2181	1	4306401280	214
2181	2	4210195883	173
2181	3	4317411217	117
2181	4	2764696622	78
2181	5	4306517064	71
2181	6	4210172901	69
2181	7	4306523297	68
2181	8	4210180434	58
2181	9	4210214974	50
2181	10	4210170498	48
2182	1	128470386	556
2182	2	152022294	306
2182	3	191833357	306
2182	4	2764375719	276
2182	5	4306463937	239
2182	6	4306462995	223
2182	7	4306463708	189
2182	8	4306463855	128
2182	9	115193995	125
2182	10	3880285	99
2183	1	4306525036	509
2183	2	4306463230	171
2183	3	4306463937	149
2183	4	39924113	126
2183	5	36642063	113
2183	6	141953298	104
2183	7	200672447	99
2183	8	2738950867	73
2183	9	59624048	67
2183	10	145023809	63
2184	1	4306401280	339
2184	2	4210188962	156
2184	3	2737243640	134
2184	4	2737596902	131
2184	5	2737000854	112
2184	6	4210179997	92
2184	7	4210234553	88
2184	8	2739155226	87
2184	9	2737178829	77
2184	10	4210218242	77
2185	1	4210172589	1175
2185	2	4306463937	365
2185	3	4306401271	252
2185	4	4306463223	220
2185	5	4306462995	210
2185	6	4306463855	203
2185	7	4306463708	162
2185	8	108218269	143
2185	9	4306463716	89
2185	10	43719661	77
2186	1	86852077	257
2186	2	149937609	246
2186	3	53450646	216
2186	4	203465130	213
2186	5	52566953	194
2186	6	58516903	179
2186	7	2764859491	149
2186	8	124203677	147
2186	9	44455300	140
2186	10	87561820	137
2187	1	4306525036	631
2187	2	121579133	109
2187	3	202381698	104
2187	4	12644804	99
2187	5	140251998	94
2187	6	197962172	91
2187	7	44425019	90
2187	8	184620562	75
2187	9	104038378	69
2187	10	206553565	60
2188	1	2764375719	208
2188	2	4306463855	175
2188	3	4306463937	151
2188	4	2764385719	125
2188	5	4306401280	124
2188	6	4306507485	119
2188	7	59003305	101
2188	8	165362458	88
2188	9	4210188646	80
2188	10	11201563	68
2189	1	41354064	1887
2189	2	205050996	455
2189	3	201989124	431
2189	4	133942674	400
2189	5	179810352	280
2189	6	80698544	277
2189	7	197964166	249
2189	8	21317199	212
2189	9	205754296	201
2189	10	36069537	195
2190	1	29980478	330
2190	2	4306463937	319
2190	3	4210188677	254
2190	4	4220651438	232
2190	5	4393919075	199
2190	6	186020892	197
2190	7	4210189194	168
2190	8	172073041	167
2190	9	4210178770	165
2190	10	4393916958	157
2191	1	41354064	1218
2191	2	205050996	467
2191	3	77209346	315
2191	4	157344032	291
2191	5	110436767	219
2191	6	111155417	213
2191	7	133942674	200
2191	8	73388172	177
2191	9	114185612	176
2191	10	21317199	151
2192	1	64311837	387
2192	2	168584722	359
2192	3	83853393	258
2192	4	4306463230	187
2192	5	4306463937	134
2192	6	4306463075	106
2192	7	137362610	89
2192	8	98026630	76
2192	9	4306525036	76
2192	10	4306401280	73
2193	1	4306525036	435
2193	2	4306463937	301
2193	3	59624048	284
2193	4	1995308	272
2193	5	111727011	222
2193	6	4210178590	217
2193	7	4306463230	208
2193	8	2734605188	102
2193	9	145023809	97
2193	10	36642063	90
2194	1	4306525036	464
2194	2	158751353	248
2194	3	4306463937	160
2194	4	62565178	141
2194	5	152990921	108
2194	6	19793444	89
2194	7	4306463855	86
2194	8	4210174909	76
2194	9	162826810	75
2194	10	203226007	67
2195	1	59020844	354
2195	2	146449914	326
2195	3	52195378	154
2195	4	4306463937	137
2195	5	19938693	120
2195	6	2481244646	115
2195	7	2737559645	115
2195	8	6846437	114
2195	9	106928643	112
2195	10	164001016	109
2196	1	145410213	326
2196	2	72553257	303
2196	3	4306463937	277
2196	4	4306463855	159
2196	5	4306525036	126
2196	6	33078653	94
2196	7	4306462819	93
2196	8	176903982	89
2196	9	4210175304	88
2196	10	68503284	85
2197	1	4210202285	760
2197	2	16737290	257
2197	3	24284137	214
2197	4	99182027	178
2197	5	2764696622	142
2197	6	128754310	113
2197	7	4210189194	113
2197	8	67425620	94
2197	9	4210190971	91
2197	10	4306463937	89
2198	1	4306525036	513
2198	2	50055314	360
2198	3	110533041	135
2198	4	4306463937	126
2198	5	102916872	103
2198	6	4306402450	103
2198	7	15137598	95
2198	8	14436165	94
2198	9	4210201749	87
2198	10	985209115	74
2199	1	4306525036	497
2199	2	4306463937	149
2199	3	3376858	116
2199	4	4306463230	106
2199	5	76900504	103
2199	6	144860794	100
2199	7	14436165	99
2199	8	141953298	94
2199	9	110757056	93
2199	10	86387881	76
2200	1	3649266	532
2200	2	187991544	412
2200	3	6791298	301
2200	4	67716761	292
2200	5	89963981	269
2200	6	105243760	246
2200	7	34296711	206
2200	8	190924190	182
2200	9	2764696622	171
2200	10	111927887	150
2201	1	4317411217	267
2201	2	65230043	188
2201	3	4210195883	154
2201	4	4210223152	143
2201	5	2764873327	127
2201	6	4210181386	127
2201	7	166290199	122
2201	8	137362610	117
2201	9	4210202585	107
2201	10	4210215757	104
2202	1	77047749	692
2202	2	4306463937	194
2202	3	95739953	181
2202	4	4306400194	144
2202	5	181332294	139
2202	6	2764696622	138
2202	7	185621672	131
2202	8	4210233349	128
2202	9	1070115	87
2202	10	24807848	84
2203	1	106296714	601
2203	2	4306463937	167
2203	3	4306421122	83
2203	4	4306463409	81
2203	5	67072002	58
2203	6	4306400194	53
2203	7	2764825856	52
2203	8	2764900261	42
2203	9	128754310	39
2203	10	4306463230	39
2204	1	2764491434	325
2204	2	4210172589	263
2204	3	4317411217	142
2204	4	4306463855	131
2204	5	1535467	123
2204	6	4306463937	122
2204	7	2764887140	104
2204	8	2764675630	86
2204	9	2764528229	73
2204	10	2764799362	63
2205	1	106296714	731
2205	2	4306400194	550
2205	3	4306463937	141
2205	4	121920818	91
2205	5	2764900261	82
2205	6	2485537415	74
2205	7	2764905038	73
2205	8	4210226185	68
2205	9	13144211	66
2205	10	192650101	65
2206	1	99182027	292
2206	2	128754310	191
2206	3	138681734	146
2206	4	67425620	143
2206	5	160220869	122
2206	6	4306463937	100
2206	7	4210187594	99
2206	8	2764783054	97
2206	9	165454098	90
2206	10	4210202285	86
2207	1	147155939	434
2207	2	43413649	353
2207	3	146160715	186
2207	4	145845289	155
2207	5	106296714	150
2207	6	4306463937	136
2207	7	71381234	123
2207	8	2764729928	115
2207	9	4306525036	110
2207	10	4306463409	93
2208	1	2738498342	538
2208	2	4306525036	394
2208	3	206992039	201
2208	4	159252376	196
2208	5	195965714	193
2208	6	109435702	162
2208	7	4306463230	143
2208	8	150963864	136
2208	9	4306463075	116
2208	10	156862075	112
2209	1	4306525036	626
2209	2	4306463937	343
2209	3	14436165	160
2209	4	48915936	152
2209	5	191421250	141
2209	6	3756010	135
2209	7	128848949	133
2209	8	4306402450	131
2209	9	4306463230	113
2209	10	66559934	96
2210	1	4306463937	420
2210	2	4210172589	380
2210	3	4306463855	317
2210	4	119514724	275
2210	5	4210189320	149
2210	6	4306463223	134
2210	7	54913114	114
2210	8	197895017	96
2210	9	77082647	92
2210	10	22371039	86
2211	1	4306525036	242
2211	2	155362585	155
2211	3	4306463937	145
2211	4	45954700	133
2211	5	11781297	131
2211	6	4306463230	93
2211	7	42294715	82
2211	8	2493613807	75
2211	9	32610980	69
2211	10	53118794	68
2212	1	4306525036	384
2212	2	14436165	266
2212	3	200071133	259
2212	4	4306463937	164
2212	5	15137598	161
2212	6	175922936	144
2212	7	79704628	104
2212	8	27064115	99
2212	9	106908163	92
2212	10	4306463230	92
2213	1	67121968	252
2213	2	101229256	252
2213	3	171471881	212
2213	4	207083915	208
2213	5	2737068365	183
2213	6	207270806	163
2213	7	31022136	147
2213	8	4306463937	145
2213	9	96743589	132
2213	10	2764453701	109
2214	1	4306463937	320
2214	2	4306463855	243
2214	3	97866008	191
2214	4	108453729	137
2214	5	107737141	121
2214	6	27931387	106
2214	7	143982487	102
2214	8	4306463708	88
2214	9	167406155	86
2214	10	28604305	83
2215	1	4306463937	1163
2215	2	4306525036	283
2215	3	41354064	182
2215	4	4210196743	182
2215	5	70286497	159
2215	6	108911230	146
2215	7	29564236	135
2215	8	205999849	131
2215	9	88226677	114
2215	10	166799026	112
2216	1	4306400194	174
2216	2	2485537415	103
2216	3	106296714	101
2216	4	4306463937	99
2216	5	4306514189	90
2216	6	184777250	87
2216	7	2764900261	75
2216	8	4210179954	70
2216	9	101949793	66
2216	10	128754310	58
2217	1	4306401280	294
2217	2	4210188729	168
2217	3	4210172963	118
2217	4	974534199	114
2217	5	4210174514	63
2217	6	1044067157	55
2217	7	4306526828	54
2217	8	104917558	50
2217	9	4210174625	44
2217	10	2898578271	43
2218	1	6747076	601
2218	2	164770093	376
2218	3	186935893	191
2218	4	4306463937	168
2218	5	2737336974	127
2218	6	4210188153	102
2218	7	4306463230	101
2218	8	145089992	94
2218	9	13479253	88
2218	10	112051168	87
2219	1	4210187052	323
2219	2	2764375719	263
2219	3	4210192951	261
2219	4	179765101	194
2219	5	140564781	187
2219	6	104840215	186
2219	7	941026700	186
2219	8	4306463608	183
2219	9	193055510	181
2219	10	4210175039	169
2220	1	4306400194	937
2220	2	164566984	555
2220	3	4210238307	446
2220	4	4210210554	422
2220	5	24807848	274
2220	6	4210182288	224
2220	7	68175919	191
2220	8	171172751	157
2220	9	79244937	145
2220	10	161185981	115
2221	1	4210172589	847
2221	2	4306463937	342
2221	3	4306463855	249
2221	4	4306463708	187
2221	5	4306462995	128
2221	6	4306463409	92
2221	7	4210236978	86
2221	8	4306463223	69
2221	9	2764375719	52
2221	10	4210230252	50
2222	1	2764566388	187
2222	2	4210179954	143
2222	3	2764905038	111
2222	4	2764531433	104
2222	5	4210169156	104
2222	6	2764696622	87
2222	7	4210206007	83
2222	8	126824455	82
2222	9	4210187594	82
2222	10	4210189194	67
2223	1	4306525036	459
2223	2	46544255	204
2223	3	100045985	134
2223	4	202381698	128
2223	5	4306401280	98
2223	6	128227336	75
2223	7	4306463230	75
2223	8	4306402567	60
2223	9	190456265	58
2223	10	131141226	57
2224	1	158028765	631
2224	2	183492911	528
2224	3	143744711	271
2224	4	4210169477	234
2224	5	75741262	228
2224	6	206811868	196
2224	7	26060816	181
2224	8	170809390	162
2224	9	4210235835	161
2224	10	105243760	142
2225	1	4210172589	895
2225	2	4306463937	666
2225	3	4306464262	265
2225	4	4306463855	206
2225	5	2765000348	180
2225	6	4210184645	159
2225	7	4306401271	151
2225	8	4306463716	119
2225	9	4306463708	118
2225	10	22371039	76
2226	1	119714264	324
2226	2	4306525036	291
2226	3	15137598	288
2226	4	4306463937	262
2226	5	168522863	135
2226	6	39924113	133
2226	7	14436165	132
2226	8	4306463230	119
2226	9	15952725	110
2226	10	179546387	96
2227	1	167829764	702
2227	2	126893828	628
2227	3	41354672	282
2227	4	4306463937	270
2227	5	4306463855	145
2227	6	4210172589	142
2227	7	4306463223	118
2227	8	4306463075	92
2227	9	4306463230	81
2227	10	92470662	75
2228	1	41354064	1785
2228	2	205050996	374
2228	3	201989124	285
2228	4	133942674	280
2228	5	4210200754	280
2228	6	67393510	274
2228	7	205754296	267
2228	8	4210168331	254
2228	9	111155417	237
2228	10	152760256	221
2229	1	14436165	506
2229	2	4306525036	401
2229	3	203153751	271
2229	4	109517664	234
2229	5	45493217	179
2229	6	4306463937	167
2229	7	79704628	144
2229	8	144140688	118
2229	9	4306463230	104
2229	10	66034498	88
2230	1	4306525036	489
2230	2	60865174	165
2230	3	4306463937	141
2230	4	4306463230	138
2230	5	14436165	117
2230	6	181568219	114
2230	7	2738950867	109
2230	8	13342628	104
2230	9	116251202	85
2230	10	191565391	83
2231	1	4306463855	421
2231	2	4306463937	418
2231	3	190552063	282
2231	4	4789869	172
2231	5	4306463716	123
2231	6	4210227956	118
2231	7	57027881	112
2231	8	10591207	105
2231	9	4306463708	98
2231	10	79135273	84
2232	1	4306525036	339
2232	2	128227336	257
2232	3	4210238602	210
2232	4	202381698	135
2232	5	4306463937	125
2232	6	43790123	116
2232	7	133274750	108
2232	8	4306463230	104
2232	9	102549058	89
2232	10	27359860	85
2233	1	139192911	417
2233	2	99356198	348
2233	3	4306463075	168
2233	4	207723316	167
2233	5	128754310	132
2233	6	67425620	97
2233	7	4210195883	91
2233	8	4210205812	83
2233	9	161663405	80
2233	10	178493899	80
2234	1	191660720	321
2234	2	151641874	237
2234	3	4306525036	212
2234	4	4210176717	156
2234	5	155128447	145
2234	6	199213172	125
2234	7	11852655	92
2234	8	138380497	91
2234	9	32133967	87
2234	10	202381698	85
2235	1	4306463937	396
2235	2	4306525036	269
2235	3	4306463230	248
2235	4	44033376	166
2235	5	53055215	155
2235	6	77494981	152
2235	7	4210190147	114
2235	8	207294652	101
2235	9	4306463075	86
2235	10	192814187	79
2236	1	104038378	248
2236	2	98085912	246
2236	3	185621672	246
2236	4	4306402567	193
2236	5	61245073	167
2236	6	183492911	166
2236	7	4306463937	151
2236	8	111155417	139
2236	9	125754415	119
2236	10	196734849	101
2237	1	39924113	807
2237	2	76925378	533
2237	3	4306463937	400
2237	4	4306525036	373
2237	5	42576627	173
2237	6	4306463230	138
2237	7	90870396	109
2237	8	138032547	90
2237	9	2764606553	87
2237	10	197964821	84
2238	1	4306400194	189
2238	2	4306463937	176
2238	3	106296714	154
2238	4	4306463409	106
2238	5	69141925	70
2238	6	2764905038	55
2238	7	10134376	44
2238	8	4306417665	44
2238	9	4306418324	39
2238	10	2485537415	38
2239	1	4210186093	968
2239	2	4210175061	676
2239	3	4210189194	499
2239	4	4210195883	269
2239	5	128754310	244
2239	6	45645249	208
2239	7	4210178770	191
2239	8	2764782401	160
2239	9	2764696622	152
2239	10	4210195255	133
2240	1	41354064	355
2240	2	2481244646	326
2240	3	36793815	157
2240	4	42323631	138
2240	5	4210221416	127
2240	6	84179801	125
2240	7	204609040	124
2240	8	94313546	115
2240	9	133947007	114
2240	10	48346357	108
2241	1	132320204	223
2241	2	166684315	171
2241	3	110965136	149
2241	4	15239247	144
2241	5	158041768	106
2241	6	2764553697	99
2241	7	2736895435	97
2241	8	4306525036	96
2241	9	4306463855	95
2241	10	128968821	94
2242	1	4306463122	587
2242	2	2764375719	460
2242	3	4306463855	324
2242	4	4306463717	237
2242	5	61522235	207
2242	6	4210169271	133
2242	7	4306462995	119
2242	8	4306463937	108
2242	9	23720883	91
2242	10	4306463708	79
2243	1	48277251	240
2243	2	2764411338	209
2243	3	2764593732	179
2243	4	2765017008	143
2243	5	148071443	140
2243	6	149191589	140
2243	7	2764578774	137
2243	8	139986892	135
2243	9	2493613807	118
2243	10	139950591	109
2244	1	2946866068	498
2244	2	2911379390	437
2244	3	2913258372	292
2244	4	2911300304	259
2244	5	2912625667	248
2244	6	2764402380	192
2244	7	4306515480	184
2244	8	2915058201	177
2244	9	2764654602	121
2244	10	129278335	117
2245	1	4306463937	504
2245	2	4306463855	472
2245	3	109281061	341
2245	4	114898993	274
2245	5	138752332	245
2245	6	2764560020	134
2245	7	4210192873	117
2245	8	167491010	107
2245	9	145138831	99
2245	10	983763965	86
2246	1	4306525036	384
2246	2	79054089	224
2246	3	202381698	185
2246	4	4306402450	154
2246	5	4306463937	136
2246	6	12898181	110
2246	7	92370695	92
2246	8	116608325	88
2246	9	200437886	87
2246	10	4306400573	83
2247	1	29980478	484
2247	2	18714766	163
2247	3	123887920	121
2247	4	111427844	119
2247	5	4210178770	117
2247	6	65040752	110
2247	7	4306463075	102
2247	8	2898407351	92
2247	9	178493899	91
2247	10	4210175061	91
2248	1	4306463855	343
2248	2	4306463122	201
2248	3	4306463937	184
2248	4	169586356	161
2248	5	4306401280	100
2248	6	201436551	90
2248	7	4306401271	86
2248	8	4210172589	75
2248	9	4306402512	75
2248	10	33019050	74
2249	1	51546934	818
2249	2	191178954	740
2249	3	161638509	331
2249	4	4306463230	328
2249	5	79984219	289
2249	6	4306525036	263
2249	7	196975874	246
2249	8	203482206	233
2249	9	23243006	187
2249	10	2594976040	175
2250	1	104921184	1631
2250	2	43510877	1074
2250	3	118704488	662
2250	4	38866342	634
2250	5	4306400194	199
2250	6	4306463937	176
2250	7	4210187594	174
2250	8	4210181977	143
2250	9	32204141	81
2250	10	2764696622	69
2251	1	41354064	2155
2251	2	201989124	443
2251	3	205050996	413
2251	4	133942674	369
2251	5	205754296	236
2251	6	80698544	214
2251	7	67393510	186
2251	8	4210200754	183
2251	9	21317199	175
2251	10	179810352	173
2252	1	16737290	494
2252	2	24284137	447
2252	3	71623918	173
2252	4	152303250	141
2252	5	4306463937	120
2252	6	75411654	113
2252	7	189344224	107
2252	8	67425620	105
2252	9	128754310	104
2252	10	114306650	98
2253	1	4306463937	218
2253	2	4306463855	177
2253	3	4210196743	156
2253	4	10134376	147
2253	5	99909709	84
2253	6	4210195883	83
2253	7	186231457	75
2253	8	82902237	71
2253	9	2764628096	70
2253	10	4306401280	69
2254	1	52395412	293
2254	2	109682412	260
2254	3	19032547	228
2254	4	25854515	212
2254	5	106296714	209
2254	6	91767247	173
2254	7	202381698	172
2254	8	3577691	157
2254	9	4306402567	138
2254	10	4306525036	113
2255	1	159955403	822
2255	2	4306525036	210
2255	3	14436165	171
2255	4	2764911163	157
2255	5	74983066	156
2255	6	143194599	147
2255	7	25650217	145
2255	8	174893293	140
2255	9	678965	127
2255	10	2735960814	123
2256	1	148874517	405
2256	2	142329662	296
2256	3	4306463937	221
2256	4	28752750	188
2256	5	4306463855	139
2256	6	46775058	106
2256	7	4210172589	98
2256	8	4210175061	68
2256	9	4210195883	68
2256	10	4210191137	66
2257	1	41354064	410
2257	2	4306525036	281
2257	3	166799026	221
2257	4	205999849	206
2257	5	4306463937	186
2257	6	108911230	170
2257	7	88226677	163
2257	8	44811770	146
2257	9	39653451	144
2257	10	124250138	143
2258	1	151331055	333
2258	2	4306463937	152
2258	3	9692511	139
2258	4	203585231	82
2258	5	4306463855	82
2258	6	104917558	81
2258	7	4306401280	73
2258	8	55619869	62
2258	9	135831435	50
2258	10	4317411217	47
2259	1	4306463937	263
2259	2	4306463855	250
2259	3	4210172589	170
2259	4	47258822	146
2259	5	15239247	118
2259	6	82902237	109
2259	7	4306525036	107
2259	8	10446503	104
2259	9	4306463230	88
2259	10	2764375719	79
2260	1	4210187594	287
2260	2	152111507	245
2260	3	179157397	234
2260	4	4210209777	228
2260	5	15272795	219
2260	6	235346	199
2260	7	72372694	166
2260	8	178238111	147
2260	9	120683614	108
2260	10	166774750	103
2261	1	4306400194	1122
2261	2	24688465	739
2261	3	195231649	290
2261	4	2764696622	277
2261	5	35412551	237
2261	6	104875562	183
2261	7	4210235286	138
2261	8	161185981	133
2261	9	4306463937	132
2261	10	106296714	130
2262	1	4306400194	752
2262	2	4210172589	384
2262	3	106296714	173
2262	4	4306463937	139
2262	5	4306462995	127
2262	6	4306463855	119
2262	7	4306463708	107
2262	8	2764900261	81
2262	9	4387284482	76
2262	10	4210183893	74
2263	1	4306463937	520
2263	2	4306463855	452
2263	3	889322	308
2263	4	67907510	204
2263	5	4306463708	192
2263	6	4306463716	179
2263	7	4210172589	162
2263	8	4210204233	140
2263	9	4306462995	122
2263	10	2764780252	113
2264	1	4306525036	283
2264	2	163807576	273
2264	3	4306463230	256
2264	4	19081469	168
2264	5	30525748	164
2264	6	173145877	148
2264	7	4306463937	146
2264	8	184573928	130
2264	9	190192123	93
2264	10	68700368	91
2265	1	4210172589	363
2265	2	4306463937	237
2265	3	81674035	171
2265	4	4306525036	168
2265	5	168049282	100
2265	6	4210177186	99
2265	7	4306463855	98
2265	8	8081180	96
2265	9	172573765	94
2265	10	77494981	87
2266	1	4306462995	612
2266	2	4306462964	457
2266	3	4306463855	316
2266	4	170510236	293
2266	5	4306463091	291
2266	6	4306463708	286
2266	7	106835946	177
2266	8	165253525	168
2266	9	4306463937	145
2266	10	27975993	126
2267	1	110785341	235
2267	2	4306525036	224
2267	3	203153751	164
2267	4	144140688	109
2267	5	4306463937	104
2267	6	2596909297	84
2267	7	4306463230	79
2267	8	4306463708	78
2267	9	109517664	73
2267	10	202381698	68
2268	1	4210172589	330
2268	2	4306463937	225
2268	3	91386000	179
2268	4	4306463855	152
2268	5	46260470	151
2268	6	4306463230	136
2268	7	117927158	128
2268	8	93656081	123
2268	9	9692511	105
2268	10	4306462995	99
2269	1	4306525036	246
2269	2	92539022	186
2269	3	99182027	160
2269	4	4210202285	144
2269	5	150708336	137
2269	6	72159247	106
2269	7	39948230	95
2269	8	132866914	93
2269	9	4306463937	90
2269	10	94432539	69
2270	1	41354064	1143
2270	2	114976158	230
2270	3	4306463937	172
2270	4	133942674	158
2270	5	205754296	86
2270	6	4210180763	79
2270	7	4306463230	72
2270	8	2898407351	71
2270	9	80698544	69
2270	10	107255770	69
2271	1	48392412	617
2271	2	197975706	346
2271	3	4210171465	340
2271	4	4306509411	246
2271	5	4210222140	241
2271	6	4306507498	153
2271	7	4210223152	127
2271	8	4306509140	125
2271	9	2764354572	107
2271	10	4306518851	106
2272	1	69093139	402
2272	2	176126597	388
2272	3	4306525036	377
2272	4	4306463230	219
2272	5	161638509	123
2272	6	41314575	111
2272	7	79984219	111
2272	8	4306463937	111
2272	9	159891131	101
2272	10	18455948	100
2273	1	4306401280	284
2273	2	4210185772	192
2273	3	74930560	136
2273	4	36614426	105
2273	5	4210175025	103
2273	6	2737081250	76
2273	7	32100302	66
2273	8	4306401271	66
2273	9	2737067835	65
2273	10	4210168668	63
2274	1	77047749	526
2274	2	204609040	364
2274	3	75741262	307
2274	4	185621672	284
2274	5	177196338	175
2274	6	4306400194	170
2274	7	35412551	162
2274	8	6377669	161
2274	9	94313546	159
2274	10	4306463937	119
2275	1	4306401280	409
2275	2	4306463855	51
2275	3	4210219993	45
2275	4	4306401271	41
2275	5	4210219818	40
2275	6	2898243385	39
2275	7	4210185175	34
2275	8	4210180874	33
2275	9	187296519	32
2275	10	2736886514	32
2276	1	4210172589	1051
2276	2	4306401271	245
2276	3	4306463937	154
2276	4	4306401280	71
2276	5	4306463716	57
2276	6	4306463230	55
2276	7	144611220	53
2276	8	4306463855	46
2276	9	92422469	44
2276	10	136612413	43
2277	1	119074828	292
2277	2	168377509	184
2277	3	4210179954	140
2277	4	198098182	136
2277	5	201921491	123
2277	6	37096616	100
2277	7	71857517	97
2277	8	2485537415	92
2277	9	2500072609	73
2277	10	42668443	62
2278	1	4306525036	470
2278	2	4306463230	134
2278	3	14436165	128
2278	4	4306463937	126
2278	5	92442678	73
2278	6	139062638	67
2278	7	1118231	63
2278	8	2738950867	63
2278	9	15137598	62
2278	10	28966261	60
2279	1	4306525036	318
2279	2	126770807	182
2279	3	102860386	120
2279	4	4306463937	116
2279	5	14544163	101
2279	6	59739785	97
2279	7	3164724	86
2279	8	202381698	78
2279	9	71285955	76
2279	10	170982493	74
2280	1	4306525036	543
2280	2	122485892	136
2280	3	110785341	135
2280	4	4306463937	133
2280	5	45954700	124
2280	6	14436165	106
2280	7	4306463230	102
2280	8	202381698	58
2280	9	196734849	51
2280	10	4306401280	51
2281	1	35160907	432
2281	2	4306525036	419
2281	3	39580544	238
2281	4	4306463230	216
2281	5	166518670	211
2281	6	7144643	187
2281	7	4306463075	172
2281	8	4210171861	132
2281	9	4306463937	127
2281	10	59404955	126
2282	1	181849944	778
2282	2	122730748	360
2282	3	2737336974	186
2282	4	45356120	166
2282	5	9304834	100
2282	6	4306463230	96
2282	7	67425620	86
2282	8	4306463937	82
2282	9	4210189194	76
2282	10	4210187594	72
2283	1	19834704	205
2283	2	4306462995	156
2283	3	4306401280	147
2283	4	49405560	146
2283	5	68410441	141
2283	6	25748888	134
2283	7	2764375719	131
2283	8	181027741	116
2283	9	4306463122	110
2283	10	2898111930	109
2284	1	4306463937	267
2284	2	4306463855	200
2284	3	4306463716	112
2284	4	60510972	97
2284	5	4210172589	73
2284	6	10914567	62
2284	7	172342871	48
2284	8	4210199759	45
2284	9	4306464262	45
2284	10	9692511	43
2285	1	95739953	833
2285	2	111155417	378
2285	3	152760256	355
2285	4	75741262	342
2285	5	137865625	280
2285	6	181332294	245
2285	7	4210200754	233
2285	8	67393510	230
2285	9	145476921	213
2285	10	41354064	178
2286	1	200071133	368
2286	2	4306525036	336
2286	3	161399637	181
2286	4	4306402567	164
2286	5	140251998	126
2286	6	183588319	101
2286	7	153015021	98
2286	8	52732750	93
2286	9	4306463937	87
2286	10	10623703	79
2287	1	4306525036	286
2287	2	140251998	197
2287	3	168522863	184
2287	4	202381698	159
2287	5	15137598	139
2287	6	151589183	99
2287	7	196734849	88
2287	8	128439998	77
2287	9	4306402567	70
2287	10	48437117	65
2288	1	106296714	1178
2288	2	4306400194	1012
2288	3	90727058	269
2288	4	4306463937	191
2288	5	89324355	135
2288	6	4306420974	110
2288	7	103321696	71
2288	8	160779208	67
2288	9	107925523	63
2288	10	137348503	62
2289	1	92883533	247
2289	2	205139718	177
2289	3	9186059	132
2289	4	115019648	128
2289	5	4306463855	115
2289	6	4306462995	100
2289	7	10082577	94
2289	8	19867090	92
2289	9	40528764	86
2289	10	159398981	85
2290	1	106296714	602
2290	2	185367456	256
2290	3	100062975	155
2290	4	4306463937	145
2290	5	67831204	125
2290	6	4306400194	123
2290	7	73060445	81
2290	8	4306420970	55
2290	9	4306402512	51
2290	10	94821547	49
2291	1	4306525036	386
2291	2	4306463937	250
2291	3	4306463230	174
2291	4	14436165	142
2291	5	141953298	109
2291	6	144860794	107
2291	7	2738950867	104
2291	8	127438345	93
2291	9	116251202	90
2291	10	60865174	79
2292	1	106296714	843
2292	2	4306400194	703
2292	3	4210226185	166
2292	4	4306463937	120
2292	5	151820558	103
2292	6	414566	81
2292	7	2764900261	70
2292	8	30698027	68
2292	9	199944782	57
2292	10	97130795	50
2293	1	4306463075	255
2293	2	133344475	166
2293	3	92829914	155
2293	4	178493899	126
2293	5	4210178770	115
2293	6	128754310	113
2293	7	2764640149	111
2293	8	4210195883	109
2293	9	134216166	106
2293	10	4306463937	96
2294	1	2765017008	864
2294	2	146146975	578
2294	3	2764398350	424
2294	4	2764724548	283
2294	5	182975812	247
2294	6	201313073	182
2294	7	2764346760	145
2294	8	2764678526	135
2294	9	4210225204	118
2294	10	2764414099	110
2295	1	4306463855	280
2295	2	4306463937	273
2295	3	4306462995	157
2295	4	2764991953	139
2295	5	4306463716	117
2295	6	4210172589	111
2295	7	4306463491	94
2295	8	2764779358	88
2295	9	2764375719	73
2295	10	4306463122	63
2296	1	4306525036	439
2296	2	4306463937	251
2296	3	15336283	180
2296	4	2755126732	171
2296	5	4306463230	167
2296	6	2764866220	155
2296	7	30889938	142
2296	8	4210211635	140
2296	9	32487399	133
2296	10	26588707	126
2297	1	4306525036	448
2297	2	4306463230	211
2297	3	4306463937	137
2297	4	141953298	123
2297	5	4210189610	116
2297	6	200672447	104
2297	7	2672396	98
2297	8	2738950867	97
2297	9	14436165	90
2297	10	110757056	89
2298	1	4306525036	285
2298	2	4306463937	183
2298	3	2764692968	127
2298	4	29564236	125
2298	5	4210173036	108
2298	6	24510010	84
2298	7	166799026	78
2298	8	4306463230	76
2298	9	206789554	75
2298	10	39653451	70
2299	1	147871266	676
2299	2	185347286	210
2299	3	2764696622	179
2299	4	197743716	170
2299	5	201829030	154
2299	6	106928643	147
2299	7	4210187594	115
2299	8	113542562	113
2299	9	145630073	108
2299	10	183492911	107
2300	1	10892749	756
2300	2	147767848	189
2300	3	7291761	132
2300	4	4210187594	103
2300	5	119074828	97
2300	6	127523745	82
2300	7	109302362	77
2300	8	197975706	73
2300	9	185842587	66
2300	10	128754310	61
2301	1	4306525036	381
2301	2	19176856	214
2301	3	100736837	206
2301	4	4306463937	193
2301	5	4306463230	161
2301	6	23813625	135
2301	7	86387881	123
2301	8	200877091	114
2301	9	163740676	98
2301	10	36642063	91
2302	1	98455728	295
2302	2	12065667	228
2302	3	164001016	228
2302	4	191963794	181
2302	5	23181512	156
2302	6	2479884170	150
2302	7	2481244646	139
2302	8	124795565	137
2302	9	192559872	136
2302	10	156181945	135
2303	1	4306400194	1540
2303	2	159544283	224
2303	3	106296714	180
2303	4	16958353	164
2303	5	150125562	127
2303	6	60324941	93
2303	7	4306402512	84
2303	8	165512578	81
2303	9	168680287	79
2303	10	4306463937	71
2304	1	100373537	616
2304	2	90999920	411
2304	3	4210206986	186
2304	4	128740003	182
2304	5	185031775	137
2304	6	138867346	124
2304	7	84964104	123
2304	8	4210187594	114
2304	9	129676613	105
2304	10	4306463937	98
2305	1	4306463937	108
2305	2	4306527894	104
2305	3	4306525036	96
2305	4	4306463075	92
2305	5	4306463230	85
2305	6	4306401280	74
2305	7	4317411217	73
2305	8	118568332	65
2305	9	4210195883	62
2305	10	44429004	42
2306	1	2764743394	301
2306	2	145575934	283
2306	3	10134376	215
2306	4	4306401271	185
2306	5	104917558	162
2306	6	4306463937	158
2306	7	4306463230	100
2306	8	159637997	90
2306	9	80150607	88
2306	10	4306402512	85
2307	1	4306462964	506
2307	2	4306463734	396
2307	3	4306463091	286
2307	4	89312022	254
2307	5	4306463708	243
2307	6	4210177540	197
2307	7	163255482	175
2307	8	4210170427	174
2307	9	1008668990	172
2307	10	94891645	154
2308	1	4306463937	441
2308	2	1025762778	291
2308	3	4306462952	252
2308	4	4306463708	181
2308	5	4306525036	177
2308	6	35341196	137
2308	7	117485531	115
2308	8	4306463855	94
2308	9	4306462995	90
2308	10	4210198705	89
2309	1	2764696622	555
2309	2	183492911	339
2309	3	148178125	254
2309	4	137728576	222
2309	5	166040772	205
2309	6	4306421319	153
2309	7	178776955	108
2309	8	5745031	95
2309	9	105243760	95
2309	10	143744711	94
2310	1	193753855	370
2310	2	148071443	195
2310	3	139950591	186
2310	4	139986892	169
2310	5	48277251	161
2310	6	4210176332	133
2310	7	4306526209	129
2310	8	2765017008	127
2310	9	2764873021	101
2310	10	146146975	96
2311	1	4306463855	676
2311	2	4306463937	334
2311	3	4210172589	127
2311	4	4306463716	117
2311	5	4306462995	109
2311	6	4306463708	98
2311	7	4306463717	85
2311	8	2764375719	73
2311	9	4306463667	70
2311	10	181266130	68
2312	1	4210172589	1542
2312	2	4306401271	714
2312	3	4306463855	250
2312	4	4306463937	226
2312	5	4306463708	113
2312	6	4306462995	112
2312	7	138645024	96
2312	8	62201805	75
2312	9	101209419	69
2312	10	181171746	64
2313	1	4306463937	424
2313	2	4306463708	293
2313	3	47098207	199
2313	4	4306463855	183
2313	5	4306462995	150
2313	6	150535073	105
2313	7	4210172589	68
2313	8	4306464232	68
2313	9	118198609	57
2313	10	4306463716	55
2314	1	4210196743	730
2314	2	98026630	120
2314	3	4306525036	113
2314	4	110785341	102
2314	5	183652945	100
2314	6	134644764	99
2314	7	193620188	93
2314	8	4306463230	79
2314	9	4306401280	77
2314	10	4306463937	74
2315	1	188336720	201
2315	2	4306525036	164
2315	3	196493665	117
2315	4	4306401271	114
2315	5	204183829	99
2315	6	205451775	97
2315	7	4306463937	97
2315	8	51141438	94
2315	9	145575934	94
2315	10	4306463230	82
2316	1	4210180733	590
2316	2	101229256	390
2316	3	4306463230	128
2316	4	183492911	107
2316	5	4306463937	99
2316	6	43295729	87
2316	7	2736865057	84
2316	8	4363604106	83
2316	9	152176960	71
2316	10	4210195883	66
2317	1	4306525036	453
2317	2	14436165	366
2317	3	53087977	148
2317	4	141953298	109
2317	5	4306463230	91
2317	6	2738950867	82
2317	7	46544255	80
2317	8	172423242	65
2317	9	2898460781	65
2317	10	4306463937	56
2318	1	41354064	1361
2318	2	133942674	216
2318	3	46134040	176
2318	4	205754296	152
2318	5	108911230	140
2318	6	205050996	129
2318	7	197964166	119
2318	8	4306525036	116
2318	9	114976158	114
2318	10	2481244646	112
2319	1	28438197	797
2319	2	171471881	396
2319	3	2764391556	172
2319	4	4210195883	116
2319	5	144753198	112
2319	6	2764419951	111
2319	7	4306401280	102
2319	8	114992977	97
2319	9	4210167569	97
2319	10	2764614631	81
2320	1	4306463855	481
2320	2	4306463708	365
2320	3	124984400	280
2320	4	4306463937	280
2320	5	113020877	88
2320	6	255146	85
2320	7	147691735	75
2320	8	2764375719	63
2320	9	116734912	54
2320	10	142541857	52
2321	1	146976949	348
2321	2	134698528	283
2321	3	92562763	178
2321	4	26596028	135
2321	5	87930725	106
2321	6	72420026	102
2321	7	4210196743	88
2321	8	31777576	84
2321	9	4306463937	83
2321	10	197406704	81
2322	1	28349394	503
2322	2	4306525036	245
2322	3	4306463230	145
2322	4	23243006	141
2322	5	4210168508	111
2322	6	69093139	106
2322	7	72684844	87
2322	8	86367086	85
2322	9	131790363	84
2322	10	178566096	72
2323	1	4306463122	683
2323	2	2764375719	399
2323	3	4306463855	179
2323	4	174442317	178
2323	5	4306462995	163
2323	6	44448039	159
2323	7	4306463717	153
2323	8	4306463937	145
2323	9	4210169271	123
2323	10	95667342	120
2324	1	4306525036	496
2324	2	4306463937	270
2324	3	4306463230	101
2324	4	4306462995	98
2324	5	4306462964	90
2324	6	4306401280	86
2324	7	207799248	75
2324	8	111727011	68
2324	9	4306463855	68
2324	10	2764375719	66
2325	1	21390370	208
2325	2	4306463937	141
2325	3	4306463855	105
2325	4	2764385719	98
2325	5	10134376	90
2325	6	4210169418	90
2325	7	4306400194	86
2325	8	4210191690	85
2325	9	100777832	78
2325	10	2764796589	77
2326	1	106296714	299
2326	2	4306463937	112
2326	3	62238642	87
2326	4	4306400194	77
2326	5	157670870	76
2326	6	4306463230	57
2326	7	63392143	50
2326	8	37538908	46
2326	9	115004586	43
2326	10	2764900261	43
2327	1	105208853	3844
2327	2	205053445	288
2327	3	163506364	106
2327	4	105183386	105
2327	5	18188872	55
2327	6	98546363	49
2327	7	4210187594	49
2327	8	4306463937	48
2327	9	4210194418	47
2327	10	191963794	45
2328	1	4306525036	440
2328	2	14436165	396
2328	3	58727509	154
2328	4	4306463937	135
2328	5	32635664	131
2328	6	80252431	112
2328	7	2755888424	93
2328	8	2764486142	89
2328	9	141953298	87
2328	10	45720283	74
2329	1	171471881	862
2329	2	146976949	217
2329	3	4210224067	176
2329	4	92562763	140
2329	5	2735554095	140
2329	6	185774633	122
2329	7	22798236	111
2329	8	28057480	110
2329	9	4306463075	97
2329	10	63699751	90
2330	1	4210196743	303
2330	2	12650052	146
2330	3	42923069	122
2330	4	4306463937	109
2330	5	185027840	106
2330	6	20717564	87
2330	7	98026630	86
2330	8	134644764	73
2330	9	108911230	68
2330	10	4306401280	67
2331	1	4306525036	236
2331	2	79704628	213
2331	3	50004817	181
2331	4	91695523	177
2331	5	4306463230	126
2331	6	173274907	121
2331	7	4306463937	121
2331	8	118357697	115
2331	9	169054600	110
2331	10	166515463	105
2332	1	4306401280	216
2332	2	134368790	204
2332	3	2898087311	135
2332	4	4210168614	120
2332	5	140252737	113
2332	6	167080051	107
2332	7	2898346768	97
2332	8	4210172589	96
2332	9	2737331829	95
2332	10	35203962	79
2333	1	4306525036	462
2333	2	4306463937	411
2333	3	47192491	174
2333	4	2312674	102
2333	5	60318618	85
2333	6	113474406	85
2333	7	4306463230	72
2333	8	45161156	66
2333	9	4306463075	65
2333	10	21837735	63
2334	1	15137598	603
2334	2	4306525036	378
2334	3	100767427	377
2334	4	90745127	344
2334	5	41454044	211
2334	6	110533041	137
2334	7	32518486	132
2334	8	14436165	129
2334	9	2596394214	101
2334	10	37904752	94
2335	1	4393919101	296
2335	2	4210198382	259
2335	3	4306463937	252
2335	4	4306463855	240
2335	5	28964699	203
2335	6	177222959	141
2335	7	46109600	116
2335	8	4306463708	111
2335	9	105379996	106
2335	10	159512450	105
2336	1	4210238745	549
2336	2	2737939966	152
2336	3	4306463937	138
2336	4	28057480	131
2336	5	4210168508	124
2336	6	4210195883	105
2336	7	4306463230	105
2336	8	10134376	89
2336	9	104261359	70
2336	10	6691161	66
2337	1	22127372	265
2337	2	4306463716	265
2337	3	4306463937	228
2337	4	75796200	222
2337	5	4306463717	200
2337	6	4306462995	179
2337	7	4306463855	167
2337	8	2764375719	138
2337	9	14856742	110
2337	10	56012982	84
2338	1	4306401280	175
2338	2	98708256	117
2338	3	10134376	85
2338	4	4210205217	79
2338	5	166722454	75
2338	6	2738810609	59
2338	7	4210234769	59
2338	8	2738008561	53
2338	9	4306463855	53
2338	10	4317411217	51
2339	1	4306525036	499
2339	2	4210172589	297
2339	3	4306463937	178
2339	4	192814187	94
2339	5	4306463230	73
2339	6	4306462995	59
2339	7	4393917726	58
2339	8	139838620	46
2339	9	172573765	40
2339	10	124682778	39
2340	1	138759888	246
2340	2	198339081	230
2340	3	76010543	181
2340	4	42323631	148
2340	5	206811868	142
2340	6	198132698	140
2340	7	96167972	100
2340	8	133947007	91
2340	9	67425620	88
2340	10	84339699	88
2341	1	4306401280	181
2341	2	4306463091	148
2341	3	4306463402	119
2341	4	4306522049	105
2341	5	4210226682	97
2341	6	4210187624	80
2341	7	188882489	69
2341	8	2736954754	59
2341	9	4210182954	50
2341	10	4306502505	50
2342	1	4306525036	384
2342	2	141953298	124
2342	3	124584150	116
2342	4	2738950867	93
2342	5	104135014	67
2342	6	2764731433	61
2342	7	4306463937	60
2342	8	2764537351	57
2342	9	190549722	55
2342	10	144860794	50
2343	1	203620496	522
2343	2	4210191796	388
2343	3	19659266	344
2343	4	2765076859	220
2343	5	4306463937	159
2343	6	4306463855	154
2343	7	152598735	144
2343	8	104593340	115
2343	9	4210171763	113
2343	10	4306526016	71
2344	1	52783196	208
2344	2	53118794	121
2344	3	2493613807	121
2344	4	4210230202	94
2344	5	4306402450	94
2344	6	4306463937	90
2344	7	11781297	86
2344	8	7538555	85
2344	9	4210195883	76
2344	10	4306463230	75
2345	1	203735732	281
2345	2	4306463937	217
2345	3	4306463855	209
2345	4	162482565	166
2345	5	205875998	150
2345	6	4306463895	98
2345	7	4306463409	92
2345	8	2764492969	83
2345	9	56255037	80
2345	10	2764552160	74
2346	1	4306525036	423
2346	2	29564236	112
2346	3	108911230	99
2346	4	4306463937	90
2346	5	2756327665	75
2346	6	41354064	74
2346	7	55509983	73
2346	8	39653451	69
2346	9	42923069	68
2346	10	4306401280	63
2347	1	4306525036	217
2347	2	4306463937	120
2347	3	4306401280	99
2347	4	41354064	84
2347	5	108911230	81
2347	6	29564236	76
2347	7	4306463230	72
2347	8	134644764	70
2347	9	39653451	64
2347	10	205999849	61
2348	1	4306401280	225
2348	2	121069939	209
2348	3	2739064124	161
2348	4	4306401271	135
2348	5	4210204582	110
2348	6	2736827263	109
2348	7	4306527160	72
2348	8	4210210437	69
2348	9	4210175510	68
2348	10	4306527027	68
2349	1	38637062	398
2349	2	38919146	255
2349	3	4306463230	245
2349	4	98026630	229
2349	5	106501229	217
2349	6	26760650	186
2349	7	4306463937	131
2349	8	137362610	116
2349	9	4306463075	115
2349	10	134644764	111
2350	1	152000018	409
2350	2	22862804	382
2350	3	18204665	334
2350	4	122730748	162
2350	5	4306463937	160
2350	6	150548798	157
2350	7	4306400194	150
2350	8	4210213036	143
2350	9	111181672	124
2350	10	35412551	94
2351	1	4306400194	2650
2351	2	6775291	170
2351	3	111381568	154
2351	4	104894821	131
2351	5	122441808	112
2351	6	192217950	104
2351	7	105014038	99
2351	8	4210226894	99
2351	9	105977992	93
2351	10	60030702	87
2352	1	14436165	927
2352	2	200071133	263
2352	3	4306525036	249
2352	4	164469042	113
2352	5	206235894	99
2352	6	4306463937	97
2352	7	134546602	93
2352	8	108510729	88
2352	9	4306463230	78
2352	10	8942861	75
2353	1	132625027	810
2353	2	21248962	285
2353	3	4306463091	228
2353	4	2764944651	176
2353	5	4306462995	165
2353	6	4306463855	115
2353	7	4210201855	106
2353	8	2764375719	78
2353	9	2764383377	75
2353	10	4306463937	72
2354	1	128621090	510
2354	2	4210172589	489
2354	3	2898493939	179
2354	4	4306401271	134
2354	5	4306463937	91
2354	6	2764393121	69
2354	7	2764560526	67
2354	8	4306463223	64
2354	9	23254222	61
2354	10	4387285401	55
2355	1	4306525036	337
2355	2	3992287	205
2355	3	4306463937	172
2355	4	2755888424	155
2355	5	58727509	151
2355	6	166925758	128
2355	7	80252431	125
2355	8	32635664	118
2355	9	191012840	106
2355	10	40624954	105
2356	1	41354064	633
2356	2	4306525036	152
2356	3	133942674	125
2356	4	73388172	119
2356	5	4210169613	115
2356	6	108911230	112
2356	7	10422866	108
2356	8	30970080	93
2356	9	205754296	91
2356	10	205050996	76
2357	1	106296714	336
2357	2	110206669	275
2357	3	4306400194	251
2357	4	61310614	205
2357	5	183492911	135
2357	6	2485537415	100
2357	7	2764905038	83
2357	8	2764900261	71
2357	9	4210179954	63
2357	10	38090728	55
2358	1	58867329	1336
2358	2	160957154	523
2358	3	97378760	203
2358	4	4306463937	155
2358	5	107255770	141
2358	6	202680183	118
2358	7	166351637	114
2358	8	139295051	93
2358	9	4306463230	93
2358	10	127769916	87
2359	1	182829932	403
2359	2	100787194	335
2359	3	4210200010	177
2359	4	191717031	151
2359	5	86567873	132
2359	6	163860444	122
2359	7	4306463937	118
2359	8	159699259	104
2359	9	205086949	98
2359	10	4306401280	86
2360	1	41354064	499
2360	2	4306525036	212
2360	3	108911230	151
2360	4	166799026	143
2360	5	39653451	141
2360	6	205999849	128
2360	7	30970080	120
2360	8	88226677	94
2360	9	201989124	93
2360	10	4306463937	89
2361	1	171471881	879
2361	2	33674063	747
2361	3	4210222972	615
2361	4	163259234	512
2361	5	150156781	153
2361	6	4210175962	126
2361	7	24891482	114
2361	8	4306400562	105
2361	9	4306463937	102
2361	10	199213172	98
2362	1	16737290	447
2362	2	24284137	327
2362	3	200764475	193
2362	4	116094739	164
2362	5	2764696622	146
2362	6	2898407351	134
2362	7	67425620	133
2362	8	95549638	127
2362	9	4306463230	114
2362	10	156806727	113
2363	1	4306526338	1177
2363	2	2739064124	82
2363	3	2738740277	72
2363	4	4317411217	69
2363	5	4306401280	60
2363	6	4210177415	50
2363	7	4220651876	48
2363	8	4306486882	48
2363	9	4306502647	45
2363	10	4210234566	44
2364	1	4306463937	266
2364	2	35662283	187
2364	3	43295729	152
2364	4	4306463855	142
2364	5	4210172589	119
2364	6	4306462964	113
2364	7	180658431	106
2364	8	4306463708	106
2364	9	4306463091	101
2364	10	4306462995	82
2365	1	28349394	287
2365	2	72684844	272
2365	3	84867234	212
2365	4	4210168508	188
2365	5	39195600	170
2365	6	153189382	116
2365	7	70380255	100
2365	8	4306463937	95
2365	9	65230043	81
2365	10	4210196218	81
2366	1	4306463937	268
2366	2	4306462995	188
2366	3	4306463716	159
2366	4	4306463855	141
2366	5	4210182992	121
2366	6	2764375719	118
2366	7	4306463717	113
2366	8	995569539	88
2366	9	139573839	77
2366	10	4210233868	77
2367	1	113867935	1256
2367	2	4306525036	568
2367	3	176204532	107
2367	4	90605627	96
2367	5	4306401280	83
2367	6	67147237	71
2367	7	4306463230	60
2367	8	2755507738	57
2367	9	2756077210	57
2367	10	4306463937	57
2368	1	4210188239	266
2368	2	168682784	210
2368	3	128754310	123
2368	4	88664677	103
2368	5	67425620	97
2368	6	13144211	82
2368	7	117559022	80
2368	8	4306463937	68
2368	9	2764380666	64
2368	10	2497375143	61
2369	1	14436165	351
2369	2	4306525036	327
2369	3	4306463230	137
2369	4	73111969	133
2369	5	4306463937	124
2369	6	72350973	101
2369	7	202381698	82
2369	8	93288122	77
2369	9	76900504	72
2369	10	128227336	63
2370	1	4210196743	201
2370	2	2765017008	142
2370	3	4306463937	137
2370	4	183652945	109
2370	5	96567077	96
2370	6	4306525036	96
2370	7	149191589	85
2370	8	193620188	81
2370	9	96685181	77
2370	10	128347262	72
2371	1	2489501747	155
2371	2	16737290	80
2371	3	50222406	80
2371	4	13107535	75
2371	5	59320183	70
2371	6	67425620	60
2371	7	4210179954	59
2371	8	4306463937	59
2371	9	2764620966	56
2371	10	4306512848	53
2372	1	4210187226	592
2372	2	41882632	430
2372	3	4306463855	313
2372	4	125527928	226
2372	5	96577516	124
2372	6	4306463937	124
2372	7	4210231366	116
2372	8	4210168707	112
2372	9	82799865	100
2372	10	4210230966	98
2373	1	4306463091	1386
2373	2	4306463937	435
2373	3	4306464262	219
2373	4	4306463491	212
2373	5	4210169310	155
2373	6	4210237993	134
2373	7	4210173500	128
2373	8	64419402	125
2373	9	4210229140	107
2373	10	127986950	102
2374	1	4210172589	808
2374	2	4306462995	328
2374	3	4306463708	325
2374	4	2764730583	284
2374	5	4306463937	267
2374	6	4306463091	166
2374	7	144188811	159
2374	8	4306463223	117
2374	9	2735436124	109
2374	10	99990550	106
2375	1	4306463122	625
2375	2	2764375719	203
2375	3	4306502355	153
2375	4	149080524	142
2375	5	4306463937	139
2375	6	4306463717	136
2375	7	4306463855	121
2375	8	4306462995	111
2375	9	2764545783	101
2375	10	4306401280	84
2376	1	4306463937	3647
2376	2	4210228876	233
2376	3	4306464262	126
2376	4	4306463307	108
2376	5	4210192666	90
2376	6	4306463308	89
2376	7	4306463667	84
2376	8	4210177001	66
2376	9	4210222816	64
2376	10	4210201404	57
2377	1	4385749591	363
2377	2	4306463091	173
2377	3	4306463855	137
2377	4	2734814886	127
2377	5	4306463937	126
2377	6	84784070	112
2377	7	4306464182	88
2377	8	4363604178	85
2377	9	166472302	84
2377	10	4306462995	75
2378	1	169699294	471
2378	2	6450948	412
2378	3	4210172589	303
2378	4	6243863	260
2378	5	4210169657	155
2378	6	4210206027	92
2378	7	2764571289	78
2378	8	4306463855	75
2378	9	4306401280	68
2378	10	66510378	65
2379	1	4306525036	531
2379	2	15137598	118
2379	3	4306463937	108
2379	4	141953298	93
2379	5	43051214	86
2379	6	1118231	82
2379	7	2738950867	76
2379	8	14436165	68
2379	9	4306463230	57
2379	10	41454044	55
2380	1	106296714	336
2380	2	4306400194	295
2380	3	24321443	188
2380	4	4306506385	176
2380	5	2734814886	143
2380	6	4306418497	122
2380	7	4306463937	113
2380	8	84784070	95
2380	9	4306463091	92
2380	10	4306462995	84
2381	1	90573847	479
2381	2	4306463937	458
2381	3	49415658	330
2381	4	41354064	157
2381	5	181332294	155
2381	6	128018148	150
2381	7	185621672	127
2381	8	98085912	97
2381	9	111155417	93
2381	10	23349031	89
2382	1	4306401280	313
2382	2	2739149530	211
2382	3	4210224784	204
2382	4	152657728	128
2382	5	4210217483	116
2382	6	2739195881	103
2382	7	2737128648	89
2382	8	160717418	59
2382	9	2736711335	56
2382	10	4210230971	55
2383	1	105722520	337
2383	2	203530175	301
2383	3	92316360	239
2383	4	4306463937	182
2383	5	2764469696	154
2383	6	44098145	98
2383	7	128210042	96
2383	8	207178839	93
2383	9	130567056	88
2383	10	4210168721	70
2384	1	4210172589	221
2384	2	13144211	152
2384	3	4306463937	152
2384	4	4306401271	133
2384	5	106296714	127
2384	6	4306400194	88
2384	7	2764905038	73
2384	8	4306463409	73
2384	9	4210169156	65
2384	10	92709572	52
2385	1	182611093	781
2385	2	2764351637	648
2385	3	2911780511	544
2385	4	4210186050	503
2385	5	35861910	443
2385	6	2914388822	381
2385	7	4210183531	333
2385	8	2911951769	317
2385	9	4210187570	266
2385	10	2764576451	173
2386	1	183492911	355
2386	2	95522064	353
2386	3	22285447	195
2386	4	4819472	183
2386	5	20241394	178
2386	6	114479970	131
2386	7	136338150	130
2386	8	161085503	130
2386	9	4306463937	115
2386	10	4306400194	105
2387	1	4306525036	316
2387	2	188363740	145
2387	3	38008053	127
2387	4	202381698	111
2387	5	140251998	103
2387	6	10623703	98
2387	7	196734849	74
2387	8	4210172139	60
2387	9	2595292759	58
2387	10	168522863	57
2388	1	119525064	347
2388	2	98026630	218
2388	3	4306463230	125
2388	4	134644764	123
2388	5	4306525036	105
2388	6	4306463937	98
2388	7	169454776	91
2388	8	2737939966	87
2388	9	202381698	80
2388	10	9483105	74
2389	1	183492911	1508
2389	2	29254203	241
2389	3	175543413	206
2389	4	2764734955	134
2389	5	126920919	96
2389	6	101949793	85
2389	7	43295729	71
2389	8	111326731	67
2389	9	4210212500	65
2389	10	4210238599	65
2390	1	4210222307	316
2390	2	4306463855	232
2390	3	4306463937	198
2390	4	2764375719	187
2390	5	4306464215	158
2390	6	4306462995	130
2390	7	4210183157	79
2390	8	134363990	75
2390	9	4306463091	72
2390	10	57697378	71
2391	1	106296714	538
2391	2	4306463937	256
2391	3	4306400194	135
2391	4	67425620	70
2391	5	4210172589	59
2391	6	128754310	50
2391	7	2764900261	46
2391	8	2764905038	38
2391	9	4306463230	38
2391	10	4210179954	37
2392	1	4210172589	333
2392	2	10134376	186
2392	3	4306463937	174
2392	4	148599315	126
2392	5	4306463855	116
2392	6	125977778	87
2392	7	171183513	77
2392	8	4306401271	72
2392	9	6814119	68
2392	10	93284759	65
2393	1	4306463937	372
2393	2	4210235468	180
2393	3	4210172589	163
2393	4	4306463855	110
2393	5	4210213280	86
2393	6	76633192	84
2393	7	4306401280	53
2393	8	4317411217	46
2393	9	4210234291	39
2393	10	4306525036	39
2394	1	4210172589	662
2394	2	151491554	289
2394	3	4306401271	227
2394	4	4306463937	192
2394	5	116483603	172
2394	6	4210178946	148
2394	7	2764347203	112
2394	8	61561007	59
2394	9	2764470529	51
2394	10	4306401280	49
2395	1	4210182600	160
2395	2	4306401280	128
2395	3	4387283194	63
2395	4	4210174514	62
2395	5	4317411217	58
2395	6	4210240944	57
2395	7	4210235696	55
2395	8	4210234276	54
2395	9	4210211945	53
2395	10	4210214779	52
2396	1	4306400194	953
2396	2	81011612	375
2396	3	200871675	351
2396	4	151579836	231
2396	5	47823441	207
2396	6	70695507	119
2396	7	106596053	117
2396	8	71958379	106
2396	9	70718007	100
2396	10	50372074	91
2397	1	4306463937	437
2397	2	4306463855	356
2397	3	4306462995	321
2397	4	97919111	171
2397	5	57090429	132
2397	6	4306462964	131
2397	7	4306463716	114
2397	8	64143016	111
2397	9	44487342	101
2397	10	132495599	99
2398	1	4306462995	604
2398	2	2764375719	373
2398	3	4306463937	167
2398	4	4306463717	158
2398	5	4306463716	149
2398	6	955825915	145
2398	7	4306463855	133
2398	8	77594414	119
2398	9	183162882	111
2398	10	4306463708	99
2399	1	2764449665	318
2399	2	187179583	294
2399	3	4306463937	202
2399	4	28824761	196
2399	5	4306401271	185
2399	6	99313352	154
2399	7	2898343181	138
2399	8	4210172589	119
2399	9	4306463855	108
2399	10	10134376	90
2400	1	50004817	313
2400	2	4306525036	235
2400	3	166515463	178
2400	4	4306463937	158
2400	5	79704628	144
2400	6	4306463230	128
2400	7	173274907	89
2400	8	202381698	88
2400	9	180901878	84
2400	10	70982952	79
2401	1	106296714	355
2401	2	103321696	193
2401	3	57667410	148
2401	4	4306463937	133
2401	5	173256270	115
2401	6	4306400194	109
2401	7	169988927	89
2401	8	91278097	88
2401	9	196821226	57
2401	10	2764905038	54
2402	1	31999364	521
2402	2	4306525036	445
2402	3	121550340	306
2402	4	4306463230	249
2402	5	2754346785	167
2402	6	4306463937	166
2402	7	72350973	59
2402	8	4210169865	57
2402	9	4210168531	54
2402	10	100045985	52
2403	1	4210196743	153
2403	2	4306463230	132
2403	3	4306463937	111
2403	4	98026630	97
2403	5	4306525036	69
2403	6	4210230202	68
2403	7	2765017008	57
2403	8	4306401280	57
2403	9	134644764	56
2403	10	2456228	52
2404	1	4306400194	1080
2404	2	42286584	407
2404	3	145196850	312
2404	4	4306463937	208
2404	5	106296714	118
2404	6	16116274	116
2404	7	142132501	116
2404	8	35093870	111
2404	9	4210209227	108
2404	10	4210180650	104
2405	1	3649266	612
2405	2	182455754	179
2405	3	50523690	168
2405	4	187991544	127
2405	5	35412551	123
2405	6	4306400194	90
2405	7	190924190	88
2405	8	77047749	82
2405	9	22862804	81
2405	10	20241394	78
2406	1	2764566388	217
2406	2	2764531433	116
2406	3	4210179954	89
2406	4	4210169156	75
2406	5	4210172589	66
2406	6	2764905038	63
2406	7	2764696622	58
2406	8	4210201094	58
2406	9	4210189194	57
2406	10	4210187594	54
2407	1	4210195883	363
2407	2	4210196743	233
2407	3	2738977497	190
2407	4	4210225204	151
2407	5	2493613807	106
2407	6	4121844	93
2407	7	4210230202	74
2407	8	4306401280	71
2407	9	193620188	65
2407	10	53118794	64
2408	1	4210168428	306
2408	2	4210169156	156
2408	3	2737075480	146
2408	4	2738862193	99
2408	5	2764905038	98
2408	6	4210220879	97
2408	7	4210232431	91
2408	8	4210170054	84
2408	9	4210202797	80
2408	10	4210226328	75
2409	1	4306464232	682
2409	2	4306462995	546
2409	3	4306462964	504
2409	4	4210194858	261
2409	5	4306463708	219
2409	6	4306463937	205
2409	7	4306463091	181
2409	8	146160188	152
2409	9	2764375719	130
2409	10	4306463855	114
2410	1	41354064	1043
2410	2	4210168331	775
2410	3	4306463937	734
2410	4	73388172	263
2410	5	110436767	167
2410	6	133942674	153
2410	7	205754296	133
2410	8	95954025	117
2410	9	205050996	101
2410	10	197964166	98
2411	1	4306525036	402
2411	2	146952083	294
2411	3	4306463937	237
2411	4	4306463230	165
2411	5	65618785	146
2411	6	154904565	125
2411	7	14109371	123
2411	8	118785805	117
2411	9	2764466093	115
2411	10	157799717	105
2412	1	192603849	501
2412	2	10422866	249
2412	3	30970080	246
2412	4	41354064	187
2412	5	162030435	154
2412	6	165482960	153
2412	7	4210169613	147
2412	8	4306525036	117
2412	9	10623703	108
2412	10	174911965	97
2413	1	4306401280	437
2413	2	4306508794	188
2413	3	4306526477	112
2413	4	4306525036	102
2413	5	4306526462	88
2413	6	4306527442	76
2413	7	4210192533	75
2413	8	4306526435	75
2413	9	4306526599	58
2413	10	4306519610	57
2414	1	56205983	531
2414	2	8178725	416
2414	3	4306463937	185
2414	4	2596539584	149
2414	5	78843499	135
2414	6	4306463855	125
2414	7	130567056	111
2414	8	4210172589	91
2414	9	10134376	86
2414	10	191597982	69
2415	1	4306463937	326
2415	2	4210172589	179
2415	3	148368070	167
2415	4	4306463409	111
2415	5	4306463855	72
2415	6	4210213280	59
2415	7	166002381	52
2415	8	184846731	47
2415	9	69799158	42
2415	10	134094273	42
2416	1	113542562	381
2416	2	2764696622	189
2416	3	147871266	176
2416	4	189509794	144
2416	5	200764475	133
2416	6	201266914	129
2416	7	65986292	116
2416	8	199247034	89
2416	9	201441698	87
2416	10	76010543	83
2417	1	4306400194	291
2417	2	87560609	137
2417	3	106296714	116
2417	4	98424699	115
2417	5	4306402567	102
2417	6	198828251	99
2417	7	4306463937	90
2417	8	202381698	80
2417	9	126146781	74
2417	10	4306463230	69
2418	1	4306525036	373
2418	2	76900504	175
2418	3	102131606	153
2418	4	4306463937	116
2418	5	106546978	115
2418	6	4210203888	90
2418	7	4306463230	90
2418	8	104471971	84
2418	9	14436165	75
2418	10	192921980	73
2419	1	4306525036	150
2419	2	8427965	102
2419	3	4306400194	90
2419	4	4210169992	80
2419	5	4306463230	80
2419	6	4306463937	73
2419	7	101949793	72
2419	8	4220650825	72
2419	9	44278595	64
2419	10	5240358	58
2420	1	200764475	185
2420	2	177196338	168
2420	3	186054908	152
2420	4	4210168331	101
2420	5	92465984	99
2420	6	183492911	99
2420	7	164609412	98
2420	8	2481244646	86
2420	9	123288148	83
2420	10	108008259	76
2421	1	4306525036	277
2421	2	205775358	218
2421	3	14436165	195
2421	4	4306463230	161
2421	5	182143151	148
2421	6	4306463937	148
2421	7	4210218062	114
2421	8	108732581	83
2421	9	191417626	76
2421	10	198804558	72
2422	1	2596394214	238
2422	2	95522064	187
2422	3	196734849	176
2422	4	4819472	168
2422	5	4306402450	159
2422	6	168415115	141
2422	7	110533041	134
2422	8	4306525036	133
2422	9	4306400194	121
2422	10	144507673	117
2423	1	106296714	156
2423	2	4306463937	115
2423	3	18122089	104
2423	4	4210189194	81
2423	5	4210206007	78
2423	6	87725633	70
2423	7	40280859	62
2423	8	4210224994	59
2423	9	37879656	57
2423	10	4306400194	51
2424	1	70708404	262
2424	2	4306400194	152
2424	3	113313948	143
2424	4	4210168340	116
2424	5	207841149	106
2424	6	118794974	87
2424	7	4306463937	87
2424	8	207559368	81
2424	9	101212950	80
2424	10	2764368349	78
2425	1	202680183	312
2425	2	149937609	241
2425	3	186935893	212
2425	4	164770093	183
2425	5	67425620	127
2425	6	145089992	124
2425	7	13479253	112
2425	8	69753523	94
2425	9	33892871	83
2425	10	112051168	82
2426	1	4306525036	424
2426	2	14436165	95
2426	3	4306463937	90
2426	4	144860794	80
2426	5	141953298	72
2426	6	43051214	71
2426	7	3376858	69
2426	8	4306463230	65
2426	9	76900504	63
2426	10	2738950867	53
2427	1	16737290	292
2427	2	67425620	181
2427	3	87940674	131
2427	4	154732359	130
2427	5	2737696269	129
2427	6	70681891	112
2427	7	4210189194	108
2427	8	18714766	89
2427	9	2898407351	85
2427	10	165830345	79
2428	1	4306401271	363
2428	2	4210172589	167
2428	3	980556082	140
2428	4	4306401280	99
2428	5	4306463937	69
2428	6	2737826994	60
2428	7	4210226649	60
2428	8	4306525769	60
2428	9	4317411217	53
2428	10	4210192013	45
2429	1	4306525036	489
2429	2	14436165	144
2429	3	4306401280	92
2429	4	117498271	85
2429	5	15111687	74
2429	6	84231135	67
2429	7	4306402450	58
2429	8	147701277	53
2429	9	175775512	53
2429	10	15137598	50
2430	1	4306463937	434
2430	2	51499954	299
2430	3	32968970	247
2430	4	143903698	183
2430	5	64869615	156
2430	6	80146597	156
2430	7	4306462819	133
2430	8	4306462995	129
2430	9	4306463855	109
2430	10	4210198004	106
2431	1	94618080	427
2431	2	85146435	154
2431	3	4210221166	114
2431	4	201860848	80
2431	5	4210186100	79
2431	6	148071443	69
2431	7	4306463937	66
2431	8	4306463230	65
2431	9	2765017008	64
2431	10	48277251	58
2432	1	4306463937	279
2432	2	4210195883	255
2432	3	4306463855	224
2432	4	118957039	165
2432	5	4306462967	161
2432	6	2764895074	121
2432	7	2738573275	117
2432	8	4210172589	117
2432	9	4210179398	86
2432	10	4306463223	81
2433	1	4306525036	406
2433	2	4306463937	238
2433	3	14436165	148
2433	4	58727509	141
2433	5	2755888424	133
2433	6	166925758	132
2433	7	32635664	107
2433	8	80252431	103
2433	9	3992287	85
2433	10	191012840	83
2434	1	4306525036	206
2434	2	41354064	188
2434	3	30970080	172
2434	4	162030435	118
2434	5	140251998	80
2434	6	4306463230	78
2434	7	113768434	77
2434	8	187816532	77
2434	9	125754415	71
2434	10	202381698	69
2435	1	4210230151	292
2435	2	99182027	289
2435	3	128368299	254
2435	4	4210208105	209
2435	5	138681734	154
2435	6	31534900	92
2435	7	128754310	79
2435	8	4306463937	77
2435	9	4306402512	76
2435	10	153381426	72
2436	1	148071443	183
2436	2	146146975	181
2436	3	2765017008	125
2436	4	2738977497	95
2436	5	11781297	84
2436	6	139950591	82
2436	7	129843401	77
2436	8	182975812	76
2436	9	75515220	75
2436	10	4210195883	71
2437	1	4306463855	239
2437	2	4306463937	202
2437	3	4306463716	197
2437	4	2764375719	136
2437	5	4306462995	105
2437	6	4210178631	97
2437	7	4210172589	82
2437	8	4210232762	79
2437	9	4306401280	67
2437	10	4306463122	65
2438	1	4306525036	403
2438	2	14436165	266
2438	3	108525051	199
2438	4	68090385	139
2438	5	4306463937	133
2438	6	2754868259	125
2438	7	153558830	114
2438	8	137740113	85
2438	9	45720283	84
2438	10	80252431	73
2439	1	121799786	373
2439	2	4306525036	312
2439	3	158472458	220
2439	4	176204532	172
2439	5	15239247	155
2439	6	4306402450	117
2439	7	60760007	69
2439	8	116566766	58
2439	9	4210200158	53
2439	10	2739064124	51
2440	1	4306462995	420
2440	2	4306463708	321
2440	3	4306463937	215
2440	4	70443789	187
2440	5	4306462964	159
2440	6	185278035	148
2440	7	4306463855	142
2440	8	126848956	123
2440	9	4306464232	117
2440	10	4306463717	104
2441	1	4306525036	260
2441	2	4306463937	207
2441	3	104038378	119
2441	4	4306463230	118
2441	5	14436165	117
2441	6	140251998	106
2441	7	111155417	86
2441	8	41354064	79
2441	9	200071133	75
2441	10	171072222	66
2442	1	105243760	235
2442	2	166040772	174
2442	3	178776955	157
2442	4	2764696622	154
2442	5	187991544	144
2442	6	100373537	142
2442	7	4210237713	140
2442	8	4306400194	140
2442	9	90999920	101
2442	10	164001016	99
2443	1	198733495	254
2443	2	4306463937	183
2443	3	4306525036	157
2443	4	109512841	93
2443	5	39307421	92
2443	6	79054089	63
2443	7	4306402450	54
2443	8	64418186	46
2443	9	202381698	40
2443	10	4210172589	40
2444	1	2764375719	233
2444	2	4306463122	171
2444	3	4306463855	166
2444	4	4306463937	146
2444	5	4306401280	67
2444	6	4210216033	62
2444	7	4306463716	58
2444	8	184725536	53
2444	9	4306462964	46
2444	10	142871922	44
2445	1	4306463937	374
2445	2	180907581	141
2445	3	2764375719	100
2445	4	4306462995	98
2445	5	99485778	87
2445	6	4306463855	77
2445	7	4306400194	76
2445	8	4306463230	73
2445	9	124167300	71
2445	10	4306464261	66
2446	1	4306401280	212
2446	2	4317411217	137
2446	3	4306516739	113
2446	4	4210225681	104
2446	5	4210181543	94
2446	6	4387279099	87
2446	7	4210201831	84
2446	8	4306509003	84
2446	9	4306516787	78
2446	10	4210185357	73
2447	1	171471881	1027
2447	2	199213172	393
2447	3	12023821	295
2447	4	4210171734	274
2447	5	2764756136	268
2447	6	199789556	254
2447	7	4210218701	207
2447	8	4306527470	119
2447	9	4306400562	115
2447	10	2764351231	94
2448	1	102131452	332
2448	2	4306463937	209
2448	3	132870446	197
2448	4	184475040	146
2448	5	169817793	138
2448	6	4306463855	137
2448	7	42616313	111
2448	8	4306401280	90
2448	9	4306525036	85
2448	10	4210172589	75
2449	1	179591353	198
2449	2	183492911	137
2449	3	4306463937	122
2449	4	4210202285	101
2449	5	4210179979	64
2449	6	4306463230	46
2449	7	4210187594	42
2449	8	4306400194	41
2449	9	4210222082	40
2449	10	4306499594	40
2450	1	4306400194	621
2450	2	195663288	312
2450	3	183492911	195
2450	4	1980519	142
2450	5	85738991	138
2450	6	205231332	118
2450	7	170977379	82
2450	8	4306463937	82
2450	9	126256729	68
2450	10	4306418306	68
2451	1	2764498263	497
2451	2	2764649243	370
2451	3	2764567417	203
2451	4	4306524031	133
2451	5	2764761917	117
2451	6	67425620	103
2451	7	128754310	91
2451	8	2764490911	66
2451	9	4210187594	65
2451	10	4210179954	58
2452	1	183492911	274
2452	2	116836101	215
2452	3	4210171700	206
2452	4	75741262	158
2452	5	105243760	155
2452	6	178776955	148
2452	7	4306463937	146
2452	8	96702057	103
2452	9	100835903	102
2452	10	170809390	81
2453	1	4306525036	345
2453	2	104135014	338
2453	3	124584150	336
2453	4	138569045	209
2453	5	4306463937	114
2453	6	100253076	100
2453	7	144860794	77
2453	8	2764731433	76
2453	9	50452426	75
2453	10	141953298	74
2454	1	4306462995	385
2454	2	4306463716	233
2454	3	198035802	183
2454	4	4306463937	169
2454	5	2764375719	140
2454	6	4306462951	132
2454	7	4306463797	126
2454	8	4306463855	115
2454	9	4306463091	94
2454	10	11977755	91
2455	1	2737297938	366
2455	2	4210215729	342
2455	3	100787194	247
2455	4	163860444	186
2455	5	4210232130	136
2455	6	107729305	135
2455	7	4210199543	126
2455	8	4306531010	112
2455	9	151808461	101
2455	10	4210229456	97
2456	1	166478399	605
2456	2	4306463937	148
2456	3	4210231481	109
2456	4	2764858393	94
2456	5	4210188893	85
2456	6	4210195883	80
2456	7	4210173592	78
2456	8	10134376	73
2456	9	4210205662	68
2456	10	4306401280	67
2457	1	191591276	279
2457	2	4306463855	244
2457	3	4306463937	199
2457	4	2764375719	144
2457	5	4306462995	126
2457	6	2764420735	116
2457	7	4306463122	88
2457	8	4306462964	81
2457	9	2739093105	79
2457	10	4306463708	78
2458	1	146636433	406
2458	2	108008259	380
2458	3	134627157	290
2458	4	4306463937	246
2458	5	111600783	231
2458	6	171616156	225
2458	7	112227793	210
2458	8	161439912	175
2458	9	203479135	175
2458	10	70121411	164
2459	1	2764548376	297
2459	2	4306463937	288
2459	3	4306525036	256
2459	4	4306463230	237
2459	5	100736837	134
2459	6	160568490	106
2459	7	1995308	103
2459	8	128848949	91
2459	9	111727011	90
2459	10	51047553	81
2460	1	4306525036	333
2460	2	39924113	310
2460	3	4306463937	260
2460	4	76925378	259
2460	5	197964821	222
2460	6	4306463230	126
2460	7	42576627	77
2460	8	4306402450	76
2460	9	156174673	67
2460	10	181459644	60
2461	1	4306463091	430
2461	2	4306463937	251
2461	3	4306463855	202
2461	4	68389394	168
2461	5	4306463491	136
2461	6	4306464022	131
2461	7	174608640	126
2461	8	79803084	112
2461	9	4306462964	98
2461	10	4306463716	95
2462	1	120724121	476
2462	2	116826557	334
2462	3	4306463937	324
2462	4	4306525036	153
2462	5	4306463855	91
2462	6	204183829	90
2462	7	130337233	89
2462	8	4210172589	81
2462	9	2735557189	69
2462	10	4306463230	66
2463	1	4306525036	371
2463	2	4306463937	171
2463	3	4306463230	133
2463	4	157833918	129
2463	5	102868315	114
2463	6	144099348	91
2463	7	155128447	79
2463	8	4210216721	74
2463	9	43051214	70
2463	10	128227336	66
2464	1	14436165	606
2464	2	4306525036	278
2464	3	4306463937	99
2464	4	79704628	90
2464	5	141953298	89
2464	6	2738950867	81
2464	7	4306463230	66
2464	8	154471048	53
2464	9	141866484	52
2464	10	145023809	51
2465	1	4306525036	330
2465	2	168522863	125
2465	3	4306402450	112
2465	4	15137598	105
2465	5	168415115	90
2465	6	202381698	87
2465	7	10623703	80
2465	8	126644158	80
2465	9	196734849	79
2465	10	2596394214	74
2466	1	183492911	305
2466	2	105243760	280
2466	3	143744711	191
2466	4	178776955	161
2466	5	134390580	131
2466	6	187991544	130
2466	7	168975578	118
2466	8	31010182	116
2466	9	186881120	105
2466	10	4306463937	87
2467	1	4306463937	207
2467	2	4306463855	183
2467	3	178513897	160
2467	4	4317411217	156
2467	5	82712235	95
2467	6	4210172589	80
2467	7	128210042	70
2467	8	164158252	62
2467	9	4306401271	61
2467	10	75507510	58
2468	1	147871266	758
2468	2	143190592	281
2468	3	185347286	185
2468	4	201595455	146
2468	5	4306463230	109
2468	6	4306463075	92
2468	7	23579880	81
2468	8	4306463937	76
2468	9	201266914	75
2468	10	113542562	73
2469	1	4306463937	246
2469	2	4306400194	179
2469	3	4306463855	106
2469	4	4210172589	97
2469	5	2765007003	91
2469	6	4210228244	62
2469	7	4210188945	59
2469	8	4306401280	52
2469	9	4306463230	50
2469	10	4306525036	50
2470	1	4210234781	166
2470	2	189314969	160
2470	3	138564541	139
2470	4	2764375719	137
2470	5	108956734	117
2470	6	4210222321	96
2470	7	4306463855	88
2470	8	4306463937	87
2470	9	4306463717	84
2470	10	64041370	82
2471	1	192525298	428
2471	2	143736624	229
2471	3	4306463937	207
2471	4	4306462995	182
2471	5	29311329	169
2471	6	70812101	148
2471	7	44364171	112
2471	8	2764375719	109
2471	9	4306463855	94
2471	10	124017082	85
2472	1	2493613807	124
2472	2	2254258	123
2472	3	152924554	109
2472	4	4306463937	99
2472	5	58631098	93
2472	6	42294715	91
2472	7	32610980	86
2472	8	202986090	81
2472	9	4210196743	76
2472	10	170036492	75
2473	1	4306462841	254
2473	2	2764418312	237
2473	3	4306463937	220
2473	4	189780351	134
2473	5	4306463855	122
2473	6	175215962	115
2473	7	96320682	89
2473	8	190270160	89
2473	9	2764687869	89
2473	10	4306515200	84
2474	1	4306463855	210
2474	2	4306463937	172
2474	3	4210223640	117
2474	4	4210172589	112
2474	5	4306478302	83
2474	6	200748917	67
2474	7	171182518	58
2474	8	2764375719	48
2474	9	78977824	47
2474	10	2764626758	47
2475	1	4306463937	114
2475	2	2493613807	113
2475	3	4306402567	107
2475	4	135734010	89
2475	5	32610980	87
2475	6	98430239	79
2475	7	58631098	78
2475	8	135458494	78
2475	9	42294715	72
2475	10	59292991	64
2476	1	4306463937	385
2476	2	4306525036	250
2476	3	4306463230	165
2476	4	4026894	148
2476	5	116127033	100
2476	6	38337076	98
2476	7	195816289	82
2476	8	163289574	77
2476	9	59624048	70
2476	10	124035732	67
2477	1	4306525036	325
2477	2	128990672	162
2477	3	4306463937	119
2477	4	180051340	77
2477	5	42803210	64
2477	6	4306463230	61
2477	7	140251998	58
2477	8	202381698	55
2477	9	151589183	49
2477	10	104038378	39
2478	1	4306400194	183
2478	2	106296714	152
2478	3	4306463937	144
2478	4	4306463409	125
2478	5	4210172589	96
2478	6	4387284482	59
2478	7	102129144	50
2478	8	4306463855	44
2478	9	4210183893	42
2478	10	4306401280	40
2479	1	106296714	342
2479	2	4306400194	190
2479	3	2764905038	103
2479	4	4306463937	82
2479	5	4210206007	75
2479	6	2764900261	68
2479	7	4210169156	59
2479	8	4306463230	58
2479	9	4306462844	54
2479	10	4306421123	53
2480	1	4210229049	321
2480	2	2764757363	183
2480	3	4306516183	153
2480	4	123960215	135
2480	5	2946866068	126
2480	6	4306525036	111
2480	7	4210216872	94
2480	8	2913877612	89
2480	9	2913881216	87
2480	10	4210197537	84
2481	1	106296714	502
2481	2	30338973	153
2481	3	4306463937	98
2481	4	4306463409	88
2481	5	2764905038	71
2481	6	143568823	50
2481	7	2764900261	50
2481	8	4210172589	45
2481	9	120348307	37
2481	10	5565671	36
2482	1	139192911	391
2482	2	62290193	323
2482	3	4306463075	236
2482	4	39260535	142
2482	5	67425620	130
2482	6	128754310	106
2482	7	129124101	99
2482	8	184406644	93
2482	9	4306463937	88
2482	10	75411654	85
2483	1	4306463855	204
2483	2	4210172589	168
2483	3	4306463937	150
2483	4	50366009	102
2483	5	4306401271	96
2483	6	4306463223	92
2483	7	38825547	63
2483	8	4306463708	57
2483	9	87933477	55
2483	10	137445289	52
2484	1	4306525036	309
2484	2	40629775	269
2484	3	76304953	249
2484	4	4306463937	164
2484	5	19572933	132
2484	6	3919362	128
2484	7	79587146	123
2484	8	191336577	111
2484	9	207341048	110
2484	10	167047176	106
2485	1	4306463937	149
2485	2	4306525036	100
2485	3	151331055	90
2485	4	4210172589	67
2485	5	4306463855	62
2485	6	4306463708	59
2485	7	147670119	55
2485	8	4306401280	51
2485	9	4306463230	50
2485	10	9692511	42
2486	1	4306463230	123
2486	2	186745480	107
2486	3	119525064	104
2486	4	4306401271	91
2486	5	137362610	89
2486	6	4210196743	88
2486	7	4306463937	82
2486	8	116775814	79
2486	9	4306463075	61
2486	10	128754310	54
2487	1	4210240185	353
2487	2	33812154	273
2487	3	4306463075	204
2487	4	128754310	171
2487	5	156658909	155
2487	6	165454098	143
2487	7	4210230151	136
2487	8	67425620	128
2487	9	4306512537	120
2487	10	79332557	117
2488	1	4306400194	225
2488	2	42257983	140
2488	3	106296714	135
2488	4	4306463937	103
2488	5	4306463855	58
2488	6	4387284482	54
2488	7	4210169156	52
2488	8	4210172589	51
2488	9	4306506385	49
2488	10	4306525036	48
2489	1	64311837	117
2489	2	4306463230	98
2489	3	83853393	95
2489	4	134644764	85
2489	5	4306525036	84
2489	6	4306463075	83
2489	7	4306463937	68
2489	8	4218381	66
2489	9	98026630	62
2489	10	173499201	60
2490	1	4306463937	122
2490	2	4210202658	109
2490	3	4210172589	83
2490	4	106296714	82
2490	5	4306462844	69
2490	6	4306418341	66
2490	7	4306400194	56
2490	8	2764746358	55
2490	9	2764825856	52
2490	10	4210169567	45
2491	1	139340696	905
2491	2	93909106	733
2491	3	119074828	535
2491	4	6791298	236
2491	5	4210174675	199
2491	6	105243760	181
2491	7	89963981	180
2491	8	4210187594	144
2491	9	4306400194	130
2491	10	187991544	116
2492	1	4306525036	179
2492	2	4306463937	175
2492	3	4306463230	149
2492	4	27405227	106
2492	5	2898245483	101
2492	6	2486125978	95
2492	7	189281586	82
2492	8	4306402567	67
2492	9	23243006	65
2492	10	2595931848	57
2493	1	4306401280	291
2493	2	4306501355	57
2493	3	4317411217	54
2493	4	2737892395	53
2493	5	4210179705	48
2493	6	4210170630	46
2493	7	4210173567	42
2493	8	2736489685	41
2493	9	4306463855	33
2493	10	172504065	31
2494	1	4306525036	317
2494	2	4306463937	174
2494	3	4306463230	158
2494	4	14436165	129
2494	5	102424854	86
2494	6	2738950867	58
2494	7	115510430	49
2494	8	141953298	47
2494	9	79704628	45
2494	10	108732581	29
2495	1	4306418241	462
2495	2	133646729	292
2495	3	162355128	146
2495	4	181611401	135
2495	5	128536549	131
2495	6	163644703	108
2495	7	19887683	82
2495	8	2764501496	82
2495	9	4306463937	66
2495	10	77418581	53
2496	1	920941	290
2496	2	4306463937	201
2496	3	106296714	191
2496	4	2764905038	118
2496	5	92539022	80
2496	6	4210176895	64
2496	7	128754310	63
2496	8	2764830396	56
2496	9	67425620	53
2496	10	4306463075	51
2497	1	41354064	529
2497	2	205999849	190
2497	3	55509983	183
2497	4	166799026	155
2497	5	133942674	134
2497	6	4306463937	116
2497	7	108911230	113
2497	8	124250138	108
2497	9	4306525036	97
2497	10	205754296	93
2498	1	4306401280	231
2498	2	4210238726	66
2498	3	4306463855	66
2498	4	4317411217	43
2498	5	4306463937	37
2498	6	11825495	33
2498	7	4210172301	27
2498	8	4210183005	23
2498	9	2764375719	22
2498	10	4306401271	22
2499	1	4306525036	438
2499	2	4306463230	116
2499	3	53087977	110
2499	4	27359860	77
2499	5	4306463937	73
2499	6	14436165	63
2499	7	154078021	49
2499	8	91748803	48
2499	9	189281586	48
2499	10	2756006110	48
2500	1	61551921	150
2500	2	4306463937	139
2500	3	4306463409	127
2500	4	4306530332	115
2500	5	4306463855	100
2500	6	4306513963	96
2500	7	104917558	73
2500	8	4306401280	39
2500	9	106296714	34
2500	10	4210187594	34
2501	1	4210172589	432
2501	2	4306463937	225
2501	3	4306463855	143
2501	4	4306463223	135
2501	5	4306463708	113
2501	6	4306401271	100
2501	7	175747132	65
2501	8	75019429	64
2501	9	2764789201	56
2501	10	2764966877	54
2502	1	4306463855	226
2502	2	4306463937	221
2502	3	137445289	113
2502	4	4306464262	88
2502	5	10134376	82
2502	6	63591620	78
2502	7	4210172589	78
2502	8	4306401271	78
2502	9	4210171706	74
2502	10	4210173783	70
2503	1	175056054	315
2503	2	2764593084	190
2503	3	4306463937	181
2503	4	68497187	149
2503	5	4210172589	131
2503	6	75069817	101
2503	7	10134376	99
2503	8	4306401271	98
2503	9	815301	87
2503	10	198098182	87
2504	1	4306400194	926
2504	2	2764830807	355
2504	3	4306463937	208
2504	4	156280010	202
2504	5	81587429	164
2504	6	193011845	140
2504	7	58517994	134
2504	8	2883122597	122
2504	9	131125421	83
2504	10	134345577	59
2505	1	1118231	205
2505	2	4306525036	189
2505	3	191349260	122
2505	4	140251998	99
2505	5	4306463230	97
2505	6	30970080	93
2505	7	41354064	87
2505	8	4306463937	83
2505	9	129397763	77
2505	10	162030435	72
2506	1	149516416	389
2506	2	113542562	249
2506	3	106928643	241
2506	4	2530005873	230
2506	5	67716761	163
2506	6	168898714	163
2506	7	53162366	140
2506	8	41354064	125
2506	9	158447136	97
2506	10	187991544	80
2507	1	4306463937	274
2507	2	113227419	190
2507	3	2764375719	176
2507	4	4306463855	160
2507	5	4306462995	159
2507	6	4306463716	116
2507	7	184720211	114
2507	8	2736719808	102
2507	9	92205739	92
2507	10	4306462964	74
2508	1	150892397	614
2508	2	4306400194	307
2508	3	151579836	281
2508	4	203572503	222
2508	5	51920167	169
2508	6	939935174	135
2508	7	4210186983	135
2508	8	4306463937	125
2508	9	54871839	109
2508	10	12965339	97
2509	1	4210172589	1309
2509	2	4306463937	210
2509	3	178953182	153
2509	4	4306462995	132
2509	5	4306401271	125
2509	6	4306463708	89
2509	7	4306463091	83
2509	8	9871798	76
2509	9	4306463855	71
2509	10	4306463223	56
2510	1	183492911	222
2510	2	3649266	178
2510	3	187991544	120
2510	4	178776955	94
2510	5	50523690	85
2510	6	4306463937	79
2510	7	67716761	76
2510	8	143744711	70
2510	9	105243760	69
2510	10	199247034	67
2511	1	4306462995	499
2511	2	4306463937	456
2511	3	4306462964	435
2511	4	4306463091	172
2511	5	4306463855	153
2511	6	117294868	128
2511	7	4306463708	121
2511	8	38956312	100
2511	9	4890314	99
2511	10	4505127	73
2512	1	4210228942	158
2512	2	4306401280	155
2512	3	160717418	136
2512	4	4210177407	121
2512	5	4210223652	117
2512	6	4210189091	113
2512	7	4210232384	106
2512	8	40136328	104
2512	9	4210183744	94
2512	10	176484869	84
2513	1	114140916	347
2513	2	4210191709	192
2513	3	179591353	170
2513	4	61564791	109
2513	5	4306499314	97
2513	6	4306501138	94
2513	7	4306498377	86
2513	8	4306499274	85
2513	9	4210179979	84
2513	10	4306499490	79
2514	1	55783644	376
2514	2	4306463855	157
2514	3	4306463937	134
2514	4	2764375719	124
2514	5	2764812034	117
2514	6	968878802	91
2514	7	4210239543	75
2514	8	4210227828	74
2514	9	4210189997	71
2514	10	4210229066	71
2515	1	4306463409	162
2515	2	204030396	112
2515	3	4210172634	101
2515	4	4306463937	90
2515	5	104917558	78
2515	6	4306463855	61
2515	7	4306530332	60
2515	8	39341278	54
2515	9	127795871	50
2515	10	106296714	41
2516	1	4306400194	672
2516	2	70718007	662
2516	3	4210174138	137
2516	4	2764696622	99
2516	5	4306463937	94
2516	6	2764830807	83
2516	7	50372074	76
2516	8	73158690	67
2516	9	131125421	67
2516	10	2883122597	63
2517	1	4306462995	575
2517	2	4306463708	322
2517	3	4306463937	271
2517	4	4306463855	169
2517	5	4306462964	163
2517	6	115332500	99
2517	7	2764375719	91
2517	8	113166945	81
2517	9	4306463091	80
2517	10	4210172589	79
2518	1	4306525036	307
2518	2	4306463937	255
2518	3	164699263	155
2518	4	91064148	145
2518	5	170496595	143
2518	6	143352558	103
2518	7	43051214	98
2518	8	69483707	88
2518	9	113474406	80
2518	10	4306463230	79
2519	1	4210172589	280
2519	2	4306463937	238
2519	3	4306463855	126
2519	4	4306463409	103
2519	5	180105601	88
2519	6	4306400194	85
2519	7	4306463230	49
2519	8	106296714	48
2519	9	158429083	45
2519	10	60503757	43
2520	1	4306463937	199
2520	2	4210172589	157
2520	3	4306463708	110
2520	4	9692511	106
2520	5	88198767	96
2520	6	4306463855	89
2520	7	151331055	83
2520	8	27428843	79
2520	9	4306462995	74
2520	10	202381698	73
2521	1	4306463937	216
2521	2	4210179681	162
2521	3	204419675	130
2521	4	4306463855	112
2521	5	147670119	109
2521	6	12410666	92
2521	7	187348256	85
2521	8	9692511	84
2521	9	29984966	83
2521	10	4210172589	67
2522	1	4210187594	404
2522	2	2764696622	224
2522	3	4210177544	132
2522	4	4306401280	132
2522	5	4210178249	124
2522	6	2736546211	122
2522	7	4317411217	107
2522	8	4210227321	100
2522	9	4393919366	78
2522	10	2736870023	72
2523	1	49137649	446
2523	2	4306463937	425
2523	3	112377731	266
2523	4	4306525036	251
2523	5	150692223	207
2523	6	36642063	85
2523	7	40629775	75
2523	8	207341048	73
2523	9	76649502	69
2523	10	4306402450	69
2524	1	63023845	292
2524	2	171072222	150
2524	3	27605946	134
2524	4	197355279	105
2524	5	168898714	101
2524	6	4306463937	95
2524	7	149937609	92
2524	8	145089992	88
2524	9	41354064	86
2524	10	140210197	76
2525	1	4306462995	349
2525	2	4306463855	187
2525	3	4306463716	166
2525	4	4306463937	161
2525	5	199561357	157
2525	6	2047265	143
2525	7	79801392	110
2525	8	39427579	96
2525	9	112911512	95
2525	10	2764648610	94
2526	1	200764475	147
2526	2	11629336	104
2526	3	4306525036	101
2526	4	4306463230	94
2526	5	164001016	91
2526	6	41354064	54
2526	7	39794811	53
2526	8	2481244646	53
2526	9	123288148	52
2526	10	4306463075	52
2527	1	4306488284	4839
2527	2	142816121	60
2527	3	4306463937	56
2527	4	4306463230	55
2527	5	105208853	47
2527	6	81624066	42
2527	7	41354064	34
2527	8	95305481	32
2527	9	4306463075	26
2527	10	2764701876	23
2528	1	2595292759	280
2528	2	38008053	198
2528	3	4306525036	162
2528	4	108525051	133
2528	5	199671312	116
2528	6	41063453	90
2528	7	4306402567	88
2528	8	22947807	82
2528	9	93373720	71
2528	10	126191069	71
2529	1	105243760	460
2529	2	187991544	186
2529	3	143744711	185
2529	4	2493531148	155
2529	5	67716761	139
2529	6	19887683	128
2529	7	4210190837	108
2529	8	111927887	104
2529	9	162355128	103
2529	10	42323631	95
2530	1	41354064	357
2530	2	166799026	246
2530	3	4306525036	199
2530	4	205999849	148
2530	5	88226677	147
2530	6	44811770	130
2530	7	39653451	120
2530	8	201989124	110
2530	9	108911230	108
2530	10	55509983	92
2531	1	4210186913	111
2531	2	4306401840	103
2531	3	4306401280	98
2531	4	4317411217	96
2531	5	4306463937	92
2531	6	4306463855	91
2531	7	4210182124	78
2531	8	4393918174	60
2531	9	4306489128	54
2531	10	4393919366	51
2532	1	112292781	586
2532	2	45678097	360
2532	3	4306463937	354
2532	4	26113922	206
2532	5	4306463855	202
2532	6	2764375719	177
2532	7	4210208116	150
2532	8	4306464212	97
2532	9	4210229940	77
2532	10	2764640951	74
2533	1	43790123	376
2533	2	4306525036	235
2533	3	13895637	190
2533	4	34460812	129
2533	5	41354064	78
2533	6	4306463937	69
2533	7	140251998	55
2533	8	200780590	49
2533	9	10422866	46
2533	10	162030435	45
2534	1	162030435	287
2534	2	4306402567	207
2534	3	200071133	178
2534	4	168522863	175
2534	5	4210169613	117
2534	6	4306525036	83
2534	7	118914585	72
2534	8	191852912	70
2534	9	15137598	63
2534	10	30970080	63
2535	1	4306400194	1003
2535	2	106296714	566
2535	3	4306463937	76
2535	4	4210191458	72
2535	5	414566	63
2535	6	45693802	63
2535	7	2764905038	53
2535	8	4306419644	53
2535	9	4306420609	49
2535	10	2485537415	46
2536	1	4306400194	1810
2536	2	106296714	234
2536	3	103671469	115
2536	4	4210173698	95
2536	5	84775595	91
2536	6	4210191043	74
2536	7	4306402512	69
2536	8	4306463937	56
2536	9	151639445	46
2536	10	20133105	38
2537	1	46058507	414
2537	2	4363604106	148
2537	3	147767848	113
2537	4	10892749	107
2537	5	143744711	103
2537	6	4210187594	88
2537	7	128754310	84
2537	8	109302362	74
2537	9	67425620	67
2537	10	101949793	57
2538	1	143352558	448
2538	2	108525051	254
2538	3	66441642	243
2538	4	4306525036	243
2538	5	197964821	226
2538	6	6642600	142
2538	7	170171939	98
2538	8	28527816	97
2538	9	194656152	91
2538	10	14436165	84
2539	1	4306525036	294
2539	2	14436165	161
2539	3	4306463230	110
2539	4	4306463937	87
2539	5	103428141	82
2539	6	29918858	67
2539	7	4306463075	52
2539	8	4210192827	49
2539	9	148394532	41
2539	10	132049688	31
2540	1	122730748	295
2540	2	69753523	140
2540	3	181849944	130
2540	4	166351637	104
2540	5	4210189194	96
2540	6	67425620	85
2540	7	4363604106	85
2540	8	128754310	82
2540	9	154487680	76
2540	10	100482762	75
2541	1	4306400194	637
2541	2	4210187594	297
2541	3	18902827	248
2541	4	2764696622	207
2541	5	73158690	191
2541	6	171741597	134
2541	7	2764899362	111
2541	8	2738357781	110
2541	9	106296714	99
2541	10	902237881	94
2542	1	4306463855	193
2542	2	199390258	181
2542	3	4306463937	171
2542	4	4306463637	144
2542	5	2738192206	111
2542	6	116110528	74
2542	7	4210176919	70
2542	8	177839238	63
2542	9	4306463091	61
2542	10	4306401280	59
2543	1	38407038	214
2543	2	198573919	126
2543	3	63406773	119
2543	4	134216166	107
2543	5	4306463937	104
2543	6	4210195883	103
2543	7	60020396	100
2543	8	106004775	97
2543	9	2764931087	94
2543	10	4306402450	87
2544	1	4210172589	622
2544	2	4306401271	159
2544	3	2764670906	95
2544	4	4306401280	93
2544	5	4210167977	49
2544	6	4306463937	41
2544	7	2765070305	35
2544	8	4317411217	35
2544	9	2764648571	32
2544	10	181027741	30
2545	1	4306463855	298
2545	2	4306463937	233
2545	3	13129305	180
2545	4	187925018	99
2545	5	2764358236	93
2545	6	4306463871	85
2545	7	4306401280	62
2545	8	4306462964	54
2545	9	2764401070	50
2545	10	94618750	48
2546	1	145575934	126
2546	2	4210172589	79
2546	3	4306400194	75
2546	4	106296714	71
2546	5	10134376	63
2546	6	2764566388	62
2546	7	4306401271	60
2546	8	4306463937	59
2546	9	2764905038	58
2546	10	4306463855	56
2547	1	4306525036	339
2547	2	207294652	140
2547	3	131016564	111
2547	4	4306463937	111
2547	5	13842274	100
2547	6	4306463230	80
2547	7	159852663	69
2547	8	30283931	65
2547	9	84493273	64
2547	10	77494981	58
2548	1	4306525036	319
2548	2	181459644	115
2548	3	5303612	76
2548	4	2312674	71
2548	5	83853393	55
2548	6	14436165	53
2548	7	45161156	50
2548	8	64311837	49
2548	9	4306463937	49
2548	10	4306463230	44
2549	1	106296714	191
2549	2	183492911	179
2549	3	4306400194	94
2549	4	4306463937	93
2549	5	414566	77
2549	6	128754310	64
2549	7	67425620	56
2549	8	4210187594	52
2549	9	151820558	46
2549	10	2764471703	36
2550	1	4306463855	214
2550	2	4210172589	151
2550	3	2764375719	132
2550	4	4306463708	105
2550	5	4306463937	103
2550	6	4306463716	91
2550	7	4306401271	74
2550	8	4306463717	69
2550	9	4306462995	65
2550	10	121590172	58
2551	1	4306463937	229
2551	2	4306463708	147
2551	3	4306463855	131
2551	4	4210172589	93
2551	5	84268765	84
2551	6	151331055	72
2551	7	1000263748	71
2551	8	182728965	47
2551	9	4306462819	47
2551	10	4306462995	47
2552	1	22881060	319
2552	2	4306525036	204
2552	3	4306463937	187
2552	4	4306463230	146
2552	5	171405753	138
2552	6	106296714	111
2552	7	44033376	82
2552	8	111362775	74
2552	9	65770309	72
2552	10	1605907	69
2553	1	4306463937	186
2553	2	149515109	172
2553	3	136368880	162
2553	4	80334769	121
2553	5	92766711	99
2553	6	4306402567	98
2553	7	4210226251	95
2553	8	4306525036	94
2553	9	4306463855	83
2553	10	4306463708	82
2554	1	4306525036	267
2554	2	110785341	103
2554	3	128018148	78
2554	4	4306463230	62
2554	5	41786655	53
2554	6	2737566431	52
2554	7	4306463937	52
2554	8	4306402450	38
2554	9	38078933	37
2554	10	4306463075	32
2555	1	4306462964	233
2555	2	180173593	184
2555	3	4306463708	178
2555	4	4306463091	158
2555	5	17866092	123
2555	6	4210225949	120
2555	7	4306463937	115
2555	8	2764938596	113
2555	9	4306462995	100
2555	10	74068729	98
2556	1	4210186913	372
2556	2	2737951442	228
2556	3	4393918174	191
2556	4	4306401840	156
2556	5	2764365992	137
2556	6	4317411217	115
2556	7	2764374142	111
2556	8	4306489128	106
2556	9	2737977426	83
2556	10	4306485964	71
2557	1	41354064	945
2557	2	171987449	513
2557	3	171072222	291
2557	4	4210168331	278
2557	5	4306463937	258
2557	6	168898714	167
2557	7	4210200754	129
2557	8	67393510	120
2557	9	16435181	113
2557	10	67716761	90
2558	1	4306463937	321
2558	2	4306463855	214
2558	3	4306463708	210
2558	4	124026647	200
2558	5	4306463091	182
2558	6	4306462995	127
2558	7	4306463716	123
2558	8	4306463491	109
2558	9	4210203919	97
2558	10	4210188649	66
2559	1	102986953	123
2559	2	4306402512	98
2559	3	108956734	96
2559	4	26445087	76
2559	5	115629255	76
2559	6	2764375719	65
2559	7	4306463937	65
2559	8	4306462964	61
2559	9	110144479	47
2559	10	4306401280	47
2560	1	102681701	783
2560	2	197743716	485
2560	3	82136278	262
2560	4	201829030	178
2560	5	190997038	145
2560	6	140210197	128
2560	7	90999920	124
2560	8	17146316	106
2560	9	191522244	88
2560	10	129676613	72
2561	1	4210172139	123
2561	2	19375554	117
2561	3	4306463937	104
2561	4	61245073	96
2561	5	65504228	88
2561	6	7858788	83
2561	7	191963794	71
2561	8	202381698	66
2561	9	18188872	65
2561	10	41354064	65
2562	1	41354064	1440
2562	2	133942674	239
2562	3	205050996	195
2562	4	205754296	180
2562	5	4210168331	177
2562	6	197964166	167
2562	7	80698544	139
2562	8	201989124	139
2562	9	73388172	115
2562	10	110436767	107
2563	1	4306401280	369
2563	2	4306401271	123
2563	3	179032974	120
2563	4	94841437	94
2563	5	4210177011	84
2563	6	2737685810	72
2563	7	2737830884	63
2563	8	2737602391	59
2563	9	2738625220	58
2563	10	4306463937	57
2564	1	10892749	217
2564	2	189694085	185
2564	3	183492911	123
2564	4	101949793	77
2564	5	128754310	68
2564	6	147767848	66
2564	7	58031724	61
2564	8	4306463230	61
2564	9	16945967	59
2564	10	67425620	49
2565	1	4306463937	2681
2565	2	4210176779	113
2565	3	4306464255	109
2565	4	4363605512	74
2565	5	122833416	72
2565	6	4306400194	51
2565	7	4210183841	49
2565	8	4306463230	46
2565	9	36874608	43
2565	10	125795645	30
2566	1	2765017008	148
2566	2	146146975	114
2566	3	4306463937	101
2566	4	182975812	77
2566	5	34720450	76
2566	6	139950591	73
2566	7	53118794	71
2566	8	32610980	68
2566	9	159568494	65
2566	10	42294715	63
2567	1	102681701	326
2567	2	90999920	285
2567	3	129676613	232
2567	4	197743716	171
2567	5	186935893	143
2567	6	164770093	113
2567	7	202680183	112
2567	8	2764940244	83
2567	9	201829030	80
2567	10	135345724	76
2568	1	100787194	218
2568	2	4210173499	124
2568	3	4306401280	121
2568	4	191717031	110
2568	5	163860444	109
2568	6	178451187	103
2568	7	4306463937	92
2568	8	50870786	78
2568	9	138605562	73
2568	10	159699259	61
2569	1	183718435	578
2569	2	4306525036	193
2569	3	4306463230	182
2569	4	42921845	166
2569	5	163027424	152
2569	6	48878068	135
2569	7	79704628	120
2569	8	4306463937	117
2569	9	14436165	81
2569	10	123151105	62
2570	1	92465984	343
2570	2	177196338	272
2570	3	200764475	244
2570	4	41155759	221
2570	5	26060816	207
2570	6	187215728	169
2570	7	135472351	159
2570	8	102276873	156
2570	9	186054908	154
2570	10	124744586	126
2571	1	48277251	357
2571	2	139950591	155
2571	3	201860848	119
2571	4	2493613807	113
2571	5	96685181	112
2571	6	139986892	107
2571	7	2764455509	90
2571	8	2738977497	76
2571	9	149191589	74
2571	10	2764997579	73
2572	1	4210168073	721
2572	2	185196701	419
2572	3	33269604	383
2572	4	4306463855	192
2572	5	4306463937	151
2572	6	2764375719	150
2572	7	4306462995	117
2572	8	4210172589	102
2572	9	4306463708	86
2572	10	4306463716	85
2573	1	4210234098	114
2573	2	4306401280	112
2573	3	2739064124	73
2573	4	4306504933	63
2573	5	4220651536	56
2573	6	4317411217	44
2573	7	4220651749	40
2573	8	2737549463	35
2573	9	4210190059	34
2573	10	4306530332	30
2574	1	4210173877	224
2574	2	4306525036	171
2574	3	4306463937	138
2574	4	54816476	125
2574	5	4210168484	103
2574	6	19793444	99
2574	7	135934248	82
2574	8	129194695	75
2574	9	144187503	73
2574	10	116608325	57
2575	1	4306463937	337
2575	2	4306525036	213
2575	3	62507270	130
2575	4	2764375719	108
2575	5	4210202031	102
2575	6	4306462951	73
2575	7	4306463855	64
2575	8	4306463716	53
2575	9	15152477	52
2575	10	4306464261	52
2576	1	4306402567	322
2576	2	4306525036	150
2576	3	4210172139	143
2576	4	178711970	131
2576	5	2595292759	131
2576	6	19032547	110
2576	7	4306402450	100
2576	8	202381698	96
2576	9	52395412	94
2576	10	197593595	83
2577	1	4306401280	156
2577	2	4210172907	149
2577	3	4210186100	145
2577	4	4210222962	138
2577	5	4210230467	138
2577	6	4306488140	135
2577	7	4317411217	91
2577	8	4306527952	85
2577	9	4306527429	84
2577	10	4210181092	71
2578	1	4306525036	560
2578	2	141953298	97
2578	3	4306463937	81
2578	4	2764374989	58
2578	5	14436165	53
2578	6	2738950867	53
2578	7	4306463230	48
2578	8	43051214	43
2578	9	4306401280	41
2578	10	2764444635	40
2579	1	87940674	344
2579	2	4210187594	299
2579	3	34296711	274
2579	4	147871266	228
2579	5	63733671	196
2579	6	42323631	142
2579	7	113542562	130
2579	8	2764696622	128
2579	9	4210174949	127
2579	10	6791298	110
2580	1	4306525036	201
2580	2	177350161	113
2580	3	109517664	95
2580	4	45493217	80
2580	5	4306463937	79
2580	6	115201632	73
2580	7	4306402567	73
2580	8	4306463230	67
2580	9	203153751	63
2580	10	202381698	62
2581	1	4210202285	175
2581	2	166541267	164
2581	3	14064848	108
2581	4	4306463230	105
2581	5	128754310	83
2581	6	2764800956	74
2581	7	67425620	71
2581	8	4210189194	68
2581	9	152303250	64
2581	10	4210187594	64
2582	1	4306525036	431
2582	2	29564236	90
2582	3	108911230	88
2582	4	4306463937	72
2582	5	2756327665	66
2582	6	15444899	61
2582	7	39653451	58
2582	8	132108250	58
2582	9	10623703	49
2582	10	55509983	46
2583	1	10134376	300
2583	2	58516903	193
2583	3	18051569	141
2583	4	4306463937	116
2583	5	99313352	103
2583	6	19266977	102
2583	7	4306463230	81
2583	8	4306463855	78
2583	9	4210172589	69
2583	10	2737939966	64
2584	1	4210230881	300
2584	2	154838382	240
2584	3	137554564	196
2584	4	125977778	126
2584	5	4306463855	123
2584	6	4306463937	97
2584	7	4210199845	81
2584	8	148599315	80
2584	9	4306463230	64
2584	10	204918980	60
2585	1	54158622	197
2585	2	4306463716	99
2585	3	2764375719	98
2585	4	4306463855	95
2585	5	4306462995	85
2585	6	4306463525	85
2585	7	4306463937	83
2585	8	4210173577	77
2585	9	4306402512	67
2585	10	966500815	59
2586	1	162384186	231
2586	2	2764377309	219
2586	3	2764375719	201
2586	4	4306463855	150
2586	5	4306463937	133
2586	6	4306464225	118
2586	7	4210186230	113
2586	8	4210168547	85
2586	9	4210168982	73
2586	10	101079398	69
2587	1	4306525036	570
2587	2	2574783	212
2587	3	41026820	180
2587	4	4306463937	157
2587	5	14436165	119
2587	6	4306463230	72
2587	7	45432028	71
2587	8	139838620	69
2587	9	35334646	66
2587	10	2764444635	64
2588	1	105243760	445
2588	2	6791298	362
2588	3	4210237713	297
2588	4	24807848	184
2588	5	4306400194	175
2588	6	187991544	167
2588	7	2786256796	105
2588	8	190924190	96
2588	9	196734849	95
2588	10	137865625	92
2589	1	71958379	445
2589	2	2764696622	384
2589	3	83211391	245
2589	4	4306400194	205
2589	5	4210216062	182
2589	6	106263159	178
2589	7	59896594	175
2589	8	19800340	121
2589	9	16116274	101
2589	10	145196850	98
2590	1	4210187594	219
2590	2	4306401280	143
2590	3	2764696622	114
2590	4	4317411217	74
2590	5	4393919366	74
2590	6	4210226568	71
2590	7	4210182531	61
2590	8	4210193237	45
2590	9	4210224358	44
2590	10	4210187260	43
2591	1	4306401280	162
2591	2	974534199	76
2591	3	4306507326	58
2591	4	4210209713	57
2591	5	4306526694	56
2591	6	208038180	53
2591	7	4306463855	52
2591	8	4210172589	44
2591	9	4210174514	39
2591	10	2737081042	36
2592	1	4306400194	601
2592	2	24688465	313
2592	3	35412551	175
2592	4	142835798	162
2592	5	106296714	141
2592	6	4210235286	130
2592	7	131312518	86
2592	8	4210172589	84
2592	9	4306463937	83
2592	10	167943036	81
2593	1	68257882	483
2593	2	91956071	192
2593	3	41663952	136
2593	4	4306463855	125
2593	5	126319040	109
2593	6	2764766100	102
2593	7	43587112	94
2593	8	4210190227	56
2593	9	4306463937	49
2593	10	4210191441	38
2594	1	4210185096	338
2594	2	4306463937	300
2594	3	4306463409	90
2594	4	106296714	84
2594	5	65690446	67
2594	6	4306463519	60
2594	7	2764879640	58
2594	8	2898246533	54
2594	9	4210172589	44
2594	10	2764905038	41
2595	1	12643362	201
2595	2	4306463937	173
2595	3	4306463855	162
2595	4	4306525036	67
2595	5	4306463716	61
2595	6	4306401280	60
2595	7	4210210921	54
2595	8	4306463708	50
2595	9	4210172589	45
2595	10	2764375719	44
2596	1	20111203	184
2596	2	118082147	142
2596	3	153677060	138
2596	4	20257348	119
2596	5	96743589	95
2596	6	4306463937	92
2596	7	200038611	90
2596	8	104261359	76
2596	9	52732750	71
2596	10	155333626	71
2597	1	4210172589	93
2597	2	4210187594	86
2597	3	101949793	78
2597	4	106296714	70
2597	5	93646482	66
2597	6	160215590	66
2597	7	2764566388	64
2597	8	2764696622	59
2597	9	2764905038	58
2597	10	4210179954	54
2598	1	4306525036	336
2598	2	144860794	215
2598	3	187579785	172
2598	4	127437062	162
2598	5	10542796	112
2598	6	127438345	108
2598	7	205902839	106
2598	8	116251202	86
2598	9	4306463937	79
2598	10	60865174	64
2599	1	14436165	269
2599	2	191336577	216
2599	3	4306525036	162
2599	4	199507061	117
2599	5	15540642	94
2599	6	128637052	85
2599	7	4306402450	85
2599	8	19572933	82
2599	9	105513329	70
2599	10	2765008417	70
2600	1	4306525036	331
2600	2	14436165	185
2600	3	200071133	123
2600	4	4306463937	65
2600	5	4306463230	62
2600	6	86692366	60
2600	7	154471048	52
2600	8	141953298	46
2600	9	2738950867	45
2600	10	153015021	42
2601	1	106296714	409
2601	2	4306463937	115
2601	3	4306463409	105
2601	4	114499935	51
2601	5	128754310	45
2601	6	67425620	37
2601	7	4306400194	33
2601	8	2764825856	32
2601	9	2764384989	30
2601	10	2764900261	29
2602	1	4306525036	235
2602	2	54816476	193
2602	3	32993367	155
2602	4	192814187	155
2602	5	144187503	143
2602	6	4393917726	138
2602	7	19793444	115
2602	8	135934248	115
2602	9	121799786	114
2602	10	4306463937	89
2603	1	90573847	494
2603	2	4363604106	229
2603	3	4306463937	168
2603	4	49415658	135
2603	5	112856106	134
2603	6	13619737	133
2603	7	77047749	87
2603	8	100607112	75
2603	9	106174089	75
2603	10	8807448	69
2604	1	4306525036	194
2604	2	4306463937	124
2604	3	79704628	118
2604	4	186577254	116
2604	5	4306463230	113
2604	6	14436165	110
2604	7	163027424	93
2604	8	50004817	77
2604	9	42433034	75
2604	10	140251998	63
2605	1	4210196743	1246
2605	2	183652945	367
2605	3	204691207	142
2605	4	193620188	120
2605	5	143717524	98
2605	6	55420515	67
2605	7	2764541395	60
2605	8	2738977497	51
2605	9	34720450	46
2605	10	196837587	40
2606	1	171471881	1021
2606	2	199213172	234
2606	3	17264655	161
2606	4	4306400562	98
2606	5	48434751	96
2606	6	4210224067	76
2606	7	123258744	74
2606	8	2764648274	70
2606	9	11249774	64
2606	10	4210193854	64
2607	1	106296714	281
2607	2	4306463937	107
2607	3	4210176815	75
2607	4	4306400194	73
2607	5	4306463409	48
2607	6	4210172589	47
2607	7	103482838	38
2607	8	2764905038	37
2607	9	4210184376	34
2607	10	2764900261	33
2608	1	165368631	376
2608	2	116196263	272
2608	3	4306463937	178
2608	4	179120876	104
2608	5	4306525036	102
2608	6	140592201	90
2608	7	45281609	89
2608	8	79074319	82
2608	9	146364893	77
2608	10	4210177264	76
2609	1	4306401280	241
2609	2	4306401271	125
2609	3	4306463855	46
2609	4	2738336309	42
2609	5	150390443	41
2609	6	4306525427	37
2609	7	4306535182	31
2609	8	1034174532	29
2609	9	2739129023	26
2609	10	4306518275	25
2610	1	4306402567	185
2610	2	4306525036	119
2610	3	134668137	106
2610	4	140251998	102
2610	5	202381698	76
2610	6	187657468	75
2610	7	79704628	70
2610	8	4306463937	69
2610	9	196734849	52
2610	10	64187185	51
2611	1	4306400194	495
2611	2	106296714	195
2611	3	178776955	164
2611	4	4306418073	141
2611	5	187806540	107
2611	6	192705446	91
2611	7	196734849	84
2611	8	134390580	77
2611	9	45693802	73
2611	10	123019304	56
2612	1	6791298	443
2612	2	24807848	336
2612	3	4306400194	317
2612	4	4210237713	312
2612	5	105243760	190
2612	6	77047749	117
2612	7	4210182288	97
2612	8	64187185	95
2612	9	123480357	90
2612	10	135184319	88
2613	1	79162954	521
2613	2	197027301	509
2613	3	150871906	127
2613	4	41354064	121
2613	5	4306400194	99
2613	6	4306463937	93
2613	7	4210205906	89
2613	8	87940674	85
2613	9	146636433	85
2613	10	4210193844	71
2614	1	133112271	240
2614	2	108820144	178
2614	3	4210220786	172
2614	4	4306463937	171
2614	5	4306463855	153
2614	6	3081132	73
2614	7	4306462964	73
2614	8	118957039	68
2614	9	108927298	64
2614	10	4306525036	62
2615	1	4210172589	246
2615	2	4306463937	189
2615	3	4306463855	186
2615	4	4306462995	134
2615	5	4210176103	111
2615	6	4306463708	106
2615	7	204799461	84
2615	8	2764375719	62
2615	9	36624081	61
2615	10	127318573	58
2616	1	30354769	429
2616	2	4306463855	249
2616	3	49455130	242
2616	4	4306463937	231
2616	5	162199860	189
2616	6	23307186	148
2616	7	80275993	114
2616	8	4210185201	96
2616	9	4210187022	86
2616	10	4306462964	84
2617	1	4210172589	485
2617	2	4306401271	342
2617	3	175056054	265
2617	4	94499970	145
2617	5	4306463937	116
2617	6	4306463855	71
2617	7	2497375143	55
2617	8	45181156	53
2617	9	102805530	49
2617	10	145575934	45
2618	1	4210206134	182
2618	2	4306506172	130
2618	3	100464430	122
2618	4	4306534869	111
2618	5	4210211716	105
2618	6	2764663395	104
2618	7	57999394	80
2618	8	4210201658	79
2618	9	4306534867	71
2618	10	4306521948	64
2619	1	4306463937	334
2619	2	4306463708	210
2619	3	4210172589	201
2619	4	4306463855	163
2619	5	170108492	134
2619	6	4306463716	118
2619	7	4306463667	100
2619	8	4210189320	84
2619	9	2765052837	82
2619	10	12780936	72
2620	1	4306525036	223
2620	2	140251998	178
2620	3	151589183	91
2620	4	202381698	85
2620	5	4306463937	58
2620	6	41354064	51
2620	7	104038378	50
2620	8	10623703	45
2620	9	46058472	45
2620	10	125754415	45
2621	1	4210177264	469
2621	2	4306463937	137
2621	3	81474683	112
2621	4	110965136	101
2621	5	4306525036	88
2621	6	190787756	78
2621	7	4306463230	78
2621	8	119146558	71
2621	9	157690423	71
2621	10	165368631	71
2622	1	59624048	239
2622	2	4306525036	233
2622	3	1995308	116
2622	4	4210178590	103
2622	5	111727011	95
2622	6	79704628	92
2622	7	101278519	91
2622	8	96331937	88
2622	9	145023809	87
2622	10	170704854	84
2623	1	4306401280	203
2623	2	2737963936	43
2623	3	4210179985	43
2623	4	4210177494	35
2623	5	4210190059	35
2623	6	2738658678	34
2623	7	2736781414	33
2623	8	4210171457	33
2623	9	4210173120	33
2623	10	4210186100	33
2624	1	105087119	604
2624	2	4306463937	248
2624	3	119118843	142
2624	4	53578506	103
2624	5	68052730	93
2624	6	4306463855	67
2624	7	4210197277	65
2624	8	4306463705	59
2624	9	2764375719	58
2624	10	4306516130	49
2625	1	4306525036	272
2625	2	4306463937	189
2625	3	153994436	122
2625	4	14436165	87
2625	5	58727509	87
2625	6	4306463230	77
2625	7	134483451	66
2625	8	144860794	64
2625	9	3992287	51
2625	10	2755888424	50
2626	1	4306525036	386
2626	2	4306402450	85
2626	3	168522863	73
2626	4	102243518	70
2626	5	168415115	66
2626	6	33418846	65
2626	7	2596394214	63
2626	8	202381698	61
2626	9	15137598	54
2626	10	124035732	49
2627	1	133947007	112
2627	2	2764646681	111
2627	3	164001016	107
2627	4	2481244646	104
2627	5	23181512	99
2627	6	22793308	90
2627	7	43139658	90
2627	8	188605413	88
2627	9	4306463230	87
2627	10	101287785	84
2628	1	200764475	344
2628	2	90614866	307
2628	3	12574399	258
2628	4	114499311	226
2628	5	186054908	190
2628	6	163681099	170
2628	7	123288148	167
2628	8	202680183	154
2628	9	4210168455	113
2628	10	4306463230	104
2629	1	4210175490	229
2629	2	4306463855	221
2629	3	4306462841	194
2629	4	4306463937	161
2629	5	164037493	157
2629	6	4210172589	145
2629	7	121689127	111
2629	8	4306401271	108
2629	9	4306463716	92
2629	10	1027468801	82
2630	1	2764438579	303
2630	2	186231457	104
2630	3	71961898	101
2630	4	2765041180	85
2630	5	2764799362	77
2630	6	4317411217	74
2630	7	4306463937	73
2630	8	4306402512	66
2630	9	2764653664	60
2630	10	118568332	58
2631	1	4306525036	404
2631	2	200672447	152
2631	3	4306463230	118
2631	4	104442948	104
2631	5	4306463937	102
2631	6	2755060417	88
2631	7	86387881	80
2631	8	200877091	78
2631	9	4210189610	67
2631	10	110757056	66
2632	1	4306463937	176
2632	2	4306463855	124
2632	3	4306462964	83
2632	4	4306463091	83
2632	5	2764375719	75
2632	6	4306401280	64
2632	7	4306463716	64
2632	8	4306463491	56
2632	9	4306462995	44
2632	10	43804791	39
2633	1	4210172589	2899
2633	2	4306463855	140
2633	3	4306463359	137
2633	4	4306463937	132
2633	5	4306463708	116
2633	6	4306462995	105
2633	7	4306463223	82
2633	8	4306462967	67
2633	9	4306463667	53
2633	10	4306463091	50
2634	1	4306525036	290
2634	2	90591482	207
2634	3	4306463937	201
2634	4	30525748	157
2634	5	4210216427	136
2634	6	196979320	127
2634	7	73678819	82
2634	8	182300451	77
2634	9	139838620	63
2634	10	191188855	58
2635	1	4306463937	217
2635	2	4306463855	202
2635	3	84445930	156
2635	4	4210172589	78
2635	5	4306463716	78
2635	6	87304893	67
2635	7	4306462995	66
2635	8	36169284	63
2635	9	12357247	61
2635	10	76658305	55
2636	1	4306401280	179
2636	2	4306401271	137
2636	3	205274193	42
2636	4	4306508655	39
2636	5	2737171870	37
2636	6	4306525769	36
2636	7	4210185772	33
2636	8	36614426	32
2636	9	4306520332	30
2636	10	4210172589	25
2637	1	171471881	367
2637	2	177710124	285
2637	3	4210192417	146
2637	4	7429653	121
2637	5	138151673	114
2637	6	4210174113	102
2637	7	199213172	100
2637	8	4306513441	83
2637	9	2735554095	76
2637	10	4306401280	76
2638	1	4210196743	210
2638	2	4306525036	143
2638	3	134644764	81
2638	4	98026630	68
2638	5	4306401280	66
2638	6	193620188	58
2638	7	108911230	53
2638	8	2483688756	46
2638	9	110785341	38
2638	10	27638457	36
2639	1	4306463937	272
2639	2	175056054	175
2639	3	4210172589	161
2639	4	4306463230	84
2639	5	4306401271	78
2639	6	4363604106	76
2639	7	2497375143	75
2639	8	104920066	70
2639	9	4306463855	59
2639	10	198098182	56
2640	1	4306402567	397
2640	2	4210176772	359
2640	3	64961995	239
2640	4	202381698	230
2640	5	196734849	146
2640	6	22454499	145
2640	7	2482021738	130
2640	8	1983995261	90
2640	9	4306402105	85
2640	10	2596539584	84
2641	1	4306401280	180
2641	2	4210197786	96
2641	3	87211547	95
2641	4	205274193	87
2641	5	4306401271	73
2641	6	48393686	69
2641	7	4306512181	53
2641	8	4210175588	39
2641	9	50758683	38
2641	10	2898476603	37
2642	1	134644764	99
2642	2	149937609	64
2642	3	5832799	62
2642	4	4306463230	52
2642	5	200764475	51
2642	6	83853393	50
2642	7	4306525036	49
2642	8	4306463937	48
2642	9	4210188387	46
2642	10	2764681297	45
2643	1	88315673	449
2643	2	58516903	216
2643	3	194154261	153
2643	4	4306463937	135
2643	5	4306463230	119
2643	6	10134376	109
2643	7	60589374	72
2643	8	203731762	58
2643	9	134185576	56
2643	10	4306463075	50
2644	1	104292366	104
2644	2	80660208	98
2644	3	202381698	59
2644	4	4306463937	57
2644	5	72902805	51
2644	6	104597489	51
2644	7	60589374	50
2644	8	195743144	47
2644	9	44455300	46
2644	10	10134376	43
2645	1	4306462995	289
2645	2	4306463716	232
2645	3	4306463937	189
2645	4	4306464232	170
2645	5	4306463091	152
2645	6	29682561	140
2645	7	4306462951	139
2645	8	198731068	120
2645	9	2764375719	116
2645	10	4306463855	111
2646	1	41354064	563
2646	2	81947917	264
2646	3	4306463937	228
2646	4	4210168331	189
2646	5	171987449	174
2646	6	171072222	156
2646	7	53148533	142
2646	8	168898714	97
2646	9	1070115	89
2646	10	77047749	86
2647	1	2913130013	372
2647	2	4306525036	336
2647	3	15444899	238
2647	4	117289385	139
2647	5	92940341	109
2647	6	4306515936	104
2647	7	4306512052	96
2647	8	92477597	78
2647	9	2764636812	77
2647	10	2764568972	74
2648	1	4306525036	196
2648	2	4306463937	128
2648	3	4210177451	79
2648	4	124424368	50
2648	5	37391459	46
2648	6	4306463230	45
2648	7	145476921	42
2648	8	137773608	40
2648	9	2751401339	37
2648	10	203226007	34
2649	1	41354064	360
2649	2	166799026	138
2649	3	4306525036	119
2649	4	201989124	116
2649	5	29564236	115
2649	6	133942674	108
2649	7	108911230	90
2649	8	44811770	85
2649	9	88226677	71
2649	10	39653451	64
2650	1	154849578	162
2650	2	48447438	135
2650	3	4306463937	133
2650	4	106296714	119
2650	5	4306400194	109
2650	6	4306463708	93
2650	7	9692511	92
2650	8	103229351	73
2650	9	4306463855	73
2650	10	146364893	70
2651	1	141552693	339
2651	2	4306463937	130
2651	3	4306463855	105
2651	4	4317411217	102
2651	5	4210209736	80
2651	6	4210172589	54
2651	7	2764867013	53
2651	8	4306463075	50
2651	9	2764696622	47
2651	10	4306401280	47
2652	1	4306462967	478
2652	2	20683218	250
2652	3	4210172589	239
2652	4	4306463937	230
2652	5	4306462995	185
2652	6	4306463855	156
2652	7	4306463708	152
2652	8	56205983	143
2652	9	64132169	143
2652	10	4306463223	86
2653	1	41354064	1089
2653	2	201989124	313
2653	3	205050996	298
2653	4	111155417	242
2653	5	133942674	179
2653	6	4210200754	134
2653	7	67393510	133
2653	8	152760256	119
2653	9	205754296	101
2653	10	197964166	97
2654	1	102890116	957
2654	2	146061289	414
2654	3	11564597	326
2654	4	4306525036	178
2654	5	4306463937	96
2654	6	66851268	90
2654	7	182625382	87
2654	8	121647140	58
2654	9	4306463230	58
2654	10	42270594	50
2655	1	4306463937	189
2655	2	4306525036	130
2655	3	4306463855	83
2655	4	159512450	68
2655	5	4210216427	68
2655	6	4210172589	59
2655	7	193626562	56
2655	8	48212443	50
2655	9	4306402450	48
2655	10	100736837	42
2656	1	4306463937	251
2656	2	4306463855	209
2656	3	4210172589	193
2656	4	131032111	82
2656	5	4306401271	81
2656	6	4306401280	67
2656	7	130750583	66
2656	8	4306462995	65
2656	9	204799461	59
2656	10	117431132	55
2657	1	2739064124	241
2657	2	4210226676	212
2657	3	4210233361	130
2657	4	4317411217	119
2657	5	4210236671	97
2657	6	4306401280	88
2657	7	29564236	68
2657	8	5191015	61
2657	9	4210234566	60
2657	10	186543748	58
2658	1	4210193284	165
2658	2	4210203067	148
2658	3	4210177750	118
2658	4	4210179810	115
2658	5	4210207701	83
2658	6	4306401280	81
2658	7	4210190108	71
2658	8	4210228301	71
2658	9	4210204141	65
2658	10	4210210147	64
2659	1	4210172589	335
2659	2	39307421	244
2659	3	4306463937	185
2659	4	4306401271	116
2659	5	4306400194	53
2659	6	149100181	42
2659	7	4306463855	33
2659	8	4306463230	27
2659	9	11810700	26
2659	10	70698675	25
2660	1	4210196743	551
2660	2	183652945	131
2660	3	193620188	112
2660	4	135458494	108
2660	5	98430239	101
2660	6	2765017008	85
2660	7	204691207	65
2660	8	2738977497	55
2660	9	31777576	54
2660	10	81083566	50
2661	1	50372074	492
2661	2	165473669	251
2661	3	4306400194	172
2661	4	4210192031	132
2661	5	117494069	131
2661	6	124867444	93
2661	7	4306463937	62
2661	8	4387281813	60
2661	9	190787756	59
2661	10	4210175133	57
2662	1	4210169156	413
2662	2	4210195883	236
2662	3	4210186093	163
2662	4	4306463937	154
2662	5	4210193918	115
2662	6	4210187899	103
2662	7	2764905038	99
2662	8	4306463237	97
2662	9	4210202797	84
2662	10	4210206751	84
2663	1	4306525036	182
2663	2	4306463937	169
2663	3	14436165	88
2663	4	100736837	84
2663	5	22523967	68
2663	6	177391433	66
2663	7	2764405325	50
2663	8	4306463230	44
2663	9	2754146558	34
2663	10	23813625	33
2664	1	4306525036	357
2664	2	4306463937	85
2664	3	4210185466	64
2664	4	64418186	60
2664	5	3603671	58
2664	6	2713501	56
2664	7	202381698	44
2664	8	4306402450	44
2664	9	12898181	42
2664	10	4306462952	41
2665	1	29980478	194
2665	2	74630304	160
2665	3	178362034	83
2665	4	169061803	73
2665	5	61428987	68
2665	6	4210195883	66
2665	7	67425620	64
2665	8	4306463937	64
2665	9	49393431	55
2665	10	75411654	54
2666	1	191549482	257
2666	2	4306463937	198
2666	3	4306463855	153
2666	4	4306525036	149
2666	5	4306463716	130
2666	6	4210193276	103
2666	7	4306462995	82
2666	8	102349131	75
2666	9	2764375719	68
2666	10	4210227297	62
2667	1	111257208	430
2667	2	2764780593	203
2667	3	120348307	87
2667	4	4210172589	86
2667	5	4306463937	64
2667	6	2737860738	62
2667	7	106296714	60
2667	8	2764905038	56
2667	9	4306539769	52
2667	10	4210172519	49
2668	1	102181007	393
2668	2	135458494	272
2668	3	192712274	166
2668	4	4306463230	156
2668	5	58380981	141
2668	6	44318362	140
2668	7	188770946	110
2668	8	26519103	93
2668	9	85891262	87
2668	10	4306463937	80
2669	1	4306401280	163
2669	2	170222435	159
2669	3	4210224710	97
2669	4	35203962	89
2669	5	140252737	87
2669	6	4210172589	78
2669	7	4306490186	66
2669	8	4210176231	63
2669	9	4210208790	62
2669	10	167080051	61
2670	1	4306401280	185
2670	2	205274193	97
2670	3	4306463937	71
2670	4	2736676222	63
2670	5	4210175588	55
2670	6	2737040730	53
2670	7	36614426	45
2670	8	4210175318	45
2670	9	4306463855	41
2670	10	4306509676	41
2671	1	67177122	375
2671	2	153861934	325
2671	3	4210206027	204
2671	4	79974643	142
2671	5	4210172023	101
2671	6	4210172589	100
2671	7	168561851	83
2671	8	187295728	80
2671	9	4306463937	76
2671	10	190363454	73
2672	1	200071133	141
2672	2	168522863	137
2672	3	38008053	121
2672	4	4306525036	113
2672	5	2595292759	94
2672	6	15137598	88
2672	7	140251998	87
2672	8	202381698	84
2672	9	4306402567	82
2672	10	151589183	54
2673	1	4306525036	217
2673	2	134644764	96
2673	3	70979998	87
2673	4	185238781	62
2673	5	41354064	44
2673	6	2484704948	43
2673	7	108911230	40
2673	8	98026630	37
2673	9	2737643958	36
2673	10	4306463937	35
2674	1	94467390	524
2674	2	4210168508	107
2674	3	4306402512	99
2674	4	2764865957	93
2674	5	14620535	91
2674	6	9483105	85
2674	7	66388299	85
2674	8	72684844	75
2674	9	4306523946	75
2674	10	19154483	71
2675	1	4210172589	753
2675	2	4306401271	129
2675	3	4306463937	103
2675	4	2764703567	88
2675	5	4306401280	76
2675	6	4306522965	56
2675	7	4210167977	52
2675	8	4306535821	44
2675	9	144611220	42
2675	10	4306463230	37
2676	1	45693802	327
2676	2	4306400194	183
2676	3	106296714	175
2676	4	4210171034	149
2676	5	147897268	93
2676	6	2485537415	80
2676	7	4210187594	66
2676	8	2764999920	60
2676	9	2764900261	59
2676	10	2764905038	57
2677	1	4306514452	187
2677	2	45645249	178
2677	3	99453086	149
2677	4	4306463937	127
2677	5	175851481	116
2677	6	104921184	107
2677	7	95965737	97
2677	8	4306400194	90
2677	9	118704488	89
2677	10	38866342	87
2678	1	95678177	194
2678	2	140784434	192
2678	3	2764375719	176
2678	4	4306463855	156
2678	5	177074456	149
2678	6	4306463937	139
2678	7	123744177	122
2678	8	46556579	108
2678	9	110886948	101
2678	10	4306463716	94
2679	1	4306463937	161
2679	2	4210182004	107
2679	3	4306463855	93
2679	4	4306463409	65
2679	5	4306463871	64
2679	6	4210196430	60
2679	7	4210172589	56
2679	8	136099329	53
2679	9	32648145	50
2679	10	125130336	40
2680	1	4306401280	181
2680	2	4210238967	27
2680	3	2764905038	18
2680	4	4306519991	18
2680	5	4210180740	17
2680	6	4210226826	17
2680	7	4306463402	16
2680	8	4306509847	16
2680	9	4306521521	16
2680	10	4317411217	16
2681	1	4306525036	152
2681	2	4306463937	110
2681	3	4306401280	85
2681	4	4306463855	80
2681	5	4210172589	76
2681	6	4210170998	58
2681	7	4306463223	56
2681	8	4210185365	45
2681	9	4306463230	45
2681	10	4306401271	42
2682	1	29980478	178
2682	2	145575934	77
2682	3	11146949	68
2682	4	123887920	67
2682	5	183492911	67
2682	6	67425620	64
2682	7	75411654	62
2682	8	52363224	54
2682	9	52442148	54
2682	10	4306463230	54
2683	1	4306525036	148
2683	2	94095188	83
2683	3	130917594	83
2683	4	83853393	82
2683	5	140251998	78
2683	6	134644764	67
2683	7	202381698	66
2683	8	70979998	58
2683	9	10623703	49
2683	10	63783143	41
2684	1	157553855	617
2684	2	110744938	235
2684	3	145707319	150
2684	4	136714815	140
2684	5	50443188	100
2684	6	32238705	90
2684	7	119771102	84
2684	8	2764677374	73
2684	9	4306525036	72
2684	10	206864941	70
2685	1	41354064	271
2685	2	166799026	157
2685	3	88226677	123
2685	4	4306463937	122
2685	5	44811770	106
2685	6	4306525036	98
2685	7	205999849	89
2685	8	108911230	87
2685	9	39653451	76
2685	10	127984601	60
2686	1	4306462951	253
2686	2	4306463937	175
2686	3	4306463716	155
2686	4	190171540	132
2686	5	4306463855	131
2686	6	4306463091	110
2686	7	2764375719	102
2686	8	4306462995	96
2686	9	4306463491	84
2686	10	155963401	71
2687	1	4317411217	153
2687	2	4210169189	103
2687	3	4306401280	98
2687	4	2764886051	97
2687	5	4306516958	73
2687	6	4393919366	72
2687	7	4210195883	59
2687	8	4210201376	42
2687	9	2764747068	41
2687	10	4393918648	40
2688	1	4306525036	127
2688	2	104038378	108
2688	3	70979998	99
2688	4	4306463937	98
2688	5	94095188	97
2688	6	133274750	89
2688	7	140251998	69
2688	8	2484704948	67
2688	9	158228368	62
2688	10	202381698	59
2689	1	4306525036	291
2689	2	4306463230	57
2689	3	4306401280	55
2689	4	14436165	54
2689	5	4306463937	52
2689	6	42803210	50
2689	7	108911230	49
2689	8	206789554	38
2689	9	39653451	32
2689	10	101107869	30
2690	1	126386119	163
2690	2	4306463937	149
2690	3	4306463855	147
2690	4	4210174999	92
2690	5	4306401271	76
2690	6	4306401280	76
2690	7	175414165	53
2690	8	4210172589	48
2690	9	4210222896	47
2690	10	20737860	43
2691	1	155128447	270
2691	2	11852655	222
2691	3	133896805	156
2691	4	31573680	153
2691	5	68792902	123
2691	6	4306525036	102
2691	7	105078976	82
2691	8	102868315	78
2691	9	101755860	63
2691	10	2738498342	57
2692	1	16945967	187
2692	2	189694085	171
2692	3	50523690	141
2692	4	10892749	103
2692	5	101949793	88
2692	6	4306463937	66
2692	7	4210187594	49
2692	8	4210222140	49
2692	9	4306509143	47
2692	10	31010182	43
2693	1	4306463855	201
2693	2	4306463937	157
2693	3	4210172589	143
2693	4	4306463223	98
2693	5	4306401271	79
2693	6	149872823	67
2693	7	170231156	61
2693	8	123914889	52
2693	9	61710699	48
2693	10	2764375719	46
2694	1	4306463091	139
2694	2	4306463937	131
2694	3	4306463494	86
2694	4	4306462995	72
2694	5	4210187781	69
2694	6	4306463855	69
2694	7	78735424	65
2694	8	4306463230	59
2694	9	4306523994	47
2694	10	137468011	41
2695	1	4306525036	393
2695	2	4306463937	132
2695	3	30525748	127
2695	4	196979320	116
2695	5	2764378604	93
2695	6	4306463230	93
2695	7	90591482	73
2695	8	38879697	66
2695	9	141953298	63
2695	10	134892809	49
2696	1	4210202285	347
2696	2	8962223	143
2696	3	141892599	116
2696	4	4306463937	81
2696	5	4210187594	52
2696	6	4363604317	50
2696	7	128754310	49
2696	8	4210169245	48
2696	9	53336109	47
2696	10	4306499384	45
2697	1	4210179954	76
2697	2	4210187594	74
2697	3	101949793	61
2697	4	2764696622	61
2697	5	42973710	59
2697	6	116775814	56
2697	7	4210189194	55
2697	8	4210195883	51
2697	9	128754310	49
2697	10	4210169156	45
2698	1	2737215817	267
2698	2	2737735205	184
2698	3	2764431341	156
2698	4	4306463937	112
2698	5	80485027	105
2698	6	4210190054	100
2698	7	4210186578	64
2698	8	4306463075	62
2698	9	60115552	60
2698	10	2764669602	53
2699	1	164692974	739
2699	2	50523690	361
2699	3	4210187594	139
2699	4	4363606748	86
2699	5	4363607420	73
2699	6	2883122597	52
2699	7	4306400194	52
2699	8	2736621015	50
2699	9	128754310	48
2699	10	4210179954	48
2700	1	77033920	373
2700	2	171983598	363
2700	3	4306463855	228
2700	4	2764973561	136
2700	5	4306463937	113
2700	6	4210172589	104
2700	7	4210198375	98
2700	8	192935422	88
2700	9	2764777161	86
2700	10	2764962534	64
2701	1	161676133	281
2701	2	173470534	194
2701	3	185774633	109
2701	4	141531615	101
2701	5	2764465791	93
2701	6	117207475	74
2701	7	4306463937	65
2701	8	92562763	57
2701	9	4306462986	44
2701	10	4210234824	39
2702	1	110206669	105
2702	2	4210169156	95
2702	3	2764905038	85
2702	4	2485537415	73
2702	5	8427965	60
2702	6	4210179954	59
2702	7	15952048	58
2702	8	106296714	57
2702	9	4210187594	53
2702	10	4306400194	53
2703	1	4210195883	279
2703	2	134592288	153
2703	3	4317411217	108
2703	4	2764916470	91
2703	5	4306401280	68
2703	6	4306527809	63
2703	7	4306463937	45
2703	8	58516903	43
2703	9	4306401271	43
2703	10	4210205413	39
2704	1	4306401280	162
2704	2	48754089	105
2704	3	4306525036	76
2704	4	4306524848	51
2704	5	4210196119	48
2704	6	2898508869	47
2704	7	4210216587	35
2704	8	102849038	34
2704	9	4210175345	33
2704	10	4210182600	33
2705	1	2764477435	718
2705	2	2764428800	440
2705	3	4210212630	245
2705	4	4210209493	232
2705	5	4210180562	231
2705	6	4210235270	148
2705	7	4210197684	125
2705	8	4210201733	120
2705	9	4210210507	95
2705	10	2764991040	86
2706	1	12574399	474
2706	2	202680183	238
2706	3	48860480	223
2706	4	164770093	103
2706	5	186935893	91
2706	6	41354064	81
2706	7	149937609	72
2706	8	67425620	68
2706	9	4306463230	61
2706	10	42965947	51
2707	1	106296714	125
2707	2	4210206007	69
2707	3	4306400194	64
2707	4	4210179954	60
2707	5	128754310	55
2707	6	2764905038	54
2707	7	183492911	49
2707	8	2764900261	47
2707	9	4210169156	44
2707	10	2764566388	43
2708	1	15137598	423
2708	2	131102849	276
2708	3	4306525036	236
2708	4	191882557	131
2708	5	678965	124
2708	6	50055314	97
2708	7	126033908	82
2708	8	4210202425	81
2708	9	98010888	55
2708	10	935620192	55
2709	1	2764696622	84
2709	2	103321696	64
2709	3	4210187594	57
2709	4	100702818	51
2709	5	4306401280	50
2709	6	129952182	49
2709	7	2764905038	48
2709	8	196821226	43
2709	9	4306463937	42
2709	10	179157397	39
2710	1	4210186093	1198
2710	2	4210195883	388
2710	3	4210189194	305
2710	4	2764696622	293
2710	5	4210187594	176
2710	6	96284662	71
2710	7	4210169156	50
2710	8	4210193929	40
2710	9	2764841389	38
2710	10	4210193300	34
2711	1	4306401280	176
2711	2	974534199	50
2711	3	4210211787	47
2711	4	4306519914	36
2711	5	36614426	33
2711	6	4306401271	30
2711	7	4306507326	30
2711	8	4210233898	28
2711	9	4306463855	27
2711	10	168865305	21
2712	1	4306463230	267
2712	2	4306525036	232
2712	3	99985186	229
2712	4	49327845	118
2712	5	4306463937	103
2712	6	4210217410	90
2712	7	110924429	59
2712	8	191903559	54
2712	9	157213201	52
2712	10	2738950867	52
2713	1	195255895	401
2713	2	115310785	154
2713	3	71324801	98
2713	4	80660208	91
2713	5	92632373	89
2713	6	5043789	78
2713	7	79820318	73
2713	8	18660344	68
2713	9	149404603	63
2713	10	71976930	55
2714	1	44090634	301
2714	2	4306463937	243
2714	3	4306463855	221
2714	4	39250910	104
2714	5	4306463716	104
2714	6	4306463762	60
2714	7	4306464262	53
2714	8	32136629	48
2714	9	4210206971	43
2714	10	4210172589	38
2715	1	4306525036	213
2715	2	4306463937	169
2715	3	8802318	140
2715	4	4306463230	77
2715	5	157527038	65
2715	6	192518766	62
2715	7	122347013	45
2715	8	130598054	42
2715	9	202381698	36
2715	10	191044671	33
2716	1	39924113	337
2716	2	4306525036	234
2716	3	76925378	127
2716	4	4306463937	115
2716	5	4306463230	91
2716	6	2764606553	76
2716	7	23975315	66
2716	8	22881060	56
2716	9	42576627	52
2716	10	180901878	52
2717	1	134585236	501
2717	2	4306463937	443
2717	3	179591353	192
2717	4	66765042	147
2717	5	4210172589	122
2717	6	2764614880	103
2717	7	2764375719	100
2717	8	4306463708	95
2717	9	4306463855	73
2717	10	4210205100	63
2718	1	116141603	176
2718	2	4210205858	172
2718	3	4210183196	170
2718	4	4210188362	151
2718	5	4306402512	142
2718	6	4386621721	135
2718	7	4210196920	116
2718	8	4210205444	112
2718	9	4210214955	97
2718	10	4210203636	88
2719	1	113313948	123
2719	2	8962223	114
2719	3	61564791	72
2719	4	4210204429	59
2719	5	25157213	58
2719	6	128754310	54
2719	7	4210187594	49
2719	8	4306400194	43
2719	9	4210169805	42
2719	10	4306463937	38
2720	1	106296714	181
2720	2	4306463937	117
2720	3	110206669	77
2720	4	126824455	59
2720	5	2764900261	51
2720	6	4306463409	46
2720	7	4210185096	34
2720	8	4306402512	31
2720	9	183492911	30
2720	10	72873717	24
2721	1	4306525036	90
2721	2	4317411217	88
2721	3	4210196743	83
2721	4	31493525	82
2721	5	4210195883	72
2721	6	4306401280	43
2721	7	2765017008	40
2721	8	2765019825	40
2721	9	4306463230	39
2721	10	2764696622	38
2722	1	4306401271	603
2722	2	4210172589	409
2722	3	9731383	80
2722	4	4306463223	66
2722	5	10134376	64
2722	6	4306463937	61
2722	7	180907581	39
2722	8	192056284	34
2722	9	4306401280	33
2722	10	4210192142	32
2723	1	4306463855	238
2723	2	4306463937	218
2723	3	4306463491	126
2723	4	4306462995	123
2723	5	2764375719	81
2723	6	4317411217	78
2723	7	4306463717	65
2723	8	4306463716	63
2723	9	4210172589	52
2723	10	57090429	50
2724	1	4306463937	149
2724	2	58516903	128
2724	3	10134376	118
2724	4	134216166	102
2724	5	139338987	92
2724	6	109565702	84
2724	7	86852077	81
2724	8	4306401271	69
2724	9	4210172589	63
2724	10	13479253	61
2725	1	4306518851	547
2725	2	4306533241	313
2725	3	4306503848	286
2725	4	4306533389	284
2725	5	4210170910	200
2725	6	4210177406	80
2725	7	4210228339	65
2725	8	4306523008	61
2725	9	4306535827	58
2725	10	4210175223	52
2726	1	4306401280	158
2726	2	4317411217	47
2726	3	93107635	30
2726	4	4306463937	30
2726	5	4306463855	27
2726	6	2738967426	24
2726	7	4210172589	24
2726	8	4210232342	24
2726	9	20292787	23
2726	10	989747634	21
2727	1	149956803	175
2727	2	50372074	169
2727	3	4306400194	139
2727	4	165473669	132
2727	5	950076683	127
2727	6	71958379	121
2727	7	106296714	89
2727	8	124867444	84
2727	9	4210187594	72
2727	10	24251679	66
2728	1	4210172589	307
2728	2	4306401271	169
2728	3	4306463937	140
2728	4	4306463855	83
2728	5	4306525036	80
2728	6	32314625	54
2728	7	127900037	49
2728	8	124424368	48
2728	9	167809449	47
2728	10	30543418	43
2729	1	195255895	99
2729	2	71324801	98
2729	3	4306463937	92
2729	4	134185576	80
2729	5	4210196743	72
2729	6	2764957011	71
2729	7	11781297	70
2729	8	110876149	63
2729	9	115310785	63
2729	10	2764655933	60
2730	1	4306463937	311
2730	2	4306464262	189
2730	3	4306463491	131
2730	4	4306463855	127
2730	5	127589907	113
2730	6	4210215108	104
2730	7	4306462995	88
2730	8	4306463708	85
2730	9	4210224299	66
2730	10	4210172589	62
2731	1	58727509	225
2731	2	45720283	203
2731	3	4306525036	161
2731	4	14436165	148
2731	5	137740113	142
2731	6	135397728	130
2731	7	4306463937	94
2731	8	28607811	79
2731	9	158010168	74
2731	10	32635664	73
2732	1	178182516	359
2732	2	2764613780	263
2732	3	4306525036	105
2732	4	109435702	72
2732	5	81674035	58
2732	6	4210239723	54
2732	7	69340840	50
2732	8	2764711686	49
2732	9	2764375719	48
2732	10	144350125	46
2733	1	4306525036	219
2733	2	91749377	149
2733	3	23243006	142
2733	4	91748803	134
2733	5	202381698	121
2733	6	207638786	103
2733	7	80413395	101
2733	8	80921037	99
2733	9	7140881	84
2733	10	96615428	83
2734	1	2764905038	183
2734	2	2764476468	129
2734	3	4210216571	82
2734	4	4306506546	73
2734	5	4210193074	55
2734	6	4210187899	53
2734	7	4306498307	52
2734	8	4306498473	49
2734	9	4306498091	44
2734	10	120348307	42
2735	1	186746772	522
2735	2	56953219	242
2735	3	4306525036	163
2735	4	92625435	155
2735	5	103961758	152
2735	6	46670945	133
2735	7	66320806	117
2735	8	120611555	76
2735	9	44589223	60
2735	10	4306401280	42
2736	1	4306401280	142
2736	2	4306526645	80
2736	3	4210195494	69
2736	4	4210172589	67
2736	5	4210191886	60
2736	6	140252737	56
2736	7	2737440952	51
2736	8	4306527191	50
2736	9	4306401271	39
2736	10	2738178592	37
2737	1	192268925	290
2737	2	207216207	268
2737	3	10892749	54
2737	4	189694085	49
2737	5	198098182	36
2737	6	4210179954	33
2737	7	2485537415	31
2737	8	4306463075	31
2737	9	45645249	30
2737	10	2764620966	28
2738	1	23246025	209
2738	2	4210172589	152
2738	3	4306463937	129
2738	4	4306463855	90
2738	5	193408319	57
2738	6	4306401271	36
2738	7	4306463716	34
2738	8	4306401280	32
2738	9	89389284	31
2738	10	93284759	28
2739	1	4306401280	105
2739	2	4306463708	92
2739	3	2738437077	84
2739	4	4306462964	65
2739	5	4306463855	61
2739	6	4306502467	61
2739	7	4210238665	53
2739	8	4210229700	52
2739	9	4210219934	43
2739	10	4306462995	43
2740	1	106296714	276
2740	2	183492911	124
2740	3	4306400194	122
2740	4	101949793	65
2740	5	4306463937	65
2740	6	110206669	56
2740	7	414566	43
2740	8	2764905038	43
2740	9	2485537415	41
2740	10	151820558	36
2741	1	118474221	247
2741	2	2739064124	197
2741	3	4210225962	144
2741	4	53297675	116
2741	5	164583999	107
2741	6	4306401280	97
2741	7	2739206013	96
2741	8	142561611	95
2741	9	4306526703	80
2741	10	4306525036	59
2742	1	59292991	277
2742	2	48277251	79
2742	3	4210205413	70
2742	4	2765017008	62
2742	5	4306525036	57
2742	6	2764605448	52
2742	7	2764522276	50
2742	8	4306401280	50
2742	9	148071443	48
2742	10	4210210134	46
2743	1	114942565	127
2743	2	4306401280	121
2743	3	187169112	93
2743	4	87755169	67
2743	5	125610265	66
2743	6	60635980	57
2743	7	4306463855	57
2743	8	2764375719	56
2743	9	87793929	39
2743	10	4306463402	39
2744	1	4306525036	248
2744	2	154451576	171
2744	3	5303612	164
2744	4	87161179	141
2744	5	28527816	139
2744	6	129764719	128
2744	7	4306463937	81
2744	8	4306463230	77
2744	9	148722202	74
2744	10	195182175	59
2745	1	4306525036	259
2745	2	110785341	172
2745	3	4306401280	112
2745	4	171311646	95
2745	5	2596909297	62
2745	6	4306463937	49
2745	7	29918858	37
2745	8	4306402450	37
2745	9	4218381	34
2745	10	2764808064	34
2746	1	58516903	277
2746	2	203731762	176
2746	3	4306463937	149
2746	4	10134376	106
2746	5	4306463855	81
2746	6	195233491	67
2746	7	18051569	62
2746	8	2764789360	59
2746	9	4306463223	56
2746	10	4306463230	55
2747	1	4306525036	221
2747	2	59624048	209
2747	3	4306463937	132
2747	4	1995308	113
2747	5	111727011	112
2747	6	4210174059	109
2747	7	62532593	100
2747	8	170822592	81
2747	9	4210178590	78
2747	10	148460980	77
2748	1	41354064	296
2748	2	67976470	293
2748	3	205050996	190
2748	4	88152556	180
2748	5	146709414	175
2748	6	112856106	129
2748	7	181332294	125
2748	8	201989124	111
2748	9	4210200754	89
2748	10	111155417	88
2749	1	4306463122	135
2749	2	4306463937	111
2749	3	4306463855	109
2749	4	4306525036	100
2749	5	102499938	94
2749	6	2764375719	87
2749	7	136088863	60
2749	8	4210172589	58
2749	9	4306462995	58
2749	10	4306463708	57
2750	1	4306525036	293
2750	2	4306401280	89
2750	3	4306463230	77
2750	4	206789554	60
2750	5	108911230	38
2750	6	4306402450	38
2750	7	4306463937	37
2750	8	15444899	32
2750	9	39653451	32
2750	10	29564236	31
2751	1	4306463937	159
2751	2	4210172589	141
2751	3	4306525036	103
2751	4	4306463855	94
2751	5	4306463230	70
2751	6	4306463717	50
2751	7	2764375719	48
2751	8	4306463716	43
2751	9	104917558	36
2751	10	2764984549	33
2752	1	4306463855	207
2752	2	4210172589	162
2752	3	4306462995	152
2752	4	4306463937	152
2752	5	125585234	139
2752	6	4306463708	109
2752	7	4306463716	94
2752	8	2764375719	76
2752	9	4306462967	63
2752	10	76822007	58
2753	1	4306463937	1360
2753	2	4210193335	536
2753	3	4306464262	332
2753	4	4306464232	322
2753	5	205266082	319
2753	6	4363604189	99
2753	7	98170479	69
2753	8	4210174450	68
2753	9	4210179140	48
2753	10	47890901	38
2754	1	4210195883	143
2754	2	4210198757	107
2754	3	4306516567	104
2754	4	4306517076	95
2754	5	4306401280	90
2754	6	2930564686	81
2754	7	4210203979	75
2754	8	4317411217	71
2754	9	2764998360	68
2754	10	4210184002	60
2755	1	4210172589	831
2755	2	178520001	146
2755	3	177893221	124
2755	4	2765050962	118
2755	5	4306462995	113
2755	6	4306463855	102
2755	7	3200972	89
2755	8	2764675040	87
2755	9	4306463937	65
2755	10	19509509	60
2756	1	27045403	229
2756	2	4306525036	166
2756	3	41354064	124
2756	4	42803210	88
2756	5	4306463937	71
2756	6	124250138	67
2756	7	39653451	64
2756	8	93466130	56
2756	9	88226677	54
2756	10	134644764	54
2757	1	2898601235	99
2757	2	4306463855	80
2757	3	4306401280	69
2757	4	4317411217	63
2757	5	2898571664	52
2757	6	4306402512	50
2757	7	4306463937	48
2757	8	4306525036	30
2757	9	4210208358	29
2757	10	1363876	27
2758	1	4306525036	264
2758	2	4210196743	217
2758	3	4306401280	164
2758	4	4306463230	81
2758	5	108911230	69
2758	6	98026630	63
2758	7	206789554	52
2758	8	134644764	44
2758	9	39653451	39
2758	10	178362034	33
2759	1	4210202285	1128
2759	2	86702594	135
2759	3	971171794	112
2759	4	99182027	86
2759	5	128754310	85
2759	6	11296630	82
2759	7	128368299	74
2759	8	16239639	71
2759	9	2764576111	71
2759	10	4210169755	68
2760	1	183492911	724
2760	2	179357936	370
2760	3	112574528	118
2760	4	186881120	98
2760	5	182865820	85
2760	6	4210187594	77
2760	7	170430865	74
2760	8	31010182	72
2760	9	111927887	64
2760	10	4306463937	64
2761	1	106296714	469
2761	2	4306400194	274
2761	3	4306463937	102
2761	4	2764905038	74
2761	5	192650101	51
2761	6	45693802	50
2761	7	30698027	49
2761	8	2764900261	45
2761	9	4210175523	45
2761	10	13144211	41
2762	1	113542562	425
2762	2	4306400194	171
2762	3	193475107	161
2762	4	4306463937	159
2762	5	4210187594	152
2762	6	4210212305	114
2762	7	145630073	111
2762	8	24807848	105
2762	9	2764696622	80
2762	10	119930252	74
2763	1	140251998	385
2763	2	4210237460	225
2763	3	105581463	132
2763	4	125754415	113
2763	5	104038378	111
2763	6	104830714	78
2763	7	4306463937	78
2763	8	4306402567	73
2763	9	4306525036	69
2763	10	98085912	68
2764	1	92130131	115
2764	2	4210227927	88
2764	3	4306521945	84
2764	4	4210197832	74
2764	5	4210211612	57
2764	6	4210238425	54
2764	7	4210177798	45
2764	8	4210220133	45
2764	9	4210222252	44
2764	10	4306508503	44
2765	1	4306463122	318
2765	2	2764375719	273
2765	3	95667342	245
2765	4	4306463717	223
2765	5	4306462995	207
2765	6	37675699	145
2765	7	4306463937	119
2765	8	4306463855	116
2765	9	4306463708	88
2765	10	4210172589	79
2766	1	4306463937	153
2766	2	4306463855	80
2766	3	137773608	52
2766	4	4210205013	50
2766	5	4306463708	47
2766	6	4306525036	39
2766	7	3880285	31
2766	8	175353829	26
2766	9	121830084	25
2766	10	2764462298	25
2767	1	4210172589	492
2767	2	4306462995	266
2767	3	65464303	192
2767	4	4306463091	170
2767	5	4306463937	125
2767	6	4306463708	111
2767	7	156235965	103
2767	8	4306463223	93
2767	9	4306464021	92
2767	10	108365452	69
2768	1	4306463091	281
2768	2	4210227120	240
2768	3	4210177681	148
2768	4	176074244	135
2768	5	4306462964	117
2768	6	4210187835	110
2768	7	2764583818	109
2768	8	54817862	80
2768	9	4306401280	76
2768	10	136768325	63
2769	1	131387491	271
2769	2	74477906	243
2769	3	2751401339	238
2769	4	4306525036	218
2769	5	4210220838	126
2769	6	4306463937	115
2769	7	91064148	96
2769	8	203504471	58
2769	9	126530969	55
2769	10	170496595	53
2770	1	4306463937	148
2770	2	4306525036	115
2770	3	13895637	103
2770	4	140251998	87
2770	5	10623703	68
2770	6	4306463230	57
2770	7	44425019	49
2770	8	196734849	49
2770	9	151589183	41
2770	10	24354371	40
2771	1	48277251	198
2771	2	135458494	190
2771	3	4306502357	112
2771	4	149191589	89
2771	5	201860848	80
2771	6	34720450	74
2771	7	2493613807	68
2771	8	4210206420	54
2771	9	96685181	50
2771	10	4210192191	50
2772	1	4306400194	343
2772	2	2898405271	244
2772	3	2898246533	235
2772	4	4306463937	141
2772	5	184954342	96
2772	6	51360982	78
2772	7	56603566	52
2772	8	4306402512	45
2772	9	197975706	41
2772	10	4306422535	41
2773	1	2764832999	749
2773	2	4210194219	460
2773	3	4210206611	180
2773	4	4210176622	126
2773	5	4306463937	54
2773	6	2764444101	50
2773	7	4306463075	50
2773	8	985303	39
2773	9	2764646645	30
2773	10	4210172589	28
2774	1	4306463937	187
2774	2	143946080	155
2774	3	4210169118	149
2774	4	116826539	83
2774	5	181849944	63
2774	6	145089992	61
2774	7	2764674460	59
2774	8	67425620	57
2774	9	4210194876	51
2774	10	58516903	50
2775	1	2739045422	473
2775	2	4210172589	275
2775	3	190413008	152
2775	4	4306515997	129
2775	5	4210180863	100
2775	6	4306516082	100
2775	7	115424580	86
2775	8	4306463855	80
2775	9	4306529088	79
2775	10	4306530884	78
2776	1	22862804	134
2776	2	84376829	125
2776	3	150548798	111
2776	4	181611401	100
2776	5	152000018	86
2776	6	105243760	73
2776	7	164709426	59
2776	8	75741262	58
2776	9	187991544	45
2776	10	204609040	41
2777	1	38956679	266
2777	2	92608454	153
2777	3	4306463855	152
2777	4	4306463937	140
2777	5	4210219911	100
2777	6	181027741	93
2777	7	4306463716	88
2777	8	4306462995	83
2777	9	36278917	81
2777	10	2764375719	60
2778	1	176484869	407
2778	2	4210186468	77
2778	3	4306401280	72
2778	4	77689732	71
2778	5	4306463855	52
2778	6	4306525036	39
2778	7	1043533966	37
2778	8	160717418	35
2778	9	4210183744	35
2778	10	2764375719	33
2779	1	4210172589	286
2779	2	4306463937	190
2779	3	2913448381	156
2779	4	4306462995	93
2779	5	4306463855	84
2779	6	4306463223	73
2779	7	4306401271	69
2779	8	2765070305	67
2779	9	10134376	61
2779	10	4210216369	60
2780	1	4210195883	126
2780	2	4306401280	88
2780	3	4317411217	76
2780	4	4210180909	49
2780	5	4210191399	47
2780	6	2737186070	41
2780	7	166958622	39
2780	8	193228948	38
2780	9	2764696622	38
2780	10	4210225813	35
2781	1	4306401271	247
2781	2	4210172589	231
2781	3	2765034150	133
2781	4	4306525036	93
2781	5	4306463937	91
2781	6	145200904	54
2781	7	4306401280	44
2781	8	201533460	34
2781	9	16530434	33
2781	10	2595931848	33
2782	1	65690446	262
2782	2	103321696	124
2782	3	196821226	112
2782	4	4306463937	100
2782	5	2898405271	94
2782	6	77056576	84
2782	7	2898246533	78
2782	8	116372118	66
2782	9	184816971	62
2782	10	173256270	59
2783	1	4306463855	152
2783	2	4306463937	101
2783	3	2764790136	91
2783	4	4306401280	46
2783	5	4210186072	45
2783	6	4306462985	45
2783	7	159675017	44
2783	8	4306401271	42
2783	9	79946630	40
2783	10	4306463716	34
2784	1	106296714	190
2784	2	4306463937	121
2784	3	4306400194	106
2784	4	133768115	36
2784	5	73484101	31
2784	6	4210185684	31
2784	7	144091109	30
2784	8	4210169774	30
2784	9	4210240396	30
2784	10	128754310	29
2785	1	4306463855	276
2785	2	4306463937	170
2785	3	4210172589	118
2785	4	4306462995	78
2785	5	4306463716	75
2785	6	181027741	64
2785	7	4306463717	64
2785	8	4306463393	63
2785	9	2764375719	62
2785	10	203117075	58
2786	1	4210172589	220
2786	2	4306463937	160
2786	3	4306401271	112
2786	4	4306463855	110
2786	5	4306463223	66
2786	6	4210191457	51
2786	7	10134376	37
2786	8	2764379878	36
2786	9	4210213280	35
2786	10	4306462995	34
2787	1	4306463937	108
2787	2	4306463855	80
2787	3	4210172589	75
2787	4	4306401280	47
2787	5	2764375719	43
2787	6	104917558	30
2787	7	4317411217	26
2787	8	4306525036	24
2787	9	4306462995	22
2787	10	4306463230	22
2788	1	4306463937	358
2788	2	4306400194	305
2788	3	179591353	187
2788	4	120171627	178
2788	5	2764375719	128
2788	6	4306463708	100
2788	7	4306462995	89
2788	8	4210167715	84
2788	9	130638383	83
2788	10	34781183	75
2789	1	171471881	166
2789	2	4306402567	165
2789	3	4306525036	107
2789	4	136634221	67
2789	5	86558740	62
2789	6	4210172139	60
2789	7	196734849	56
2789	8	202381698	54
2789	9	47908780	44
2789	10	194835164	39
2790	1	4306525036	329
2790	2	182681858	128
2790	3	4210168890	124
2790	4	150928353	110
2790	5	92758036	81
2790	6	114438711	71
2790	7	64820383	57
2790	8	180106345	54
2790	9	124508484	52
2790	10	2764830343	50
2791	1	4306400194	198
2791	2	63459445	119
2791	3	2485537415	100
2791	4	10936095	93
2791	5	198879913	83
2791	6	147316732	61
2791	7	85738991	59
2791	8	196647941	55
2791	9	37189094	43
2791	10	2500830676	43
2792	1	80741212	392
2792	2	2498816185	139
2792	3	150752939	135
2792	4	170413080	126
2792	5	4306401280	120
2792	6	140190424	101
2792	7	4210186100	82
2792	8	2739064124	78
2792	9	1030393547	77
2792	10	3983301	66
2793	1	4306525036	162
2793	2	140251998	144
2793	3	202381698	100
2793	4	151589183	71
2793	5	4306402567	56
2793	6	4306463937	55
2793	7	76698325	48
2793	8	25293849	46
2793	9	5677253	45
2793	10	188085164	45
2794	1	4210175523	177
2794	2	45693802	157
2794	3	4306400194	117
2794	4	4210191041	102
2794	5	4210209078	87
2794	6	106296714	84
2794	7	51360982	77
2794	8	156578089	73
2794	9	2898405271	54
2794	10	2485537415	52
2795	1	4210196743	261
2795	2	174013774	139
2795	3	53118794	66
2795	4	4306401280	62
2795	5	159568494	55
2795	6	150752939	47
2795	7	128347262	45
2795	8	4306463937	44
2795	9	100664636	41
2795	10	2765017008	40
2796	1	4306525036	183
2796	2	14436165	142
2796	3	3992287	74
2796	4	4306463937	69
2796	5	41786655	66
2796	6	32635664	59
2796	7	67424211	58
2796	8	2755888424	55
2796	9	141953298	48
2796	10	2738950867	44
2797	1	118545620	528
2797	2	4306463937	210
2797	3	4210185096	115
2797	4	2764375719	94
2797	5	4306463855	90
2797	6	4210196952	83
2797	7	4306462769	59
2797	8	103482838	56
2797	9	4306462995	51
2797	10	32918732	48
2798	1	4306463855	195
2798	2	4306463937	145
2798	3	2736430497	111
2798	4	4306462985	92
2798	5	4210184657	90
2798	6	4306401280	90
2798	7	4210170998	58
2798	8	2764375719	50
2798	9	4306463708	49
2798	10	4306462964	43
2799	1	4306462844	84
2799	2	106296714	63
2799	3	4306463937	62
2799	4	4306401280	51
2799	5	4210240979	47
2799	6	2764900261	43
2799	7	2764566388	38
2799	8	4210187594	38
2799	9	4210172589	37
2799	10	128754310	31
2800	1	4306525036	310
2800	2	4306463230	183
2800	3	4306463937	122
2800	4	66559934	93
2800	5	107905979	70
2800	6	157799717	45
2800	7	2738950867	42
2800	8	51654951	36
2800	9	141953298	36
2800	10	4210173316	36
2801	1	106296714	89
2801	2	4306400194	63
2801	3	4306463937	57
2801	4	101949793	37
2801	5	2764900261	29
2801	6	128754310	28
2801	7	4210179954	24
2801	8	4306463409	22
2801	9	115004586	21
2801	10	49967189	20
2802	1	4306463937	73
2802	2	4306463855	59
2802	3	4210172589	57
2802	4	4306401280	55
2802	5	104917558	46
2802	6	4306525036	42
2802	7	106296714	27
2802	8	4306401271	26
2802	9	4317411217	25
2802	10	4210169156	21
2803	1	4306401280	128
2803	2	1035754523	43
2803	3	2764375719	40
2803	4	98708256	33
2803	5	4210182947	33
2803	6	2737963936	32
2803	7	4210204700	28
2803	8	4306463937	27
2803	9	4306463855	24
2803	10	4306509786	24
2804	1	203966947	190
2804	2	151498627	100
2804	3	198098182	95
2804	4	197975706	71
2804	5	71857517	66
2804	6	168377509	47
2804	7	4210187594	44
2804	8	2764603912	43
2804	9	4210179954	41
2804	10	2485537415	36
2805	1	106296714	128
2805	2	2764905038	69
2805	3	4306463937	62
2805	4	13144211	51
2805	5	2898405271	49
2805	6	4210229206	45
2805	7	4306400194	44
2805	8	4306463409	43
2805	9	134177497	42
2805	10	140556538	42
2806	1	118082147	117
2806	2	202381698	117
2806	3	96743589	115
2806	4	101229256	112
2806	5	205788060	112
2806	6	2596539584	111
2806	7	86852077	108
2806	8	200038611	91
2806	9	196734849	90
2806	10	20257348	88
2807	1	4210215105	151
2807	2	4210167977	113
2807	3	4306518851	72
2807	4	4306511890	71
2807	5	4210172589	58
2807	6	4306535805	57
2807	7	4306535819	57
2807	8	4306522965	51
2807	9	4210236921	45
2807	10	4210202480	44
2808	1	162355128	311
2808	2	19887683	268
2808	3	105243760	243
2808	4	4306400194	156
2808	5	143744711	77
2808	6	2482167115	72
2808	7	187991544	70
2808	8	4210217399	69
2808	9	164001016	68
2808	10	2765003236	54
2809	1	4306463937	143
2809	2	40006715	133
2809	3	165651092	111
2809	4	4306402512	97
2809	5	147854436	90
2809	6	4306400194	73
2809	7	114104845	70
2809	8	4210190971	69
2809	9	67807940	64
2809	10	70695507	59
2810	1	4210202285	290
2810	2	58031724	73
2810	3	198098182	62
2810	4	128754310	46
2810	5	29875816	38
2810	6	4210179954	36
2810	7	4210187594	36
2810	8	2898246533	34
2810	9	67425620	33
2810	10	183492911	31
2811	1	4306401280	204
2811	2	4306525036	65
2811	3	4306526462	43
2811	4	2764655612	38
2811	5	4306527770	37
2811	6	2898598607	36
2811	7	4306401271	36
2811	8	48754089	34
2811	9	125607027	28
2811	10	4317411217	28
2812	1	4306400194	345
2812	2	151579836	204
2812	3	2483979929	146
2812	4	53533488	133
2812	5	77333429	98
2812	6	4210188983	94
2812	7	169017477	87
2812	8	10584360	79
2812	9	145196850	70
2812	10	2764899059	64
2813	1	955657080	209
2813	2	4306463937	148
2813	3	21838795	98
2813	4	4306402567	62
2813	5	2254258	53
2813	6	202381698	50
2813	7	196734849	44
2813	8	181418318	35
2813	9	4210230202	34
2813	10	100787194	33
2814	1	4306400194	1437
2814	2	4306420609	178
2814	3	106296714	108
2814	4	4306419146	100
2814	5	4306419644	98
2814	6	118988714	55
2814	7	4306463937	44
2814	8	4210191458	37
2814	9	4306421103	31
2814	10	4306463708	28
2815	1	4210167977	218
2815	2	4210217002	172
2815	3	4306522965	114
2815	4	4210236921	103
2815	5	4210193565	81
2815	6	4210213242	74
2815	7	4210215105	73
2815	8	4306521640	59
2815	9	4306535759	52
2815	10	4306531023	51
2816	1	4306525036	134
2816	2	192814187	100
2816	3	49861241	90
2816	4	4393917726	87
2816	5	4306463937	85
2816	6	112714904	77
2816	7	4210172589	70
2816	8	200437886	59
2816	9	94746221	57
2816	10	2765002792	55
2817	1	4306525036	272
2817	2	108911230	66
2817	3	29564236	48
2817	4	180695361	48
2817	5	39653451	45
2817	6	165235614	44
2817	7	2756327665	44
2817	8	206789554	40
2817	9	15444899	39
2817	10	132108250	39
2818	1	4306525036	268
2818	2	141953298	136
2818	3	2738950867	112
2818	4	14436165	55
2818	5	144860794	48
2818	6	4210219855	43
2818	7	198888318	40
2818	8	76900504	36
2818	9	172125442	35
2818	10	2737168579	32
2819	1	4306463937	209
2819	2	127318573	176
2819	3	4306463855	157
2819	4	87438066	89
2819	5	4306463708	72
2819	6	2764375719	57
2819	7	4306462995	51
2819	8	4306463716	42
2819	9	4210176103	39
2819	10	184888067	37
2820	1	4306525036	154
2820	2	14436165	77
2820	3	168522863	69
2820	4	4306402567	68
2820	5	15137598	61
2820	6	119714264	51
2820	7	128439998	51
2820	8	4306463937	49
2820	9	4306402450	45
2820	10	37879208	41
2821	1	4210173592	287
2821	2	11998145	255
2821	3	135275128	117
2821	4	195250905	109
2821	5	131540492	105
2821	6	4210168421	96
2821	7	4306511322	86
2821	8	175615688	62
2821	9	94429145	55
2821	10	4210180042	55
2822	1	48277251	455
2822	2	183652945	247
2822	3	2764981261	203
2822	4	4210212729	164
2822	5	139950591	162
2822	6	4210196743	124
2822	7	4210212237	113
2822	8	204691207	104
2822	9	2764971609	80
2822	10	135458494	68
2823	1	4306463937	156
2823	2	4306525036	146
2823	3	119745230	129
2823	4	101177023	125
2823	5	77494981	75
2823	6	140531128	54
2823	7	32515731	46
2823	8	4306463230	44
2823	9	207294652	40
2823	10	27713550	38
2824	1	4306525036	216
2824	2	14436165	106
2824	3	47215897	90
2824	4	53087977	80
2824	5	2738950867	53
2824	6	124275759	51
2824	7	2756006110	43
2824	8	87161179	41
2824	9	2484704948	40
2824	10	4306402450	40
2825	1	191005381	515
2825	2	4210172589	206
2825	3	4306401271	187
2825	4	4306463855	117
2825	5	4306463937	88
2825	6	2765001115	61
2825	7	402139	57
2825	8	4306463716	48
2825	9	182134815	38
2825	10	2764375719	36
2826	1	4306463937	401
2826	2	4306464262	242
2826	3	63113783	94
2826	4	4387287799	78
2826	5	2736878207	59
2826	6	4306464246	55
2826	7	4210228897	54
2826	8	2738061262	46
2826	9	4210173208	42
2826	10	4306401271	41
2827	1	41354064	169
2827	2	111464279	129
2827	3	104038378	123
2827	4	140251998	94
2827	5	4306525036	85
2827	6	30970080	69
2827	7	4306402567	64
2827	8	162030435	61
2827	9	4306463937	55
2827	10	10422866	40
2828	1	4306463937	108
2828	2	4210196743	87
2828	3	4210195883	86
2828	4	2765017008	85
2828	5	131204085	61
2828	6	113542562	60
2828	7	4306462985	57
2828	8	44383424	47
2828	9	2764522276	46
2828	10	2493613807	45
2829	1	168522863	524
2829	2	15137598	410
2829	3	41454044	255
2829	4	14436165	155
2829	5	183149254	72
2829	6	181123643	71
2829	7	142211178	69
2829	8	168415115	58
2829	9	2596394214	55
2829	10	4306525036	55
2830	1	39924113	246
2830	2	4306525036	227
2830	3	4306463937	193
2830	4	144860794	107
2830	5	4306463230	68
2830	6	10542796	66
2830	7	205902839	63
2830	8	76925378	54
2830	9	42576627	44
2830	10	2754193772	39
2831	1	121038253	286
2831	2	83254143	263
2831	3	94746221	130
2831	4	4306525036	120
2831	5	2764400605	109
2831	6	4210179777	102
2831	7	4306463937	99
2831	8	58099514	75
2831	9	96613078	42
2831	10	202536068	42
2832	1	2764680408	86
2832	2	62391475	83
2832	3	128210042	83
2832	4	11781297	77
2832	5	201473135	72
2832	6	44098145	66
2832	7	60589374	59
2832	8	2484704948	59
2832	9	4306525036	56
2832	10	4121844	53
2833	1	4306525036	199
2833	2	53087977	96
2833	3	4306463230	89
2833	4	11075000	83
2833	5	4306463937	73
2833	6	189281586	71
2833	7	14436165	49
2833	8	91748803	46
2833	9	100045985	40
2833	10	46544255	39
2834	1	4210196743	530
2834	2	2764424004	254
2834	3	2765017008	241
2834	4	183652945	160
2834	5	204691207	116
2834	6	2764998023	84
2834	7	2764724548	76
2834	8	193620188	68
2834	9	128347262	67
2834	10	2764462080	55
2835	1	4306525036	192
2835	2	140251998	124
2835	3	168522863	97
2835	4	126644158	91
2835	5	202381698	83
2835	6	128439998	77
2835	7	124357017	66
2835	8	151589183	56
2835	9	4306402450	53
2835	10	58832373	50
2836	1	4306463937	884
2836	2	29894199	229
2836	3	4210215034	210
2836	4	4306462995	176
2836	5	2764751824	140
2836	6	4306400194	123
2836	7	2764375719	107
2836	8	4210212087	94
2836	9	147718537	84
2836	10	4306515495	66
2837	1	2764375719	407
2837	2	4306463937	82
2837	3	21578668	79
2837	4	4210172589	79
2837	5	4306463855	65
2837	6	76796937	64
2837	7	163506364	49
2837	8	95667342	45
2837	9	12513068	39
2837	10	196884033	36
2838	1	198098182	87
2838	2	68497187	73
2838	3	4306463230	73
2838	4	4306463937	67
2838	5	58516903	63
2838	6	10134376	59
2838	7	5745031	53
2838	8	2764696622	49
2838	9	148178125	48
2838	10	4210172589	45
2839	1	4306463937	192
2839	2	4306463855	113
2839	3	43226970	79
2839	4	4306462995	61
2839	5	161725137	50
2839	6	127589907	47
2839	7	114794932	41
2839	8	4210172589	40
2839	9	168235515	38
2839	10	2764375719	34
2840	1	4306463937	230
2840	2	4306463230	165
2840	3	4306525036	159
2840	4	191417626	67
2840	5	14436165	66
2840	6	18197459	55
2840	7	97303050	44
2840	8	108732581	35
2840	9	110785341	35
2840	10	184267533	33
2841	1	171471881	131
2841	2	104261359	102
2841	3	4306463075	102
2841	4	185347631	73
2841	5	4210195883	71
2841	6	91797957	65
2841	7	146563757	61
2841	8	202381698	48
2841	9	4306525036	48
2841	10	153677060	42
2842	1	4306401280	129
2842	2	4210209464	118
2842	3	2739064124	96
2842	4	53297675	71
2842	5	156506154	67
2842	6	124508484	59
2842	7	102196823	41
2842	8	4306525036	41
2842	9	177969571	40
2842	10	2739370219	37
2843	1	4306463937	106
2843	2	4210172589	94
2843	3	4306463855	76
2843	4	184846731	62
2843	5	69799158	57
2843	6	202201968	47
2843	7	4306525036	44
2843	8	4306463223	43
2843	9	4306401280	37
2843	10	4210197040	33
2844	1	77689732	198
2844	2	4210184540	193
2844	3	4306401280	161
2844	4	4210179437	113
2844	5	81262027	79
2844	6	2739370219	72
2844	7	55935390	65
2844	8	4210229262	59
2844	9	4210189767	55
2844	10	4210229268	46
2845	1	14436165	400
2845	2	4306525036	203
2845	3	2738950867	81
2845	4	4306463230	76
2845	5	4306463937	74
2845	6	141953298	69
2845	7	200071133	46
2845	8	15137598	33
2845	9	101107869	25
2845	10	66425452	23
2846	1	4306525036	294
2846	2	4306463937	48
2846	3	39653451	46
2846	4	4306463230	44
2846	5	29564236	39
2846	6	206789554	38
2846	7	108911230	37
2846	8	174893293	32
2846	9	132108250	31
2846	10	180051340	28
2847	1	4393917726	1587
2847	2	192814187	599
2847	3	14436165	116
2847	4	49861241	36
2847	5	92370695	31
2847	6	4210172589	27
2847	7	4306525036	27
2847	8	2751401339	22
2847	9	4306463937	22
2847	10	49645005	17
2848	1	40137911	329
2848	2	4306463937	299
2848	3	4210172964	131
2848	4	4306401280	88
2848	5	4306463855	81
2848	6	35369596	58
2848	7	4306462819	58
2848	8	4306463708	57
2848	9	110965136	48
2848	10	4210229469	48
2849	1	4306525036	279
2849	2	4306463230	94
2849	3	4306463937	82
2849	4	14436165	69
2849	5	49828768	64
2849	6	6589812	52
2849	7	96615428	52
2849	8	186746772	49
2849	9	3992287	32
2849	10	56953219	32
2850	1	4210187769	177
2850	2	4306463937	171
2850	3	176136234	166
2850	4	135345724	121
2850	5	77047749	117
2850	6	4210187594	108
2850	7	191963794	93
2850	8	34211650	78
2850	9	100543851	69
2850	10	185523233	62
2851	1	4306401271	607
2851	2	4210172589	451
2851	3	41869786	94
2851	4	4306463937	62
2851	5	145507837	54
2851	6	4306463223	39
2851	7	3416249	37
2851	8	4210177239	32
2851	9	67638930	29
2851	10	201533460	28
2852	1	173979593	579
2852	2	160957154	287
2852	3	204459408	273
2852	4	58867329	250
2852	5	4306463937	164
2852	6	30784254	151
2852	7	15526297	140
2852	8	4306488284	138
2852	9	146709414	93
2852	10	34870678	68
2853	1	193412822	128
2853	2	202848731	110
2853	3	4210172375	100
2853	4	4210171344	93
2853	5	4306463855	92
2853	6	4306463230	81
2853	7	4306463937	70
2853	8	169586356	65
2853	9	185930297	64
2853	10	87933477	63
2854	1	4306463708	266
2854	2	197437149	189
2854	3	4306463937	157
2854	4	4306525036	138
2854	5	4306463230	129
2854	6	79704628	100
2854	7	175814247	99
2854	8	166523383	76
2854	9	182325219	71
2854	10	162735375	56
2855	1	201105371	271
2855	2	48277251	112
2855	3	2765017008	102
2855	4	201860848	70
2855	5	201313073	66
2855	6	2493613807	53
2855	7	2764522276	48
2855	8	149191589	47
2855	9	2764605448	45
2855	10	139986892	44
2856	1	36510773	215
2856	2	2493613807	119
2856	3	4306463937	115
2856	4	4306525036	101
2856	5	190862277	97
2856	6	27359860	84
2856	7	196783408	77
2856	8	4210172139	70
2856	9	4306463230	63
2856	10	182099265	60
2857	1	4306462995	199
2857	2	66032519	174
2857	3	4306463937	151
2857	4	4306463708	130
2857	5	4306462964	112
2857	6	101458791	90
2857	7	2764375719	79
2857	8	206769501	76
2857	9	4306463091	75
2857	10	139265456	70
2858	1	135458494	352
2858	2	63107127	119
2858	3	29946585	84
2858	4	2764768694	84
2858	5	4210184169	84
2858	6	2764924460	71
2858	7	14509825	65
2858	8	85201822	59
2858	9	2765017008	57
2858	10	137517129	53
2859	1	4306402567	300
2859	2	4306400194	121
2859	3	86468533	107
2859	4	106296714	91
2859	5	52395412	82
2859	6	127827428	81
2859	7	4387277810	74
2859	8	202381698	68
2859	9	4306463937	68
2859	10	3444786	67
2860	1	4306525036	173
2860	2	35677870	150
2860	3	73565813	95
2860	4	180106345	86
2860	5	4210176328	48
2860	6	178697482	47
2860	7	2898091433	45
2860	8	160828166	43
2860	9	4306401280	42
2860	10	137832324	40
2861	1	4306401280	102
2861	2	17808133	94
2861	3	4210200000	75
2861	4	4210175259	52
2861	5	4210230295	50
2861	6	11825495	46
2861	7	141015964	38
2861	8	4306463855	35
2861	9	4210176543	34
2861	10	32100302	29
2862	1	120252230	186
2862	2	2764375719	181
2862	3	60343996	117
2862	4	59789293	113
2862	5	4306462995	82
2862	6	4306463708	77
2862	7	27349033	74
2862	8	2764343986	71
2862	9	101458791	64
2862	10	4306463855	64
2863	1	4306463230	68
2863	2	183600629	66
2863	3	4210172589	62
2863	4	143568823	61
2863	5	4306463409	60
2863	6	902750600	59
2863	7	4210203469	58
2863	8	4306401280	58
2863	9	4306463937	48
2863	10	2764386242	47
2864	1	4306463937	432
2864	2	4306464262	187
2864	3	4306464232	149
2864	4	4306463491	144
2864	5	4306463091	123
2864	6	4210197607	107
2864	7	4210216355	77
2864	8	126427871	57
2864	9	4306463812	53
2864	10	4306463855	51
2865	1	29980478	230
2865	2	4220651810	221
2865	3	2737336974	129
2865	4	4306463075	61
2865	5	202628778	58
2865	6	86499044	52
2865	7	181849944	52
2865	8	48643595	45
2865	9	87561820	44
2865	10	155241436	44
2866	1	4306525036	354
2866	2	196979320	113
2866	3	30525748	111
2866	4	4306463937	72
2866	5	141953298	66
2866	6	2764378604	66
2866	7	4306463230	62
2866	8	2738950867	42
2866	9	134892809	41
2866	10	38879697	36
2867	1	4210172139	211
2867	2	182655450	106
2867	3	4306525036	95
2867	4	191963794	92
2867	5	4306463937	85
2867	6	7858788	68
2867	7	201669150	67
2867	8	156181945	59
2867	9	4306463399	58
2867	10	183492911	52
2868	1	4306463855	181
2868	2	2764375719	129
2868	3	4306463937	107
2868	4	4306463122	95
2868	5	174994954	80
2868	6	4306463708	63
2868	7	20903574	60
2868	8	4306463716	56
2868	9	74450657	54
2868	10	4306462951	46
2869	1	2739064124	167
2869	2	4306401280	106
2869	3	4306526703	69
2869	4	2738381912	66
2869	5	4210220314	57
2869	6	4306526338	52
2869	7	114438711	51
2869	8	150928353	48
2869	9	53297675	47
2869	10	4306525036	42
2870	1	199475400	188
2870	2	195255895	102
2870	3	2764776196	102
2870	4	79820318	92
2870	5	2764957011	86
2870	6	115310785	84
2870	7	71324801	70
2870	8	2764715610	60
2870	9	183652945	58
2870	10	4210177741	57
2871	1	4306525036	244
2871	2	192814187	129
2871	3	74917805	125
2871	4	4393917726	124
2871	5	4306463937	68
2871	6	165348454	57
2871	7	4306401280	48
2871	8	12898181	47
2871	9	4210172589	40
2871	10	4306463075	32
2872	1	4306463855	629
2872	2	4210174231	84
2872	3	2764375719	83
2872	4	188083089	74
2872	5	4210172589	62
2872	6	4306401280	53
2872	7	4306463937	52
2872	8	1565281	39
2872	9	4306463716	39
2872	10	2764858057	36
2873	1	2914388822	325
2873	2	2764647428	297
2873	3	261554	208
2873	4	182611093	207
2873	5	2913224704	203
2873	6	2911951769	183
2873	7	4210183531	182
2873	8	4210227959	180
2873	9	2911780511	173
2873	10	4210187570	96
2874	1	4306400194	88
2874	2	106296714	84
2874	3	4210187594	74
2874	4	2764905038	61
2874	5	4210169156	50
2874	6	183492911	41
2874	7	4306463937	39
2874	8	4306402450	38
2874	9	4210179954	37
2874	10	4306525036	35
2875	1	41354064	123
2875	2	6791298	113
2875	3	106928643	111
2875	4	67716761	96
2875	5	4306463937	84
2875	6	171072222	78
2875	7	101472891	73
2875	8	82088436	71
2875	9	187991544	71
2875	10	168898714	66
2876	1	14436165	256
2876	2	4306525036	209
2876	3	4306463230	86
2876	4	186113128	74
2876	5	4306463937	73
2876	6	2738950867	61
2876	7	18197459	43
2876	8	66441642	39
2876	9	28527816	31
2876	10	141953298	31
2877	1	4210167977	99
2877	2	4210187840	71
2877	3	4306531023	63
2877	4	4210180360	62
2877	5	4210215105	59
2877	6	4306401280	52
2877	7	4306511890	50
2877	8	4210178417	45
2877	9	4210236921	42
2877	10	4210170928	40
2878	1	4306525036	197
2878	2	174893293	151
2878	3	4210169567	128
2878	4	100045985	48
2878	5	4210172589	48
2878	6	192814187	45
2878	7	1037458212	44
2878	8	4210190642	43
2878	9	4306402450	41
2878	10	202381698	39
2879	1	168680287	275
2879	2	4306400194	262
2879	3	4502562	70
2879	4	120629676	61
2879	5	183492911	50
2879	6	193624734	50
2879	7	4306463937	38
2879	8	63459445	35
2879	9	4306419550	34
2879	10	4306422866	29
2880	1	4306463937	129
2880	2	4306463855	87
2880	3	4306401280	86
2880	4	4210238103	65
2880	5	4306463871	65
2880	6	130340731	58
2880	7	4210196430	56
2880	8	4210182004	45
2880	9	4210172589	40
2880	10	44486964	36
2881	1	162523228	173
2881	2	2948509140	106
2881	3	4306463091	67
2881	4	4210178629	62
2881	5	4306402512	56
2881	6	4306401280	47
2881	7	4210196572	44
2881	8	2764383377	34
2881	9	4210229140	32
2881	10	104917558	31
2882	1	4306463855	215
2882	2	4306463937	214
2882	3	4210211615	162
2882	4	4210201422	119
2882	5	2764375719	100
2882	6	14586973	89
2882	7	2764454927	54
2882	8	66096211	53
2882	9	2764711586	51
2882	10	4306463805	43
2883	1	4210167977	156
2883	2	4220651001	122
2883	3	4210172589	81
2883	4	4306525518	70
2883	5	4306522965	69
2883	6	4210220633	61
2883	7	4306528759	60
2883	8	4306523227	55
2883	9	4306518851	49
2883	10	4306524777	47
2884	1	4306463855	99
2884	2	4306463937	65
2884	3	4306401280	34
2884	4	4210172589	33
2884	5	4317411217	32
2884	6	4210187594	31
2884	7	4306463230	21
2884	8	82984449	19
2884	9	4393919366	19
2884	10	104917558	18
2885	1	4306463937	1961
2885	2	4210228876	71
2885	3	4306463307	70
2885	4	4306463308	64
2885	5	4210205328	53
2885	6	4210222816	51
2885	7	4210185181	48
2885	8	4306463091	39
2885	9	4210200894	35
2885	10	4210167954	33
2886	1	4210193115	164
2886	2	4210231234	161
2886	3	92130131	85
2886	4	4210178284	80
2886	5	159152346	72
2886	6	4210224497	63
2886	7	4210189903	62
2886	8	4210188111	51
2886	9	4306464338	51
2886	10	4210174498	45
2887	1	4306463855	150
2887	2	4306463937	111
2887	3	64506217	43
2887	4	78398831	40
2887	5	168863630	35
2887	6	204030396	35
2887	7	4306401280	29
2887	8	104917558	28
2887	9	9267903	27
2887	10	61231200	27
2888	1	106296714	85
2888	2	4210187899	71
2888	3	4306463937	59
2888	4	4210186485	51
2888	5	183492911	47
2888	6	4306463855	43
2888	7	4306463075	38
2888	8	2764375719	29
2888	9	2764787750	28
2888	10	4210169156	24
2889	1	4306463937	237
2889	2	4306463855	170
2889	3	977347030	99
2889	4	4306463716	87
2889	5	2764952424	86
2889	6	4306463122	70
2889	7	4306463717	57
2889	8	2764375719	56
2889	9	4210172589	41
2889	10	4306462995	34
2890	1	4306462964	247
2890	2	4306462995	181
2890	3	4306463855	96
2890	4	46443534	77
2890	5	4306463091	70
2890	6	2764375719	56
2890	7	4210201947	56
2890	8	194872021	52
2890	9	4306463937	50
2890	10	4210226040	48
2891	1	4306525036	201
2891	2	29564236	55
2891	3	206789554	54
2891	4	15444899	49
2891	5	4306463230	49
2891	6	39653451	45
2891	7	41354064	42
2891	8	180051340	37
2891	9	4306463937	37
2891	10	2764737005	31
2892	1	4306463937	240
2892	2	131591925	128
2892	3	4306463855	112
2892	4	4210188390	107
2892	5	4306463708	99
2892	6	4210172589	90
2892	7	4306463230	70
2892	8	59311786	48
2892	9	4306401271	48
2892	10	4210227492	39
2893	1	41354064	629
2893	2	205050996	149
2893	3	4210168331	148
2893	4	133942674	128
2893	5	205754296	118
2893	6	21317199	77
2893	7	111155417	56
2893	8	181847678	54
2893	9	108911230	53
2893	10	2481244646	49
2894	1	4210196743	181
2894	2	4306463937	76
2894	3	185774633	60
2894	4	4306401280	50
2894	5	4306525036	50
2894	6	2764415477	45
2894	7	146976949	37
2894	8	2764623548	27
2894	9	4210195883	27
2894	10	98026630	26
2895	1	4210172589	441
2895	2	4306462995	212
2895	3	4306463223	177
2895	4	4306463855	159
2895	5	2764385509	141
2895	6	4306463708	139
2895	7	4306463937	139
2895	8	129774924	102
2895	9	147783800	65
2895	10	4306462967	60
2896	1	4210172589	112
2896	2	4306402512	95
2896	3	10134376	94
2896	4	4306401271	86
2896	5	4306463937	72
2896	6	4306401280	54
2896	7	4306463855	45
2896	8	194154261	44
2896	9	4210195883	35
2896	10	54935800	34
2897	1	79332557	185
2897	2	4210171197	181
2897	3	4306463075	161
2897	4	4306401280	132
2897	5	4210181621	128
2897	6	4306462873	121
2897	7	4306463937	96
2897	8	165454098	95
2897	9	29980478	77
2897	10	4306531428	76
2898	1	197975706	86
2898	2	5927517	62
2898	3	58031724	59
2898	4	29875816	58
2898	5	91284046	52
2898	6	4306419756	50
2898	7	4210189194	47
2898	8	50523690	45
2898	9	4210187594	45
2898	10	4306462866	40
2899	1	4210174575	54
2899	2	4306463937	42
2899	3	4306400194	40
2899	4	4306401280	37
2899	5	2764696622	36
2899	6	4306463230	36
2899	7	2764566388	31
2899	8	4306463075	30
2899	9	1017394892	29
2899	10	4210194696	29
2900	1	4306463937	253
2900	2	100736837	237
2900	3	11564597	167
2900	4	4306525036	148
2900	5	146061289	99
2900	6	11131942	81
2900	7	51047553	80
2900	8	182625382	79
2900	9	45445671	62
2900	10	66851268	59
2901	1	4306525036	210
2901	2	4306463937	69
2901	3	2754254065	38
2901	4	41786655	31
2901	5	4306463855	28
2901	6	147670119	27
2901	7	19710621	26
2901	8	191012840	26
2901	9	135397728	24
2901	10	153994436	24
2902	1	4306401280	142
2902	2	4306401271	93
2902	3	4210234276	40
2902	4	4210169784	26
2902	5	169983381	25
2902	6	4306463937	25
2902	7	2738413365	22
2902	8	163496299	21
2902	9	4210172589	21
2902	10	4306510415	21
2903	1	4306463855	325
2903	2	4210172589	98
2903	3	4306463937	61
2903	4	2764375719	51
2903	5	4306401280	47
2903	6	4306401271	41
2903	7	4306463716	30
2903	8	4317411217	24
2903	9	4306462964	17
2903	10	4306463717	16
2904	1	114852576	455
2904	2	4210212179	357
2904	3	2764587901	121
2904	4	2765007047	83
2904	5	204691207	81
2904	6	2764900332	68
2904	7	2764410556	60
2904	8	187870641	52
2904	9	4306463855	39
2904	10	4306515635	36
2905	1	4210202480	355
2905	2	4306518851	142
2905	3	4210167977	95
2905	4	4306511623	70
2905	5	4210225374	64
2905	6	4306535759	64
2905	7	4210217002	58
2905	8	2764942693	42
2905	9	4306401280	42
2905	10	4210215105	40
2906	1	4306525036	194
2906	2	153994436	118
2906	3	4306463230	114
2906	4	4306463937	83
2906	5	58727509	69
2906	6	100736837	37
2906	7	4306463075	37
2906	8	85077419	34
2906	9	171705774	29
2906	10	48915936	24
2907	1	4210202285	257
2907	2	128754310	125
2907	3	4210189194	102
2907	4	67425620	100
2907	5	86716441	88
2907	6	2898407351	87
2907	7	2764696622	70
2907	8	4306463937	61
2907	9	2764531433	59
2907	10	4210184193	59
2908	1	4306463937	125
2908	2	4306463855	119
2908	3	2764375719	76
2908	4	73388012	71
2908	5	4306462833	30
2908	6	81820863	28
2908	7	4306401280	28
2908	8	4306463716	25
2908	9	4210172589	24
2908	10	4306463717	24
2909	1	4306463716	135
2909	2	4306462995	91
2909	3	4210173577	84
2909	4	4306463797	79
2909	5	4306463937	70
2909	6	2764375719	69
2909	7	4306402512	67
2909	8	4306463855	63
2909	9	193396206	59
2909	10	4306463717	58
2910	1	49907878	138
2910	2	73388172	123
2910	3	4306525036	110
2910	4	67880631	81
2910	5	87338489	81
2910	6	25293849	75
2910	7	41354064	71
2910	8	10623703	52
2910	9	202381698	51
2910	10	30970080	50
2911	1	4210195883	93
2911	2	10134376	80
2911	3	60589374	70
2911	4	2764396693	69
2911	5	67425620	65
2911	6	2764716694	65
2911	7	194154261	57
2911	8	134216166	55
2911	9	4306525036	54
2911	10	4306463937	52
2912	1	4306462995	253
2912	2	4306463937	224
2912	3	40583742	146
2912	4	4306463855	127
2912	5	2764375719	120
2912	6	4306463716	109
2912	7	118201569	65
2912	8	4306463717	63
2912	9	4306463708	56
2912	10	4210209162	51
2913	1	4210172589	90
2913	2	4306401280	66
2913	3	4306463131	40
2913	4	4317411217	38
2913	5	4210217598	34
2913	6	4306463402	23
2913	7	4210171841	22
2913	8	2739397664	21
2913	9	4306463656	19
2913	10	2736635865	18
2914	1	4306525036	235
2914	2	14436165	72
2914	3	141953298	67
2914	4	2764378604	67
2914	5	2738950867	54
2914	6	196979320	50
2914	7	91748803	44
2914	8	4306463230	43
2914	9	69093139	27
2914	10	194416120	26
2915	1	4306525036	161
2915	2	140251998	100
2915	3	104038378	80
2915	4	41354064	60
2915	5	4306463937	52
2915	6	4210184271	41
2915	7	4306463230	38
2915	8	151589183	33
2915	9	10623703	32
2915	10	37672443	30
2916	1	4210172589	106
2916	2	86852077	101
2916	3	103097414	88
2916	4	4306402450	84
2916	5	10134376	83
2916	6	946213959	69
2916	7	4306463937	65
2916	8	87561820	63
2916	9	198098182	56
2916	10	15239247	42
2917	1	4306400194	912
2917	2	183492911	891
2917	3	2764696622	143
2917	4	4306503539	87
2917	5	4306463937	65
2917	6	4306511710	50
2917	7	4210212087	49
2917	8	4363605334	41
2917	9	195663288	32
2917	10	82835231	28
2918	1	4306525036	286
2918	2	105068684	103
2918	3	196623810	73
2918	4	12898181	60
2918	5	192814187	50
2918	6	207544546	39
2918	7	116608325	35
2918	8	68436342	34
2918	9	100173455	33
2918	10	48754089	32
2919	1	14436165	523
2919	2	200071133	193
2919	3	4306525036	146
2919	4	4306463937	89
2919	5	4306463230	66
2919	6	153015021	61
2919	7	186746772	60
2919	8	119714264	49
2919	9	15952725	45
2919	10	15004046	25
2920	1	4306525036	114
2920	2	161551636	107
2920	3	19266977	95
2920	4	4306401280	51
2920	5	4210195883	50
2920	6	2764876480	46
2920	7	4306463075	42
2920	8	4306463230	41
2920	9	10134376	34
2920	10	4306463937	34
2921	1	4306463937	236
2921	2	4210172589	230
2921	3	2764370178	130
2921	4	4210170640	97
2921	5	127459061	83
2921	6	4306463708	82
2921	7	4306462995	72
2921	8	4306464021	69
2921	9	4719625	63
2921	10	4210176779	63
2922	1	4210204559	165
2922	2	4210175534	126
2922	3	4210202026	88
2922	4	4210171432	87
2922	5	4210167869	78
2922	6	4210193425	75
2922	7	4210216338	70
2922	8	4210186093	67
2922	9	4210172589	66
2922	10	4210227089	64
2923	1	106296714	632
2923	2	4306400194	201
2923	3	4306463937	129
2923	4	171741597	108
2923	5	66221708	84
2923	6	90727058	82
2923	7	4306402512	76
2923	8	183492911	63
2923	9	902237881	55
2923	10	151820558	41
2924	1	4306525036	159
2924	2	4306463937	77
2924	3	14436165	73
2924	4	58727509	58
2924	5	4306463230	57
2924	6	28607811	51
2924	7	166925758	43
2924	8	3992287	42
2924	9	86638576	42
2924	10	2755888424	42
2925	1	4306401280	231
2925	2	4210234947	70
2925	3	2764754554	65
2925	4	4210238235	57
2925	5	2739349485	43
2925	6	4306463937	32
2925	7	2764926460	29
2925	8	4210186304	28
2925	9	4317411217	28
2925	10	4210185583	24
2926	1	4210172589	143
2926	2	4306463937	81
2926	3	4306401271	79
2926	4	4306463855	61
2926	5	4317411217	44
2926	6	4306401280	35
2926	7	2765070305	26
2926	8	2764648571	24
2926	9	2764375719	23
2926	10	4210209736	23
2927	1	4306463937	371
2927	2	4306463091	179
2927	3	4306463491	130
2927	4	4306464261	125
2927	5	4306464262	121
2927	6	4306464232	100
2927	7	4306464022	98
2927	8	4306462951	77
2927	9	4306463855	67
2927	10	4306462964	39
2928	1	4306401280	109
2928	2	4210175553	96
2928	3	4210228215	95
2928	4	4210170173	52
2928	5	4306524789	50
2928	6	4210191685	43
2928	7	4210209540	43
2928	8	4210170485	42
2928	9	4210197043	38
2928	10	4210193657	36
2929	1	190862277	155
2929	2	4306525036	112
2929	3	4306463937	104
2929	4	4306463399	89
2929	5	4306463230	83
2929	6	125242520	71
2929	7	121100956	70
2929	8	133896805	66
2929	9	202381698	54
2929	10	4306463075	50
2930	1	4306463937	1524
2930	2	125111321	228
2930	3	4210176779	178
2930	4	98546363	146
2930	5	4306463230	106
2930	6	148355361	86
2930	7	4210231024	65
2930	8	4306462995	65
2930	9	4306463327	61
2930	10	61075248	59
2931	1	4387290186	70
2931	2	4210179210	66
2931	3	4306401280	65
2931	4	4210187594	56
2931	5	4210201367	51
2931	6	4317411217	50
2931	7	4210224358	47
2931	8	4220651013	46
2931	9	4210202722	39
2931	10	4210236664	39
2932	1	78718257	217
2932	2	86491869	195
2932	3	87940674	142
2932	4	8078497	130
2932	5	4210178523	130
2932	6	122730748	95
2932	7	127530304	89
2932	8	4210177810	68
2932	9	67425620	66
2932	10	154732359	58
2933	1	4210172589	268
2933	2	4306401271	150
2933	3	77392188	66
2933	4	4306463937	57
2933	5	4210183134	56
2933	6	91328126	47
2933	7	4306463855	40
2933	8	78792899	39
2933	9	148599315	33
2933	10	4306463223	30
2934	1	72684844	141
2934	2	4210189092	112
2934	3	48277251	101
2934	4	4306463075	60
2934	5	128990672	57
2934	6	188770946	56
2934	7	18660344	47
2934	8	4306463937	46
2934	9	11781297	45
2934	10	41354064	42
2935	1	2764564091	171
2935	2	2754578539	147
2935	3	4306525036	133
2935	4	2750749054	99
2935	5	143907125	83
2935	6	4210226795	73
2935	7	4210238569	67
2935	8	4210169498	64
2935	9	89418226	59
2935	10	4210239498	58
2936	1	4306401280	148
2936	2	4210196512	85
2936	3	4210204400	83
2936	4	4210207973	68
2936	5	4210194922	66
2936	6	4210218866	53
2936	7	2738220444	48
2936	8	2738872911	48
2936	9	4306401271	43
2936	10	4210232894	40
2937	1	14436165	499
2937	2	4306525036	192
2937	3	4306463937	94
2937	4	4363607107	71
2937	5	15137598	68
2937	6	2755888424	38
2937	7	66425452	36
2937	8	2764365421	36
2937	9	166925758	30
2937	10	2738950867	29
2938	1	4306463230	135
2938	2	4306463075	74
2938	3	4306462866	64
2938	4	4306401280	56
2938	5	4210177810	55
2938	6	4306463937	47
2938	7	4306462995	30
2938	8	4210189194	29
2938	9	2764696622	28
2938	10	4210202285	27
2939	1	4210212733	180
2939	2	4210222252	109
2939	3	4210194402	102
2939	4	4210171576	95
2939	5	4210204013	85
2939	6	4210171140	83
2939	7	4210209117	81
2939	8	4210191798	69
2939	9	4210172589	62
2939	10	4210220348	56
2940	1	4306514330	431
2940	2	4210199414	250
2940	3	4306524763	168
2940	4	4306524771	146
2940	5	4210211278	72
2940	6	4306534746	70
2940	7	4306505000	65
2940	8	4210201884	57
2940	9	4306401280	53
2940	10	4210211113	50
2941	1	128754310	78
2941	2	4306463937	56
2941	3	67425620	54
2941	4	4210179954	42
2941	5	2764825856	34
2941	6	197975706	31
2941	7	183492911	28
2941	8	2764372747	27
2941	9	2764384989	26
2941	10	4306493614	26
2942	1	4306463855	164
2942	2	4306463937	84
2942	3	2764375719	60
2942	4	4306463716	53
2942	5	106296714	39
2942	6	4306401280	32
2942	7	4210195302	28
2942	8	4210172589	27
2942	9	4317411217	27
2942	10	4306463717	24
2943	1	4210172589	184
2943	2	4306400194	147
2943	3	4306463937	63
2943	4	4306463855	52
2943	5	4306463708	46
2943	6	2764493120	34
2943	7	4306400573	33
2943	8	4393917726	30
2943	9	17147534	29
2943	10	15239247	24
2944	1	4210195883	326
2944	2	4210225793	163
2944	3	4210218650	124
2944	4	4210190924	101
2944	5	4210186093	88
2944	6	4210214225	64
2944	7	4210168758	58
2944	8	4210200008	40
2944	9	4306538198	39
2944	10	4210212281	35
2945	1	4210202658	63
2945	2	4210189194	59
2945	3	4306463937	54
2945	4	81159284	43
2945	5	128754310	37
2945	6	2764696622	35
2945	7	104863613	34
2945	8	4306401280	34
2945	9	4306463075	31
2945	10	65690446	30
2946	1	4306400194	139
2946	2	204703277	71
2946	3	24688465	70
2946	4	109682412	63
2946	5	44567922	58
2946	6	106296714	54
2946	7	4306402567	49
2946	8	2764905038	47
2946	9	4306463937	39
2946	10	52395412	35
2947	1	4306463937	175
2947	2	4306525036	134
2947	3	29243050	117
2947	4	4306463855	72
2947	5	4210172956	58
2947	6	15239247	38
2947	7	94746221	31
2947	8	93520703	30
2947	9	4317411217	28
2947	10	4306401280	27
2948	1	18225753	118
2948	2	4210227223	92
2948	3	4306463855	56
2948	4	38537713	50
2948	5	2764476914	41
2948	6	4210237109	40
2948	7	2738013834	32
2948	8	14775208	31
2948	9	132320204	30
2948	10	136622136	30
2949	1	4210172794	213
2949	2	4306463855	145
2949	3	4306463937	91
2949	4	4210172589	72
2949	5	2764375719	68
2949	6	4210175116	53
2949	7	4306462995	53
2949	8	4306463716	50
2949	9	4306462964	49
2949	10	4306463708	47
2950	1	103647685	186
2950	2	4306463937	118
2950	3	4306463855	66
2950	4	4306463895	51
2950	5	104917558	41
2950	6	4306464320	40
2950	7	4306401280	37
2950	8	194633539	35
2950	9	4306515835	31
2950	10	105170393	25
2951	1	4306525036	195
2951	2	100045985	126
2951	3	46544255	115
2951	4	202381698	97
2951	5	128227336	95
2951	6	189281586	81
2951	7	53087977	80
2951	8	129317210	61
2951	9	154078021	41
2951	10	47215897	40
2952	1	4393919366	162
2952	2	4306401280	101
2952	3	4317411217	84
2952	4	4210179186	52
2952	5	4210238639	46
2952	6	4210237846	33
2952	7	4210204063	30
2952	8	2736655138	29
2952	9	4210180292	29
2952	10	4210197392	26
2953	1	4306463855	362
2953	2	54700294	355
2953	3	4306463937	181
2953	4	138274780	86
2953	5	4306462995	66
2953	6	4210172589	45
2953	7	4306463708	38
2953	8	4306463716	38
2953	9	4210171654	35
2953	10	4210172494	25
2954	1	4306463937	471
2954	2	4306463667	108
2954	3	157638965	99
2954	4	4210172589	99
2954	5	4306463091	95
2954	6	4306464262	91
2954	7	135158421	71
2954	8	4306463664	71
2954	9	4210193286	65
2954	10	4306463855	63
2955	1	4306525036	189
2955	2	206830620	134
2955	3	3485792	113
2955	4	116251202	85
2955	5	202381698	66
2955	6	10652568	64
2955	7	151589183	46
2955	8	91067379	44
2955	9	2595292759	39
2955	10	4306402450	36
2956	1	4306463855	149
2956	2	4306401271	122
2956	3	4306463475	112
2956	4	4306463937	104
2956	5	4210172589	98
2956	6	2765076538	89
2956	7	4306462995	61
2956	8	4306463708	56
2956	9	4306463716	54
2956	10	194011547	52
2957	1	4306463708	276
2957	2	4306462995	236
2957	3	4306463937	192
2957	4	129533909	177
2957	5	4210172589	125
2957	6	4306463855	107
2957	7	2764375719	71
2957	8	60902712	67
2957	9	93503785	55
2957	10	4306463716	51
2958	1	4210190082	112
2958	2	4210169156	93
2958	3	4210172589	65
2958	4	2737860738	52
2958	5	4210186093	52
2958	6	4210220879	41
2958	7	4210225429	40
2958	8	4306463855	34
2958	9	4210224792	33
2958	10	4306463937	33
2959	1	4306463937	1030
2959	2	67326217	139
2959	3	4306464255	93
2959	4	4210169755	85
2959	5	4210176779	77
2959	6	79332557	73
2959	7	2764360886	70
2959	8	2764696622	54
2959	9	4210234939	51
2959	10	2764576111	49
2960	1	4306525036	234
2960	2	121725775	84
2960	3	4306463937	66
2960	4	4306463230	54
2960	5	128848949	46
2960	6	14436165	45
2960	7	191421250	41
2960	8	128199769	33
2960	9	12680414	29
2960	10	48915936	28
2961	1	4306401271	283
2961	2	4306463223	127
2961	3	175672440	116
2961	4	4210172589	91
2961	5	4306463937	82
2961	6	4306463855	81
2961	7	4306401280	78
2961	8	175414165	71
2961	9	4210230262	47
2961	10	4210167977	42
2962	1	4306525036	276
2962	2	14436165	192
2962	3	4306463937	76
2962	4	4306463230	63
2962	5	186113128	48
2962	6	29564236	41
2962	7	18197459	40
2962	8	16687455	34
2962	9	2756327665	32
2962	10	97303050	31
2963	1	124035732	183
2963	2	4306525036	175
2963	3	33418846	108
2963	4	104698359	105
2963	5	23610305	102
2963	6	192565471	67
2963	7	4306463937	51
2963	8	108768312	49
2963	9	202381698	46
2963	10	4306463230	39
2964	1	110785341	98
2964	2	4306525036	90
2964	3	71285955	54
2964	4	134644764	52
2964	5	70979998	44
2964	6	25293849	42
2964	7	63783143	40
2964	8	4306463937	40
2964	9	4306463230	36
2964	10	88153332	35
2965	1	4306463855	230
2965	2	4306463937	203
2965	3	4671545	128
2965	4	4210172589	99
2965	5	4306463716	83
2965	6	170408770	75
2965	7	2738560774	54
2965	8	27273401	44
2965	9	2764375719	42
2965	10	4210197680	41
2966	1	4306463855	192
2966	2	4306463937	135
2966	3	4306462995	76
2966	4	2738010262	55
2966	5	4306463716	55
2966	6	4306463708	50
2966	7	4306463717	49
2966	8	2764375719	43
2966	9	92297264	42
2966	10	4306463091	35
2967	1	4306463937	684
2967	2	4210169234	540
2967	3	77654513	382
2967	4	146709414	258
2967	5	181332294	222
2967	6	77047749	171
2967	7	203479135	151
2967	8	44567922	74
2967	9	67393510	71
2967	10	4210200754	71
2968	1	171471881	217
2968	2	2738498342	88
2968	3	4306463937	70
2968	4	199213172	61
2968	5	185774633	57
2968	6	4210197899	56
2968	7	111457979	55
2968	8	146976949	48
2968	9	4210179817	48
2968	10	2764416458	46
2969	1	4306401280	123
2969	2	4306401271	83
2969	3	4210172589	45
2969	4	4317411217	27
2969	5	4210226793	21
2969	6	4306463855	21
2969	7	4210240452	16
2969	8	4210182600	12
2969	9	4306504774	12
2969	10	4306525769	12
2970	1	4210172589	311
2970	2	83838860	185
2970	3	4306401271	157
2970	4	4306463937	70
2970	5	4306463855	59
2970	6	4210209420	43
2970	7	4306463450	40
2970	8	18869182	37
2970	9	149872823	28
2970	10	2764632042	28
2971	1	124907000	258
2971	2	57463191	204
2971	3	36068028	109
2971	4	56772071	102
2971	5	74630304	78
2971	6	67425620	76
2971	7	4210217520	73
2971	8	189344224	48
2971	9	2764830396	48
2971	10	18714766	39
2972	1	4306464022	161
2972	2	4306463937	138
2972	3	4306463491	136
2972	4	4306463091	122
2972	5	2764375719	82
2972	6	4306462964	67
2972	7	4306463855	56
2972	8	202482741	50
2972	9	176974017	43
2972	10	4306462995	42
2973	1	41354064	822
2973	2	205050996	179
2973	3	201989124	145
2973	4	133942674	142
2973	5	205754296	115
2973	6	80698544	113
2973	7	179810352	94
2973	8	197964166	92
2973	9	114976158	71
2973	10	21317199	56
2974	1	4306462995	464
2974	2	2764375719	152
2974	3	4306463937	137
2974	4	4306463716	134
2974	5	4306463717	69
2974	6	4306463855	65
2974	7	4306463708	64
2974	8	77594414	61
2974	9	4306462964	53
2974	10	4306463151	46
2975	1	4306525036	242
2975	2	206830620	81
2975	3	17140621	77
2975	4	2737566431	42
2975	5	4306463937	36
2975	6	3485792	33
2975	7	11400418	33
2975	8	128018148	31
2975	9	202381698	31
2975	10	151589183	27
2976	1	166290199	54
2976	2	4210195883	46
2976	3	4210195790	45
2976	4	4210187594	42
2976	5	78518477	37
2976	6	143744711	34
2976	7	4306525036	30
2976	8	187991544	27
2976	9	4306401280	27
2976	10	4210223152	26
2977	1	4306463491	73
2977	2	4306401280	59
2977	3	4210229623	50
2977	4	153816438	47
2977	5	2764375719	45
2977	6	186663664	39
2977	7	125610265	38
2977	8	20455465	37
2977	9	102210184	37
2977	10	4306506883	36
2978	1	151245446	452
2978	2	207513801	288
2978	3	975761300	234
2978	4	4306463937	171
2978	5	124304160	135
2978	6	4210172589	100
2978	7	47496282	53
2978	8	4306463855	49
2978	9	4306463223	27
2978	10	112620617	25
2979	1	4306525036	138
2979	2	181568219	102
2979	3	206830620	73
2979	4	64942916	69
2979	5	60865174	49
2979	6	185186944	46
2979	7	3485792	43
2979	8	13342628	41
2979	9	4306402450	41
2979	10	202381698	35
2980	1	4306525036	119
2980	2	92508993	65
2980	3	111094224	61
2980	4	171176648	55
2980	5	69840963	51
2980	6	176081437	45
2980	7	94610253	43
2980	8	189995291	40
2980	9	87202501	38
2980	10	131132109	37
2981	1	12492028	288
2981	2	1016481467	110
2981	3	114377761	59
2981	4	2736968195	54
2981	5	2764738506	54
2981	6	4306463855	52
2981	7	4306463937	51
2981	8	4306463708	49
2981	9	2739130129	46
2981	10	56464651	41
2982	1	4210172589	580
2982	2	4306462995	440
2982	3	4306463708	273
2982	4	206866588	149
2982	5	4306463855	97
2982	6	4306463359	87
2982	7	34110867	74
2982	8	85654233	74
2982	9	4306463937	70
2982	10	82119083	64
2983	1	2737215817	227
2983	2	183492911	179
2983	3	99003644	115
2983	4	2764468969	98
2983	5	173339282	73
2983	6	43295729	71
2983	7	140111354	66
2983	8	111326731	62
2983	9	117411352	56
2983	10	2764886630	51
2984	1	2764743394	165
2984	2	4210176240	138
2984	3	4210175061	102
2984	4	4210169156	80
2984	5	4210186093	74
2984	6	45645249	69
2984	7	4210189194	67
2984	8	4210201029	61
2984	9	10134376	51
2984	10	4306401280	51
2985	1	4210172589	145
2985	2	4306463855	93
2985	3	4306463937	87
2985	4	4306462967	65
2985	5	4306463708	45
2985	6	2764375719	42
2985	7	4306401271	39
2985	8	4306462995	38
2985	9	4306463223	32
2985	10	4306463475	29
2986	1	4210189553	137
2986	2	4210201428	99
2986	3	4306527281	77
2986	4	4306401280	76
2986	5	4210204656	68
2986	6	4210227488	59
2986	7	140252737	51
2986	8	2737331829	43
2986	9	4306508241	43
2986	10	4210209966	41
2987	1	2738578083	172
2987	2	4210189938	147
2987	3	2764817564	113
2987	4	4306463937	96
2987	5	4306401280	63
2987	6	2737178654	59
2987	7	2738237672	53
2987	8	4210179593	46
2987	9	4210194408	45
2987	10	4306526338	40
2988	1	4306401280	105
2988	2	2737396750	50
2988	3	146986746	45
2988	4	4306463937	43
2988	5	188256362	42
2988	6	2737697108	41
2988	7	2739021707	39
2988	8	42888351	36
2988	9	134986326	31
2988	10	4210185082	31
2989	1	49137649	205
2989	2	4306525036	182
2989	3	4306463937	146
2989	4	112377731	81
2989	5	180901878	69
2989	6	4306463230	52
2989	7	79587146	46
2989	8	150692223	44
2989	9	36642063	41
2989	10	207341048	39
2990	1	4306462995	385
2990	2	4306525036	184
2990	3	4306463937	123
2990	4	2764609970	102
2990	5	2764931878	84
2990	6	109940108	76
2990	7	124035732	74
2990	8	104698359	60
2990	9	125323095	56
2990	10	49645005	43
2991	1	134644764	86
2991	2	4306525036	80
2991	3	48277251	57
2991	4	70979998	34
2991	5	4306463937	34
2991	6	4306463230	33
2991	7	98026630	32
2991	8	153285774	30
2991	9	4306463075	28
2991	10	118568332	27
2992	1	4306525036	291
2992	2	43051214	153
2992	3	2764878546	77
2992	4	2914540776	70
2992	5	14436165	64
2992	6	2738950867	53
2992	7	141953298	39
2992	8	125174104	37
2992	9	4306402450	36
2992	10	58832373	35
2993	1	2764387952	214
2993	2	4210192598	169
2993	3	2736899311	122
2993	4	4210176920	109
2993	5	4210220879	60
2993	6	4210220852	59
2993	7	4210238339	49
2993	8	4210224758	44
2993	9	4210202797	42
2993	10	2764517525	41
2994	1	4306525036	98
2994	2	29254203	81
2994	3	183492911	79
2994	4	4306463075	65
2994	5	39195600	51
2994	6	106296714	40
2994	7	2764409548	40
2994	8	2764905038	31
2994	9	4306463937	31
2994	10	4306500280	25
2995	1	4306507485	244
2995	2	4306533575	132
2995	3	4210240770	61
2995	4	2764599668	58
2995	5	4210202867	50
2995	6	4210201556	44
2995	7	4306401280	43
2995	8	4306502795	33
2995	9	4306535771	33
2995	10	4306463855	31
2996	1	4306525036	251
2996	2	168522863	82
2996	3	126644158	78
2996	4	4210172139	67
2996	5	15137598	52
2996	6	86011449	51
2996	7	157347057	48
2996	8	202381698	46
2996	9	53807158	44
2996	10	4306463937	38
2997	1	201876622	385
2997	2	59562046	247
2997	3	2764429530	220
2997	4	2764760112	139
2997	5	4306463855	132
2997	6	4306463937	118
2997	7	2764576975	34
2997	8	4210180704	32
2997	9	4210239522	30
2997	10	4210183764	23
2998	1	4210209736	185
2998	2	4317411217	107
2998	3	4306463855	68
2998	4	4306463937	60
2998	5	4210173887	45
2998	6	4210232957	38
2998	7	4210172589	37
2998	8	4210234918	28
2998	9	4306401280	27
2998	10	4210232320	26
2999	1	4306462964	184
2999	2	4306463855	182
2999	3	4387286839	110
2999	4	4306462995	109
2999	5	4306463091	47
2999	6	4306463716	45
2999	7	4210222173	44
2999	8	4306463937	44
2999	9	2764375719	43
2999	10	955875	39
3000	1	4306463855	176
3000	2	4210172589	113
3000	3	30699777	110
3000	4	4306401271	99
3000	5	4306463937	96
3000	6	2764375719	50
3000	7	67827823	41
3000	8	4306462995	33
3000	9	4306463716	27
3000	10	4306463223	26
3001	1	4306525036	172
3001	2	32487399	162
3001	3	62072220	116
3001	4	10107356	104
3001	5	26588707	88
3001	6	15336283	85
3001	7	4306463937	81
3001	8	4306463230	72
3001	9	163308530	69
3001	10	30889938	61
3002	1	4306463855	145
3002	2	4306463937	102
3002	3	4306463475	94
3002	4	182993579	92
3002	5	187020704	85
3002	6	112879492	80
3002	7	29023064	75
3002	8	4210172589	61
3002	9	194011547	54
3002	10	2736722918	52
3003	1	4210180562	188
3003	2	60589374	114
3003	3	4210195571	103
3003	4	2764477435	102
3003	5	2764396693	97
3003	6	4210223401	90
3003	7	4210171802	84
3003	8	4210197684	84
3003	9	4210191542	79
3003	10	4210222901	77
3004	1	4306525036	150
3004	2	110785341	76
3004	3	4306463230	67
3004	4	4306463937	50
3004	5	4218381	41
3004	6	14436165	39
3004	7	4306463075	34
3004	8	38078933	33
3004	9	88153332	33
3004	10	178027841	29
3005	1	4210224540	194
3005	2	4306462964	186
3005	3	4306463937	161
3005	4	4306463708	141
3005	5	4306463855	113
3005	6	2764375719	104
3005	7	945934239	90
3005	8	205961224	73
3005	9	978343507	72
3005	10	4306463091	67
3006	1	4306401280	146
3006	2	4306503923	95
3006	3	158604138	73
3006	4	154977142	52
3006	5	4210230899	52
3006	6	2736986938	47
3006	7	4210169387	46
3006	8	2738548939	42
3006	9	4306462995	39
3006	10	2764375719	32
3007	1	4210172589	286
3007	2	4306463855	107
3007	3	4306401271	81
3007	4	4306463937	75
3007	5	4306463223	45
3007	6	2764375719	39
3007	7	4306463716	34
3007	8	4306462995	32
3007	9	4306463708	32
3007	10	194428652	29
3008	1	2765017008	332
3008	2	2764715206	108
3008	3	2764724548	101
3008	4	2764522276	74
3008	5	2764689001	72
3008	6	128347262	71
3008	7	4210196743	68
3008	8	2764998023	65
3008	9	2765019825	63
3008	10	2764557943	60
3009	1	186231457	283
3009	2	4306463937	97
3009	3	4306401280	57
3009	4	4306526423	45
3009	5	4210232380	38
3009	6	2737597353	35
3009	7	4210195883	35
3009	8	2764360124	33
3009	9	4306462987	32
3009	10	4306402450	30
3010	1	4306401280	83
3010	2	4210195883	81
3010	3	4317411217	50
3010	4	4210200682	39
3010	5	4306519163	26
3010	6	4210212568	22
3010	7	2739446015	21
3010	8	4210186093	20
3010	9	4210186507	19
3010	10	2764381730	18
3011	1	4306401280	131
3011	2	4210192191	96
3011	3	4306401271	74
3011	4	4210222179	32
3011	5	106708032	31
3011	6	2736636447	25
3011	7	32542111	21
3011	8	2737539069	19
3011	9	4210172589	19
3011	10	4210240727	19
3012	1	4306525036	131
3012	2	75531928	96
3012	3	4306463937	58
3012	4	2737566431	50
3012	5	41354064	36
3012	6	128018148	33
3012	7	4306463230	30
3012	8	140584875	29
3012	9	140251998	28
3012	10	202381698	26
3013	1	146709414	124
3013	2	205357056	100
3013	3	114185612	98
3013	4	41354064	91
3013	5	137947318	84
3013	6	205050996	79
3013	7	113170167	60
3013	8	207713678	56
3013	9	185621672	55
3013	10	2481244646	54
3014	1	4306463937	200
3014	2	56771637	189
3014	3	4306463855	143
3014	4	4210172589	65
3014	5	32869912	42
3014	6	4210235095	38
3014	7	4306401280	33
3014	8	4306463717	33
3014	9	2764375719	25
3014	10	4210201494	25
3015	1	156253874	99
3015	2	100787194	85
3015	3	2764880295	82
3015	4	4306529951	72
3015	5	4306522526	60
3015	6	191717031	52
3015	7	115602857	50
3015	8	26135258	47
3015	9	157974409	44
3015	10	163860444	34
3016	1	2764551091	330
3016	2	4387282930	236
3016	3	4210209118	133
3016	4	4210187594	98
3016	5	4210221722	85
3016	6	4210230065	76
3016	7	4387279185	56
3016	8	4210222784	51
3016	9	4210178283	50
3016	10	4210202797	49
3017	1	4306463855	174
3017	2	4210172589	81
3017	3	4306463937	60
3017	4	2764375719	57
3017	5	97919111	45
3017	6	4306401280	37
3017	7	4306464262	35
3017	8	4306463716	32
3017	9	4306463708	24
3017	10	4306525036	20
3018	1	183957208	211
3018	2	59098468	145
3018	3	108821158	75
3018	4	4306463937	63
3018	5	4306501062	63
3018	6	36624081	56
3018	7	111326731	54
3018	8	2595152256	50
3018	9	101949793	44
3018	10	126920919	44
3019	1	54158622	91
3019	2	4210193289	80
3019	3	4306463937	58
3019	4	4306462964	54
3019	5	4306462995	54
3019	6	4210235186	50
3019	7	176975696	47
3019	8	4306463855	47
3019	9	2764955568	43
3019	10	4306402512	42
3020	1	14913209	207
3020	2	2764696622	103
3020	3	4210189194	97
3020	4	4210187594	95
3020	5	97976655	77
3020	6	4210187035	68
3020	7	4210186093	67
3020	8	4210193849	60
3020	9	101923274	57
3020	10	162601632	50
3021	1	4306511618	191
3021	2	4210173592	159
3021	3	4306524771	151
3021	4	4210168421	120
3021	5	1026706133	84
3021	6	4306535748	84
3021	7	4306528753	79
3021	8	4306531360	70
3021	9	4210198198	48
3021	10	4306522987	43
3022	1	33786796	489
3022	2	4306463937	391
3022	3	62458012	259
3022	4	121408665	171
3022	5	4306525036	96
3022	6	4210214003	65
3022	7	4210187245	61
3022	8	4210212828	60
3022	9	4306464262	57
3022	10	2755541247	54
3023	1	41354064	689
3023	2	4306525036	156
3023	3	133942674	93
3023	4	46134040	92
3023	5	205754296	82
3023	6	197964166	71
3023	7	4210168331	71
3023	8	80698544	69
3023	9	110436767	60
3023	10	114976158	56
3024	1	4306463855	81
3024	2	2764375719	73
3024	3	4306401280	41
3024	4	4210236440	36
3024	5	2764634754	35
3024	6	4317411217	35
3024	7	4306463937	32
3024	8	4210172589	31
3024	9	2764382321	27
3024	10	2764861007	26
3025	1	4306462995	137
3025	2	95667342	130
3025	3	4210169993	122
3025	4	2764375719	117
3025	5	4306463855	113
3025	6	4210172589	98
3025	7	36911653	92
3025	8	4306463937	73
3025	9	4306463708	64
3025	10	4306463717	56
3026	1	4306525036	270
3026	2	41354064	64
3026	3	132108250	56
3026	4	166799026	53
3026	5	4306463937	47
3026	6	29564236	46
3026	7	108911230	44
3026	8	44811770	43
3026	9	15111687	36
3026	10	88226677	32
3027	1	235346	185
3027	2	96783963	163
3027	3	178238111	121
3027	4	120683614	91
3027	5	4210187594	90
3027	6	152111507	78
3027	7	72372694	76
3027	8	11704996	68
3027	9	166774750	66
3027	10	4210205703	65
3028	1	4210170368	112
3028	2	4210168005	76
3028	3	4306462995	74
3028	4	206024867	64
3028	5	96917445	62
3028	6	4210176116	62
3028	7	953896771	48
3028	8	4210195490	47
3028	9	4306402512	47
3028	10	110144479	45
3029	1	4306463855	179
3029	2	4306463937	129
3029	3	4210172589	89
3029	4	4306463708	57
3029	5	39330975	55
3029	6	121590172	50
3029	7	4306462995	49
3029	8	139338994	47
3029	9	2764375719	47
3029	10	4306401271	41
3030	1	128350725	245
3030	2	153329750	91
3030	3	2914179669	84
3030	4	2765066696	78
3030	5	4306400194	74
3030	6	2764401795	56
3030	7	2764549733	53
3030	8	2764706862	53
3030	9	181677907	50
3030	10	4210172589	44
3031	1	114466185	534
3031	2	68667861	382
3031	3	143615459	367
3031	4	4306463937	362
3031	5	79332557	290
3031	6	4210185177	84
3031	7	4306463075	69
3031	8	4210240185	66
3031	9	4306464255	54
3031	10	138583054	40
3032	1	4317411217	91
3032	2	4306401280	50
3032	3	4393919366	40
3032	4	2764696622	36
3032	5	4210181041	28
3032	6	4210233172	28
3032	7	4210195883	27
3032	8	4210190616	21
3032	9	4210178702	20
3032	10	4210236065	20
3033	1	4210200436	272
3033	2	4210191743	137
3033	3	4306463779	112
3033	4	4306402512	67
3033	5	4210192951	62
3033	6	4210201713	56
3033	7	4306401271	52
3033	8	4210191408	50
3033	9	2764693388	43
3033	10	4210225646	41
3034	1	2764747844	132
3034	2	2764535096	84
3034	3	56112914	79
3034	4	83133229	79
3034	5	4210199647	73
3034	6	4306417665	72
3034	7	4210239688	69
3034	8	4210170956	61
3034	9	103482838	48
3034	10	4306463409	48
3035	1	4210172589	306
3035	2	4306462995	157
3035	3	4306463855	103
3035	4	4306463937	94
3035	5	4306401271	80
3035	6	4306463708	80
3035	7	97300331	63
3035	8	4306462967	45
3035	9	4306463223	45
3035	10	38600022	44
3036	1	43434489	728
3036	2	161638509	286
3036	3	23243006	259
3036	4	4306525036	176
3036	5	93354060	101
3036	6	4210216585	76
3036	7	2764658842	50
3036	8	2594976040	43
3036	9	2764784476	43
3036	10	2486125978	40
3037	1	41354064	94
3037	2	4306525036	75
3037	3	4306463937	73
3037	4	108911230	45
3037	5	29564236	42
3037	6	39653451	42
3037	7	205999849	42
3037	8	166799026	38
3037	9	88226677	34
3037	10	4306463230	29
3038	1	4363607749	64
3038	2	2764696622	63
3038	3	4210187594	57
3038	4	4363604479	52
3038	5	4210172589	51
3038	6	4363604396	51
3038	7	4363607781	42
3038	8	4210179614	38
3038	9	4210169156	37
3038	10	2898407351	36
3039	1	29980478	267
3039	2	67425620	102
3039	3	18714766	74
3039	4	106928643	64
3039	5	4210189194	63
3039	6	2764696622	52
3039	7	186020892	48
3039	8	2764478331	45
3039	9	55626769	43
3039	10	4306463230	35
3040	1	4306401271	112
3040	2	4210172589	73
3040	3	4306463937	57
3040	4	4306463855	46
3040	5	180126918	44
3040	6	4306401280	29
3040	7	4306525036	26
3040	8	4317411217	20
3040	9	2764375719	16
3040	10	31525657	14
3041	1	4210227609	49
3041	2	4306463937	40
3041	3	4210167977	36
3041	4	4210172589	36
3041	5	4306463855	35
3041	6	4306401280	26
3041	7	4210194058	25
3041	8	4210225127	24
3041	9	4210170928	23
3041	10	62458012	22
3042	1	4210167977	142
3042	2	4210172589	132
3042	3	4306401271	85
3042	4	4306531023	57
3042	5	4306522965	48
3042	6	4210168622	38
3042	7	4210173259	36
3042	8	4306528759	35
3042	9	4210227285	34
3042	10	4306535709	32
3043	1	4306401280	138
3043	2	4306504684	31
3043	3	2737963936	22
3043	4	4306463855	21
3043	5	4306526728	18
3043	6	4317411217	18
3043	7	4306401271	17
3043	8	4210174102	15
3043	9	4306501475	14
3043	10	4306504532	13
3044	1	4306525036	133
3044	2	2883122597	117
3044	3	4306463937	72
3044	4	148303206	51
3044	5	4306400194	51
3044	6	92477597	49
3044	7	15444899	45
3044	8	2764771313	35
3044	9	183492911	34
3044	10	94466862	31
3045	1	4210187594	277
3045	2	4210189194	232
3045	3	4210195883	189
3045	4	4306514714	123
3045	5	67326217	114
3045	6	4210178371	114
3045	7	4210186093	110
3045	8	4210228333	73
3045	9	134199791	45
3045	10	4220650844	42
3046	1	145089992	159
3046	2	198339081	109
3046	3	203465130	106
3046	4	4306463937	67
3046	5	69753523	61
3046	6	48583931	47
3046	7	87561820	45
3046	8	197355279	43
3046	9	4306463075	43
3046	10	4393917029	41
3047	1	41354064	118
3047	2	4306525036	109
3047	3	202381698	92
3047	4	162030435	82
3047	5	10422866	76
3047	6	4210169613	69
3047	7	187816532	66
3047	8	102125482	44
3047	9	10623703	43
3047	10	30970080	36
3048	1	4306525036	147
3048	2	4306463937	99
3048	3	150985620	98
3048	4	4306463855	57
3048	5	4210172589	44
3048	6	4306463708	44
3048	7	36000085	43
3048	8	4306463230	33
3048	9	4306401280	30
3048	10	169813748	29
3049	1	183492911	365
3049	2	4210171700	125
3049	3	4210238599	57
3049	4	4306463937	44
3049	5	180314335	43
3049	6	178776955	40
3049	7	4210216686	39
3049	8	175543413	38
3049	9	184312719	36
3049	10	109302362	34
3050	1	4363604106	528
3050	2	105811054	58
3050	3	4210167978	54
3050	4	4306463230	49
3050	5	19016632	47
3050	6	128754310	45
3050	7	67425620	36
3050	8	2764955992	36
3050	9	4210195883	28
3050	10	4210189194	25
3051	1	4306463937	169
3051	2	4210172589	125
3051	3	4306463855	73
3051	4	9536269	58
3051	5	93284759	53
3051	6	4306462995	53
3051	7	4306464262	43
3051	8	4306463223	41
3051	9	102399824	40
3051	10	4306463708	35
3052	1	4306400194	297
3052	2	187110076	166
3052	3	2490853239	153
3052	4	95203059	148
3052	5	4306463937	87
3052	6	196647941	79
3052	7	147316732	73
3052	8	2485537415	70
3052	9	90422530	32
3052	10	2500830676	31
3053	1	4317411217	92
3053	2	4306401280	52
3053	3	4210181041	44
3053	4	4393919366	38
3053	5	4210228009	37
3053	6	4210224860	31
3053	7	4210233511	28
3053	8	4210189078	25
3053	9	4210230661	25
3053	10	4210235883	24
3054	1	2764979417	330
3054	2	4210193061	228
3054	3	4210226233	162
3054	4	4210225188	127
3054	5	4210168758	79
3054	6	4210195883	62
3054	7	4210183252	53
3054	8	4210172519	49
3054	9	4210222976	49
3054	10	4210186093	43
3055	1	4306463855	243
3055	2	132665167	117
3055	3	4306463937	101
3055	4	4306463716	60
3055	5	4306463708	58
3055	6	4210172589	57
3055	7	4306462995	49
3055	8	2764957826	46
3055	9	131264395	43
3055	10	157446210	40
3056	1	4306401280	54
3056	2	4210186994	48
3056	3	4210182600	44
3056	4	4387283194	36
3056	5	4387280871	25
3056	6	4317411217	21
3056	7	4210189217	20
3056	8	4306463855	19
3056	9	4306525036	19
3056	10	4210234276	17
3057	1	4306463855	152
3057	2	4306463937	140
3057	3	4210172589	97
3057	4	4306463708	88
3057	5	4306463716	86
3057	6	4306401271	81
3057	7	4306463223	62
3057	8	4306462995	42
3057	9	147000529	29
3057	10	182993579	27
3058	1	4210195883	106
3058	2	10134376	35
3058	3	4306463937	32
3058	4	38407038	29
3058	5	4306463075	28
3058	6	4210230455	27
3058	7	4306402450	27
3058	8	4306401280	26
3058	9	4317411217	26
3058	10	116775814	24
3059	1	4306463855	188
3059	2	4306463937	118
3059	3	157381796	107
3059	4	4210178961	85
3059	5	2764375719	83
3059	6	4210184657	58
3059	7	4306463708	57
3059	8	4306462995	55
3059	9	4210172589	35
3059	10	87438066	31
3060	1	4306463855	157
3060	2	4306463937	99
3060	3	192935422	57
3060	4	199863409	42
3060	5	4210168781	42
3060	6	2764576423	40
3060	7	151331055	37
3060	8	4723672	36
3060	9	4306525036	36
3060	10	4306463716	33
3061	1	2738359061	117
3061	2	4306401280	88
3061	3	4210227860	78
3061	4	2737341778	60
3061	5	4210207957	55
3061	6	4306506389	48
3061	7	4306503186	31
3061	8	4306531921	30
3061	9	2737052567	27
3061	10	4317411217	25
3062	1	106296714	148
3062	2	157664362	96
3062	3	4306463409	89
3062	4	2764905038	78
3062	5	201241086	67
3062	6	4306463937	58
3062	7	11065456	57
3062	8	4210179954	48
3062	9	4210169156	33
3062	10	4210172589	26
3063	1	4306463855	81
3063	2	4306463937	61
3063	3	4210186913	50
3063	4	4306401840	47
3063	5	4210214878	44
3063	6	133489141	37
3063	7	4306401280	34
3063	8	4317411217	31
3063	9	4306462964	29
3063	10	2764722224	28
3064	1	4306462952	156
3064	2	4210183536	136
3064	3	82921778	72
3064	4	4210179607	64
3064	5	37101086	58
3064	6	4210172589	56
3064	7	43209165	54
3064	8	2764752735	33
3064	9	4210214824	27
3064	10	134428491	26
3065	1	110258470	124
3065	2	48643595	96
3065	3	4306463937	92
3065	4	206834481	88
3065	5	194185345	75
3065	6	72171858	67
3065	7	4306463075	47
3065	8	2764472783	42
3065	9	2737336974	33
3065	10	4210217500	32
3066	1	4306463855	82
3066	2	4306463937	71
3066	3	4306401271	57
3066	4	4210172589	49
3066	5	4306401280	41
3066	6	2764375719	27
3066	7	2764712249	15
3066	8	4210178312	15
3066	9	4306463409	15
3066	10	4317411217	15
3067	1	61699894	103
3067	2	128754310	62
3067	3	4210182728	54
3067	4	4306463937	54
3067	5	67425620	49
3067	6	4220650854	30
3067	7	65957803	24
3067	8	157049565	23
3067	9	4210230910	22
3067	10	4363604106	22
3068	1	4210194860	145
3068	2	2764938596	104
3068	3	4306462964	62
3068	4	163999426	60
3068	5	4306463705	57
3068	6	4306462847	54
3068	7	113942516	37
3068	8	4210169916	33
3068	9	152567572	32
3068	10	2764993106	31
3069	1	186231457	81
3069	2	4306463937	68
3069	3	4210195883	62
3069	4	2738537427	46
3069	5	4210221121	45
3069	6	4306401280	39
3069	7	91707882	34
3069	8	4317411217	34
3069	9	202381698	33
3069	10	4306402512	32
3070	1	4210178419	71
3070	2	4306463159	64
3070	3	53028522	44
3070	4	4210210201	40
3070	5	4210230486	40
3070	6	4306463937	40
3070	7	4306463855	37
3070	8	4210189111	32
3070	9	176975696	31
3070	10	4306402512	31
3071	1	4306463937	64
3071	2	4306463855	63
3071	3	4306530332	60
3071	4	4306463409	38
3071	5	106296714	29
3071	6	4306401280	28
3071	7	4210179225	26
3071	8	4317411217	22
3071	9	104917558	19
3071	10	4306462964	19
3072	1	4210176892	141
3072	2	4210215039	106
3072	3	4210180577	91
3072	4	4210209579	91
3072	5	4317411217	86
3072	6	4210235249	73
3072	7	4210171577	69
3072	8	4210194522	68
3072	9	4210194012	64
3072	10	4210179658	56
3073	1	4306463855	112
3073	2	4306463937	107
3073	3	39330975	83
3073	4	93000103	59
3073	5	87053992	55
3073	6	4210172589	46
3073	7	4306463717	45
3073	8	4306462964	44
3073	9	4306462995	44
3073	10	2764375719	40
3074	1	4210172589	452
3074	2	4306463708	155
3074	3	4306463937	148
3074	4	4306401271	107
3074	5	4306462995	90
3074	6	4306463855	88
3074	7	4306463223	77
3074	8	2875300	48
3074	9	4306463091	32
3074	10	4210169746	29
3075	1	4210172589	594
3075	2	2764468503	29
3075	3	2764629715	29
3075	4	109420025	28
3075	5	4306511941	28
3075	6	4317411217	28
3075	7	142409771	27
3075	8	178010760	27
3075	9	53270096	25
3075	10	2764965581	25
3076	1	4210172589	160
3076	2	4306462995	93
3076	3	4306525036	80
3076	4	2764375719	69
3076	5	4306463937	67
3076	6	4306463708	58
3076	7	192814187	54
3076	8	49861241	52
3076	9	4306463855	50
3076	10	4393917726	28
3077	1	15137598	116
3077	2	4306525036	116
3077	3	13506822	101
3077	4	50055314	73
3077	5	142211178	51
3077	6	4306463937	48
3077	7	4306402450	46
3077	8	51590970	45
3077	9	43800363	41
3077	10	126033908	41
3078	1	4306463122	135
3078	2	4306401280	99
3078	3	973993200	60
3078	4	2737730066	53
3078	5	4306463937	45
3078	6	2764375719	42
3078	7	4306463855	41
3078	8	4306401271	35
3078	9	4210201623	34
3078	10	4306463717	34
3079	1	4306525036	99
3079	2	45954700	86
3079	3	63023845	58
3079	4	98026630	57
3079	5	103486911	36
3079	6	134644764	28
3079	7	4306401280	27
3079	8	25323420	25
3079	9	4317411217	23
3079	10	38919146	21
3080	1	4306400194	680
3080	2	203572503	149
3080	3	100028386	128
3080	4	146144561	96
3080	5	4306463937	96
3080	6	105977992	54
3080	7	105014038	46
3080	8	4306531825	40
3080	9	157748989	31
3080	10	106707257	30
3081	1	4210184406	289
3081	2	4306463937	149
3081	3	4306463855	145
3081	4	117564099	112
3081	5	4210217341	88
3081	6	4306464022	37
3081	7	159002476	33
3081	8	4306463716	33
3081	9	92297264	29
3081	10	4210172589	25
3082	1	4210195883	168
3082	2	4306401280	85
3082	3	4317411217	58
3082	4	4210237365	51
3082	5	2764696622	45
3082	6	4306516689	40
3082	7	4306500038	29
3082	8	4306516617	28
3082	9	4210189194	25
3082	10	4210204142	25
3083	1	106296714	286
3083	2	4306400194	150
3083	3	4306463937	61
3083	4	2764905038	50
3083	5	2764900261	46
3083	6	120348307	36
3083	7	2764461748	30
3083	8	2485537415	20
3083	9	19366293	18
3083	10	2764613313	18
3084	1	2739064124	231
3084	2	4210234566	55
3084	3	4306526338	53
3084	4	4306401280	39
3084	5	4210226534	27
3084	6	4210177346	25
3084	7	4210233092	25
3084	8	4306486882	24
3084	9	4317411217	22
3084	10	4210192134	19
3085	1	104917558	84
3085	2	2737220003	69
3085	3	4306401280	57
3085	4	2736453027	41
3085	5	4210228906	33
3085	6	2737826994	31
3085	7	4210208837	28
3085	8	4210210763	18
3085	9	4306463855	18
3085	10	4210237892	16
3086	1	4210172589	138
3086	2	4306463855	128
3086	3	4306463937	116
3086	4	4306463716	53
3086	5	2764375719	51
3086	6	4210178631	42
3086	7	2764599068	40
3086	8	4306462967	31
3086	9	44688107	30
3086	10	4306401280	30
3087	1	4306463937	156
3087	2	124984400	81
3087	3	4306463855	81
3087	4	4306462995	67
3087	5	2764375719	57
3087	6	4306463716	47
3087	7	4306463717	44
3087	8	4210185410	43
3087	9	4210223755	35
3087	10	4306462964	28
3088	1	4210195820	236
3088	2	4306508105	171
3088	3	4306518466	90
3088	4	4306401280	86
3088	5	4210172589	65
3088	6	4306518288	62
3088	7	2737970171	56
3088	8	4306514572	51
3088	9	4306463937	38
3088	10	4306525105	36
3089	1	4306401280	144
3089	2	109692114	137
3089	3	2737382751	132
3089	4	154977142	79
3089	5	4210237410	76
3089	6	2737114842	60
3089	7	4210169387	47
3089	8	4210205296	47
3089	9	2736545270	45
3089	10	4306508746	39
3090	1	4306525036	134
3090	2	39653451	80
3090	3	4306463937	69
3090	4	4306463230	66
3090	5	29564236	65
3090	6	206789554	59
3090	7	180051340	41
3090	8	4306401280	40
3090	9	4306463075	34
3090	10	41354064	33
3091	1	2750749054	299
3091	2	4210169498	227
3091	3	4210196070	189
3091	4	4306525036	140
3091	5	4210206717	81
3091	6	4210235918	40
3091	7	2754578539	39
3091	8	4210195258	38
3091	9	4210238569	37
3091	10	4210169481	36
3092	1	176136234	110
3092	2	203465130	75
3092	3	136710263	61
3092	4	13479253	51
3092	5	86852077	51
3092	6	4306525036	47
3092	7	13733787	46
3092	8	87561820	41
3092	9	52566953	40
3092	10	91430365	40
3093	1	21299057	522
3093	2	4210186093	107
3093	3	4210189194	66
3093	4	2764905038	62
3093	5	4210187594	62
3093	6	4949901	59
3093	7	4210177176	57
3093	8	4210195883	54
3093	9	2764696622	36
3093	10	2764551302	33
3094	1	4306463075	223
3094	2	4210186093	213
3094	3	2764734164	211
3094	4	4210170318	129
3094	5	4210173532	82
3094	6	4210195883	78
3094	7	4220650844	73
3094	8	164770093	66
3094	9	4210181887	62
3094	10	4306524771	54
3095	1	4306525036	207
3095	2	41354064	156
3095	3	55509983	93
3095	4	2756327665	86
3095	5	141734485	72
3095	6	29564236	59
3095	7	201142877	54
3095	8	2764911966	44
3095	9	181847678	39
3095	10	205754296	35
3096	1	4210172589	118
3096	2	4306401280	81
3096	3	170222435	34
3096	4	140252737	31
3096	5	35203962	29
3096	6	167080051	26
3096	7	4210186710	19
3096	8	4306507249	19
3096	9	4306463855	18
3096	10	4306518051	18
3097	1	4306525036	191
3097	2	4306463937	114
3097	3	14436165	77
3097	4	142211178	51
3097	5	22523967	44
3097	6	4306463230	43
3097	7	15137598	39
3097	8	100736837	37
3097	9	181123643	36
3097	10	169520197	35
3098	1	50621198	108
3098	2	137773608	56
3098	3	4306463855	48
3098	4	129655060	46
3098	5	4306400194	45
3098	6	4306463937	39
3098	7	180907581	34
3098	8	29933301	31
3098	9	4306463697	31
3098	10	4306463230	27
3099	1	147980290	97
3099	2	86123603	91
3099	3	2753903183	83
3099	4	2751888549	77
3099	5	4210227504	77
3099	6	2898398420	75
3099	7	4210230925	74
3099	8	182325219	66
3099	9	4210218464	66
3099	10	2898571664	65
3100	1	38657515	162
3100	2	94779792	102
3100	3	2736568604	76
3100	4	159610610	72
3100	5	4306525036	64
3100	6	27045403	60
3100	7	4306401280	59
3100	8	6191820	58
3100	9	90402850	48
3100	10	2764733062	45
3101	1	4306515840	83
3101	2	4306401280	74
3101	3	4317411217	71
3101	4	4210196243	57
3101	5	4393919366	52
3101	6	4210240656	36
3101	7	2765030959	32
3101	8	4210224708	29
3101	9	4210188570	27
3101	10	4210226779	26
3102	1	190853250	215
3102	2	2764566255	179
3102	3	4210195883	112
3102	4	4210186093	43
3102	5	2764948919	42
3102	6	4210169676	37
3102	7	4210176189	34
3102	8	194637241	33
3102	9	4210170875	31
3102	10	4210220065	31
3103	1	4306463937	117
3103	2	4306463855	93
3103	3	4306463776	57
3103	4	2764375719	55
3103	5	4210214987	55
3103	6	4306463716	45
3103	7	4306463717	43
3103	8	4210172589	39
3103	9	4306528249	37
3103	10	199718347	35
3104	1	4306400194	833
3104	2	4306463937	311
3104	3	2764696622	80
3104	4	4306421319	55
3104	5	183492911	39
3104	6	133947007	30
3104	7	4306402512	22
3104	8	4210205149	21
3104	9	4306463447	19
3104	10	4306522422	19
3105	1	41354064	820
3105	2	133942674	174
3105	3	205754296	115
3105	4	110436767	113
3105	5	80698544	97
3105	6	4210168331	90
3105	7	197964166	80
3105	8	205050996	67
3105	9	30970080	54
3105	10	27298842	50
3106	1	4306463937	93
3106	2	5727865	91
3106	3	4306463855	67
3106	4	4306462995	31
3106	5	9692511	30
3106	6	2898253115	21
3106	7	4306463708	21
3106	8	4210172589	20
3106	9	4306401280	20
3106	10	117564099	19
3107	1	2764548376	195
3107	2	4306525036	147
3107	3	4306463937	136
3107	4	160568490	114
3107	5	180901878	93
3107	6	4306463230	74
3107	7	100736837	69
3107	8	11131942	35
3107	9	44433048	34
3107	10	49025288	34
3108	1	4306525036	210
3108	2	84867234	100
3108	3	37411791	73
3108	4	4306463937	68
3108	5	191946630	36
3108	6	4306463230	35
3108	7	4210212670	33
3108	8	4210230079	31
3108	9	207734429	29
3108	10	4306532422	25
3109	1	86037174	196
3109	2	4306463708	128
3109	3	2329919	113
3109	4	2764605239	112
3109	5	203808000	110
3109	6	4306463717	110
3109	7	4306463855	108
3109	8	4306463937	108
3109	9	2764375719	75
3109	10	4306463122	64
3110	1	110533041	182
3110	2	4306525036	168
3110	3	15137598	160
3110	4	4306463937	103
3110	5	144507673	74
3110	6	14436165	67
3110	7	170496595	64
3110	8	43051214	53
3110	9	91064148	44
3110	10	41454044	41
3111	1	4306401280	139
3111	2	2737410498	71
3111	3	4210228337	68
3111	4	2738008052	65
3111	5	4210175345	60
3111	6	4306526441	56
3111	7	4306525036	53
3111	8	2898377691	48
3111	9	1143806	44
3111	10	4210222804	38
3112	1	4306536308	175
3112	2	4306525036	152
3112	3	4210182864	139
3112	4	4306504967	113
3112	5	4306528759	88
3112	6	2755052389	67
3112	7	955795595	61
3112	8	4306524780	58
3112	9	4306536309	50
3112	10	4306511890	40
3113	1	14913209	426
3113	2	4210189194	350
3113	3	4210187594	158
3113	4	4210173642	104
3113	5	109691728	86
3113	6	127523745	82
3113	7	4210235775	78
3113	8	4210175061	59
3113	9	4210233899	49
3113	10	2764696622	39
3114	1	183492911	210
3114	2	106296714	69
3114	3	4306400194	44
3114	4	4306463937	34
3114	5	178776955	32
3114	6	101949793	29
3114	7	175543413	28
3114	8	168975578	24
3114	9	4210212500	24
3114	10	180314335	23
3115	1	41354064	461
3115	2	201989124	175
3115	3	205050996	169
3115	4	67393510	157
3115	5	4210200754	149
3115	6	111155417	105
3115	7	135102583	94
3115	8	205754296	92
3115	9	80698544	86
3115	10	68911691	65
3116	1	4306463230	74
3116	2	4306463937	64
3116	3	4210202285	58
3116	4	4306400194	52
3116	5	2764696622	51
3116	6	4306463075	36
3116	7	135345724	22
3116	8	4210193849	22
3116	9	183492911	20
3116	10	4210187594	20
3117	1	150928353	135
3117	2	2739064124	90
3117	3	4306401280	70
3117	4	124508484	56
3117	5	4306526703	54
3117	6	114438711	53
3117	7	64820383	52
3117	8	4210210021	51
3117	9	4306525036	49
3117	10	83395190	46
3118	1	4306401280	108
3118	2	4306534073	80
3118	3	4393918327	68
3118	4	4306514674	49
3118	5	4306512919	41
3118	6	4317411217	39
3118	7	4210174298	36
3118	8	4306512907	34
3118	9	4306534244	34
3118	10	4306535168	34
3119	1	4306401280	42
3119	2	4306402512	37
3119	3	4306463855	35
3119	4	4306463937	33
3119	5	2764375719	25
3119	6	4306462964	23
3119	7	4306463797	23
3119	8	4210172589	22
3119	9	4306462995	18
3119	10	102986953	14
3120	1	4210206222	155
3120	2	4306463937	127
3120	3	4306463855	86
3120	4	165402100	53
3120	5	4306462995	48
3120	6	4306463230	43
3120	7	2764375719	41
3120	8	4210172589	38
3120	9	4306463716	36
3120	10	4210197056	35
3121	1	85738991	101
3121	2	183492911	80
3121	3	201045332	59
3121	4	116100596	55
3121	5	4306463937	45
3121	6	189798733	39
3121	7	2764727900	30
3121	8	2764950620	29
3121	9	43295729	23
3121	10	4306418306	23
3122	1	4210186913	187
3122	2	4210229259	113
3122	3	4393918174	103
3122	4	2764365992	86
3122	5	4210222364	72
3122	6	4306462995	68
3122	7	4306462964	61
3122	8	4306401840	59
3122	9	4210231008	56
3122	10	2764902157	53
3123	1	110533041	292
3123	2	144507673	132
3123	3	149651696	102
3123	4	4306525036	88
3123	5	190064913	73
3123	6	95522064	67
3123	7	138998826	52
3123	8	29972171	47
3123	9	202179756	46
3123	10	28603624	43
3124	1	41354064	335
3124	2	31493525	79
3124	3	201989124	79
3124	4	4306463937	67
3124	5	205050996	60
3124	6	108911230	55
3124	7	133942674	55
3124	8	124250138	54
3124	9	4306525036	49
3124	10	205754296	47
3125	1	2765017008	113
3125	2	201313073	102
3125	3	4317411217	46
3125	4	4306463937	45
3125	5	2764557943	43
3125	6	118568332	41
3125	7	2764715206	41
3125	8	2764522276	40
3125	9	2765019825	40
3125	10	2764724548	39
3126	1	4306400194	415
3126	2	2764696622	103
3126	3	4210201221	81
3126	4	4306463937	79
3126	5	183492911	67
3126	6	4306463230	35
3126	7	4306463708	34
3126	8	4306462995	21
3126	9	145630073	18
3126	10	4306522422	17
3127	1	4306402567	61
3127	2	4306463937	59
3127	3	140251998	53
3127	4	88153332	50
3127	5	104038378	49
3127	6	4306525036	46
3127	7	14436165	44
3127	8	4210172139	41
3127	9	42433034	38
3127	10	4306463230	38
3128	1	176136234	472
3128	2	45406943	223
3128	3	123147032	219
3128	4	4306525036	90
3128	5	103248676	73
3128	6	108911230	61
3128	7	56676470	42
3128	8	4306463075	39
3128	9	69753523	38
3128	10	123408762	38
3129	1	159297047	382
3129	2	4210174981	334
3129	3	4210223852	177
3129	4	4210189194	128
3129	5	143746784	124
3129	6	4210187594	86
3129	7	3133755	74
3129	8	2764696622	54
3129	9	4210186093	52
3129	10	24800950	45
3130	1	4306525036	208
3130	2	4306463937	136
3130	3	41354064	76
3130	4	2756327665	74
3130	5	205999849	68
3130	6	39653451	60
3130	7	108911230	60
3130	8	201142877	53
3130	9	29564236	52
3130	10	44811770	49
3131	1	4306463855	73
3131	2	4306478302	53
3131	3	136622136	43
3131	4	16392879	41
3131	5	4306463937	39
3131	6	81699576	38
3131	7	33239170	28
3131	8	94618750	25
3131	9	140814276	25
3131	10	133489141	23
3132	1	4306463855	129
3132	2	4210172589	92
3132	3	4306463937	88
3132	4	164882405	50
3132	5	4306401271	43
3132	6	4306401280	38
3132	7	106274365	34
3132	8	126893828	22
3132	9	10134376	20
3132	10	80058157	19
3133	1	4306508922	185
3133	2	71829577	136
3133	3	4306463937	104
3133	4	4306401280	51
3133	5	129965973	44
3133	6	4210211810	43
3133	7	4306463855	31
3133	8	4306463296	24
3133	9	2764571057	23
3133	10	4306462964	23
3134	1	4306401280	87
3134	2	20292787	57
3134	3	2764375719	44
3134	4	4210240848	40
3134	5	4306463717	39
3134	6	4306463402	38
3134	7	195900089	35
3134	8	4306463855	31
3134	9	4306463937	29
3134	10	4210212858	27
3135	1	4306462995	91
3135	2	4306463937	89
3135	3	4306463855	71
3135	4	4306463122	68
3135	5	4306463716	57
3135	6	2764375719	49
3135	7	190841178	39
3135	8	4306463091	38
3135	9	4210226507	36
3135	10	4306463717	34
3136	1	4306401280	84
3136	2	4210219144	78
3136	3	4210195883	71
3136	4	4317411217	62
3136	5	4210224094	56
3136	6	2738349178	48
3136	7	4210221406	48
3136	8	4387289195	39
3136	9	2736639574	36
3136	10	4210227095	28
3137	1	4306463937	47
3137	2	4210195883	45
3137	3	4210172589	41
3137	4	4306401280	40
3137	5	4210228009	32
3137	6	104917558	26
3137	7	4306463855	26
3137	8	10134376	22
3137	9	4317411217	22
3137	10	4210214117	20
3138	1	4210172589	1136
3138	2	21339052	55
3138	3	4306462995	50
3138	4	4306463855	36
3138	5	4306463708	34
3138	6	4306463937	32
3138	7	4306463223	28
3138	8	2764375719	22
3138	9	94195887	19
3138	10	69429964	18
3139	1	4210214085	449
3139	2	4210180360	91
3139	3	4306464338	56
3139	4	4210167977	47
3139	5	4210172589	46
3139	6	4210181736	44
3139	7	4210222252	31
3139	8	4210177701	30
3139	9	4210172828	29
3139	10	4210191798	28
3140	1	2737696269	438
3140	2	20440071	95
3140	3	29980478	80
3140	4	120211018	72
3140	5	4306524787	65
3140	6	4306502974	62
3140	7	4210189194	43
3140	8	4306401280	43
3140	9	4306522950	39
3140	10	4306462873	34
3141	1	4306401280	47
3141	2	4306463937	42
3141	3	127827428	35
3141	4	4210172589	33
3141	5	4306401271	28
3141	6	4306525036	26
3141	7	2764696622	22
3141	8	4306400194	19
3141	9	4306463230	17
3141	10	4317411217	16
3142	1	98026630	57
3142	2	35861910	56
3142	3	69191326	55
3142	4	134644764	50
3142	5	4306525036	42
3142	6	26760650	31
3142	7	94095188	25
3142	8	206298197	25
3142	9	2737939966	25
3142	10	4306402450	25
3143	1	4210170293	288
3143	2	126081031	259
3143	3	4306463855	144
3143	4	4306463937	85
3143	5	4210222809	78
3143	6	4210218739	69
3143	7	4210215726	40
3143	8	4306462819	31
3143	9	4210197303	30
3143	10	4306401280	28
3144	1	124201077	193
3144	2	4306463708	165
3144	3	192930876	129
3144	4	21282222	124
3144	5	4306462995	110
3144	6	4306463855	105
3144	7	4306463937	97
3144	8	151304531	96
3144	9	4210184657	88
3144	10	4210174618	68
3145	1	4306463716	191
3145	2	4306463937	157
3145	3	4306462995	125
3145	4	174336646	98
3145	5	4306463855	79
3145	6	2764375719	78
3145	7	4306463491	70
3145	8	4306462964	38
3145	9	4306463717	38
3145	10	4306463091	37
3146	1	4210172589	408
3146	2	4306463937	156
3146	3	4306401271	63
3146	4	4210194238	51
3146	5	4210217403	43
3146	6	4210213097	40
3146	7	4306463855	37
3146	8	4210169746	34
3146	9	4210171147	29
3146	10	10134376	28
3147	1	206176358	86
3147	2	4306401280	72
3147	3	4306525036	56
3147	4	4306507241	38
3147	5	4210211412	37
3147	6	4210199946	30
3147	7	4210203842	30
3147	8	2898220597	27
3147	9	2737395916	25
3147	10	207544546	20
3148	1	4306463937	167
3148	2	104917558	65
3148	3	4210172589	52
3148	4	4306463075	50
3148	5	4210197845	41
3148	6	4306463855	31
3148	7	4306401280	23
3148	8	2764867093	22
3148	9	2764375719	20
3148	10	4306401271	19
3149	1	4210172589	103
3149	2	4306463937	87
3149	3	4306463855	52
3149	4	4306525036	35
3149	5	36000085	22
3149	6	4306401280	17
3149	7	4306401271	15
3149	8	4306527001	15
3149	9	115248486	14
3149	10	2764375719	14
3150	1	178989728	171
3150	2	64923488	119
3150	3	4306462964	99
3150	4	4306463937	99
3150	5	4306463855	94
3150	6	4306463708	89
3150	7	71826845	88
3150	8	173718193	85
3150	9	2764375719	81
3150	10	4210168231	69
3151	1	4306463937	138
3151	2	4210172589	64
3151	3	4306401280	33
3151	4	4306401271	29
3151	5	4306463855	27
3151	6	4306463230	25
3151	7	4210228876	23
3151	8	2764375719	19
3151	9	106296714	14
3151	10	4306525036	14
3152	1	4306402512	147
3152	2	4306401280	48
3152	3	4210191281	27
3152	4	104917558	25
3152	5	4306463937	25
3152	6	4317411217	25
3152	7	4210213514	18
3152	8	4306510876	18
3152	9	4210221384	17
3152	10	4306401271	16
3153	1	4306463855	97
3153	2	4306462995	96
3153	3	4306463937	69
3153	4	2764827948	58
3153	5	2764375719	52
3153	6	4306463708	45
3153	7	4306463122	37
3153	8	4210229667	34
3153	9	113166945	33
3153	10	4306462964	31
3154	1	4210172589	410
3154	2	4210170858	78
3154	3	4210229889	68
3154	4	4210203259	66
3154	5	4210189855	61
3154	6	4306540345	38
3154	7	4210170456	37
3154	8	4210173088	32
3154	9	4210174355	31
3154	10	4210237591	29
3155	1	4306463855	63
3155	2	4306463091	47
3155	3	4306463937	42
3155	4	106296714	35
3155	5	204030396	34
3155	6	4306402512	32
3155	7	4306463409	29
3155	8	4210206708	27
3155	9	4306400194	24
3155	10	4306401280	24
3156	1	57354637	185
3156	2	4306463091	136
3156	3	4210214331	93
3156	4	4210214722	74
3156	5	4210196961	73
3156	6	4306463230	57
3156	7	4306462964	50
3156	8	4306463708	50
3156	9	4306463937	41
3156	10	123772029	38
3157	1	140251998	146
3157	2	4306525036	76
3157	3	4306402567	68
3157	4	168522863	61
3157	5	151589183	57
3157	6	202381698	52
3157	7	162030435	41
3157	8	64187185	36
3157	9	4306402450	33
3157	10	134668137	32
3158	1	4306463716	261
3158	2	4306463937	157
3158	3	4306462995	138
3158	4	49917718	102
3158	5	12780936	93
3158	6	4306463855	80
3158	7	69147851	78
3158	8	4306463708	62
3158	9	161947084	54
3158	10	4306463591	54
3159	1	4210189194	271
3159	2	4210175061	157
3159	3	4210186093	134
3159	4	2764782401	88
3159	5	2764696622	80
3159	6	45645249	79
3159	7	4210188456	79
3159	8	4210187594	52
3159	9	87940674	51
3159	10	4210181503	51
3160	1	41354064	562
3160	2	133942674	77
3160	3	46134040	65
3160	4	114976158	53
3160	5	197964166	50
3160	6	27298842	48
3160	7	110436767	48
3160	8	4210168331	41
3160	9	108911230	40
3160	10	205754296	39
3161	1	4210209777	177
3161	2	126191069	123
3161	3	4210187594	84
3161	4	166774750	77
3161	5	235346	71
3161	6	120683614	58
3161	7	152111507	49
3161	8	178238111	40
3161	9	2764905038	37
3161	10	4210177194	28
3162	1	176975696	80
3162	2	149374293	63
3162	3	129050153	62
3162	4	4306463474	47
3162	5	4306402512	45
3162	6	4306463937	43
3162	7	4317411217	39
3162	8	4210232610	37
3162	9	4306463855	32
3162	10	127917940	30
3163	1	102624508	111
3163	2	4306463937	90
3163	3	4306463855	61
3163	4	4210172589	55
3163	5	196593774	31
3163	6	4306463230	29
3163	7	4306525036	26
3163	8	60010591	23
3163	9	4306401280	23
3163	10	4210225355	20
3164	1	4210172589	91
3164	2	2764995286	89
3164	3	4306463937	71
3164	4	4210176665	54
3164	5	4306401280	38
3164	6	58516903	35
3164	7	4306463855	33
3164	8	4306463230	27
3164	9	4210223929	24
3164	10	4210232344	24
3165	1	2738498342	2491
3165	2	4210168838	181
3165	3	4306525036	14
3165	4	4306463937	13
3165	5	205878144	12
3165	6	112294809	11
3165	7	4210174655	9
3165	8	4210174372	7
3165	9	4306463230	7
3165	10	25293849	6
3166	1	200123273	117
3166	2	2739172281	110
3166	3	4306401280	101
3166	4	2737422535	99
3166	5	2738714733	81
3166	6	4306500927	77
3166	7	4210236012	73
3166	8	173847434	61
3166	9	182966198	57
3166	10	4210227022	57
3167	1	4306463091	443
3167	2	4306463491	99
3167	3	4210231682	89
3167	4	4306462964	81
3167	5	4306464261	81
3167	6	127986950	69
3167	7	4306462951	63
3167	8	117342566	57
3167	9	4306463937	54
3167	10	142063916	45
3168	1	4306463937	120
3168	2	143662950	115
3168	3	100787194	106
3168	4	26135258	76
3168	5	4306401840	64
3168	6	178451187	55
3168	7	129854537	50
3168	8	4306521834	38
3168	9	163860444	35
3168	10	4306504397	34
3169	1	2764812034	271
3169	2	2912101915	267
3169	3	2764934155	253
3169	4	2764524308	240
3169	5	2914245880	150
3169	6	2764845742	135
3169	7	4306515180	79
3169	8	2912632769	78
3169	9	4210199140	68
3169	10	2764730318	55
3170	1	4210172589	223
3170	2	4306463937	76
3170	3	4306463855	74
3170	4	4210183165	61
3170	5	75019429	55
3170	6	4306463359	47
3170	7	94138880	43
3170	8	127459061	42
3170	9	4306401271	40
3170	10	4306462995	38
3171	1	200764475	204
3171	2	162486132	176
3171	3	10124807	160
3171	4	4306463230	104
3171	5	123288148	49
3171	6	67425620	40
3171	7	58867329	37
3171	8	157859649	28
3171	9	2764696622	28
3171	10	103518591	26
3172	1	4210171794	178
3172	2	4210227089	112
3172	3	4210229111	83
3172	4	4210178198	73
3172	5	4210193425	67
3172	6	4210172087	65
3172	7	2764766602	61
3172	8	4210172589	61
3172	9	4210178312	55
3172	10	4210171432	43
3173	1	4306463937	74
3173	2	4306463855	66
3173	3	4306463091	47
3173	4	94273119	39
3173	5	4210213012	38
3173	6	4306401280	35
3173	7	73388012	31
3173	8	9692511	20
3173	9	111893742	19
3173	10	4210228709	19
3174	1	29138406	356
3174	2	24821976	280
3174	3	2764375719	158
3174	4	4306462995	135
3174	5	4306463717	54
3174	6	140689941	51
3174	7	4210210804	46
3174	8	4306463937	36
3174	9	125600143	31
3174	10	4306463855	31
3175	1	4306463937	494
3175	2	147718537	81
3175	3	4306462964	73
3175	4	4306400194	54
3175	5	4306463708	54
3175	6	4501114	46
3175	7	2764375719	40
3175	8	29894199	35
3175	9	4306463091	33
3175	10	2764876710	30
3176	1	4306462873	195
3176	2	4306463937	116
3176	3	45645249	84
3176	4	136578784	72
3176	5	99453086	65
3176	6	4306514452	48
3176	7	189811788	46
3176	8	101949793	36
3176	9	4306525036	36
3176	10	4363605239	36
3177	1	4210233099	91
3177	2	80045625	84
3177	3	93565542	84
3177	4	4210196238	80
3177	5	2764368349	70
3177	6	29166240	59
3177	7	195250905	56
3177	8	4210195883	56
3177	9	4210195767	53
3177	10	82978933	46
3178	1	4210187746	122
3178	2	4210181861	119
3178	3	4210195076	96
3178	4	4210172622	86
3178	5	4210192616	76
3178	6	4210167667	63
3178	7	124530711	58
3178	8	2738103560	56
3178	9	4210179885	54
3178	10	4210226833	49
3179	1	2738364652	101
3179	2	4306401280	95
3179	3	4210177494	76
3179	4	64911513	62
3179	5	2738595915	35
3179	6	4210205768	31
3179	7	4306463855	28
3179	8	4210176804	27
3179	9	4210202782	25
3179	10	4210185082	24
3180	1	105208853	166
3180	2	163506364	146
3180	3	55009144	133
3180	4	2502047864	80
3180	5	107255770	75
3180	6	41354064	63
3180	7	2764701876	58
3180	8	4306463230	55
3180	9	4306463937	50
3180	10	205053445	46
3181	1	4210189194	210
3181	2	4210186093	170
3181	3	17203304	138
3181	4	4210169156	113
3181	5	4210195883	74
3181	6	2764905038	45
3181	7	4210175061	43
3181	8	4210187594	43
3181	9	106296714	38
3181	10	2764696622	35
3182	1	142331907	58
3182	2	4210179954	49
3182	3	32326811	44
3182	4	39312595	43
3182	5	194044894	43
3182	6	4306400194	43
3182	7	106296714	33
3182	8	2764905038	32
3182	9	195663827	31
3182	10	201441698	30
3183	1	203966947	64
3183	2	71857517	51
3183	3	151498627	44
3183	4	29875816	42
3183	5	198098182	38
3183	6	4210179954	37
3183	7	42668443	33
3183	8	168377509	33
3183	9	59604973	32
3183	10	2500072609	27
3184	1	2765027770	70
3184	2	4210170201	70
3184	3	4306401280	31
3184	4	2764627054	26
3184	5	4306463855	23
3184	6	4210175219	19
3184	7	4210187005	19
3184	8	4306508477	16
3184	9	4210209711	15
3184	10	4393919413	15
3185	1	4306463937	880
3185	2	4306525036	67
3185	3	29564236	45
3185	4	205999849	45
3185	5	70286497	42
3185	6	88226677	38
3185	7	41354064	37
3185	8	201142877	36
3185	9	44811770	30
3185	10	127984601	30
3186	1	4210172589	164
3186	2	2764780593	142
3186	3	4306401271	100
3186	4	4306463855	80
3186	5	4306462995	60
3186	6	32191110	55
3186	7	4306463937	44
3186	8	2764375719	43
3186	9	4306463716	38
3186	10	115434995	32
3187	1	4306400194	235
3187	2	79244937	163
3187	3	4210235286	160
3187	4	35412551	112
3187	5	77047749	85
3187	6	24807848	71
3187	7	167943036	56
3187	8	4306401271	53
3187	9	98085912	44
3187	10	4306402567	41
3188	1	41354064	390
3188	2	133942674	70
3188	3	4210169613	70
3188	4	205754296	61
3188	5	4306525036	61
3188	6	30970080	55
3188	7	108911230	44
3188	8	205050996	44
3188	9	4306463937	39
3188	10	179810352	38
3189	1	4210217414	368
3189	2	4210227874	208
3189	3	2765017610	128
3189	4	4306401280	127
3189	5	2764687017	117
3189	6	4210198110	97
3189	7	2737644473	94
3189	8	2764622168	81
3189	9	4210187153	73
3189	10	4210176415	70
3190	1	4210186093	450
3190	2	4210189194	293
3190	3	128754310	140
3190	4	158178784	106
3190	5	206834481	87
3190	6	4210195883	75
3190	7	4306463716	73
3190	8	4210235402	63
3190	9	4210178381	61
3190	10	4210231019	52
3191	1	4210172589	547
3191	2	4210187273	107
3191	3	4306462995	89
3191	4	4306463937	46
3191	5	4306463708	42
3191	6	159320808	40
3191	7	4210185638	29
3191	8	4306463223	29
3191	9	4306464261	28
3191	10	4306463091	24
3192	1	62072220	268
3192	2	15336283	267
3192	3	4306463230	109
3192	4	23089685	95
3192	5	4306463075	61
3192	6	41354064	56
3192	7	2898252156	50
3192	8	183492911	41
3192	9	191963794	38
3192	10	105746325	37
3193	1	124442846	130
3193	2	182375677	116
3193	3	100748152	88
3193	4	4210187720	81
3193	5	4210195883	70
3193	6	4210203696	60
3193	7	72428099	52
3193	8	185094279	52
3193	9	4220650854	49
3193	10	39877143	47
3194	1	4306463937	75
3194	2	106296714	60
3194	3	4210172589	42
3194	4	71913804	31
3194	5	141924832	30
3194	6	4306463855	29
3194	7	4306400194	21
3194	8	4306463409	17
3194	9	4210183893	15
3194	10	4306418880	15
3195	1	2764650626	100
3195	2	2736545270	69
3195	3	2737382751	57
3195	4	109692114	47
3195	5	4306401280	45
3195	6	4210191038	40
3195	7	4210206513	29
3195	8	125610265	28
3195	9	4210214798	26
3195	10	154977142	23
3196	1	4306462995	213
3196	2	4306463937	127
3196	3	4306463491	98
3196	4	4306463855	78
3196	5	2764375719	74
3196	6	4210175661	67
3196	7	113166945	62
3196	8	4306463708	59
3196	9	4306463717	43
3196	10	4210172589	40
3197	1	4306400194	222
3197	2	106296714	181
3197	3	155575560	111
3197	4	4306463937	51
3197	5	140455145	43
3197	6	4210172589	29
3197	7	80285584	21
3197	8	168561851	21
3197	9	4306463409	19
3197	10	206928812	18
3198	1	4306462964	327
3198	2	4306462995	140
3198	3	4306463091	107
3198	4	4306463708	92
3198	5	4306463937	64
3198	6	4306463855	57
3198	7	4210182322	35
3198	8	2764375719	34
3198	9	56897809	33
3198	10	4306464232	29
3199	1	4306525036	134
3199	2	197964821	58
3199	3	4306463230	57
3199	4	4306463937	54
3199	5	143352558	48
3199	6	110785341	38
3199	7	140251998	30
3199	8	34136372	27
3199	9	55592950	21
3199	10	126770807	19
3200	1	43111796	157
3200	2	2764696622	115
3200	3	4210189194	82
3200	4	129676613	61
3200	5	48860480	52
3200	6	185523233	50
3200	7	183492911	43
3200	8	4306463937	42
3200	9	4306463230	41
3200	10	90999920	27
3201	1	14436165	217
3201	2	4306525036	146
3201	3	122866201	125
3201	4	4210209433	48
3201	5	165686931	45
3201	6	79704628	44
3201	7	4306463937	41
3201	8	141953298	39
3201	9	169054600	39
3201	10	4306463230	35
3202	1	2764737005	688
3202	2	4210228335	266
3202	3	2764576475	139
3202	4	2764726830	74
3202	5	2765004438	74
3202	6	2764524052	62
3202	7	4210240564	62
3202	8	2764923428	58
3202	9	2765058431	57
3202	10	2764818423	56
3203	1	60589374	86
3203	2	4306500339	71
3203	3	2764396693	63
3203	4	2764716694	52
3203	5	4306525036	49
3203	6	2764960802	45
3203	7	173349649	41
3203	8	2764394860	32
3203	9	4306529294	32
3203	10	171318492	28
3204	1	4210229491	81
3204	2	4210210168	51
3204	3	4306463937	51
3204	4	4306463409	46
3204	5	4306401280	43
3204	6	4210172589	40
3204	7	4306401271	39
3204	8	200123273	37
3204	9	2764463561	34
3204	10	4306402512	33
3205	1	195250905	135
3205	2	125636905	134
3205	3	38407038	94
3205	4	113329220	79
3205	5	4306511290	76
3205	6	6410836	69
3205	7	4210206751	42
3205	8	4306526923	42
3205	9	140409716	40
3205	10	4306463937	39
3206	1	4306525036	126
3206	2	4306463937	111
3206	3	3992287	105
3206	4	4306463230	55
3206	5	14436165	48
3206	6	4210170383	33
3206	7	77494981	25
3206	8	48019687	23
3206	9	18455948	20
3206	10	58727509	19
3207	1	4306463937	57
3207	2	4306525036	49
3207	3	4306463855	46
3207	4	9692511	23
3207	5	92766711	23
3207	6	99404374	22
3207	7	10873304	20
3207	8	4210172589	20
3207	9	4210224806	19
3207	10	4306464262	19
3208	1	41354064	802
3208	2	4210168331	237
3208	3	133942674	129
3208	4	205754296	105
3208	5	197964166	82
3208	6	46134040	63
3208	7	114976158	61
3208	8	205050996	60
3208	9	80698544	58
3208	10	146636433	57
3209	1	4306400194	137
3209	2	2883122597	69
3209	3	4306463937	61
3209	4	110643388	60
3209	5	2764696622	48
3209	6	4210184207	45
3209	7	187260366	36
3209	8	4306463230	36
3209	9	4306525036	31
3209	10	205053445	29
3210	1	4210174349	115
3210	2	4210186913	83
3210	3	4317411217	58
3210	4	4306401840	57
3210	5	4210171854	50
3210	6	4210217535	49
3210	7	4306503656	45
3210	8	2764902157	43
3210	9	4210178056	37
3210	10	2764722224	35
3211	1	4306401280	69
3211	2	4210177494	52
3211	3	4306463855	27
3211	4	4210205768	26
3211	5	4306463708	24
3211	6	150390443	19
3211	7	2737597509	19
3211	8	4317411217	19
3211	9	4210221436	18
3211	10	2738537911	16
3212	1	4306463937	587
3212	2	4306464262	256
3212	3	4306463091	91
3212	4	4306464022	82
3212	5	4306462951	81
3212	6	4306463491	76
3212	7	4306464232	51
3212	8	4306463855	48
3212	9	4306464261	30
3212	10	4210194045	29
3213	1	4306462866	904
3213	2	152303250	176
3213	3	4210202285	126
3213	4	66787172	112
3213	5	67425620	53
3213	6	128754310	52
3213	7	2898407351	45
3213	8	2764696622	42
3213	9	4210189194	39
3213	10	2764531433	33
3214	1	135458494	447
3214	2	4210196743	115
3214	3	63107127	97
3214	4	85891262	81
3214	5	112652565	58
3214	6	24448233	57
3214	7	9265444	45
3214	8	85201822	44
3214	9	183652945	39
3214	10	44318362	38
3215	1	4306463855	129
3215	2	4306463937	117
3215	3	4306462995	95
3215	4	4306462964	68
3215	5	5354126	62
3215	6	2764375719	49
3215	7	169569900	37
3215	8	203792648	32
3215	9	4306463122	30
3215	10	4306463717	27
3216	1	4306463937	171
3216	2	4210214880	146
3216	3	108764191	106
3216	4	98717081	105
3216	5	4306463855	89
3216	6	4306463716	63
3216	7	159428877	35
3216	8	4210213454	28
3216	9	4306462995	27
3216	10	2583990	25
3217	1	106928643	172
3217	2	137084839	131
3217	3	158447136	77
3217	4	67716761	58
3217	5	58867329	54
3217	6	95823260	45
3217	7	41354064	38
3217	8	5707928	37
3217	9	67425620	37
3217	10	53162366	32
3218	1	2765017008	72
3218	2	2764522276	54
3218	3	4306525036	53
3218	4	4306529703	47
3218	5	2764605448	36
3218	6	134644764	34
3218	7	35861910	33
3218	8	4306463937	26
3218	9	182975812	23
3218	10	2764724548	23
3219	1	75102731	83
3219	2	4306463937	81
3219	3	9692511	75
3219	4	202381698	35
3219	5	4306463855	34
3219	6	4306402567	33
3219	7	151331055	30
3219	8	35819839	27
3219	9	196734849	26
3219	10	4306463230	25
3220	1	57491091	274
3220	2	4210196743	94
3220	3	55776271	91
3220	4	114911520	85
3220	5	6147291	66
3220	6	2484704948	58
3220	7	4306463230	58
3220	8	96615428	51
3220	9	4306402450	50
3220	10	69033458	48
3221	1	41354064	265
3221	2	166799026	69
3221	3	205999849	66
3221	4	4306525036	66
3221	5	55509983	63
3221	6	88226677	62
3221	7	4306463937	53
3221	8	39653451	51
3221	9	108911230	50
3221	10	201989124	49
3222	1	189314969	176
3222	2	4306463937	107
3222	3	4306463855	91
3222	4	2764375719	90
3222	5	4306463122	69
3222	6	4306463717	62
3222	7	2764760321	60
3222	8	4306463716	49
3222	9	4210172589	45
3222	10	2764829029	43
3223	1	40198776	182
3223	2	4306525036	158
3223	3	140251998	77
3223	4	202381698	62
3223	5	4210172139	62
3223	6	151589183	42
3223	7	157527038	35
3223	8	4306463937	33
3223	9	43643205	29
3223	10	53807158	25
3224	1	4210177875	66
3224	2	4210195309	59
3224	3	4210215253	59
3224	4	4306401280	46
3224	5	4210228803	45
3224	6	4210219711	37
3224	7	4210183572	36
3224	8	4210220769	34
3224	9	4317411217	33
3224	10	4210191567	32
3225	1	4210220133	118
3225	2	146761321	93
3225	3	4210195578	54
3225	4	4306463855	46
3225	5	4210239114	35
3225	6	4306463091	35
3225	7	4210196215	34
3225	8	4210210147	32
3225	9	4306464338	28
3225	10	5438150	22
3226	1	2764485856	156
3226	2	4210172589	95
3226	3	202189376	89
3226	4	4306401280	81
3226	5	2764538546	67
3226	6	4306463855	48
3226	7	4306463937	46
3226	8	2883122597	40
3226	9	4306401271	28
3226	10	86047266	26
3227	1	4306401271	70
3227	2	4306463855	61
3227	3	4306463937	58
3227	4	4210172589	52
3227	5	4210228840	25
3227	6	2764375719	24
3227	7	177137575	22
3227	8	4306463716	19
3227	9	4306462995	18
3227	10	4306463708	15
3228	1	4306463855	132
3228	2	4306463937	130
3228	3	4306464320	80
3228	4	4306463475	75
3228	5	4210172589	71
3228	6	4306463716	57
3228	7	43495592	37
3228	8	4306462995	35
3228	9	112879492	28
3228	10	80367638	27
3229	1	4306463937	202
3229	2	4306463855	103
3229	3	4306463716	90
3229	4	4306463717	61
3229	5	2764375719	57
3229	6	4306462964	52
3229	7	2764556711	46
3229	8	4210170618	41
3229	9	134363990	40
3229	10	103229351	39
3230	1	41354064	703
3230	2	205754296	112
3230	3	4210168331	79
3230	4	205050996	74
3230	5	27298842	71
3230	6	133942674	69
3230	7	110436767	58
3230	8	197964166	55
3230	9	4210185993	54
3230	10	80698544	49
3231	1	4210235179	96
3231	2	4306463855	56
3231	3	4306463937	55
3231	4	4306462995	41
3231	5	4306462964	38
3231	6	4306464232	37
3231	7	4306463708	35
3231	8	2764375719	31
3231	9	4306463091	25
3231	10	4306402512	20
3232	1	42323631	134
3232	2	52123058	111
3232	3	4210187594	85
3232	4	95739953	73
3232	5	133947007	53
3232	6	183492911	46
3232	7	2764696622	44
3232	8	179357936	40
3232	9	2764646681	37
3232	10	44567922	36
3233	1	4210172616	152
3233	2	4306401280	60
3233	3	4306516862	43
3233	4	4317411217	40
3233	5	4210189194	36
3233	6	4210215702	33
3233	7	4306516861	32
3233	8	4387287975	25
3233	9	4306519355	22
3233	10	4387279488	22
3234	1	4306400194	386
3234	2	111828274	174
3234	3	19800340	86
3234	4	4210179734	65
3234	5	135066301	64
3234	6	83211391	52
3234	7	4210176787	44
3234	8	111445056	34
3234	9	2764696622	33
3234	10	16116274	32
3235	1	4306463937	136
3235	2	4210172589	92
3235	3	148189957	81
3235	4	4306463855	47
3235	5	4306463230	30
3235	6	4306401271	29
3235	7	4306463075	22
3235	8	2764791290	20
3235	9	2764375719	18
3235	10	154010748	17
3236	1	4306519355	49
3236	2	4210195883	46
3236	3	4210189194	44
3236	4	4210213896	40
3236	5	2738286576	39
3236	6	4306401280	39
3236	7	4210185162	33
3236	8	4210209608	33
3236	9	4306500038	32
3236	10	4210199020	30
3237	1	2765060133	99
3237	2	2764670390	81
3237	3	4210210199	55
3237	4	4306505307	42
3237	5	115091506	37
3237	6	4210215120	36
3237	7	4210172589	35
3237	8	4306401271	35
3237	9	4306401280	30
3237	10	66524056	29
3238	1	4306525036	114
3238	2	163860444	59
3238	3	4210196743	59
3238	4	183652945	43
3238	5	14436165	40
3238	6	128487797	35
3238	7	4306463937	27
3238	8	100787194	24
3238	9	129135363	23
3238	10	108911230	20
3239	1	41354064	526
3239	2	4306463937	497
3239	3	70121411	237
3239	4	4210168331	78
3239	5	4210180763	75
3239	6	133942674	74
3239	7	114976158	53
3239	8	197964166	46
3239	9	95954025	45
3239	10	80698544	39
3240	1	10134376	137
3240	2	4306463937	110
3240	3	93158239	51
3240	4	58516903	49
3240	5	4306401271	49
3240	6	4306463230	42
3240	7	139345353	37
3240	8	95823145	34
3240	9	4210195883	30
3240	10	2738353305	29
3241	1	4210172589	1201
3241	2	4210167917	224
3241	3	4306463937	61
3241	4	4306463855	47
3241	5	4210186272	31
3241	6	4306463230	30
3241	7	4306554364	30
3241	8	4306463091	27
3241	9	4306462844	24
3241	10	4306462995	21
3242	1	2739064124	98
3242	2	30525748	83
3242	3	4306525036	76
3242	4	156506154	47
3242	5	4306526703	45
3242	6	53297675	41
3242	7	2738381912	41
3242	8	196979320	35
3242	9	4306463937	35
3242	10	118474221	34
3243	1	2913258372	387
3243	2	2946866068	59
3243	3	4210175227	58
3243	4	4210237692	58
3243	5	129278335	48
3243	6	2915058201	47
3243	7	2764910478	42
3243	8	189489409	38
3243	9	4306493614	35
3243	10	49967189	31
3244	1	198850791	40
3244	2	167669515	37
3244	3	2764688642	30
3244	4	128754310	28
3244	5	17910731	26
3244	6	67425620	26
3244	7	4306525036	24
3244	8	4210222177	23
3244	9	88664677	19
3244	10	2764896880	18
3245	1	4210178782	313
3245	2	11444647	276
3245	3	4306462995	125
3245	4	4306463937	97
3245	5	4306463716	73
3245	6	4306463708	57
3245	7	2764375719	54
3245	8	4306463855	54
3245	9	4306463717	52
3245	10	77594414	51
3246	1	2764924460	320
3246	2	2764663395	135
3246	3	4306510862	125
3246	4	4210201658	124
3246	5	4306504483	105
3246	6	4306521948	85
3246	7	4306500510	61
3246	8	4210195790	49
3246	9	4210223152	44
3246	10	4306524812	32
3247	1	4306529091	324
3247	2	4210167977	67
3247	3	4210194402	50
3247	4	4306500713	46
3247	5	4306531425	31
3247	6	4210212733	30
3247	7	4210191941	29
3247	8	4306524795	26
3247	9	4210222252	25
3247	10	2739387860	24
3248	1	4306525036	123
3248	2	148722202	80
3248	3	4306463937	65
3248	4	106296714	50
3248	5	4210176815	38
3248	6	104698359	32
3248	7	163289574	32
3248	8	76904441	22
3248	9	4306463230	21
3248	10	186193465	20
3249	1	106928643	247
3249	2	189509794	172
3249	3	67716761	162
3249	4	187991544	88
3249	5	105243760	86
3249	6	53162366	80
3249	7	158447136	64
3249	8	154037165	62
3249	9	138530117	52
3249	10	5707928	49
3250	1	4387280219	182
3250	2	171347946	95
3250	3	2738977772	88
3250	4	4210212854	86
3250	5	4210193558	60
3250	6	32024226	40
3250	7	4306402512	39
3250	8	4306463937	33
3250	9	4317411217	31
3250	10	4306401280	30
3251	1	189509794	125
3251	2	158447136	71
3251	3	106928643	65
3251	4	4210189957	61
3251	5	67716761	53
3251	6	4306509143	52
3251	7	159533830	50
3251	8	16945967	47
3251	9	133646729	41
3251	10	75568645	37
3252	1	4306525036	95
3252	2	191117624	84
3252	3	4306463937	45
3252	4	184776610	41
3252	5	4306463230	41
3252	6	49861241	28
3252	7	81455456	28
3252	8	33786796	22
3252	9	19793444	21
3252	10	62458012	20
3253	1	41354064	318
3253	2	205050996	117
3253	3	111155417	116
3253	4	4306463937	114
3253	5	73388172	95
3253	6	146709414	68
3253	7	114185612	47
3253	8	4210168331	47
3253	9	4210200754	46
3253	10	67393510	41
3254	1	4306525036	118
3254	2	70396342	50
3254	3	104038378	46
3254	4	202381698	46
3254	5	140251998	45
3254	6	38008053	42
3254	7	25293849	36
3254	8	4306463937	34
3254	9	41354064	30
3254	10	196734849	29
3255	1	4210186024	64
3255	2	4306401280	61
3255	3	4306401271	28
3255	4	4210238384	26
3255	5	4210227709	25
3255	6	156058904	24
3255	7	4210172589	24
3255	8	4317411217	24
3255	9	4210182600	23
3255	10	2765034607	22
3256	1	4306463937	116
3256	2	5354126	94
3256	3	4306463855	75
3256	4	86708968	69
3256	5	60370611	60
3256	6	153778216	52
3256	7	203792648	47
3256	8	173880072	43
3256	9	139196244	42
3256	10	84445930	36
3257	1	183492911	81
3257	2	4210187899	43
3257	3	4210180524	42
3257	4	4210227386	41
3257	5	128754310	38
3257	6	2738495673	31
3257	7	4210169156	31
3257	8	58266129	29
3257	9	4210168333	24
3257	10	4210232476	23
3258	1	132320204	72
3258	2	4306525036	69
3258	3	67377460	52
3258	4	180901878	49
3258	5	4306463937	45
3258	6	181451930	43
3258	7	133144118	39
3258	8	165368631	34
3258	9	9692511	26
3258	10	4306463708	26
3259	1	114662517	209
3259	2	2764375719	120
3259	3	4306462995	107
3259	4	4210172589	87
3259	5	2764772712	80
3259	6	4306463855	49
3259	7	10702487	45
3259	8	4306463937	43
3259	9	4306463717	33
3259	10	4306463491	30
3260	1	4306401280	107
3260	2	2737777875	29
3260	3	4210186100	29
3260	4	4210234304	26
3260	5	4210234553	25
3260	6	4306463091	24
3260	7	2737178829	18
3260	8	2738513081	17
3260	9	4210221455	15
3260	10	2736781414	14
3261	1	202340841	1050
3261	2	83211391	98
3261	3	72284688	89
3261	4	2764547726	79
3261	5	206364941	40
3261	6	4306463937	36
3261	7	97976655	32
3261	8	106296714	30
3261	9	75286078	26
3261	10	101923274	26
3262	1	4317411217	49
3262	2	4306401280	44
3262	3	4210181587	35
3262	4	4393919366	29
3262	5	105208853	22
3262	6	2764375719	20
3262	7	4210221910	20
3262	8	4210172589	18
3262	9	4306463855	18
3262	10	4210211893	17
3263	1	4210199414	361
3263	2	4306514740	198
3263	3	4306528931	130
3263	4	4306506288	119
3263	5	4306531428	99
3263	6	4306524763	91
3263	7	4306513454	77
3263	8	4306506147	74
3263	9	4306507486	57
3263	10	4306514330	55
3264	1	4306463855	96
3264	2	4306463937	87
3264	3	2764375719	68
3264	4	4306463491	54
3264	5	4306463716	44
3264	6	4306463717	37
3264	7	77503192	35
3264	8	4306462995	33
3264	9	4306463091	27
3264	10	171635450	21
3265	1	41354064	463
3265	2	73388172	92
3265	3	133942674	81
3265	4	4210168331	81
3265	5	2764696622	62
3265	6	110436767	44
3265	7	205050996	44
3265	8	205754296	43
3265	9	146636433	42
3265	10	114976158	41
3266	1	4306401280	67
3266	2	4306463855	41
3266	3	4306463937	27
3266	4	4210170630	24
3266	5	4210186755	24
3266	6	4210219190	22
3266	7	4210194408	21
3266	8	4306504532	18
3266	9	4306526338	17
3266	10	2764375719	16
3267	1	2764503789	337
3267	2	4210184193	180
3267	3	4210189194	84
3267	4	4210187594	69
3267	5	4210195883	46
3267	6	4210229888	43
3267	7	4210173451	42
3267	8	4210167656	37
3267	9	4210169156	37
3267	10	14913209	35
3268	1	4306401280	92
3268	2	2738771973	24
3268	3	4210177705	24
3268	4	4306501462	23
3268	5	2738381027	22
3268	6	2736398691	21
3268	7	4306463855	20
3268	8	110762155	19
3268	9	1000944648	17
3268	10	2764375719	17
3269	1	171471881	778
3269	2	82630499	169
3269	3	2764648274	84
3269	4	123258744	58
3269	5	199213172	45
3269	6	4306504709	37
3269	7	4306500613	33
3269	8	17264655	30
3269	9	141665667	29
3269	10	123423509	28
3270	1	106296714	52
3270	2	4210179954	28
3270	3	4210169156	25
3270	4	183492911	24
3270	5	4306400194	24
3270	6	4306463937	23
3270	7	2764905038	22
3270	8	4210187594	22
3270	9	128754310	18
3270	10	4210172589	17
3271	1	4210201347	163
3271	2	4210202455	88
3271	3	4210194607	76
3271	4	4210172589	70
3271	5	4210237652	68
3271	6	4210221612	56
3271	7	4210237828	51
3271	8	2739425593	32
3271	9	4306463855	31
3271	10	2764640640	30
3272	1	55619869	196
3272	2	4306463937	134
3272	3	2764699937	54
3272	4	4306463855	54
3272	5	1003890252	49
3272	6	28966261	44
3272	7	147194880	34
3272	8	4210173503	28
3272	9	4306550981	25
3272	10	90721015	23
3273	1	4306401280	46
3273	2	4306525036	35
3273	3	4210187594	24
3273	4	2764765614	22
3273	5	4306463855	21
3273	6	4306463937	19
3273	7	4210169156	17
3273	8	4317411217	16
3273	9	112326359	15
3273	10	4210233924	15
3274	1	106296714	178
3274	2	4306400194	109
3274	3	4210184376	31
3274	4	2764900261	28
3274	5	4306463937	28
3274	6	4306421043	27
3274	7	4387284482	26
3274	8	174847851	24
3274	9	4210172589	20
3274	10	4393918545	19
3275	1	4306463937	449
3275	2	98369295	415
3275	3	205589970	77
3275	4	38943393	63
3275	5	4210205697	61
3275	6	4210201413	58
3275	7	62458012	51
3275	8	4210176245	46
3275	9	25774322	38
3275	10	4306520736	36
3276	1	4306463937	213
3276	2	4210172589	127
3276	3	60370010	61
3276	4	4306463223	44
3276	5	4306400194	43
3276	6	2764696622	39
3276	7	4306463855	29
3276	8	4306401271	28
3276	9	148561398	24
3276	10	2738087221	23
3277	1	4306463855	120
3277	2	4306463937	74
3277	3	4210184657	67
3277	4	4306463708	64
3277	5	4306462964	45
3277	6	2764870657	44
3277	7	4306463091	40
3277	8	2764605795	38
3277	9	2764375719	34
3277	10	2764542256	31
3278	1	4210175534	127
3278	2	4210170318	86
3278	3	4210186093	61
3278	4	4210193425	57
3278	5	4210215609	50
3278	6	4210227089	49
3278	7	4210182925	47
3278	8	4210195883	43
3278	9	4210221659	43
3278	10	4210221230	37
3279	1	66425452	200
3279	2	4306525036	186
3279	3	105051383	124
3279	4	2764699316	64
3279	5	3012707348	63
3279	6	4210224959	42
3279	7	44931747	37
3279	8	193771521	34
3279	9	2751401339	30
3279	10	206992039	28
3280	1	4306463937	65
3280	2	20334542	46
3280	3	4210169992	37
3280	4	141152059	30
3280	5	4306525036	28
3280	6	4210228444	23
3280	7	106963461	22
3280	8	4306463230	20
3280	9	39385048	19
3280	10	4306400194	19
3281	1	4306525036	142
3281	2	2756327665	39
3281	3	39653451	36
3281	4	41354064	33
3281	5	29564236	29
3281	6	206789554	26
3281	7	132108250	23
3281	8	205999849	22
3281	9	4306402450	22
3281	10	108911230	21
3282	1	183492911	82
3282	2	43295729	69
3282	3	106296714	53
3282	4	111326731	51
3282	5	2764431341	50
3282	6	2737215817	49
3282	7	4306400194	46
3282	8	4306463937	39
3282	9	117727964	36
3282	10	117411352	34
3283	1	113871862	74
3283	2	4306463937	60
3283	3	9692511	56
3283	4	4306525036	56
3283	5	71144982	47
3283	6	92766711	42
3283	7	45419345	38
3283	8	4306400194	38
3283	9	64250036	36
3283	10	202381698	36
3284	1	4210198004	127
3284	2	4306401280	101
3284	3	4210169649	44
3284	4	4210222111	42
3284	5	100582281	40
3284	6	4306525036	38
3284	7	178348653	32
3284	8	204228983	25
3284	9	135026488	24
3284	10	2898580591	23
3285	1	4317411217	63
3285	2	4306401280	49
3285	3	4210189194	44
3285	4	2736655138	27
3285	5	4210195883	25
3285	6	4393919366	25
3285	7	4387278655	20
3285	8	4387281752	20
3285	9	4210228009	18
3285	10	2764789573	16
3286	1	4220651186	384
3286	2	4306463937	67
3286	3	2898246533	36
3286	4	4210202285	32
3286	5	4306420022	32
3286	6	67425620	31
3286	7	106296714	30
3286	8	128754310	24
3286	9	4306400194	24
3286	10	4306418290	24
3287	1	4306463937	223
3287	2	4210214373	89
3287	3	4210172589	61
3287	4	2764734948	43
3287	5	4210177767	42
3287	6	4306463855	31
3287	7	106296714	29
3287	8	4210169156	24
3287	9	4306462844	21
3287	10	2764672033	20
3288	1	4210175534	84
3288	2	4210227089	70
3288	3	2764670390	64
3288	4	4210172589	64
3288	5	2765060133	60
3288	6	4210190481	58
3288	7	4210223702	39
3288	8	81432193	35
3288	9	2764640640	35
3288	10	4210172087	34
3289	1	4306525036	76
3289	2	4306463937	66
3289	3	178469169	53
3289	4	4306463230	45
3289	5	197964821	30
3289	6	77494981	29
3289	7	106296714	29
3289	8	207294652	25
3289	9	4306463708	24
3289	10	67039580	18
3290	1	134199791	101
3290	2	4363608169	82
3290	3	4306498817	77
3290	4	2764476468	73
3290	5	4210189194	69
3290	6	109691728	68
3290	7	4306498691	64
3290	8	4949901	58
3290	9	4306498499	54
3290	10	197975706	48
3291	1	4306401280	90
3291	2	1004904615	28
3291	3	4210229073	23
3291	4	951853888	16
3291	5	4210228914	15
3291	6	37451702	14
3291	7	92695244	13
3291	8	4210224023	13
3291	9	4306463855	13
3291	10	4306506378	13
3292	1	128754310	46
3292	2	67425620	43
3292	3	183492911	37
3292	4	4306463230	35
3292	5	2764825856	25
3292	6	4210187594	25
3292	7	2764696622	23
3292	8	4306400194	21
3292	9	4210179954	19
3292	10	2764664148	15
3293	1	4210209662	57
3293	2	128754310	40
3293	3	161080992	38
3293	4	183492911	37
3293	5	121167460	21
3293	6	4306485926	21
3293	7	67425620	20
3293	8	4210179954	20
3293	9	4210218867	18
3293	10	2764551189	17
3294	1	160392558	75
3294	2	16398170	60
3294	3	153189382	60
3294	4	2764625424	49
3294	5	4317411217	37
3294	6	2764377135	34
3294	7	4306401280	29
3294	8	44429004	28
3294	9	2765017008	28
3294	10	2764865957	27
3295	1	106296714	262
3295	2	2764900261	130
3295	3	4306463937	116
3295	4	4210202285	81
3295	5	2898246533	41
3295	6	4306400194	40
3295	7	4306402512	40
3295	8	4306463075	25
3295	9	4210172359	23
3295	10	4306463230	19
3296	1	4210168781	245
3296	2	147589591	109
3296	3	2898451984	109
3296	4	4317411217	109
3296	5	4306401280	84
3296	6	2739448056	61
3296	7	4210170075	36
3296	8	2736567417	33
3296	9	4210226967	31
3296	10	4210210899	27
3297	1	4306463937	137
3297	2	105208853	104
3297	3	30784254	89
3297	4	20055979	78
3297	5	4306463708	52
3297	6	67393510	42
3297	7	163506364	40
3297	8	4210200754	37
3297	9	4306509555	36
3297	10	4306463230	35
3298	1	5745031	110
3298	2	815301	97
3298	3	6846437	85
3298	4	105637730	63
3298	5	2497375143	60
3298	6	2764696622	55
3298	7	4306463937	47
3298	8	198098182	38
3298	9	56464651	37
3298	10	128754310	35
3299	1	4306401840	125
3299	2	104917558	61
3299	3	4306517901	35
3299	4	4306511159	34
3299	5	1013089787	33
3299	6	175388953	28
3299	7	4210214878	26
3299	8	4306533456	26
3299	9	4306401280	22
3299	10	4306513004	22
3300	1	4306401280	66
3300	2	4306463937	40
3300	3	4317411217	21
3300	4	4306463855	18
3300	5	2739064124	15
3300	6	102196823	14
3300	7	2739370219	14
3300	8	4306402512	14
3300	9	4210186100	13
3300	10	2736391685	11
3301	1	4210169482	112
3301	2	2764375719	105
3301	3	2764436808	98
3301	4	4306462995	75
3301	5	195579742	63
3301	6	4210208875	52
3301	7	4306463855	49
3301	8	4306463937	47
3301	9	4306463717	45
3301	10	1034709837	22
3302	1	4306463937	126
3302	2	4210190732	113
3302	3	2737485534	101
3302	4	4306463855	44
3302	5	4210178033	43
3302	6	4210218240	41
3302	7	4210169538	39
3302	8	4306401280	39
3302	9	4210183319	35
3302	10	2738191309	22
3303	1	4306463855	110
3303	2	4306463122	66
3303	3	2765074192	47
3303	4	2764893971	46
3303	5	4306463937	45
3303	6	2764467708	33
3303	7	4306517688	31
3303	8	175852239	30
3303	9	4306463393	28
3303	10	4317411217	28
3304	1	4306463937	519
3304	2	41354064	477
3304	3	4210168331	112
3304	4	70121411	103
3304	5	27298842	70
3304	6	95954025	69
3304	7	197964166	54
3304	8	133942674	45
3304	9	110436767	44
3304	10	205754296	43
3305	1	4306401840	89
3305	2	104917558	46
3305	3	4317411217	35
3305	4	4306463937	30
3305	5	175388953	28
3305	6	4210186913	28
3305	7	4306401280	28
3305	8	94618750	24
3305	9	4306533456	24
3305	10	176275102	23
3306	1	4306401280	104
3306	2	2737346852	38
3306	3	4306512599	26
3306	4	36614426	20
3306	5	205274193	20
3306	6	4306463855	20
3306	7	183600629	13
3306	8	2764704827	13
3306	9	4210175028	13
3306	10	4210208503	13
3307	1	4306400194	127
3307	2	4306463937	63
3307	3	4306525036	54
3307	4	4210172589	33
3307	5	4306463855	29
3307	6	4306401280	22
3307	7	2764696622	20
3307	8	4210188863	20
3307	9	4306496610	19
3307	10	130039360	16
3308	1	4306463937	135
3308	2	4306463122	91
3308	3	4306463091	62
3308	4	4306464022	61
3308	5	4306463491	51
3308	6	175526339	44
3308	7	77333486	41
3308	8	4210196247	40
3308	9	4306464262	40
3308	10	4306463855	39
3309	1	4306463937	53
3309	2	103486911	52
3309	3	4306525036	46
3309	4	55189604	28
3309	5	4306400194	23
3309	6	4306463230	22
3309	7	4210187594	20
3309	8	4210172589	19
3309	9	4306401280	18
3309	10	186480540	16
3310	1	2764694990	131
3310	2	4210168471	48
3310	3	4210207592	45
3310	4	106296714	41
3310	5	4306463855	41
3310	6	4306462964	28
3310	7	4306463716	28
3310	8	30338973	27
3310	9	4210230940	27
3310	10	4306463937	22
3311	1	4306463855	102
3311	2	2764404043	79
3311	3	4306463937	57
3311	4	2764375719	44
3311	5	4306401280	41
3311	6	4306510661	40
3311	7	4306525036	26
3311	8	4210172589	23
3311	9	4210184398	17
3311	10	4306401271	15
3312	1	4210223146	186
3312	2	4210175061	182
3312	3	2764696622	109
3312	4	45645249	81
3312	5	4210189194	81
3312	6	128754310	73
3312	7	2764900261	58
3312	8	4210178672	53
3312	9	2764349695	52
3312	10	4210176240	52
3313	1	4306463937	163
3313	2	2764548376	146
3313	3	4306525036	93
3313	4	160568490	83
3313	5	100736837	82
3313	6	5837444	51
3313	7	49025288	48
3313	8	4306463230	47
3313	9	4210225938	38
3313	10	35439863	29
3314	1	4306525036	176
3314	2	14436165	65
3314	3	4306463230	56
3314	4	2738950867	48
3314	5	4306463937	36
3314	6	1118231	35
3314	7	4210196913	30
3314	8	141953298	28
3314	9	200672447	23
3314	10	4306462952	17
3315	1	4306401280	50
3315	2	4306504532	39
3315	3	130455057	33
3315	4	4210202242	22
3315	5	4210196119	21
3315	6	4210202866	20
3315	7	4306401271	18
3315	8	102849038	17
3315	9	2764905038	14
3315	10	4306529071	13
3316	1	4306463855	111
3316	2	123680841	69
3316	3	4210173057	67
3316	4	191448683	62
3316	5	2764463729	58
3316	6	107734394	46
3316	7	153469747	42
3316	8	4306463937	42
3316	9	2764375719	38
3316	10	4306463122	34
3317	1	4306463937	69
3317	2	4306463855	66
3317	3	4306462995	39
3317	4	2765033224	35
3317	5	4306401280	30
3317	6	4306504532	25
3317	7	4306463716	22
3317	8	4306463717	22
3317	9	2764375719	19
3317	10	4306463091	18
3318	1	4210227089	131
3318	2	4210193425	62
3318	3	2764816348	56
3318	4	4210223702	44
3318	5	4210172087	34
3318	6	4210172589	34
3318	7	4210208527	34
3318	8	4306463855	33
3318	9	4210181466	28
3318	10	4210170226	27
3319	1	4306463937	69
3319	2	156058904	49
3319	3	4306401280	41
3319	4	4306525036	41
3319	5	190363454	39
3319	6	4306463855	35
3319	7	2738673394	32
3319	8	4306527008	29
3319	9	104921184	22
3319	10	4210174845	21
3320	1	4210172589	52
3320	2	4210216148	44
3320	3	4210178929	36
3320	4	4210227089	35
3320	5	4210187197	33
3320	6	4210222697	32
3320	7	4306463855	32
3320	8	4210177612	23
3320	9	4210236623	23
3320	10	4210224301	22
3321	1	180455664	102
3321	2	4306463937	73
3321	3	184800087	66
3321	4	121139077	53
3321	5	4306463855	41
3321	6	4306401280	38
3321	7	989758024	31
3321	8	2737963936	23
3321	9	4210190514	23
3321	10	4306507253	23
3322	1	4306525036	45
3322	2	4306463230	37
3322	3	4317411217	34
3322	4	118568332	27
3322	5	4306401280	25
3322	6	2765017008	23
3322	7	4210195883	21
3322	8	178362034	20
3322	9	98026630	18
3322	10	4306463937	18
3323	1	4306525036	124
3323	2	14436165	114
3323	3	59624048	57
3323	4	112180307	48
3323	5	100227592	44
3323	6	2738950867	42
3323	7	4026894	39
3323	8	170704854	38
3323	9	205682708	35
3323	10	145023809	34
3324	1	2764696622	437
3324	2	2898407351	184
3324	3	4210217684	105
3324	4	2764737005	78
3324	5	4363608457	75
3324	6	2764491269	55
3324	7	2764715273	55
3324	8	4210171399	51
3324	9	4306510133	40
3324	10	2737509723	32
3325	1	98026630	113
3325	2	190445914	54
3325	3	124795565	46
3325	4	103486911	45
3325	5	4210190642	45
3325	6	176136234	43
3325	7	4210233421	39
3325	8	170358085	36
3325	9	4306463230	36
3325	10	4306525036	36
3326	1	140251998	88
3326	2	4210200754	50
3326	3	4306525036	49
3326	4	56808608	48
3326	5	67393510	47
3326	6	154285657	46
3326	7	166799026	43
3326	8	196734849	39
3326	9	4210172139	39
3326	10	4306402567	39
3327	1	4306463937	310
3327	2	4306464022	154
3327	3	4306464262	139
3327	4	4306463491	94
3327	5	4306463091	51
3327	6	4210220698	41
3327	7	4210237076	40
3327	8	30403725	28
3327	9	136509413	27
3327	10	4306462964	24
3328	1	4306525036	135
3328	2	4306463937	81
3328	3	4306463230	62
3328	4	14436165	54
3328	5	121831025	44
3328	6	183989336	33
3328	7	2898446404	31
3328	8	2672396	30
3328	9	44888363	24
3328	10	50823678	24
3329	1	46765339	143
3329	2	4306462964	118
3329	3	4306462995	96
3329	4	4306463937	86
3329	5	4306463855	78
3329	6	2764375719	69
3329	7	4306463091	66
3329	8	2764746724	57
3329	9	4306463716	56
3329	10	4306463708	32
3330	1	4306463708	192
3330	2	2764375719	154
3330	3	4306462995	154
3330	4	4210219126	81
3330	5	4306463937	78
3330	6	4306463855	75
3330	7	4306463716	47
3330	8	112731537	35
3330	9	4306401280	25
3330	10	4306463122	25
3331	1	4210195883	207
3331	2	4210238167	78
3331	3	4210189194	77
3331	4	4210186093	75
3331	5	4210187594	51
3331	6	4210169156	45
3331	7	4306520971	39
3331	8	4210183134	34
3331	9	4210193918	33
3331	10	2764696622	31
3332	1	4306462995	174
3332	2	4306463716	106
3332	3	4306463855	83
3332	4	4306463937	76
3332	5	4210193276	45
3332	6	4306463708	39
3332	7	109077999	38
3332	8	2764375719	35
3332	9	69147851	33
3332	10	49917718	29
3333	1	2764375719	201
3333	2	4306463855	64
3333	3	4306463717	63
3333	4	4210172589	46
3333	5	4306463937	41
3333	6	95667342	29
3333	7	4306462995	22
3333	8	143352558	19
3333	9	156918706	17
3333	10	182589707	17
3334	1	4306463855	144
3334	2	31925336	143
3334	3	160756826	109
3334	4	4306463937	99
3334	5	2764375719	47
3334	6	4306463708	43
3334	7	196609070	42
3334	8	4306463716	40
3334	9	4306463122	36
3334	10	143466226	33
3335	1	4306525036	118
3335	2	4306463937	47
3335	3	4306463230	38
3335	4	39653451	35
3335	5	29564236	28
3335	6	88226677	24
3335	7	4306401280	24
3335	8	44811770	22
3335	9	108911230	22
3335	10	41354064	17
3336	1	4306462995	194
3336	2	65773255	169
3336	3	4210172589	141
3336	4	4306463708	99
3336	5	4306463937	89
3336	6	4306463855	53
3336	7	25607300	47
3336	8	2735810121	46
3336	9	2764375719	33
3336	10	4306463716	32
3337	1	2764727618	76
3337	2	131400174	71
3337	3	4306463855	67
3337	4	4210172589	61
3337	5	2764375719	51
3337	6	2765074192	44
3337	7	4306463937	44
3337	8	199451182	37
3337	9	945374760	33
3337	10	145066639	31
3338	1	72684844	202
3338	2	103248676	47
3338	3	192559872	45
3338	4	4306525036	42
3338	5	170358085	37
3338	6	36361591	34
3338	7	124795565	31
3338	8	174893293	31
3338	9	140972820	30
3338	10	2764789437	30
3339	1	4210195883	57
3339	2	4306463937	51
3339	3	2764375719	40
3339	4	4306463855	38
3339	5	86814820	23
3339	6	4306401280	23
3339	7	2764730281	18
3339	8	4210172589	17
3339	9	2764638547	16
3339	10	2898501315	16
3340	1	2739064124	116
3340	2	4210211412	107
3340	3	4306401280	68
3340	4	2738381912	56
3340	5	4306526703	45
3340	6	156506154	38
3340	7	4317411217	36
3340	8	4210233769	35
3340	9	150928353	34
3340	10	4210232660	29
3341	1	4210204865	102
3341	2	4210180963	89
3341	3	4306533244	75
3341	4	128754310	65
3341	5	147767848	60
3341	6	4306533243	48
3341	7	198098182	38
3341	8	2764929336	37
3341	9	67425620	33
3341	10	2764424395	32
3342	1	4210172589	210
3342	2	4306401271	152
3342	3	31225034	67
3342	4	2764375719	65
3342	5	4306463937	56
3342	6	4306463855	49
3342	7	29163172	30
3342	8	4306462951	24
3342	9	4210232029	23
3342	10	4306462995	22
3343	1	4306401840	100
3343	2	4317411217	54
3343	3	2764722224	41
3343	4	4210230910	38
3343	5	4210219230	33
3343	6	4210186913	31
3343	7	4210237837	31
3343	8	4306508299	26
3343	9	4210189821	23
3343	10	4306512777	21
3344	1	67425620	54
3344	2	128754310	52
3344	3	4210189194	45
3344	4	4210187594	31
3344	5	4306463230	28
3344	6	4306400194	25
3344	7	2764696622	24
3344	8	4210179954	24
3344	9	4306463937	23
3344	10	2764566388	21
3345	1	235346	213
3345	2	2898407351	113
3345	3	152111507	104
3345	4	120683614	100
3345	5	72372694	49
3345	6	178238111	49
3345	7	4387280532	45
3345	8	4363605511	36
3345	9	4210172100	35
3345	10	4306525036	31
3346	1	4210227089	203
3346	2	4210193425	115
3346	3	4210172087	98
3346	4	4210223702	56
3346	5	4210175534	51
3346	6	4210222852	50
3346	7	4210216148	42
3346	8	4210191248	41
3346	9	4210224301	41
3346	10	4210201480	39
3347	1	4210205011	142
3347	2	175567793	111
3347	3	21901673	83
3347	4	4306463291	80
3347	5	4306463708	64
3347	6	52609742	62
3347	7	4306462964	60
3347	8	4306463937	50
3347	9	27308184	49
3347	10	158964946	44
3348	1	4210201221	202
3348	2	4306463937	140
3348	3	4317411217	57
3348	4	4306401280	46
3348	5	4393919366	37
3348	6	4220651722	33
3348	7	4210205400	26
3348	8	4387287485	19
3348	9	4390296802	16
3348	10	2765017008	15
3349	1	4210209736	42
3349	2	4306463855	41
3349	3	4210172589	39
3349	4	4306401280	33
3349	5	4306463937	31
3349	6	4317411217	24
3349	7	2764375719	18
3349	8	4210176592	18
3349	9	4210187594	17
3349	10	4306401271	14
3350	1	155128447	230
3350	2	49731288	197
3350	3	31573680	109
3350	4	25518365	107
3350	5	55607595	79
3350	6	105078976	65
3350	7	194317145	61
3350	8	161475033	56
3350	9	165236439	52
3350	10	4306525036	43
3351	1	4306463937	108
3351	2	4306463122	58
3351	3	4306463855	46
3351	4	2764375719	37
3351	5	4306463091	26
3351	6	4306463717	26
3351	7	4306401280	24
3351	8	4306463716	23
3351	9	4210186643	20
3351	10	4306462964	19
3352	1	4210229968	58
3352	2	4210221057	56
3352	3	4306401280	51
3352	4	4210172589	38
3352	5	4306463855	36
3352	6	4306521176	32
3352	7	4306463937	30
3352	8	4306401271	29
3352	9	15127690	23
3352	10	1005771865	23
3353	1	4306463937	127
3353	2	4306463855	57
3353	3	9692511	43
3353	4	106296714	26
3353	5	202734349	24
3353	6	131954271	18
3353	7	4306463708	18
3353	8	4210172589	17
3353	9	151331055	15
3353	10	4306463997	14
3354	1	4306525036	116
3354	2	14544163	100
3354	3	140889577	53
3354	4	26699211	52
3354	5	194631498	45
3354	6	150708336	43
3354	7	57123121	42
3354	8	202381698	40
3354	9	48088588	35
3354	10	205145379	33
3355	1	4306463937	58
3355	2	4210172589	37
3355	3	158451771	35
3355	4	4306463855	27
3355	5	61992289	24
3355	6	4210215105	22
3355	7	4306401280	20
3355	8	89389284	19
3355	9	4306463230	18
3355	10	4306507857	18
3356	1	4306462995	84
3356	2	4306462964	68
3356	3	4306463855	61
3356	4	2764375719	49
3356	5	4306463708	43
3356	6	4306463937	42
3356	7	4210194858	39
3356	8	154977142	38
3356	9	4306401280	31
3356	10	4306463717	26
3357	1	4210172589	492
3357	2	4306401271	100
3357	3	4306463708	54
3357	4	4306462995	52
3357	5	4306463855	43
3357	6	2764375719	35
3357	7	151257747	24
3357	8	4306463937	23
3357	9	21059083	20
3357	10	4306463223	20
3358	1	2765017008	186
3358	2	70380255	116
3358	3	2764589735	74
3358	4	2764765451	59
3358	5	2764796954	46
3358	6	86329351	42
3358	7	4210172589	41
3358	8	13978405	38
3358	9	2764779879	36
3358	10	2764499365	32
3359	1	4306463937	648
3359	2	4210191539	389
3359	3	4210176779	43
3359	4	4306464262	36
3359	5	207549788	30
3359	6	4306463308	26
3359	7	4210209047	17
3359	8	4306464255	17
3359	9	4306463307	16
3359	10	117203113	13
3360	1	4306463937	548
3360	2	4210171846	120
3360	3	4306464022	56
3360	4	4306464262	51
3360	5	11350316	48
3360	6	4306463667	48
3360	7	4306463091	45
3360	8	4210193950	42
3360	9	4306401271	40
3360	10	4210172589	38
3361	1	4210195883	78
3361	2	4210184368	62
3361	3	4306463937	50
3361	4	2764377682	29
3361	5	2764696622	28
3361	6	4306401280	28
3361	7	4210174339	27
3361	8	4306525036	26
3361	9	4210220673	24
3361	10	4306463230	24
3362	1	4306400194	123
3362	2	188770946	104
3362	3	4210229802	58
3362	4	4306463937	46
3362	5	44318362	42
3362	6	106296714	42
3362	7	132244886	41
3362	8	2739093061	37
3362	9	4306463230	34
3362	10	4210225940	32
3363	1	4306525036	159
3363	2	153994436	32
3363	3	66559934	31
3363	4	141953298	30
3363	5	4306463230	28
3363	6	2738950867	24
3363	7	92442678	19
3363	8	4306463937	19
3363	9	2755888424	18
3363	10	2755060417	17
3364	1	4306463937	435
3364	2	4210172589	192
3364	3	95818940	120
3364	4	4306463667	109
3364	5	4210190048	102
3364	6	4306520736	81
3364	7	157638965	45
3364	8	4306463223	44
3364	9	4306463664	39
3364	10	4306463855	30
3365	1	4306525036	224
3365	2	136105467	58
3365	3	2739064124	37
3365	4	4210220760	35
3365	5	4306527312	34
3365	6	4210230167	28
3365	7	4306401280	24
3365	8	4306463937	24
3365	9	2764726520	23
3365	10	10623703	16
3366	1	2738140372	230
3366	2	4210167977	193
3366	3	4306535821	81
3366	4	4306531023	76
3366	5	4210172589	57
3366	6	4306535820	43
3366	7	4306401280	38
3366	8	4210168622	35
3366	9	4210170928	35
3366	10	4306522940	34
3367	1	4210186913	145
3367	2	1002628130	111
3367	3	4306401840	65
3367	4	4210194762	63
3367	5	4393918174	51
3367	6	2764902157	46
3367	7	4210231008	44
3367	8	4210221688	42
3367	9	4317411217	41
3367	10	2764365992	37
3368	1	4306463855	73
3368	2	2764375719	63
3368	3	4306463937	45
3368	4	4210172589	44
3368	5	4306401280	23
3368	6	4306463708	22
3368	7	139212996	17
3368	8	2764419107	16
3368	9	4306463716	16
3368	10	4306401271	15
3369	1	4306463937	85
3369	2	4306463855	84
3369	3	4210210712	69
3369	4	4210193792	55
3369	5	4210172589	54
3369	6	157188123	34
3369	7	4306463708	31
3369	8	4306463667	27
3369	9	27717133	22
3369	10	2764416561	22
3370	1	4210172589	803
3370	2	4306463937	103
3370	3	4306463091	63
3370	4	2764375719	41
3370	5	3880285	33
3370	6	4306462995	25
3370	7	4306401271	24
3370	8	4306463855	21
3370	9	4306463230	20
3370	10	4306463519	20
3371	1	2765048027	56
3371	2	2764688642	47
3371	3	183492911	43
3371	4	2764513735	41
3371	5	182666042	31
3371	6	2764479203	30
3371	7	4210179954	26
3371	8	4306400194	24
3371	9	4210221484	21
3371	10	169988927	20
3372	1	4306462964	146
3372	2	28277835	103
3372	3	131235000	73
3372	4	35124825	65
3372	5	4306463855	56
3372	6	163999426	52
3372	7	2764938596	47
3372	8	4306463091	45
3372	9	40982841	42
3372	10	175413699	39
3373	1	4210187594	123
3373	2	4210182618	81
3373	3	4210183368	49
3373	4	4210226296	44
3373	5	4306401280	39
3373	6	2764696622	37
3373	7	4210189194	34
3373	8	4210239397	34
3373	9	4210219095	33
3373	10	4210185855	32
3374	1	4306525036	165
3374	2	4306463230	55
3374	3	86692366	54
3374	4	4306463937	41
3374	5	14436165	39
3374	6	200071133	29
3374	7	4210170031	27
3374	8	4210187039	26
3374	9	37362813	24
3374	10	2738950867	22
3375	1	2737588985	128
3375	2	4210185215	97
3375	3	4210201658	88
3375	4	4306513325	87
3375	5	1028545993	75
3375	6	4210205856	47
3375	7	4306534869	44
3375	8	4210173592	43
3375	9	4306534756	34
3375	10	2764543046	32
3376	1	4306463937	256
3376	2	4210176779	204
3376	3	4306463091	140
3376	4	4306463667	131
3376	5	4210191334	127
3376	6	4210221124	112
3376	7	25774322	97
3376	8	4306511592	89
3376	9	950333007	73
3376	10	157638965	69
3377	1	4306400194	85
3377	2	4306402567	63
3377	3	4306463937	50
3377	4	202381698	43
3377	5	125754415	36
3377	6	187806540	35
3377	7	109682412	30
3377	8	199256515	30
3377	9	196734849	28
3377	10	4210235286	26
3378	1	4210195883	147
3378	2	4210185489	109
3378	3	4210186093	75
3378	4	4210185998	74
3378	5	111257208	62
3378	6	4210220080	54
3378	7	4210169156	53
3378	8	4210196273	47
3378	9	4210169402	46
3378	10	4210204186	44
3379	1	4210222419	56
3379	2	4210193289	44
3379	3	4210214987	42
3379	4	4306528249	35
3379	5	4210218440	32
3379	6	4306463937	26
3379	7	4306463855	25
3379	8	4210230486	23
3379	9	4210173577	22
3379	10	4387288395	22
3380	1	4306463855	79
3380	2	4306463937	68
3380	3	4306463708	48
3380	4	4306462995	42
3380	5	4306463122	41
3380	6	4210172589	39
3380	7	4306463716	34
3380	8	4210179225	33
3380	9	2764375719	29
3380	10	4210206967	25
3381	1	4306525036	143
3381	2	181568219	53
3381	3	81127	45
3381	4	60865174	36
3381	5	13342628	33
3381	6	115964404	28
3381	7	14436165	26
3381	8	81098524	26
3381	9	147719026	21
3381	10	185186944	21
3382	1	160800360	66
3382	2	106296714	44
3382	3	4306400194	43
3382	4	2913450704	38
3382	5	4306496619	38
3382	6	4306463937	32
3382	7	2764905038	26
3382	8	4210229544	24
3382	9	2764886168	22
3382	10	4306514607	21
3383	1	4306525036	158
3383	2	92442678	35
3383	3	4306463230	35
3383	4	86638576	28
3383	5	3992287	27
3383	6	139062638	24
3383	7	4306463937	21
3383	8	141953298	18
3383	9	4306401280	18
3383	10	23314063	17
3384	1	4210189718	76
3384	2	4210202305	76
3384	3	4210183428	58
3384	4	4210191291	48
3384	5	4210172519	31
3384	6	2898421519	26
3384	7	4210206038	26
3384	8	2737860738	25
3384	9	4210231019	25
3384	10	4210225429	22
3385	1	188770946	97
3385	2	4306525036	95
3385	3	93288122	43
3385	4	96615428	42
3385	5	4306463230	35
3385	6	27045403	33
3385	7	4306463937	32
3385	8	104442948	25
3385	9	14436165	23
3385	10	140190424	21
3386	1	2764725163	100
3386	2	2764499177	78
3386	3	2764699309	46
3386	4	104917558	41
3386	5	4210189415	40
3386	6	2764829743	36
3386	7	2764887140	36
3386	8	2765046590	32
3386	9	4210186293	32
3386	10	4306401280	31
3387	1	4210172589	978
3387	2	4306401271	265
3387	3	4306463937	20
3387	4	4306463997	20
3387	5	4306463855	16
3387	6	4306520297	13
3387	7	4306463339	11
3387	8	4306463781	10
3387	9	4306401280	9
3387	10	4306530977	9
3388	1	2797048	224
3388	2	4210171466	120
3388	3	72902805	91
3388	4	98723585	81
3388	5	13128014	59
3388	6	4210194219	54
3388	7	4210206611	51
3388	8	73937290	48
3388	9	4306464154	44
3388	10	193720536	40
3389	1	4306401271	422
3389	2	4306512882	315
3389	3	114571967	203
3389	4	11350316	119
3389	5	4306463937	88
3389	6	4210172589	64
3389	7	4306512880	55
3389	8	4306508189	50
3389	9	4306534831	49
3389	10	4306464262	36
3390	1	4306401280	43
3390	2	2737932174	40
3390	3	4306463855	23
3390	4	4306463937	20
3390	5	4210172589	19
3390	6	4210183005	19
3390	7	4210204332	18
3390	8	4306463122	18
3390	9	956840341	16
3390	10	4317411217	15
3391	1	4210196743	96
3391	2	4210195883	68
3391	3	2764696622	38
3391	4	195136871	37
3391	5	4306463937	37
3391	6	134216166	32
3391	7	104261359	27
3391	8	10134376	25
3391	9	42973710	25
3391	10	2737241975	21
3392	1	4306401280	173
3392	2	2739302436	75
3392	3	4210172136	35
3392	4	194633539	27
3392	5	4306512189	27
3392	6	186663664	25
3392	7	974534199	24
3392	8	2736586265	22
3392	9	2738786493	22
3392	10	4306522074	22
3393	1	4306463937	80
3393	2	125122479	69
3393	3	4306525036	61
3393	4	197964821	52
3393	5	4306463230	46
3393	6	203327754	42
3393	7	181451930	37
3393	8	205451775	30
3393	9	31968085	28
3393	10	111738958	25
3394	1	4306463937	399
3394	2	4210227099	291
3394	3	4306464022	81
3394	4	63591620	69
3394	5	4306464262	58
3394	6	4306463091	45
3394	7	4306463855	44
3394	8	4210200552	38
3394	9	4306520598	33
3394	10	2504590616	28
3395	1	4210237538	75
3395	2	4306463937	61
3395	3	4306500452	49
3395	4	4210236476	48
3395	5	4210239438	40
3395	6	2737593761	37
3395	7	51798122	35
3395	8	4306463855	34
3395	9	4210220372	33
3395	10	4210172589	28
3396	1	4306402512	249
3396	2	174382924	131
3396	3	2756326209	73
3396	4	2764438579	69
3396	5	4306463474	49
3396	6	4306401271	46
3396	7	4210172832	41
3396	8	4306463937	37
3396	9	4210213780	32
3396	10	4306401280	32
3397	1	4306463937	106
3397	2	2755649941	77
3397	3	14436165	72
3397	4	4306525036	72
3397	5	4306463230	34
3397	6	50352613	26
3397	7	4306462995	22
3397	8	4306401280	20
3397	9	4210230997	17
3397	10	4306463855	15
3398	1	4306400194	115
3398	2	4306463937	104
3398	3	167961193	57
3398	4	4210214273	56
3398	5	4210172589	54
3398	6	2489169438	37
3398	7	4306401280	27
3398	8	4306401271	26
3398	9	2739064124	23
3398	10	4306402567	23
3399	1	4306401271	180
3399	2	4210172589	140
3399	3	2764861952	40
3399	4	88344008	35
3399	5	4306463937	34
3399	6	4306401280	33
3399	7	4306509884	29
3399	8	4306463855	24
3399	9	4306520297	23
3399	10	4317411217	19
3400	1	4306400194	516
3400	2	4306463937	86
3400	3	151579836	48
3400	4	77852275	44
3400	5	2883122597	44
3400	6	25806919	41
3400	7	4306402512	32
3400	8	50372074	30
3400	9	2764696622	27
3400	10	180896277	26
3401	1	4306555860	198
3401	2	4306463855	55
3401	3	102499938	49
3401	4	4210172589	29
3401	5	50280174	28
3401	6	4306463937	21
3401	7	4306401280	19
3401	8	2764375719	16
3401	9	36068028	15
3401	10	2764698611	14
3402	1	4306401271	86
3402	2	31748134	70
3402	3	4210172589	32
3402	4	4306463223	32
3402	5	4306463855	30
3402	6	4210213280	29
3402	7	4306401280	27
3402	8	4306463937	27
3402	9	119587767	26
3402	10	4210225646	25
3403	1	4306401280	85
3403	2	2738670244	81
3403	3	4306527732	44
3403	4	2898244632	37
3403	5	2898452587	22
3403	6	4306401271	17
3403	7	2737092860	14
3403	8	4210203165	13
3403	9	4306463937	13
3403	10	4210180283	12
3404	1	4210191948	88
3404	2	27476350	72
3404	3	4306401280	50
3404	4	144020083	35
3404	5	4306462797	33
3404	6	195250905	27
3404	7	4210196176	26
3404	8	4306401271	26
3404	9	6410836	24
3404	10	29311329	23
3405	1	4306463937	81
3405	2	4306463855	78
3405	3	126127421	63
3405	4	74847328	49
3405	5	186751577	42
3405	6	4210228968	35
3405	7	94618750	32
3405	8	4306478302	32
3405	9	156752806	31
3405	10	4363608632	23
3406	1	2764636183	94
3406	2	4210172589	60
3406	3	4306401271	47
3406	4	4210169156	36
3406	5	4210225429	28
3406	6	4210225570	22
3406	7	4306463855	22
3406	8	4210220879	21
3406	9	4306401840	20
3406	10	4306463223	20
3407	1	4210185654	200
3407	2	2739425949	137
3407	3	4210231802	96
3407	4	4210193792	92
3407	5	2736834300	63
3407	6	2764944728	52
3407	7	4210176635	39
3407	8	4210205486	38
3407	9	2736756823	36
3407	10	4210172589	32
3408	1	4210172589	417
3408	2	4306462995	72
3408	3	4306463937	68
3408	4	4306463855	63
3408	5	4306463223	52
3408	6	4306463708	45
3408	7	4210199208	23
3408	8	4306462967	23
3408	9	4306463091	19
3408	10	4306463359	19
3409	1	4306463937	138
3409	2	4306525036	58
3409	3	31573680	57
3409	4	2764719519	49
3409	5	165991124	45
3409	6	190270160	45
3409	7	2764743818	39
3409	8	202381698	34
3409	9	94435289	32
3409	10	23626183	25
3410	1	2595292759	107
3410	2	27359860	95
3410	3	4306400573	75
3410	4	4306525036	42
3410	5	4306402567	36
3410	6	202381698	26
3410	7	2483136528	26
3410	8	4210172589	25
3410	9	4306402450	24
3410	10	93373720	23
3411	1	4210221659	149
3411	2	4210227089	115
3411	3	4210172087	94
3411	4	4210193425	68
3411	5	4210197170	63
3411	6	2764640640	48
3411	7	4210175534	44
3411	8	4210200959	43
3411	9	4210201480	40
3411	10	4210237324	35
3412	1	4306463855	61
3412	2	4306463409	38
3412	3	4306478302	36
3412	4	4306530332	34
3412	5	104917558	32
3412	6	4306463937	32
3412	7	4306401280	25
3412	8	166722454	22
3412	9	84989246	19
3412	10	126947272	18
3413	1	2764812034	345
3413	2	2764524308	132
3413	3	2764934155	129
3413	4	2912101915	105
3413	5	4210174948	74
3413	6	2765058360	54
3413	7	4306516282	53
3413	8	2914245880	46
3413	9	2946866068	46
3413	10	4210222961	41
3414	1	185347286	687
3414	2	7291761	235
3414	3	4306488284	193
3414	4	63023845	77
3414	5	145630073	73
3414	6	4306400194	63
3414	7	202958571	29
3414	8	4306525036	28
3414	9	4210187594	24
3414	10	142173848	18
3415	1	140251998	128
3415	2	80202938	79
3415	3	44425019	59
3415	4	4306525036	43
3415	5	151589183	39
3415	6	4210176609	39
3415	7	25293849	38
3415	8	4306463937	35
3415	9	4306402567	34
3415	10	196734849	29
3416	1	4306463855	129
3416	2	4306463937	78
3416	3	187274487	54
3416	4	41010807	44
3416	5	135873401	30
3416	6	198786835	30
3416	7	4306463716	29
3416	8	2764671384	28
3416	9	4306463708	22
3416	10	4306462964	20
3417	1	156036346	101
3417	2	4306525036	67
3417	3	137773608	61
3417	4	4306463937	55
3417	5	4306463230	50
3417	6	106963461	41
3417	7	104981805	33
3417	8	36838616	31
3417	9	128124174	31
3417	10	3880285	30
3418	1	183492911	345
3418	2	145630073	126
3418	3	950076683	81
3418	4	2764696622	64
3418	5	201441698	52
3418	6	31010182	50
3418	7	42323631	42
3418	8	187991544	42
3418	9	105243760	35
3418	10	4306463937	33
3419	1	4306463937	142
3419	2	2764373057	59
3419	3	4210172589	54
3419	4	4306463855	53
3419	5	4306401280	40
3419	6	4306462964	31
3419	7	45652593	17
3419	8	52609742	17
3419	9	181570331	15
3419	10	204131793	14
3420	1	71850621	100
3420	2	11296630	34
3420	3	2764949853	30
3420	4	4306463937	24
3420	5	4210213417	22
3420	6	2764696622	20
3420	7	128754310	18
3420	8	4210187594	17
3420	9	4306401280	15
3420	10	2764566388	13
3421	1	4306402512	36
3421	2	4306513395	32
3421	3	4306463125	31
3421	4	4306463937	31
3421	5	4306463855	25
3421	6	4843980	20
3421	7	26543813	17
3421	8	32024226	16
3421	9	4306463797	16
3421	10	4306463802	15
3422	1	4210196743	163
3422	2	41354064	85
3422	3	4306463937	57
3422	4	4306525036	47
3422	5	193620188	31
3422	6	205050996	24
3422	7	205999849	20
3422	8	4306462985	20
3422	9	4306401280	19
3422	10	39653451	18
3423	1	4306463937	347
3423	2	11350316	100
3423	3	4306401271	70
3423	4	4306464262	63
3423	5	4306463667	59
3423	6	4306464022	50
3423	7	4210239617	35
3423	8	4210201851	31
3423	9	4210212828	26
3423	10	4306463091	26
3424	1	4210225725	240
3424	2	4306463937	45
3424	3	4210172589	40
3424	4	4306463855	34
3424	5	4210204670	33
3424	6	4210179718	28
3424	7	2765016663	24
3424	8	4210213494	23
3424	9	4210204786	22
3424	10	4210226157	22
3425	1	2738740277	261
3425	2	4306526338	51
3425	3	2739064124	40
3425	4	4317411217	38
3425	5	4306401280	35
3425	6	4306463653	22
3425	7	4210224784	21
3425	8	152657728	17
3425	9	2736711335	16
3425	10	4210234566	16
3426	1	4306525036	118
3426	2	140251998	105
3426	3	128439998	50
3426	4	151589183	47
3426	5	168522863	44
3426	6	202381698	41
3426	7	124357017	31
3426	8	126644158	31
3426	9	4306463937	28
3426	10	81455967	25
3427	1	2739254416	78
3427	2	4306401280	77
3427	3	4210219312	39
3427	4	4210184102	28
3427	5	4210216841	27
3427	6	4306463402	26
3427	7	2764375719	25
3427	8	1035754523	18
3427	9	20292787	16
3427	10	4306463855	16
3428	1	4306463855	92
3428	2	4306463937	81
3428	3	2764375719	60
3428	4	4306463122	51
3428	5	188820462	41
3428	6	4306462995	40
3428	7	109658313	34
3428	8	4306463716	33
3428	9	4306463717	30
3428	10	4210172589	29
3429	1	2485537415	45
3429	2	4306400194	44
3429	3	198098182	41
3429	4	106296714	34
3429	5	4210189194	34
3429	6	4210187594	31
3429	7	4210172589	30
3429	8	168377509	27
3429	9	4210175069	25
3429	10	59604973	23
3430	1	4306525036	127
3430	2	205040759	73
3430	3	11400418	58
3430	4	4306402450	41
3430	5	140251998	39
3430	6	206830620	38
3430	7	202381698	37
3430	8	196734849	32
3430	9	125754415	29
3430	10	3485792	28
3431	1	4210172589	100
3431	2	4306401280	35
3431	3	4306463855	34
3431	4	4306463937	30
3431	5	4210188164	26
3431	6	4306463131	15
3431	7	4210167483	12
3431	8	1013860869	11
3431	9	4306503768	11
3431	10	4317411217	11
3432	1	4210182284	54
3432	2	4210204637	49
3432	3	4210195883	39
3432	4	4210186093	38
3432	5	4210223342	38
3432	6	2764370498	35
3432	7	4210172589	35
3432	8	4210231019	33
3432	9	4210219455	30
3432	10	4210220065	28
3433	1	4306462995	115
3433	2	4306463716	85
3433	3	2764375719	75
3433	4	4306463937	65
3433	5	180776745	54
3433	6	4306463855	54
3433	7	2764429015	44
3433	8	4306463717	39
3433	9	4306462964	34
3433	10	4306463151	32
3434	1	2764806580	82
3434	2	2764521035	57
3434	3	2764754086	44
3434	4	4210222059	35
3434	5	4210200398	34
3434	6	4306525036	32
3434	7	2764793635	31
3434	8	2765060068	29
3434	9	88812196	27
3434	10	102451085	26
3435	1	185954893	68
3435	2	2735752657	48
3435	3	191833357	41
3435	4	4210231449	34
3435	5	4306463937	33
3435	6	5043789	28
3435	7	179102905	28
3435	8	80660208	27
3435	9	2739064124	27
3435	10	2764704827	26
3436	1	4306400194	61
3436	2	4306463937	44
3436	3	117289385	39
3436	4	183492911	34
3436	5	4306525036	34
3436	6	4306463075	31
3436	7	114691300	26
3436	8	2764696622	26
3436	9	4306401280	20
3436	10	4306402512	19
3437	1	4306525036	203
3437	2	140251998	53
3437	3	168522863	44
3437	4	105581463	38
3437	5	151589183	38
3437	6	202381698	34
3437	7	124357017	29
3437	8	4306463937	29
3437	9	159534381	26
3437	10	5382288	24
3438	1	4306463937	84
3438	2	4210172589	65
3438	3	60284270	58
3438	4	80660208	45
3438	5	131852149	37
3438	6	98137347	33
3438	7	4306463855	24
3438	8	95923023	23
3438	9	4210200103	22
3438	10	4306401271	22
3439	1	4210172589	128
3439	2	4306401271	116
3439	3	39263009	68
3439	4	145575934	46
3439	5	4306463223	39
3439	6	2913935419	33
3439	7	2764396440	32
3439	8	186558940	31
3439	9	87681011	26
3439	10	90477801	26
3440	1	154732359	112
3440	2	1070115	84
3440	3	82336448	41
3440	4	67716761	40
3440	5	67425620	38
3440	6	206364941	38
3440	7	18714766	36
3440	8	19730638	36
3440	9	77056576	33
3440	10	4210189194	33
3441	1	4210186913	55
3441	2	4306401840	40
3441	3	4317411217	37
3441	4	4306462964	31
3441	5	4210225729	30
3441	6	4210188753	29
3441	7	4210226440	29
3441	8	4210171854	28
3441	9	2764902157	27
3441	10	2765032134	27
3442	1	158389693	61
3442	2	4306500347	52
3442	3	4210172589	37
3442	4	4306463937	34
3442	5	30657385	29
3442	6	2764570741	28
3442	7	4210224493	27
3442	8	67425620	26
3442	9	4306401271	26
3442	10	103198402	24
3443	1	56819634	199
3443	2	2764717295	156
3443	3	4210219475	134
3443	4	2737336974	79
3443	5	69855411	44
3443	6	4210196485	37
3443	7	80733542	36
3443	8	114012392	32
3443	9	2764447899	29
3443	10	4306463937	29
3444	1	2764915388	233
3444	2	2764671007	204
3444	3	4210215152	145
3444	4	4210180562	78
3444	5	2764477435	72
3444	6	4210211346	66
3444	7	4210203581	59
3444	8	4210218778	50
3444	9	2764428800	48
3444	10	4210170509	47
3445	1	4306462995	219
3445	2	4210172589	194
3445	3	2764375719	176
3445	4	4306463937	71
3445	5	95667342	70
3445	6	4306463708	68
3445	7	4306463855	47
3445	8	2735640579	45
3445	9	86102577	40
3445	10	7010830	34
3446	1	4306525036	125
3446	2	4210177493	64
3446	3	4210238523	57
3446	4	4210181995	51
3446	5	4210228986	37
3446	6	4306401280	29
3446	7	15444899	23
3446	8	205999849	22
3446	9	4317411217	21
3446	10	194017625	20
3447	1	119968383	143
3447	2	4306508833	110
3447	3	2764801409	99
3447	4	4306463855	87
3447	5	4306463937	64
3447	6	4387286380	60
3447	7	4306401280	36
3447	8	4210208505	30
3447	9	200748917	29
3447	10	142516339	22
3448	1	4306401280	70
3448	2	4306527732	42
3448	3	145148825	19
3448	4	4306526673	19
3448	5	4306401271	18
3448	6	4306463223	17
3448	7	2898244632	16
3448	8	4210187011	16
3448	9	4306463855	16
3448	10	2737862590	14
3449	1	4306463937	572
3449	2	4306464262	70
3449	3	4306463308	42
3449	4	4306463307	35
3449	5	4306464232	31
3449	6	25017790	26
3449	7	4210168388	25
3449	8	205266082	21
3449	9	4306401271	21
3449	10	4306463230	20
3450	1	4210186913	232
3450	2	4393918174	99
3450	3	4210221688	96
3450	4	2764974878	89
3450	5	4210193916	85
3450	6	2764902157	81
3450	7	2764722224	64
3450	8	4210231008	61
3450	9	4306529485	42
3450	10	4210239427	38
3451	1	4306511618	168
3451	2	4210189194	152
3451	3	2764995286	100
3451	4	67425620	78
3451	5	128754310	64
3451	6	187696258	47
3451	7	2764905038	44
3451	8	2764621402	40
3451	9	4210184193	38
3451	10	152303250	34
3452	1	4306525036	88
3452	2	202381698	46
3452	3	196734849	33
3452	4	4306402567	33
3452	5	4306402450	26
3452	6	10623703	20
3452	7	177533077	19
3452	8	151589183	18
3452	9	139212996	17
3452	10	140251998	17
3453	1	4306525036	90
3453	2	121725775	65
3453	3	128199769	44
3453	4	14436165	28
3453	5	170889201	27
3453	6	4306463230	23
3453	7	10623703	20
3453	8	197748570	19
3453	9	4306463937	19
3453	10	140251998	18
3454	1	41354064	448
3454	2	4210168331	94
3454	3	46134040	89
3454	4	4306525036	67
3454	5	133942674	55
3454	6	205754296	49
3454	7	68667125	41
3454	8	27298842	40
3454	9	197964166	35
3454	10	73388172	30
3455	1	4306463122	105
3455	2	4306462995	99
3455	3	4306463937	78
3455	4	4306463855	62
3455	5	4306463716	61
3455	6	2764375719	43
3455	7	4306463717	37
3455	8	4306463708	35
3455	9	193482937	33
3455	10	4306462964	24
3456	1	4306463855	102
3456	2	4306463937	83
3456	3	160173694	41
3456	4	27308184	38
3456	5	189728689	37
3456	6	4306463716	37
3456	7	2764990575	36
3456	8	2764375719	32
3456	9	52609742	31
3456	10	4210172589	31
3457	1	176204532	347
3457	2	128631314	139
3457	3	4306525036	101
3457	4	192814187	77
3457	5	158472458	67
3457	6	2672396	63
3457	7	121799786	60
3457	8	4210184545	34
3457	9	2756077210	28
3457	10	2764759437	27
3458	1	4210231191	2032
3458	2	2883122597	29
3458	3	62159105	7
3458	4	142173848	7
3458	5	4210173186	6
3458	6	193475107	3
3458	7	2764375719	3
3458	8	2764385719	3
3458	9	4210168441	3
3458	10	4306524755	3
3459	1	4306463937	480
3459	2	4306464262	294
3459	3	4306463667	174
3459	4	4306463664	74
3459	5	4306463091	54
3459	6	4210187516	50
3459	7	4210174736	46
3459	8	4306401271	34
3459	9	4210186704	32
3459	10	4210177012	23
3460	1	4306401280	109
3460	2	110762155	56
3460	3	2898357253	53
3460	4	17550400	49
3460	5	4210170630	39
3460	6	2737460711	32
3460	7	4306463765	30
3460	8	2736391354	26
3460	9	82884602	25
3460	10	4210223652	25
3461	1	100368719	89
3461	2	4210226134	64
3461	3	2764375719	58
3461	4	47189229	47
3461	5	4210199648	44
3461	6	4306539158	44
3461	7	4306463937	31
3461	8	4306462995	28
3461	9	15774498	24
3461	10	4306401280	22
3462	1	1014436910	165
3462	2	167810295	80
3462	3	4306401280	61
3462	4	4306526741	45
3462	5	4306463937	28
3462	6	2738967426	27
3462	7	152351146	25
3462	8	4210232342	25
3462	9	2736949387	23
3462	10	187169112	18
3463	1	105962883	94
3463	2	64016596	78
3463	3	55626769	52
3463	4	138759888	48
3463	5	67716761	46
3463	6	95739953	45
3463	7	105243760	42
3463	8	96167972	37
3463	9	19730638	29
3463	10	2481244646	29
3464	1	4306401280	79
3464	2	4210182600	20
3464	3	4210206809	19
3464	4	4210234276	19
3464	5	4210177918	18
3464	6	4306487592	18
3464	7	4210172589	17
3464	8	4317411217	16
3464	9	2898452587	13
3464	10	4306525769	13
3465	1	149516416	179
3465	2	135345724	119
3465	3	102681701	100
3465	4	188605413	93
3465	5	4306463230	70
3465	6	2764644093	54
3465	7	140210197	46
3465	8	197743716	36
3465	9	201829030	34
3465	10	4210187594	34
3466	1	4306401280	74
3466	2	1035754523	31
3466	3	4306509786	26
3466	4	802930	25
3466	5	2737496217	25
3466	6	20455465	22
3466	7	2737943926	19
3466	8	125610265	17
3466	9	187169112	15
3466	10	2764375719	15
3467	1	14436165	359
3467	2	4306525036	99
3467	3	4306463937	44
3467	4	207341048	29
3467	5	15540642	27
3467	6	50016660	27
3467	7	179325419	25
3467	8	6331754	24
3467	9	167047176	24
3467	10	19572933	22
3468	1	4306401280	51
3468	2	4306401271	29
3468	3	4210182600	25
3468	4	4210224593	23
3468	5	4210214779	22
3468	6	4306463855	20
3468	7	2737315313	17
3468	8	4210189217	15
3468	9	4306525036	15
3468	10	4306533746	15
3469	1	4306463937	74
3469	2	2764375719	61
3469	3	4306463855	48
3469	4	4210172589	37
3469	5	103229351	25
3469	6	4210187594	20
3469	7	4306463230	19
3469	8	4306401271	18
3469	9	4306464320	17
3469	10	4306401280	15
3470	1	164709426	59
3470	2	4210189194	54
3470	3	4210187594	47
3470	4	56172486	41
3470	5	4210222639	40
3470	6	4210223152	40
3470	7	67425620	38
3470	8	2764663395	37
3470	9	76260180	36
3470	10	76010543	33
3471	1	4306463937	55
3471	2	47258695	54
3471	3	114265899	50
3471	4	35508115	43
3471	5	91386000	41
3471	6	9803440	40
3471	7	80542075	40
3471	8	97426521	40
3471	9	165368631	39
3471	10	25741891	37
3472	1	4306401271	71
3472	2	4306401280	50
3472	3	4210172589	35
3472	4	4306463855	34
3472	5	47629616	15
3472	6	4210224784	15
3472	7	4317411217	14
3472	8	4832761	13
3472	9	4210232384	13
3472	10	4306463937	13
3473	1	4210172589	80
3473	2	4306401271	75
3473	3	4306463937	57
3473	4	4306463855	43
3473	5	4306463716	20
3473	6	4210197040	18
3473	7	4317411217	18
3473	8	4306401280	14
3473	9	4306463223	12
3473	10	4306463708	12
3474	1	4210179108	83
3474	2	4306463937	80
3474	3	190712015	68
3474	4	4306463855	66
3474	5	4306463091	48
3474	6	4306463716	41
3474	7	2764375719	33
3474	8	109077999	32
3474	9	4306463491	29
3474	10	4306464261	28
3475	1	4210169156	108
3475	2	4210172589	78
3475	3	4210172046	58
3475	4	4210173088	58
3475	5	4210202607	50
3475	6	4306463937	38
3475	7	4210240337	34
3475	8	4210173463	31
3475	9	4306528886	29
3475	10	2764964327	28
3476	1	4210192270	102
3476	2	4393919366	56
3476	3	4317411217	47
3476	4	4306401280	45
3476	5	4210176350	30
3476	6	4210179173	21
3476	7	4210180887	21
3476	8	4387291770	18
3476	9	4210167782	17
3476	10	4210172589	17
3477	1	4306463855	49
3477	2	4306504532	45
3477	3	4306463937	33
3477	4	4210172589	30
3477	5	4210190198	27
3477	6	4306401280	26
3477	7	4306463230	23
3477	8	2764375719	18
3477	9	4210238276	18
3477	10	4306463075	17
3478	1	4210195883	197
3478	2	4210185812	148
3478	3	4317411217	50
3478	4	4210186093	45
3478	5	4306401280	34
3478	6	4210212568	33
3478	7	4210173981	31
3478	8	4210186523	26
3478	9	4210181039	25
3478	10	4210194410	24
3479	1	2765017008	143
3479	2	2764724548	73
3479	3	128347262	56
3479	4	4306525036	42
3479	5	2764888162	38
3479	6	4306463708	36
3479	7	84861135	34
3479	8	4210180996	32
3479	9	2765068701	29
3479	10	2765019825	26
3480	1	4210172589	259
3480	2	4210203427	126
3480	3	4306400562	119
3480	4	4210225827	80
3480	5	4210169156	48
3480	6	4210181629	43
3480	7	4306463223	35
3480	8	4306463855	33
3480	9	2764461748	29
3480	10	4306401271	28
3481	1	4306525036	60
3481	2	4306463230	51
3481	3	163027424	39
3481	4	140251998	34
3481	5	79704628	31
3481	6	202381698	31
3481	7	2764712647	30
3481	8	4306463937	27
3481	9	147691530	26
3481	10	69093139	22
3482	1	4210172046	132
3482	2	2764696622	105
3482	3	4210169156	34
3482	4	4210189194	33
3482	5	2764905038	25
3482	6	4210171711	24
3482	7	2898405271	23
3482	8	4210187594	22
3482	9	43927114	21
3482	10	2898246533	19
3483	1	4306525036	108
3483	2	39653451	66
3483	3	4306463937	32
3483	4	134644764	28
3483	5	29564236	25
3483	6	4306463230	24
3483	7	4306401280	23
3483	8	108911230	21
3483	9	130009153	21
3483	10	206789554	20
3484	1	4306463491	83
3484	2	4306464262	83
3484	3	2764375719	77
3484	4	202482741	73
3484	5	4306463937	63
3484	6	4306464232	63
3484	7	4306463091	54
3484	8	4306462951	38
3484	9	4306463716	38
3484	10	88265832	37
3485	1	4210195883	155
3485	2	4210186507	40
3485	3	4210233790	37
3485	4	4317411217	37
3485	5	4306401280	36
3485	6	4210173135	33
3485	7	4210179071	29
3485	8	4210186093	27
3485	9	2764779562	25
3485	10	4210229178	24
3486	1	4306463122	74
3486	2	4306463937	53
3486	3	4306463855	44
3486	4	4306462995	43
3486	5	2764375719	41
3486	6	4306401280	41
3486	7	4306463708	35
3486	8	4306463717	28
3486	9	4210196465	24
3486	10	4306463491	24
3487	1	4306400194	87
3487	2	4306463937	63
3487	3	33500248	44
3487	4	61773069	42
3487	5	183861542	37
3487	6	4210204015	30
3487	7	2502110258	28
3487	8	4306401280	26
3487	9	2764696622	21
3487	10	4210181236	21
3488	1	2736312891	84
3488	2	4306401280	73
3488	3	2738013834	45
3488	4	2489756538	37
3488	5	4306518338	35
3488	6	2737738588	30
3488	7	2739233495	30
3488	8	2737908203	23
3488	9	4306525954	21
3488	10	4306531558	20
3489	1	41354064	550
3489	2	205754296	94
3489	3	133942674	82
3489	4	205050996	76
3489	5	80698544	70
3489	6	197964166	52
3489	7	21317199	50
3489	8	4210168331	42
3489	9	27298842	37
3489	10	46134040	34
3490	1	131171954	73
3490	2	4306463937	70
3490	3	105501033	62
3490	4	132336575	52
3490	5	169546945	47
3490	6	4210238371	44
3490	7	14053799	33
3490	8	2764391556	27
3490	9	4306463230	27
3490	10	189413238	23
3491	1	4210195756	121
3491	2	4210232418	94
3491	3	2737445744	60
3491	4	4210168383	45
3491	5	4210173108	44
3491	6	4306401280	43
3491	7	2739410839	32
3491	8	2737947834	28
3491	9	4210189199	27
3491	10	2739064124	24
3492	1	4306401280	75
3492	2	2736827263	38
3492	3	4306401271	20
3492	4	4210172589	19
3492	5	4306527476	19
3492	6	4210199964	18
3492	7	4306463937	17
3492	8	4210184732	16
3492	9	4306463855	15
3492	10	4306525769	13
3493	1	183492911	239
3493	2	205638068	60
3493	3	4210238599	55
3493	4	4306463937	52
3493	5	180314335	51
3493	6	84376829	47
3493	7	53187862	43
3493	8	179357936	35
3493	9	179713424	35
3493	10	4210187594	35
3494	1	4210184262	113
3494	2	4306463855	79
3494	3	4210173960	75
3494	4	4306463708	75
3494	5	4306463937	59
3494	6	199078552	56
3494	7	962698607	53
3494	8	4306462995	53
3494	9	2764375719	41
3494	10	4306463716	41
3495	1	4306463937	49
3495	2	2764375719	48
3495	3	4306463855	44
3495	4	4210178836	31
3495	5	4210201204	31
3495	6	4306463716	29
3495	7	4306463091	22
3495	8	4306463122	22
3495	9	126067636	19
3495	10	4306463491	18
3496	1	4306401280	60
3496	2	180455664	47
3496	3	1000944648	40
3496	4	989758024	39
3496	5	4210190514	38
3496	6	2737100467	37
3496	7	4210177648	36
3496	8	4210175117	29
3496	9	98708256	27
3496	10	4306531772	27
3497	1	4306463937	63
3497	2	4306463855	58
3497	3	2738239115	41
3497	4	4306462995	38
3497	5	4306462964	36
3497	6	2764375719	32
3497	7	4306463708	30
3497	8	202455293	21
3497	9	4306463289	20
3497	10	4306463716	19
3498	1	4306463937	90
3498	2	4210240617	81
3498	3	4306401271	81
3498	4	4210222351	60
3498	5	4210172589	48
3498	6	4306463223	42
3498	7	4210224075	39
3498	8	2764675414	38
3498	9	4306463855	34
3498	10	4210210291	23
3499	1	2764563877	236
3499	2	4306524072	86
3499	3	4210230980	50
3499	4	4210172589	44
3499	5	4210169156	35
3499	6	4306401280	35
3499	7	4210230230	23
3499	8	4306401271	20
3499	9	4210192087	19
3499	10	4210195883	19
3500	1	88220793	242
3500	2	4306463937	118
3500	3	54546190	82
3500	4	4306400194	71
3500	5	4210172589	43
3500	6	4306401271	37
3500	7	106296714	35
3500	8	49645005	21
3500	9	2739225322	18
3500	10	44278595	17
3501	1	4306502140	205
3501	2	4306502136	125
3501	3	4210182838	110
3501	4	4210185323	99
3501	5	4306463937	83
3501	6	4210211146	79
3501	7	4210219947	72
3501	8	4306401840	69
3501	9	4306502134	64
3501	10	4210195512	63
3502	1	207068962	105
3502	2	4306463855	103
3502	3	19534303	50
3502	4	4306463937	36
3502	5	4210172589	32
3502	6	4210212179	27
3502	7	2764375719	25
3502	8	21627236	19
3502	9	4306463708	19
3502	10	4306463717	14
3503	1	4220650786	59
3503	2	4306401280	47
3503	3	4210201237	23
3503	4	4317411217	19
3503	5	4306463402	15
3503	6	4306463855	14
3503	7	4306463937	12
3503	8	4306502891	12
3503	9	2737963936	10
3503	10	2738668253	9
3504	1	4210184233	81
3504	2	4306463855	79
3504	3	4306463716	74
3504	4	4210227906	71
3504	5	144522836	62
3504	6	4306462964	42
3504	7	105677331	37
3504	8	196489185	35
3504	9	4210180322	35
3504	10	4306463937	32
3505	1	4306525036	121
3505	2	120382301	57
3505	3	4306402450	33
3505	4	196734849	25
3505	5	202381698	25
3505	6	163817903	23
3505	7	25293849	19
3505	8	10623703	17
3505	9	4306401280	17
3505	10	132108250	16
3506	1	4210173499	69
3506	2	4306463937	62
3506	3	4306463230	37
3506	4	4306525036	32
3506	5	4306518953	27
3506	6	98026630	26
3506	7	134644764	25
3506	8	31493525	22
3506	9	4210234630	17
3506	10	4306401280	17
3507	1	4210172589	83
3507	2	4306463855	53
3507	3	2764375719	51
3507	4	4306463708	44
3507	5	4306463937	35
3507	6	4306463091	26
3507	7	4306462964	24
3507	8	4306463717	22
3507	9	4306462995	21
3507	10	4306463491	14
3508	1	2765017008	267
3508	2	4210172589	88
3508	3	2764677069	69
3508	4	4210226438	68
3508	5	4306401271	60
3508	6	2764626721	57
3508	7	2764796954	48
3508	8	182975812	46
3508	9	146146975	41
3508	10	2764724548	41
3509	1	4306506978	141
3509	2	4210233829	75
3509	3	4306401280	69
3509	4	4306500815	48
3509	5	4210201344	47
3509	6	4306522076	35
3509	7	4306500644	34
3509	8	4210207311	32
3509	9	4306533093	32
3509	10	4210192128	30
3510	1	4306463855	58
3510	2	4306463937	42
3510	3	2764375719	36
3510	4	2764746430	23
3510	5	4306463716	23
3510	6	9692511	19
3510	7	2764631557	17
3510	8	118198609	16
3510	9	4210172589	13
3510	10	10288104	11
3511	1	4210175834	108
3511	2	4210204637	64
3511	3	12104227	43
3511	4	128754310	40
3511	5	4210189194	37
3511	6	4306463937	34
3511	7	67425620	33
3511	8	183861542	33
3511	9	4210219455	33
3511	10	4210223342	26
3512	1	4306463855	110
3512	2	4306463937	84
3512	3	4306462995	42
3512	4	1022351662	37
3512	5	2764375719	35
3512	6	4306463716	30
3512	7	4306463717	24
3512	8	4306464022	23
3512	9	4306463491	17
3512	10	4306401280	16
3513	1	4210212092	102
3513	2	4210189336	82
3513	3	4306401280	53
3513	4	102196823	28
3513	5	4210194408	24
3513	6	4210173640	20
3513	7	4306463855	17
3513	8	201645574	16
3513	9	2738544529	14
3513	10	4210229457	14
3514	1	183492911	50
3514	2	117436046	46
3514	3	4306463937	42
3514	4	106296714	34
3514	5	2912101915	19
3514	6	14676311	18
3514	7	187696258	17
3514	8	4306401280	17
3514	9	4306463230	16
3514	10	2764905038	14
3515	1	106296714	85
3515	2	2739274081	53
3515	3	4306463855	41
3515	4	4306463937	33
3515	5	4306401280	24
3515	6	4306464262	23
3515	7	4210172589	22
3515	8	4210228164	20
3515	9	4306401840	16
3515	10	4306463091	15
3516	1	4210185612	221
3516	2	13921844	126
3516	3	16603589	37
3516	4	4210172589	30
3516	5	2764375719	29
3516	6	4306463855	27
3516	7	4306463230	23
3516	8	4306463937	21
3516	9	29676049	19
3516	10	2764981211	19
3517	1	4210220328	123
3517	2	4210187899	114
3517	3	2764476468	112
3517	4	87940674	60
3517	5	4210195883	40
3517	6	75411654	36
3517	7	4210171201	31
3517	8	4210189194	31
3517	9	4210212196	29
3517	10	4210186093	28
3518	1	4393919075	156
3518	2	14710261	105
3518	3	4393919173	80
3518	4	4306463937	76
3518	5	4393916958	76
3518	6	4306504532	49
3518	7	4306463855	33
3518	8	4306507485	31
3518	9	10544101	30
3518	10	71829577	30
3519	1	71107347	98
3519	2	4306462995	84
3519	3	4306463937	63
3519	4	160091105	60
3519	5	4306463855	49
3519	6	4306463491	47
3519	7	2764375719	44
3519	8	4306463708	42
3519	9	4306400194	28
3519	10	4306463716	28
3520	1	4210195883	80
3520	2	4306514265	72
3520	3	4210196937	71
3520	4	4210203911	41
3520	5	4306516893	32
3520	6	4210239639	31
3520	7	4393919366	31
3520	8	4210235652	30
3520	9	4306401280	29
3520	10	4210206054	25
3521	1	2764678622	126
3521	2	2764402380	76
3521	3	2946866068	47
3521	4	4210240260	42
3521	5	4210176376	40
3521	6	2913258372	36
3521	7	4210208839	36
3521	8	4210230085	28
3521	9	2764486499	24
3521	10	2765031898	23
3522	1	116251202	266
3522	2	4306525036	99
3522	3	191919004	80
3522	4	2489920150	65
3522	5	4306402450	29
3522	6	60865174	26
3522	7	106546978	26
3522	8	13342628	21
3522	9	201064403	20
3522	10	4306463937	20
3523	1	106296714	147
3523	2	4306400194	78
3523	3	4210181879	75
3523	4	4306402512	26
3523	5	5825123	24
3523	6	4306463937	24
3523	7	4306521121	21
3523	8	4210171442	17
3523	9	2764900261	16
3523	10	4220651050	16
3524	1	4306401280	57
3524	2	4306526338	14
3524	3	2738008052	13
3524	4	4306463855	12
3524	5	88977973	11
3524	6	4317411217	10
3524	7	4210175025	9
3524	8	4306401271	9
3524	9	49861241	8
3524	10	137773608	8
3525	1	4306463855	85
3525	2	4210172589	74
3525	3	4306463708	54
3525	4	4306463937	48
3525	5	4306401271	44
3525	6	2764375719	33
3525	7	4306463716	31
3525	8	4306462995	25
3525	9	194011547	24
3525	10	4306463717	22
3526	1	4306525036	68
3526	2	140251998	66
3526	3	202381698	46
3526	4	4306402567	42
3526	5	151589183	24
3526	6	44425019	23
3526	7	104830714	21
3526	8	2493613807	20
3526	9	4306402450	20
3526	10	188085164	19
3527	1	2764743394	308
3527	2	4210195883	142
3527	3	4210189194	100
3527	4	4210186093	80
3527	5	4210230473	52
3527	6	4210187594	40
3527	7	2764696622	36
3527	8	4210240772	36
3527	9	4210175061	35
3527	10	4210179615	28
3528	1	4210172589	108
3528	2	31525657	50
3528	3	4306463937	49
3528	4	4306463855	45
3528	5	2764375719	36
3528	6	4306401280	33
3528	7	132336575	28
3528	8	4306501503	24
3528	9	4306463708	22
3528	10	4306462995	19
3529	1	4210205400	60
3529	2	4210193170	59
3529	3	4306401280	56
3529	4	4317411217	50
3529	5	4210187594	42
3529	6	4210215066	31
3529	7	4210204665	23
3529	8	4393919366	23
3529	9	4210207975	20
3529	10	4210231265	20
3530	1	4306463937	43
3530	2	4306400194	38
3530	3	4306401271	29
3530	4	4210180240	27
3530	5	4210172589	18
3530	6	4306463855	17
3530	7	106561314	16
3530	8	2764696622	15
3530	9	4210195883	12
3530	10	4306463230	11
3531	1	6791298	247
3531	2	24807848	172
3531	3	137865625	122
3531	4	4210237713	98
3531	5	190924190	75
3531	6	31010182	50
3531	7	4210174675	49
3531	8	105243760	48
3531	9	143744711	43
3531	10	42323631	42
3532	1	2764521574	105
3532	2	4306503835	43
3532	3	4306401271	29
3532	4	2764579605	20
3532	5	4306463937	16
3532	6	129923748	15
3532	7	2765037064	15
3532	8	4306463855	15
3532	9	4210172589	10
3532	10	4306462964	10
3533	1	4306525036	154
3533	2	4306463230	85
3533	3	4306463937	71
3533	4	88041965	62
3533	5	4306462952	45
3533	6	4210200064	43
3533	7	4210188702	35
3533	8	160828166	27
3533	9	4210181827	25
3533	10	4306463075	25
3534	1	4306402512	61
3534	2	4210197873	50
3534	3	4210230486	47
3534	4	4210238526	35
3534	5	4210218440	32
3534	6	4306463474	21
3534	7	4306463855	21
3534	8	4210169981	20
3534	9	86692366	17
3534	10	92747870	15
3535	1	105431777	152
3535	2	4210238739	131
3535	3	112686501	128
3535	4	75032094	89
3535	5	67425620	51
3535	6	128754310	40
3535	7	2764905038	25
3535	8	4210179954	23
3535	9	2764896880	16
3535	10	2764664148	15
3536	1	151331055	71
3536	2	4306463937	46
3536	3	203585231	45
3536	4	16648056	28
3536	5	179289126	23
3536	6	4306401280	23
3536	7	9692511	21
3536	8	4306401271	20
3536	9	4306525036	16
3536	10	4306463855	15
3537	1	4306463937	263
3537	2	4306464262	249
3537	3	4306463091	108
3537	4	4306464022	91
3537	5	4306463667	87
3537	6	4306464232	49
3537	7	4306464240	46
3537	8	4306463491	38
3537	9	4306464261	37
3537	10	4210172459	32
3538	1	4210210111	94
3538	2	4393919366	93
3538	3	4387288904	72
3538	4	4306401280	42
3538	5	4210172589	33
3538	6	4317411217	27
3538	7	4210197959	19
3538	8	4210191986	18
3538	9	4210239594	18
3538	10	2737009775	17
3539	1	58867329	249
3539	2	160957154	159
3539	3	4306463937	99
3539	4	7858788	39
3539	5	4210172139	38
3539	6	4306525036	31
3539	7	112006741	30
3539	8	4306463075	29
3539	9	45954700	24
3539	10	73539393	17
3540	1	96925348	100
3540	2	2764415477	47
3540	3	153189382	35
3540	4	4306525036	34
3540	5	2756326209	32
3540	6	4306463937	30
3540	7	70380255	27
3540	8	4317411217	27
3540	9	4306401280	20
3540	10	4306402450	18
3541	1	4210187594	49
3541	2	4317411217	31
3541	3	4210227714	25
3541	4	4210207749	24
3541	5	4306401280	23
3541	6	2764696622	22
3541	7	4210189194	21
3541	8	4210172589	19
3541	9	4306463708	19
3541	10	4210204591	16
3542	1	9692511	59
3542	2	2764402380	45
3542	3	4306463937	31
3542	4	203585231	26
3542	5	4210172589	21
3542	6	4306463855	18
3542	7	4306478302	17
3542	8	151331055	15
3542	9	202381698	14
3542	10	15239247	13
3543	1	4306525036	137
3543	2	2672396	28
3543	3	36642063	27
3543	4	2738950867	26
3543	5	123991139	24
3543	6	4306463230	23
3543	7	141953298	20
3543	8	2755060417	20
3543	9	104442948	19
3543	10	4306463937	19
3544	1	2739064124	132
3544	2	4210233769	91
3544	3	4306526338	45
3544	4	4306401280	43
3544	5	2765060077	42
3544	6	2738381912	40
3544	7	4210177346	38
3544	8	4306526703	38
3544	9	156506154	35
3544	10	4210172327	29
3545	1	4306402512	43
3545	2	4306463937	42
3545	3	4306463122	32
3545	4	4210172589	26
3545	5	4306462995	23
3545	6	2764385719	21
3545	7	4306463855	21
3545	8	4306463708	20
3545	9	4210232267	19
3545	10	196369100	18
3546	1	2764680059	97
3546	2	8265502	55
3546	3	4306400194	45
3546	4	4306463937	43
3546	5	4306525036	39
3546	6	79505318	38
3546	7	126457381	29
3546	8	4306463230	27
3546	9	185328345	20
3546	10	185969502	20
3547	1	4210195883	146
3547	2	4210189194	142
3547	3	4306539137	85
3547	4	4210183830	84
3547	5	4210202483	59
3547	6	4306513850	57
3547	7	2764696622	52
3547	8	4210170946	51
3547	9	4210186093	43
3547	10	4210230890	32
3548	1	2739064124	145
3548	2	189852317	68
3548	3	4210230467	62
3548	4	4210181092	52
3548	5	4306401280	41
3548	6	60440357	31
3548	7	4306526221	30
3548	8	4210234566	29
3548	9	2736919976	26
3548	10	4210216705	25
3549	1	4210172589	111
3549	2	4306463937	45
3549	3	4306463855	43
3549	4	4306462967	42
3549	5	82651879	35
3549	6	4306401280	31
3549	7	4306463708	31
3549	8	4306463716	31
3549	9	979163472	25
3549	10	4210173008	25
3550	1	4306401280	41
3550	2	4210186024	19
3550	3	4210200437	19
3550	4	4306519755	17
3550	5	4210182600	16
3550	6	4210233987	15
3550	7	4210175100	14
3550	8	4210182148	14
3550	9	4210213702	12
3550	10	4306463855	12
3551	1	4306525036	89
3551	2	13895637	78
3551	3	14544163	40
3551	4	110785341	37
3551	5	4210168331	35
3551	6	150708336	24
3551	7	202381698	24
3551	8	141734485	23
3551	9	3207227496	21
3551	10	4306463230	18
3552	1	98208149	526
3552	2	27731274	225
3552	3	105243760	43
3552	4	4306463937	35
3552	5	114406758	33
3552	6	187991544	30
3552	7	4306400194	28
3552	8	53842986	21
3552	9	105962883	21
3552	10	123993026	19
3553	1	4306400194	509
3553	2	2480266640	77
3553	3	196647941	63
3553	4	63459445	46
3553	5	2500830676	38
3553	6	4502562	33
3553	7	10936095	32
3553	8	147316732	30
3553	9	62238642	27
3553	10	90422530	27
3554	1	4306401280	66
3554	2	2737597509	56
3554	3	4210235274	52
3554	4	160717418	29
3554	5	2736783777	23
3554	6	4210223457	21
3554	7	4210183744	20
3554	8	4210211677	19
3554	9	4210180702	18
3554	10	4210190060	18
3555	1	4306525036	96
3555	2	4393917726	65
3555	3	65364685	39
3555	4	172573765	34
3555	5	192814187	34
3555	6	79054089	27
3555	7	116608325	26
3555	8	12898181	23
3555	9	4210238219	23
3555	10	152101599	21
3556	1	4306462951	100
3556	2	4306462964	74
3556	3	4306463091	63
3556	4	181027741	53
3556	5	4306463855	47
3556	6	4306462995	40
3556	7	4210168033	38
3556	8	162713455	37
3556	9	4306463937	26
3556	10	2764375719	23
3557	1	4306401280	47
3557	2	2738491459	22
3557	3	4210214779	19
3557	4	4306522099	19
3557	5	4210180854	12
3557	6	4306463937	11
3557	7	4210173855	10
3557	8	2736337639	9
3557	9	4210174514	9
3557	10	2736475632	8
3558	1	4306463937	114
3558	2	4210216276	108
3558	3	4306462995	78
3558	4	4306463091	75
3558	5	4306463491	55
3558	6	4306463855	51
3558	7	4210233913	47
3558	8	2764493452	38
3558	9	176377974	29
3558	10	4306464261	24
3559	1	4210169989	194
3559	2	4210187594	90
3559	3	4210189194	78
3559	4	4210182618	30
3559	5	4210216628	27
3559	6	2764696622	22
3559	7	4306401280	21
3559	8	4210196574	19
3559	9	4210219095	16
3559	10	4210226296	15
3560	1	4306463937	99
3560	2	4306463855	66
3560	3	4210172589	46
3560	4	4306462995	29
3560	5	2764375719	25
3560	6	4317411217	19
3560	7	2764491083	18
3560	8	4306463708	18
3560	9	4306463223	17
3560	10	4306463716	17
3561	1	90602895	166
3561	2	2764891198	88
3561	3	41354064	71
3561	4	201989124	48
3561	5	27605946	42
3561	6	67393510	41
3561	7	4306525036	39
3561	8	205050996	37
3561	9	2764491820	36
3561	10	4210200754	36
3562	1	4306462985	74
3562	2	4306463937	59
3562	3	4210172589	41
3562	4	10134376	34
3562	5	155850388	28
3562	6	2764779785	24
3562	7	6814119	23
3562	8	192824152	23
3562	9	201197719	22
3562	10	2739034268	20
3563	1	13479253	101
3563	2	203465130	44
3563	3	52566953	40
3563	4	4306463937	38
3563	5	24940445	36
3563	6	145089992	34
3563	7	86852077	29
3563	8	10446503	27
3563	9	4306463230	25
3563	10	4306525036	24
3564	1	4210180283	113
3564	2	4306401280	44
3564	3	4210228912	37
3564	4	4210176890	35
3564	5	2739064124	28
3564	6	4210240407	28
3564	7	4210181490	24
3564	8	4210237110	22
3564	9	2739237874	21
3564	10	2737400731	20
3565	1	2764402380	85
3565	2	4210173162	57
3565	3	4210195240	56
3565	4	2915058201	53
3565	5	2913258372	36
3565	6	2946866068	33
3565	7	2764486499	28
3565	8	4210176783	28
3565	9	2764638547	27
3565	10	4210205064	27
3566	1	4306463937	80
3566	2	4306463855	52
3566	3	4210172589	47
3566	4	184932276	32
3566	5	20152851	30
3566	6	4210224864	28
3566	7	4306463895	28
3566	8	88066655	27
3566	9	157687834	24
3566	10	4210222983	23
3567	1	4306463937	382
3567	2	192894947	86
3567	3	4363605119	50
3567	4	4210187594	44
3567	5	4306498796	40
3567	6	106296714	31
3567	7	15272795	28
3567	8	128754310	19
3567	9	2485537415	19
3567	10	11296630	18
3568	1	2764462580	59
3568	2	40269562	57
3568	3	108911230	47
3568	4	4306525036	32
3568	5	4210195883	28
3568	6	44811770	26
3568	7	71324801	26
3568	8	55509983	23
3568	9	2764696622	22
3568	10	74630304	20
3569	1	4306525036	126
3569	2	143352558	123
3569	3	2051757	112
3569	4	66441642	96
3569	5	14436165	74
3569	6	2735960814	56
3569	7	55592950	42
3569	8	45123234	37
3569	9	3251770	36
3569	10	4306463937	33
3570	1	4306463937	71
3570	2	194633539	55
3570	3	4306463855	37
3570	4	81699576	34
3570	5	105170393	34
3570	6	2765042497	28
3570	7	4306401280	22
3570	8	4210172589	19
3570	9	2764375719	18
3570	10	4210225018	18
3571	1	4306401280	49
3571	2	4306485904	23
3571	3	4210191703	22
3571	4	4317411217	20
3571	5	4210172589	18
3571	6	4306463855	17
3571	7	147589591	15
3571	8	4210186100	11
3571	9	4210189767	11
3571	10	4210226967	11
3572	1	4306463937	346
3572	2	4306464262	175
3572	3	4210172589	107
3572	4	4306463667	76
3572	5	95818940	35
3572	6	4306463091	34
3572	7	157638965	29
3572	8	4306463855	29
3572	9	117224066	23
3572	10	4306463708	23
3573	1	2739231897	110
3573	2	4210172589	94
3573	3	4306463937	32
3573	4	4306463855	27
3573	5	4306401280	19
3573	6	4306463708	19
3573	7	2764915463	15
3573	8	4306462995	14
3573	9	4306401271	13
3573	10	4306525036	13
3574	1	13506822	65
3574	2	15239247	36
3574	3	4306463937	34
3574	4	4306525036	32
3574	5	50055314	31
3574	6	41599636	29
3574	7	4306463855	26
3574	8	204840698	19
3574	9	4306490836	19
3574	10	15137598	18
3575	1	4306462995	126
3575	2	2764794316	108
3575	3	4306463855	64
3575	4	4306463716	58
3575	5	4306463937	55
3575	6	4306463122	44
3575	7	2764375719	41
3575	8	4306462964	33
3575	9	4306463717	32
3575	10	4306463708	24
3576	1	4306463937	92
3576	2	4306463855	66
3576	3	4306462995	60
3576	4	4306463716	57
3576	5	4306507480	52
3576	6	191193149	28
3576	7	2764375719	23
3576	8	4306463717	20
3576	9	4306463404	19
3576	10	4210172589	18
3577	1	4210222398	102
3577	2	4306462964	69
3577	3	4306463937	61
3577	4	4505127	48
3577	5	4210208190	41
3577	6	4306462995	30
3577	7	4306463855	30
3577	8	2764375719	29
3577	9	4306401280	25
3577	10	4306463091	19
3578	1	171471881	72
3578	2	4210172589	57
3578	3	2764476468	55
3578	4	4210186093	50
3578	5	2764402084	40
3578	6	2739407749	35
3578	7	4210187594	30
3578	8	4210189194	24
3578	9	4306401280	24
3578	10	2737992381	22
3579	1	183492911	68
3579	2	106296714	47
3579	3	126824455	34
3579	4	128754310	27
3579	5	4306400194	25
3579	6	115173108	17
3579	7	2764943736	16
3579	8	4210187594	16
3579	9	4306500319	16
3579	10	101949793	14
3580	1	4210172589	51
3580	2	4306401280	20
3580	3	2764491434	18
3580	4	4210189194	18
3580	5	4306463855	18
3580	6	4317411217	18
3580	7	2764454127	17
3580	8	4306401271	16
3580	9	104917558	13
3580	10	4306463937	13
3581	1	4306515200	79
3581	2	4306463855	57
3581	3	4210172589	56
3581	4	4306463937	31
3581	5	4306463491	30
3581	6	4306402512	29
3581	7	176975696	22
3581	8	4306463708	22
3581	9	4306462995	19
3581	10	149151609	17
3582	1	4306463937	68
3582	2	45333638	61
3582	3	91771295	55
3582	4	4306463855	52
3582	5	4306525036	41
3582	6	62072220	34
3582	7	4306463708	34
3582	8	16292117	29
3582	9	4306463075	28
3582	10	4210172589	27
3583	1	4210172589	307
3583	2	4306462995	58
3583	3	112693977	56
3583	4	4306463855	45
3583	5	4306463937	45
3583	6	4306463708	40
3583	7	174752802	27
3583	8	117927158	25
3583	9	2764669884	23
3583	10	996012213	19
3584	1	164770093	88
3584	2	4210175061	83
3584	3	19068271	49
3584	4	112051168	44
3584	5	112851140	43
3584	6	4210189194	41
3584	7	186935893	38
3584	8	4210187594	37
3584	9	170030052	31
3584	10	4210195883	30
3585	1	4306463937	37
3585	2	2913258372	24
3585	3	4210180562	22
3585	4	9692511	21
3585	5	4210172589	20
3585	6	2764477435	17
3585	7	4306419566	17
3585	8	4306463855	17
3585	9	4210195248	16
3585	10	4306417665	16
3586	1	4210232617	72
3586	2	2764375719	42
3586	3	4306401280	38
3586	4	4306463855	27
3586	5	4210172589	24
3586	6	4306463937	22
3586	7	4210212927	21
3586	8	4210172662	19
3586	9	4306401271	19
3586	10	4210167718	12
3587	1	2764752617	119
3587	2	4306525036	51
3587	3	4210177555	38
3587	4	4306463855	28
3587	5	4210172589	24
3587	6	4210195883	24
3587	7	4306401280	24
3587	8	4306515636	22
3587	9	4306463937	21
3587	10	2756327665	16
3588	1	4306401271	83
3588	2	4306463223	76
3588	3	10134376	68
3588	4	175672440	46
3588	5	4306463937	43
3588	6	97316453	37
3588	7	4210172589	37
3588	8	4306463855	30
3588	9	96871935	24
3588	10	175414165	24
3589	1	4306401280	68
3589	2	4317411217	15
3589	3	4210223681	13
3589	4	2737100467	10
3589	5	2737963936	10
3589	6	4306463855	9
3589	7	4306463937	9
3589	8	4306521521	8
3589	9	4306533042	8
3589	10	989758024	7
3590	1	7005137	139
3590	2	4306463855	81
3590	3	2764375719	58
3590	4	4306463717	34
3590	5	4306463937	29
3590	6	4210172589	23
3590	7	4210179368	18
3590	8	2764782699	17
3590	9	51407351	16
3590	10	4306401280	15
3591	1	52276439	112
3591	2	94670742	73
3591	3	4210234630	65
3591	4	95174952	62
3591	5	75507510	61
3591	6	4306401271	32
3591	7	4210172589	22
3591	8	4306463937	19
3591	9	4306525036	16
3591	10	60589374	15
3592	1	4210187594	207
3592	2	4210195883	154
3592	3	127523745	75
3592	4	4210186093	70
3592	5	4210189194	66
3592	6	4306402641	52
3592	7	4210175061	40
3592	8	183492911	32
3592	9	4210168317	30
3592	10	4306540603	22
3593	1	205940958	55
3593	2	4210211629	46
3593	3	4306463855	46
3593	4	4306463091	43
3593	5	159152346	28
3593	6	4220651176	23
3593	7	4210203472	22
3593	8	4210210892	22
3593	9	4306462964	21
3593	10	4210205041	20
3594	1	181318168	59
3594	2	4306462973	57
3594	3	24435420	50
3594	4	176659572	48
3594	5	202740514	45
3594	6	4306463937	42
3594	7	2764637815	35
3594	8	4306463762	34
3594	9	4306463855	34
3594	10	31120751	26
3595	1	4306401280	59
3595	2	2737040730	43
3595	3	4210175318	38
3595	4	4210190226	20
3595	5	4306509942	15
3595	6	4306503076	12
3595	7	4210178033	11
3595	8	4210187652	11
3595	9	4210191348	11
3595	10	4306502750	11
3596	1	139192911	76
3596	2	4306463075	62
3596	3	29980478	53
3596	4	2764640149	36
3596	5	67425620	34
3596	6	128754310	33
3596	7	4210195883	29
3596	8	2764487033	26
3596	9	4306511716	26
3596	10	109054653	22
3597	1	4306525036	84
3597	2	2755888424	73
3597	3	146641495	65
3597	4	4306463937	61
3597	5	143352558	48
3597	6	2764402337	42
3597	7	195740279	40
3597	8	1043533966	37
3597	9	4306401280	36
3597	10	4306504684	33
3598	1	4210193286	86
3598	2	135158421	57
3598	3	4306463855	52
3598	4	4306463937	35
3598	5	181027741	30
3598	6	4210172589	29
3598	7	4210195302	26
3598	8	160173694	24
3598	9	4210237781	19
3598	10	81002524	18
3599	1	104917558	44
3599	2	4306463855	43
3599	3	4306463937	41
3599	4	2764375719	36
3599	5	4317411217	30
3599	6	2738669379	28
3599	7	4210195883	27
3599	8	2764548735	18
3599	9	4210189194	16
3599	10	4210209736	16
3600	1	4306463855	35
3600	2	4306463937	34
3600	3	2764638547	33
3600	4	103229351	27
3600	5	4306463708	26
3600	6	2764704827	24
3600	7	124907306	21
3600	8	137773608	21
3600	9	2764375719	18
3600	10	4306463716	17
3601	1	4210188619	104
3601	2	4210211796	28
3601	3	4210187594	22
3601	4	4306401280	22
3601	5	14913209	20
3601	6	2738286576	19
3601	7	4210216118	19
3601	8	4306519355	19
3601	9	4210172589	18
3601	10	4210195883	18
3602	1	4306401280	44
3602	2	4393919366	40
3602	3	4317411217	37
3602	4	4210236372	36
3602	5	4210198570	16
3602	6	4210192688	15
3602	7	4210208829	15
3602	8	4210230215	15
3602	9	4210205400	14
3602	10	4210209867	14
3603	1	4306463937	579
3603	2	4210177001	97
3603	3	4306464262	96
3603	4	177062229	49
3603	5	4306463307	33
3603	6	4306463667	30
3603	7	4306463308	24
3603	8	4306401271	19
3603	9	4210225946	17
3603	10	4306463091	17
3604	1	4210187769	211
3604	2	176136234	123
3604	3	4210196187	107
3604	4	56348882	77
3604	5	178325816	42
3604	6	200764475	32
3604	7	6712347	30
3604	8	94313546	27
3604	9	204609040	22
3604	10	4306463937	21
3605	1	4306463937	113
3605	2	4306525036	81
3605	3	125708707	33
3605	4	62072220	30
3605	5	53055215	27
3605	6	4210172589	27
3605	7	4306463855	24
3605	8	144311452	23
3605	9	15336283	18
3605	10	4306463230	18
3606	1	4306463937	45
3606	2	4306463855	30
3606	3	137773608	29
3606	4	4210203973	29
3606	5	4306462995	28
3606	6	4210197593	27
3606	7	4210172589	25
3606	8	4306463491	25
3606	9	171347946	14
3606	10	2764375719	14
3607	1	114875548	101
3607	2	2739153651	68
3607	3	137773608	35
3607	4	4306402567	23
3607	5	2754881088	22
3607	6	4306549083	22
3607	7	140251998	20
3607	8	3880285	19
3607	9	91067379	19
3607	10	100736837	17
3608	1	4363607884	73
3608	2	4210187594	57
3608	3	4306498717	44
3608	4	4210186093	39
3608	5	2764696622	38
3608	6	4210239804	37
3608	7	4306498538	31
3608	8	4210201204	29
3608	9	106296714	28
3608	10	4210195883	25
3609	1	4210172589	52
3609	2	1005771865	45
3609	3	4210240775	38
3609	4	4306463708	37
3609	5	4306463855	34
3609	6	2919925058	32
3609	7	4210172519	25
3609	8	4210182116	23
3609	9	4210214372	23
3609	10	4210169680	21
3610	1	4306463855	45
3610	2	4306402512	42
3610	3	4306462964	40
3610	4	4306463937	39
3610	5	4306401271	21
3610	6	2764375719	19
3610	7	4306463091	18
3610	8	4210184207	16
3610	9	4210172589	15
3610	10	2738605887	14
3611	1	4306401280	57
3611	2	4306527001	48
3611	3	4306463855	30
3611	4	4210172589	27
3611	5	4306524167	24
3611	6	104917558	22
3611	7	4306401271	19
3611	8	2764784629	17
3611	9	4210226418	16
3611	10	4306495802	15
3612	1	128754310	37
3612	2	67425620	29
3612	3	2764531433	27
3612	4	4210179954	16
3612	5	4210187594	14
3612	6	93626530	10
3612	7	4210189194	10
3612	8	4220651918	10
3612	9	4306400194	10
3612	10	2764566388	9
3613	1	678965	92
3613	2	4306401280	36
3613	3	4306526338	21
3613	4	2739064124	20
3613	5	4317411217	19
3613	6	4306463937	18
3613	7	89446832	16
3613	8	4210210997	16
3613	9	4210181714	14
3613	10	4210234566	14
3614	1	4306401280	62
3614	2	201645574	59
3614	3	4210177535	43
3614	4	4210201713	24
3614	5	4210186100	23
3614	6	4387279132	22
3614	7	152450506	20
3614	8	4210228912	18
3614	9	4306521833	18
3614	10	42888351	15
3615	1	4306518851	118
3615	2	197975706	78
3615	3	172448155	53
3615	4	120348307	47
3615	5	2764905038	45
3615	6	2764900261	42
3615	7	4306523008	39
3615	8	4306503848	37
3615	9	4210170910	35
3615	10	4210202294	32
3616	1	4387283902	119
3616	2	2764350296	45
3616	3	2736802132	40
3616	4	4210183830	36
3616	5	2738549720	35
3616	6	4210172589	35
3616	7	4210186093	32
3616	8	4210202483	26
3616	9	4317411217	19
3616	10	4387290965	17
3617	1	4306401280	44
3617	2	4210172589	29
3617	3	4306401271	27
3617	4	4306463855	19
3617	5	4306509071	11
3617	6	2764375719	8
3617	7	2898346768	8
3617	8	2898087311	7
3617	9	2898244632	7
3617	10	4306463937	7
3618	1	2764370498	92
3618	2	4210220065	43
3618	3	4210174999	38
3618	4	4210172589	32
3618	5	58059009	31
3618	6	4210178173	23
3618	7	4210185388	23
3618	8	4210231231	23
3618	9	4210206038	22
3618	10	4306487520	22
3619	1	206834481	589
3619	2	4210195883	134
3619	3	4210228333	52
3619	4	4210187594	45
3619	5	2764551302	41
3619	6	2764696622	37
3619	7	4210186093	30
3619	8	21299057	27
3619	9	4210219455	24
3619	10	28156819	22
3620	1	4306401280	71
3620	2	4210236211	35
3620	3	2737862590	28
3620	4	2737130639	18
3620	5	4306463855	18
3620	6	4210227986	16
3620	7	4306463131	11
3620	8	179380371	8
3620	9	2738462433	8
3620	10	2739115296	8
3621	1	4306534741	130
3621	2	4210199994	77
3621	3	1019538363	53
3621	4	4210188862	48
3621	5	4210231702	43
3621	6	4210222074	42
3621	7	4210170555	38
3621	8	4210214808	36
3621	9	4210199346	33
3621	10	4210240902	30
3622	1	4210178624	102
3622	2	4306401280	44
3622	3	4306463855	41
3622	4	4210191349	27
3622	5	4306463937	22
3622	6	2764438579	20
3622	7	4306401271	19
3622	8	4210186613	17
3622	9	4306402512	16
3622	10	4210172589	14
3623	1	4306401280	102
3623	2	2738441541	76
3623	3	4210219969	33
3623	4	4306463091	26
3623	5	4210195747	25
3623	6	4210220069	21
3623	7	4306462995	21
3623	8	4306531142	19
3623	9	4210201753	18
3623	10	4210225502	18
3624	1	4306401280	62
3624	2	4210172236	39
3624	3	4306508244	32
3624	4	4210174929	31
3624	5	2739115296	30
3624	6	4306529698	30
3624	7	179380371	22
3624	8	4306533096	22
3624	9	4306519211	18
3624	10	2736628935	15
3625	1	989758024	91
3625	2	4306401280	73
3625	3	4210188363	43
3625	4	2737963936	40
3625	5	4210190514	35
3625	6	2737473029	26
3625	7	4210174964	16
3625	8	4210191279	16
3625	9	180455664	15
3625	10	4210226826	14
3626	1	4210234276	79
3626	2	4306401280	46
3626	3	4210206809	42
3626	4	4210182600	26
3626	5	4210206399	23
3626	6	4210235853	18
3626	7	4210186024	16
3626	8	4210172589	14
3626	9	4210227640	14
3626	10	4317411217	13
3627	1	4306463855	57
3627	2	4306401280	43
3627	3	4393919366	22
3627	4	4317411217	18
3627	5	2736442721	16
3627	6	2915058201	16
3627	7	2737705476	14
3627	8	2739064124	14
3627	9	4210195883	14
3627	10	2913258372	13
3628	1	4210184549	279
3628	2	4210220761	91
3628	3	4210195883	84
3628	4	4210190924	83
3628	5	4210200008	70
3628	6	4306538198	63
3628	7	83879676	56
3628	8	4210208551	53
3628	9	2764979417	50
3628	10	4210220883	50
3629	1	4306400194	158
3629	2	106296714	97
3629	3	4306402512	55
3629	4	4306419219	40
3629	5	4306424877	37
3629	6	4306420633	19
3629	7	4306420508	18
3629	8	158189712	15
3629	9	2764900261	15
3629	10	4306463855	13
3630	1	4210197281	152
3630	2	4210182925	100
3630	3	4210227089	95
3630	4	4210219987	91
3630	5	4210193425	77
3630	6	4210221659	44
3630	7	4210178117	41
3630	8	4210223702	41
3630	9	4210186279	34
3630	10	4210201480	28
3631	1	4210172589	132
3631	2	4306524012	123
3631	3	4306463855	48
3631	4	2764375719	37
3631	5	4306463937	29
3631	6	4306463716	24
3631	7	4306401280	22
3631	8	4306463717	18
3631	9	4306401271	13
3631	10	104917558	10
3632	1	4306463937	65
3632	2	4306463855	61
3632	3	4210172589	48
3632	4	28964699	37
3632	5	46109600	35
3632	6	4306463708	35
3632	7	4210206833	28
3632	8	99033363	24
3632	9	105379996	22
3632	10	94020291	19
3633	1	4210172956	42
3633	2	4306401280	41
3633	3	182325219	39
3633	4	2755407099	33
3633	5	4306525036	32
3633	6	4306401271	28
3633	7	2738360615	20
3633	8	131584251	16
3633	9	2898316745	14
3633	10	4210218464	14
3634	1	4306463855	69
3634	2	4306463937	66
3634	3	102499938	52
3634	4	4306463708	40
3634	5	199718347	32
3634	6	4210172589	30
3634	7	184885884	25
3634	8	4306463716	25
3634	9	4306463717	25
3634	10	2764375719	24
3635	1	4306401280	64
3635	2	978176373	22
3635	3	4306463708	18
3635	4	4306525036	13
3635	5	4317411217	11
3635	6	989747634	9
3635	7	2739265787	8
3635	8	4210174514	8
3635	9	4210228523	8
3635	10	4210240315	8
3636	1	67810467	170
3636	2	35510167	123
3636	3	4210172651	93
3636	4	4306462964	71
3636	5	4306462995	70
3636	6	4306463855	67
3636	7	2764375719	61
3636	8	175567793	50
3636	9	4306463708	46
3636	10	4306463937	34
3637	1	4306525036	75
3637	2	140251998	73
3637	3	151589183	40
3637	4	4306463937	29
3637	5	202381698	27
3637	6	4306463399	27
3637	7	18118477	26
3637	8	41354064	22
3637	9	44425019	22
3637	10	153476765	22
3638	1	2912074200	79
3638	2	2764471703	42
3638	3	4306463104	40
3638	4	4306463937	39
3638	5	62507282	38
3638	6	4210187824	35
3638	7	4306463308	35
3638	8	4210235557	34
3638	9	4306463307	21
3638	10	143744711	17
3639	1	4306525036	190
3639	2	101107869	28
3639	3	202381698	27
3639	4	147701277	24
3639	5	28966261	19
3639	6	128555845	19
3639	7	196734849	18
3639	8	205878144	17
3639	9	4306401280	16
3639	10	4306402450	16
3640	1	4210187594	56
3640	2	186745480	55
3640	3	4210193849	44
3640	4	2764696622	43
3640	5	129676613	35
3640	6	4306463937	34
3640	7	4210178770	32
3640	8	90999920	30
3640	9	4210189194	26
3640	10	165361988	25
3641	1	197437610	255
3641	2	76796937	83
3641	3	27514580	72
3641	4	1010384503	64
3641	5	206024867	59
3641	6	3595435	46
3641	7	11977755	44
3641	8	4210229667	40
3641	9	4210177030	36
3641	10	96327655	32
3642	1	4210172589	43
3642	2	4306463937	42
3642	3	4306401271	37
3642	4	4306527944	30
3642	5	4306463855	24
3642	6	2737251451	23
3642	7	4210213280	17
3642	8	4306462995	17
3642	9	184846731	15
3642	10	4306401280	15
3643	1	4210172589	189
3643	2	4306400194	37
3643	3	4306463937	31
3643	4	4210169156	29
3643	5	4306463855	27
3643	6	106296714	26
3643	7	4306401271	20
3643	8	4306525036	18
3643	9	2764375719	14
3643	10	4306463223	13
3644	1	197975706	51
3644	2	58031724	47
3644	3	4306522990	44
3644	4	91284046	35
3644	5	198098182	24
3644	6	4306463937	18
3644	7	4306496610	18
3644	8	2898246533	17
3644	9	192268925	16
3644	10	2764940497	16
3645	1	2764696622	96
3645	2	162601632	82
3645	3	4210187594	76
3645	4	4306463937	74
3645	5	47516686	63
3645	6	59020844	51
3645	7	122474608	38
3645	8	34296711	33
3645	9	67716761	30
3645	10	102681701	29
3646	1	4317411217	61
3646	2	4306401280	37
3646	3	4393919366	32
3646	4	4210172589	28
3646	5	4210170607	20
3646	6	4210189120	20
3646	7	4306463855	17
3646	8	4210197050	16
3646	9	4210173360	15
3646	10	4210213279	15
3647	1	179157397	72
3647	2	4210187594	69
3647	3	2764905038	46
3647	4	235346	40
3647	5	178238111	40
3647	6	4210209777	36
3647	7	177423656	34
3647	8	204703277	34
3647	9	4306525036	33
3647	10	152111507	28
3648	1	4306525036	99
3648	2	62532593	98
3648	3	79704628	64
3648	4	4210174059	36
3648	5	169054600	34
3648	6	202381698	32
3648	7	4306463937	31
3648	8	134773490	26
3648	9	4306463230	23
3648	10	4306462995	21
3649	1	41354064	371
3649	2	201989124	132
3649	3	205050996	84
3649	4	133942674	83
3649	5	205754296	62
3649	6	67393510	61
3649	7	80698544	60
3649	8	4210200754	54
3649	9	111155417	52
3649	10	135102583	51
3650	1	4306400194	162
3650	2	4306463937	35
3650	3	2764498263	27
3650	4	2764649243	25
3650	5	4306524031	23
3650	6	4306402512	22
3650	7	128754310	17
3650	8	4210214273	17
3650	9	4306462844	16
3650	10	2764567417	15
3651	1	4306525036	140
3651	2	180051340	34
3651	3	39653451	31
3651	4	108911230	27
3651	5	2738144069	27
3651	6	29564236	22
3651	7	1004891435	21
3651	8	206789554	19
3651	9	141734485	16
3651	10	117289385	15
3652	1	4210234786	92
3652	2	4210219802	91
3652	3	4210172589	48
3652	4	4210230597	31
3652	5	4210239201	31
3652	6	4210222852	29
3652	7	4210167504	27
3652	8	4210216036	26
3652	9	4210227887	26
3652	10	4210227458	25
3653	1	4210172589	89
3653	2	4306462995	88
3653	3	1027468801	74
3653	4	4306463855	52
3653	5	68037046	48
3653	6	2764878180	44
3653	7	4306462841	43
3653	8	132538520	40
3653	9	4306463716	40
3653	10	4306463937	39
3654	1	4210223094	51
3654	2	4306401280	41
3654	3	4306463855	35
3654	4	4306463937	30
3654	5	2764375719	29
3654	6	4210199481	23
3654	7	104597489	22
3654	8	4210172589	21
3654	9	2764585188	15
3654	10	67338157	14
3655	1	4210172589	441
3655	2	4306401271	136
3655	3	2764456128	117
3655	4	86954274	69
3655	5	4306508548	59
3655	6	981835755	42
3655	7	4306464201	38
3655	8	4210209484	35
3655	9	4306463937	33
3655	10	29397052	29
3656	1	137773608	525
3656	2	106963461	86
3656	3	203256638	73
3656	4	4306525036	51
3656	5	3880285	43
3656	6	57252141	27
3656	7	192814187	25
3656	8	176326776	21
3656	9	4306463937	18
3656	10	4210172589	16
3657	1	4306525036	108
3657	2	141953298	32
3657	3	104135014	30
3657	4	14436165	29
3657	5	154471048	24
3657	6	62532593	22
3657	7	4306463230	22
3657	8	144860794	21
3657	9	43436036	19
3657	10	10542796	18
3658	1	4210169156	140
3658	2	4210234560	139
3658	3	4210202797	64
3658	4	4210220879	52
3658	5	4210214210	40
3658	6	4210189194	33
3658	7	2764905038	27
3658	8	4210220852	26
3658	9	4306501503	26
3658	10	4306463937	25
3659	1	4210172589	192
3659	2	4306463937	91
3659	3	4306463708	56
3659	4	4387280106	51
3659	5	4306462995	41
3659	6	4210200608	39
3659	7	4306463223	32
3659	8	4306462967	27
3659	9	4306463359	22
3659	10	4210222252	20
3660	1	4306463937	115
3660	2	4306464262	48
3660	3	4210229079	47
3660	4	4210172589	33
3660	5	4306463855	33
3660	6	4306463091	31
3660	7	4306463491	28
3660	8	4306401280	24
3660	9	4210171466	23
3660	10	4306463708	20
3661	1	4210172534	106
3661	2	4210169512	90
3661	3	4306463937	75
3661	4	4210203666	52
3661	5	2764900900	47
3661	6	4306462995	42
3661	7	4210172589	38
3661	8	4306463708	36
3661	9	52609742	32
3661	10	4306463667	29
3662	1	4306401280	47
3662	2	4210224399	33
3662	3	2739064124	27
3662	4	4210227523	26
3662	5	4306463855	23
3662	6	4306463247	14
3662	7	2736711335	11
3662	8	2736467988	10
3662	9	4210223457	10
3662	10	4306504532	9
3663	1	4306463937	138
3663	2	4306464262	39
3663	3	4306463855	37
3663	4	4210225517	33
3663	5	2764396693	21
3663	6	4306401271	19
3663	7	4306520039	18
3663	8	4210172589	17
3663	9	4210196937	17
3663	10	4306463491	15
3664	1	106296714	361
3664	2	4306400194	130
3664	3	78571599	102
3664	4	19032547	61
3664	5	90727058	58
3664	6	36029991	55
3664	7	52395412	46
3664	8	4210239436	32
3664	9	4306463937	29
3664	10	205663195	27
3665	1	181027741	60
3665	2	4306463937	55
3665	3	4210172589	42
3665	4	4393917726	40
3665	5	4306463855	38
3665	6	4210228809	29
3665	7	70185877	28
3665	8	4306463091	28
3665	9	4306462995	27
3665	10	4306463716	26
3666	1	4306463937	90
3666	2	4306463855	67
3666	3	4210172589	35
3666	4	117564099	33
3666	5	4306462995	23
3666	6	4306463716	23
3666	7	37853641	20
3666	8	4306401280	19
3666	9	4306462964	19
3666	10	4306463091	17
3667	1	4306462995	174
3667	2	115629255	62
3667	3	4306463937	60
3667	4	4306463708	44
3667	5	4306462964	38
3667	6	2764375719	33
3667	7	4306463091	33
3667	8	4306463855	30
3667	9	93676754	27
3667	10	4306464022	26
3668	1	4306401840	84
3668	2	2739411730	69
3668	3	4210204552	40
3668	4	2764614631	39
3668	5	4306508930	39
3668	6	2764896560	38
3668	7	4210200027	36
3668	8	4306531588	32
3668	9	969997697	27
3668	10	4210187465	23
3669	1	4306463855	56
3669	2	4210172589	21
3669	3	4306463937	21
3669	4	4306463122	19
3669	5	4317411217	18
3669	6	134696504	17
3669	7	151470275	13
3669	8	4210230486	12
3669	9	4306462833	12
3669	10	4306464262	12
3670	1	4210196743	104
3670	2	4306525036	57
3670	3	41354064	31
3670	4	29564236	27
3670	5	134644764	19
3670	6	4306401280	19
3670	7	4306463937	19
3670	8	88226677	18
3670	9	166799026	17
3670	10	205999849	17
3671	1	4306401280	55
3671	2	2739265787	22
3671	3	2737109016	21
3671	4	4317411217	21
3671	5	4210186470	17
3671	6	93107635	14
3671	7	4210229312	13
3671	8	186663664	12
3671	9	4210172589	12
3671	10	4210220945	12
3672	1	4306463716	95
3672	2	981960780	74
3672	3	4210190078	65
3672	4	4306462995	64
3672	5	4306463937	57
3672	6	4306463855	36
3672	7	4210209344	35
3672	8	2738325283	34
3672	9	2738804929	30
3672	10	2764375719	25
3673	1	4210174423	357
3673	2	4210191932	282
3673	3	4210185581	110
3673	4	4210168795	90
3673	5	4210173297	60
3673	6	4210211968	38
3673	7	4210231389	35
3673	8	189109583	31
3673	9	4210230123	26
3673	10	4210227892	22
3674	1	4210174575	40
3674	2	4210187594	39
3674	3	4306401280	39
3674	4	4306522212	31
3674	5	4210198570	29
3674	6	4306529579	28
3674	7	4306513244	22
3674	8	4210167623	21
3674	9	4210185855	20
3674	10	4210181934	19
3675	1	4306463937	1607
3675	2	4210187769	139
3675	3	204459408	15
3675	4	34870678	13
3675	5	185621672	10
3675	6	146709414	6
3675	7	15526297	3
3675	8	202680183	3
3675	9	77047749	2
3675	10	101466443	2
3676	1	4210191605	81
3676	2	4210187594	45
3676	3	4210200385	34
3676	4	4210191239	33
3676	5	106296714	29
3676	6	2764900261	28
3676	7	40639465	26
3676	8	4210172589	25
3676	9	4210169156	24
3676	10	4306463937	22
3677	1	4306525036	104
3677	2	41354064	64
3677	3	4306463937	45
3677	4	39653451	31
3677	5	133942674	28
3677	6	108911230	27
3677	7	205999849	24
3677	8	166799026	20
3677	9	119001223	19
3677	10	201989124	19
3678	1	4210195883	82
3678	2	4306401280	40
3678	3	4317411217	34
3678	4	4210194690	27
3678	5	2764696622	24
3678	6	4210186093	24
3678	7	2736655678	17
3678	8	2764557943	17
3678	9	4210219547	17
3678	10	2764715206	16
3679	1	171471881	191
3679	2	126748203	68
3679	3	160317517	54
3679	4	128544920	52
3679	5	4306402567	43
3679	6	196734849	32
3679	7	36756304	30
3679	8	202381698	28
3679	9	4210238371	28
3679	10	4306463937	28
3680	1	4210172589	71
3680	2	4306463937	61
3680	3	4210206010	30
3680	4	4306463855	30
3680	5	4306463708	24
3680	6	11296630	19
3680	7	4306462995	19
3680	8	4306463716	19
3680	9	4306463717	18
3680	10	4306525119	13
3681	1	4306401280	38
3681	2	2765024433	37
3681	3	4210215220	28
3681	4	2764696622	21
3681	5	128754310	19
3681	6	67425620	15
3681	7	4306463937	11
3681	8	4306529292	10
3681	9	180455664	9
3681	10	2764896880	9
3682	1	4306463937	32
3682	2	2764666458	22
3682	3	4363608752	15
3682	4	73400788	13
3682	5	140374062	12
3682	6	4306525681	12
3682	7	4210194487	10
3682	8	4306494776	10
3682	9	4306525036	9
3682	10	4210237978	7
3683	1	4306463855	32
3683	2	4306401280	30
3683	3	11201563	24
3683	4	4306463937	20
3683	5	105677331	18
3683	6	2764375719	13
3683	7	4210219300	11
3683	8	4306462964	11
3683	9	2764905038	10
3683	10	2764385719	9
3684	1	4387997788	60
3684	2	4210172589	45
3684	3	4306401280	32
3684	4	4210193461	30
3684	5	4210220068	28
3684	6	2898087311	21
3684	7	4306463131	17
3684	8	4306463226	17
3684	9	4306490186	17
3684	10	2737940676	16
3685	1	95823260	139
3685	2	44010765	67
3685	3	4210189194	48
3685	4	4210216062	41
3685	5	81006798	39
3685	6	28156819	37
3685	7	4210187594	37
3685	8	4306400194	37
3685	9	2764696622	35
3685	10	4306463937	35
3686	1	107669889	41
3686	2	84368417	38
3686	3	4306463937	35
3686	4	4210176560	33
3686	5	4306400194	27
3686	6	70837955	24
3686	7	4210189194	24
3686	8	4210187594	19
3686	9	181965166	17
3686	10	67425620	16
3687	1	4210180319	54
3687	2	4306401280	37
3687	3	4306401271	25
3687	4	4306532613	16
3687	5	4317411217	14
3687	6	2898153572	11
3687	7	4210172589	11
3687	8	4210214779	11
3687	9	4306463855	8
3687	10	4306463937	8
3688	1	4210195883	152
3688	2	4210191422	49
3688	3	4317411217	45
3688	4	4210186093	43
3688	5	4306401280	33
3688	6	4306517076	27
3688	7	4210176642	22
3688	8	2764696622	18
3688	9	4210184002	17
3688	10	4210219547	14
3689	1	139192911	158
3689	2	45645249	43
3689	3	4210195883	43
3689	4	4210228333	42
3689	5	4306463075	31
3689	6	128754310	26
3689	7	4306463937	26
3689	8	10134376	23
3689	9	67425620	23
3689	10	2764981141	22
3690	1	4210169992	151
3690	2	4306463230	144
3690	3	2764893975	95
3690	4	148722202	72
3690	5	195109850	63
3690	6	4306525036	61
3690	7	4306463937	39
3690	8	2764588497	29
3690	9	4210171229	27
3690	10	2501230301	21
3691	1	4210216402	289
3691	2	2764385719	135
3691	3	88836445	127
3691	4	4210169079	74
3691	5	4210196937	44
3691	6	53799065	43
3691	7	4210171706	31
3691	8	4210189346	28
3691	9	4210213007	20
3691	10	4306547309	16
3692	1	4306401271	71
3692	2	4306401280	34
3692	3	4210228947	30
3692	4	4210191349	23
3692	5	2737214194	20
3692	6	4306525367	18
3692	7	4306530865	17
3692	8	2737517006	16
3692	9	4306463855	16
3692	10	4306463937	15
3693	1	4210187594	130
3693	2	4210189194	57
3693	3	4210200385	57
3693	4	4210223252	48
3693	5	2764696622	41
3693	6	4210237821	27
3693	7	4210172589	25
3693	8	2764788217	24
3693	9	4210203040	20
3693	10	4210202658	18
3694	1	4210172589	118
3694	2	4306463855	44
3694	3	4306463708	41
3694	4	4306462995	37
3694	5	4306463937	27
3694	6	4306401271	25
3694	7	2764375719	20
3694	8	4306463223	17
3694	9	4306401280	16
3694	10	4306463716	13
3695	1	4210174101	227
3695	2	4210179783	75
3695	3	2898186560	43
3695	4	4306463247	35
3695	5	4306402512	32
3695	6	4210206849	28
3695	7	4306463797	28
3695	8	4210195010	24
3695	9	4306463779	22
3695	10	4210169981	21
3696	1	4306463937	83
3696	2	4210172589	59
3696	3	4306463855	47
3696	4	4306463708	27
3696	5	4306463409	22
3696	6	4306400194	17
3696	7	4306401271	17
3696	8	4306463359	16
3696	9	4306463230	11
3696	10	14913209	10
3697	1	4306525036	141
3697	2	141953298	59
3697	3	2738950867	58
3697	4	5398819	47
3697	5	4210198593	37
3697	6	43051214	35
3697	7	28527816	34
3697	8	66441642	32
3697	9	195182175	30
3697	10	113474406	26
3698	1	4306463937	45
3698	2	4306464262	40
3698	3	4306401280	36
3698	4	4306464232	22
3698	5	4306463855	18
3698	6	4210197228	14
3698	7	2737687728	13
3698	8	4306401271	12
3698	9	4306463091	12
3698	10	157703734	10
3699	1	4306463855	81
3699	2	4306463937	64
3699	3	33838238	32
3699	4	4306462995	25
3699	5	4210172589	23
3699	6	4306401280	22
3699	7	4306463871	18
3699	8	4306463091	15
3699	9	87435064	11
3699	10	4306463708	11
3700	1	4306401840	55
3700	2	4210186913	45
3700	3	2764722224	30
3700	4	4317411217	25
3700	5	4306463855	24
3700	6	4210199767	19
3700	7	4210168946	16
3700	8	2764570892	12
3700	9	4210172589	12
3700	10	4210185323	12
3701	1	4210217414	79
3701	2	4210172589	60
3701	3	4210187115	51
3701	4	4210169493	38
3701	5	2739373047	36
3701	6	4210176119	36
3701	7	4210229140	34
3701	8	4210215009	26
3701	9	2764710965	22
3701	10	4210227492	22
3702	1	4306400194	295
3702	2	106296714	89
3702	3	4306525036	68
3702	4	11622463	48
3702	5	4210191458	31
3702	6	4306400573	28
3702	7	107516304	24
3702	8	2495854775	24
3702	9	4306463937	22
3702	10	2485537415	16
3703	1	4306463937	60
3703	2	4306463855	34
3703	3	4210172589	26
3703	4	4306462995	25
3703	5	2764375719	23
3703	6	4306401280	20
3703	7	4306525036	20
3703	8	3880285	18
3703	9	104921184	18
3703	10	183492911	14
3704	1	96917445	66
3704	2	2764375719	46
3704	3	4306463855	35
3704	4	4306402512	34
3704	5	115629255	32
3704	6	102986953	31
3704	7	26445087	26
3704	8	4210168005	26
3704	9	93676754	25
3704	10	4306462964	24
3705	1	192525298	139
3705	2	4306463708	94
3705	3	4210202444	61
3705	4	4306462841	58
3705	5	4306463091	42
3705	6	29894199	35
3705	7	107525555	35
3705	8	197577296	33
3705	9	4306400194	30
3705	10	4306463855	30
3706	1	4210189194	44
3706	2	4306401280	40
3706	3	4210195883	25
3706	4	4317411217	23
3706	5	2764696622	22
3706	6	4210177617	20
3706	7	4210180798	16
3706	8	4210189115	16
3706	9	4210187594	15
3706	10	4306525662	15
3707	1	2764976962	94
3707	2	4210230754	61
3707	3	2738809339	18
3707	4	4306462964	18
3707	5	4306463855	17
3707	6	171347946	15
3707	7	4210172589	15
3707	8	4306463937	15
3707	9	4306401280	14
3707	10	4306463708	14
3708	1	4306463937	73
3708	2	4306463855	54
3708	3	4306462964	44
3708	4	4306463091	43
3708	5	4306463716	41
3708	6	4306463708	37
3708	7	2764375719	27
3708	8	4306462995	23
3708	9	4306464022	23
3708	10	4306401280	20
3709	1	4306401271	44
3709	2	4210172589	22
3709	3	4210230374	22
3709	4	4306401280	22
3709	5	4306463855	20
3709	6	4306507326	20
3709	7	4306463937	17
3709	8	2764668679	16
3709	9	4306518593	14
3709	10	4306503768	13
3710	1	4210191830	112
3710	2	4306463937	98
3710	3	4210172589	88
3710	4	4306463667	68
3710	5	102120254	54
3710	6	4210179700	44
3710	7	4210239295	37
3710	8	4210177680	36
3710	9	4210191332	35
3710	10	4306463664	35
3711	1	4306463937	468
3711	2	4306464262	87
3711	3	4306464022	34
3711	4	4306463491	31
3711	5	191417626	21
3711	6	4306463091	19
3711	7	4306463667	19
3711	8	4306463075	17
3711	9	4306463308	17
3711	10	4306463855	16
3712	1	4306463937	155
3712	2	4306463491	87
3712	3	4306463091	77
3712	4	4306464262	62
3712	5	4306464232	26
3712	6	4306464261	19
3712	7	154278704	18
3712	8	4306462951	16
3712	9	4306463855	16
3712	10	4306401280	15
3713	1	4210172589	619
3713	2	4306463937	44
3713	3	4306463855	34
3713	4	4306462995	17
3713	5	4306463230	17
3713	6	4306463708	16
3713	7	4210239201	15
3713	8	4306463223	15
3713	9	4306463715	14
3713	10	4210191750	13
3714	1	4210170251	112
3714	2	4210234338	49
3714	3	4306401280	46
3714	4	1998841	25
3714	5	4210209627	20
3714	6	4306463801	20
3714	7	4306463075	17
3714	8	4306462964	16
3714	9	4306463937	16
3714	10	4306503046	16
3715	1	4210187594	45
3715	2	128754310	37
3715	3	166948985	24
3715	4	4306509411	19
3715	5	4210179954	18
3715	6	4210240396	18
3715	7	106296714	17
3715	8	4210189194	16
3715	9	4210195883	16
3715	10	67425620	15
3716	1	4306401280	36
3716	2	2764375719	25
3716	3	4393919366	24
3716	4	4317411217	21
3716	5	4306463855	18
3716	6	4306463937	18
3716	7	4210172589	13
3716	8	91328126	10
3716	9	2738168494	9
3716	10	4210173848	8
3717	1	128754310	47
3717	2	2764513735	43
3717	3	67425620	42
3717	4	183492911	16
3717	5	2764896880	15
3717	6	2764825856	13
3717	7	2765052372	13
3717	8	4306524031	13
3717	9	2765025077	12
3717	10	4210203317	12
3718	1	4210172589	417
3718	2	4306401271	184
3718	3	4306463855	30
3718	4	199447588	28
3718	5	4386872603	24
3718	6	4306463937	19
3718	7	23254222	17
3718	8	77954144	17
3718	9	76295336	16
3718	10	4306400194	16
3719	1	4306525036	77
3719	2	41354064	57
3719	3	29564236	38
3719	4	39653451	26
3719	5	205999849	22
3719	6	206789554	18
3719	7	35861910	17
3719	8	201989124	16
3719	9	15444899	14
3719	10	44811770	14
3720	1	4306400194	273
3720	2	4210172589	77
3720	3	4306463708	49
3720	4	24688465	31
3720	5	4306463937	23
3720	6	4306401271	21
3720	7	4306402450	17
3720	8	202381698	16
3720	9	156280010	14
3720	10	141074886	12
3721	1	47496282	171
3721	2	975761300	82
3721	3	4306463937	42
3721	4	4306464240	42
3721	5	4306463855	31
3721	6	4306401280	25
3721	7	4306464262	24
3721	8	4306463708	23
3721	9	4306522759	23
3721	10	4210231868	22
3722	1	2764696622	61
3722	2	4210195883	51
3722	3	2764905038	44
3722	4	4210169156	44
3722	5	4210187594	39
3722	6	4210175799	38
3722	7	4210186093	30
3722	8	4210189194	30
3722	9	4306463937	28
3722	10	130455057	25
3723	1	128754310	35
3723	2	4306401280	32
3723	3	4210195883	31
3723	4	67425620	26
3723	5	4210185921	17
3723	6	4210185424	16
3723	7	4210187594	16
3723	8	4210169854	13
3723	9	4210179954	12
3723	10	4306514452	12
3724	1	4306463937	137
3724	2	4210234774	32
3724	3	4306463491	32
3724	4	4306463091	25
3724	5	4306463855	24
3724	6	4210172589	22
3724	7	4306464022	22
3724	8	4306462995	18
3724	9	2764375719	16
3724	10	4306464262	16
3725	1	4210196743	145
3725	2	174013774	68
3725	3	4306525036	34
3725	4	4306401280	25
3725	5	4210195883	24
3725	6	2764696622	23
3725	7	4306463937	20
3725	8	4317411217	17
3725	9	4306463230	16
3725	10	100664636	14
3726	1	4306400194	94
3726	2	4306463937	91
3726	3	4306463237	55
3726	4	137773608	32
3726	5	3880285	31
3726	6	180907581	27
3726	7	4210172589	26
3726	8	4210186770	26
3726	9	99485778	21
3726	10	4210168539	21
3727	1	4210210040	39
3727	2	4210228145	35
3727	3	4306463855	31
3727	4	4317411217	31
3727	5	4306402512	29
3727	6	4210191281	28
3727	7	4210190655	24
3727	8	4210222419	22
3727	9	4210188140	21
3727	10	4210228709	21
3728	1	4306463855	122
3728	2	4306463937	67
3728	3	4363604106	66
3728	4	113184965	37
3728	5	4306463708	29
3728	6	2764375719	26
3728	7	4210172589	21
3728	8	4306463716	20
3728	9	67718618	19
3728	10	4306464262	17
3729	1	2765021772	191
3729	2	4210186072	133
3729	3	2764732019	71
3729	4	2765058459	22
3729	5	2764900064	18
3729	6	4306516317	18
3729	7	4306517408	18
3729	8	2946866068	17
3729	9	2913258372	15
3729	10	4210218661	15
3730	1	2989354	84
3730	2	4306526561	64
3730	3	2764834646	55
3730	4	4306401280	38
3730	5	4210226861	35
3730	6	2738379451	32
3730	7	4306463855	30
3730	8	4306502830	26
3730	9	4306463708	21
3730	10	2764881603	20
3731	1	106148199	66
3731	2	2502047498	38
3731	3	4306400194	34
3731	4	110206669	32
3731	5	189188848	31
3731	6	128754310	29
3731	7	4220651471	28
3731	8	4220651918	28
3731	9	4210215495	27
3731	10	96254641	24
3732	1	2764476120	342
3732	2	4210186093	90
3732	3	4210187594	58
3732	4	4210189194	49
3732	5	14913209	48
3732	6	4210195883	43
3732	7	4210181976	33
3732	8	2764696622	28
3732	9	2764743394	22
3732	10	2764677603	20
3733	1	4306464232	119
3733	2	4306462995	93
3733	3	4306463716	85
3733	4	4306463937	61
3733	5	4306463855	59
3733	6	4210214957	50
3733	7	2764375719	46
3733	8	4306463091	45
3733	9	4306463708	34
3733	10	136064895	32
3734	1	2764825856	53
3734	2	128754310	46
3734	3	4306463937	37
3734	4	67425620	28
3734	5	2764384989	27
3734	6	4210179954	24
3734	7	106296714	23
3734	8	4210208846	23
3734	9	2764587835	20
3734	10	2764896880	17
3735	1	4306525036	113
3735	2	111727011	65
3735	3	1995308	55
3735	4	4306463937	46
3735	5	125323095	42
3735	6	100736837	37
3735	7	124607101	36
3735	8	59624048	32
3735	9	65770309	21
3735	10	139062638	21
3736	1	70286497	92
3736	2	168421034	50
3736	3	41354064	37
3736	4	70979998	37
3736	5	2764767664	33
3736	6	4210172139	33
3736	7	158228368	30
3736	8	946611601	30
3736	9	4210180763	30
3736	10	21009921	29
3737	1	4306463937	104
3737	2	117564099	59
3737	3	4306463855	56
3737	4	4306463895	43
3737	5	4306463717	28
3737	6	169610939	24
3737	7	159002476	17
3737	8	4306463716	16
3737	9	4306462964	15
3737	10	2764375719	12
3738	1	14436165	114
3738	2	200672447	80
3738	3	4306525036	78
3738	4	180901878	70
3738	5	4306463937	38
3738	6	4306463230	33
3738	7	36642063	30
3738	8	86387881	23
3738	9	104442948	23
3738	10	159788776	21
3739	1	4387289049	54
3739	2	4306463797	47
3739	3	4306463160	45
3739	4	4210214656	40
3739	5	4210235126	40
3739	6	4387279247	33
3739	7	4306401280	28
3739	8	4306402512	28
3739	9	4306462964	26
3739	10	139143312	23
3740	1	4306401280	53
3740	2	2737539069	27
3740	3	4306463937	24
3740	4	4306462995	21
3740	5	148355361	19
3740	6	4306463230	15
3740	7	4306525036	15
3740	8	4210192191	14
3740	9	4306507410	14
3740	10	4306526423	13
3741	1	4306463855	68
3741	2	4210172589	42
3741	3	4317411217	28
3741	4	4306401280	23
3741	5	2764375719	22
3741	6	4306463937	15
3741	7	4306401271	14
3741	8	4306463491	12
3741	9	4306462995	11
3741	10	4306463230	11
3742	1	4306463937	38
3742	2	190270160	32
3742	3	35512523	30
3742	4	4210172589	30
3742	5	4210175742	30
3742	6	4210173506	27
3742	7	53842986	21
3742	8	160634688	21
3742	9	131995128	18
3742	10	4306402512	18
3743	1	4306401280	69
3743	2	4306463937	26
3743	3	77503192	19
3743	4	4306463855	19
3743	5	2764375719	18
3743	6	1034761320	16
3743	7	4306463491	11
3743	8	4210195747	10
3743	9	4210235868	10
3743	10	4306462766	10
3744	1	4210231216	84
3744	2	2736655138	28
3744	3	4306401280	24
3744	4	4317411217	22
3744	5	4210172589	20
3744	6	4210228009	19
3744	7	4306463937	15
3744	8	4210172897	14
3744	9	4306463855	13
3744	10	4210230540	12
3745	1	4306401280	74
3745	2	98708256	60
3745	3	2737963936	35
3745	4	4306531772	34
3745	5	989758024	31
3745	6	4210190514	24
3745	7	2737100467	18
3745	8	4210188363	18
3745	9	4306535696	18
3745	10	2737473029	14
3746	1	4210189194	138
3746	2	4210186093	124
3746	3	14913209	97
3746	4	4210175061	78
3746	5	4210169156	60
3746	6	59886954	58
3746	7	4210195883	47
3746	8	4210184193	46
3746	9	2764696622	38
3746	10	4210196593	30
3747	1	4210169680	70
3747	2	58059009	46
3747	3	4210198085	46
3747	4	4210233660	46
3747	5	4210206263	31
3747	6	4210169434	27
3747	7	4210182997	26
3747	8	4210176936	25
3747	9	4210191838	24
3747	10	4210236711	24
3748	1	2913678714	68
3748	2	4306400194	51
3748	3	54262493	46
3748	4	4306463937	41
3748	5	106296714	40
3748	6	4306498214	18
3748	7	2883122597	17
3748	8	4210169490	17
3748	9	4210227761	15
3748	10	4210221998	12
3749	1	4210171442	160
3749	2	1001451782	103
3749	3	4210230262	96
3749	4	4210174916	93
3749	5	4210176051	73
3749	6	4210172877	50
3749	7	4210202440	39
3749	8	4306463855	39
3749	9	4210219236	29
3749	10	4210172589	24
3750	1	4210220759	168
3750	2	4210240898	164
3750	3	198776919	145
3750	4	4210182017	123
3750	5	4306463708	102
3750	6	2764375719	95
3750	7	4210234631	94
3750	8	957200628	73
3750	9	4210172589	35
3750	10	4306525702	35
3751	1	2765031898	55
3751	2	2764486499	38
3751	3	4210176376	34
3751	4	4210229049	29
3751	5	2764716741	25
3751	6	4306496937	24
3751	7	2764644427	22
3751	8	2946866068	22
3751	9	4210175227	22
3751	10	4306496141	21
3752	1	4210194614	91
3752	2	4210177641	73
3752	3	4306463937	71
3752	4	4210189194	38
3752	5	4210181456	32
3752	6	6785741	26
3752	7	21590941	26
3752	8	4210184193	25
3752	9	170030052	19
3752	10	128754310	16
3753	1	4306463937	31
3753	2	4210172589	30
3753	3	4306402512	27
3753	4	4306401271	26
3753	5	4306463855	20
3753	6	4317411217	17
3753	7	103229351	14
3753	8	39159251	13
3753	9	2764375719	13
3753	10	4306462853	13
3754	1	4306463937	41
3754	2	4210172589	36
3754	3	4210220065	36
3754	4	4306462951	35
3754	5	4306463091	34
3754	6	4306463855	31
3754	7	4306463708	29
3754	8	190171540	24
3754	9	2764837548	23
3754	10	4210238964	22
3755	1	4306463937	46
3755	2	4306401271	38
3755	3	4210172589	37
3755	4	4306463855	33
3755	5	4306401280	17
3755	6	2764375719	15
3755	7	4306463230	14
3755	8	4317411217	13
3755	9	4210195883	12
3755	10	4306463708	10
3756	1	4210172589	108
3756	2	4306463937	72
3756	3	4306462995	27
3756	4	4306463708	27
3756	5	4306401271	26
3756	6	4306463855	25
3756	7	4306462967	21
3756	8	4210196501	17
3756	9	77249201	16
3756	10	129774924	14
3757	1	4306463855	56
3757	2	2764375719	38
3757	3	4210172589	30
3757	4	4306463937	24
3757	5	207852612	19
3757	6	4210211968	17
3757	7	4210183960	16
3757	8	4306401280	15
3757	9	4306462964	14
3757	10	4210206054	11
3758	1	4210172589	191
3758	2	4306462995	87
3758	3	4306463937	56
3758	4	4306463855	50
3758	5	4306463708	37
3758	6	4306463359	30
3758	7	4306463223	27
3758	8	4306463091	18
3758	9	2738226774	17
3758	10	2764375719	15
3759	1	1118231	180
3759	2	4306525036	116
3759	3	4306463937	33
3759	4	4306463230	32
3759	5	76900504	29
3759	6	125174104	29
3759	7	198888318	25
3759	8	70002872	22
3759	9	124337433	19
3759	10	141953298	18
3760	1	4387286287	54
3760	2	4306401280	38
3760	3	4306525228	30
3760	4	4306507186	24
3760	5	2737331829	22
3760	6	4306401271	20
3760	7	4306506369	19
3760	8	4210172589	17
3760	9	4306505712	16
3760	10	4306533322	15
3761	1	4306525036	195
3761	2	144270092	58
3761	3	86809486	30
3761	4	126223282	23
3761	5	4306401280	23
3761	6	4317411217	18
3761	7	60760007	17
3761	8	65857359	17
3761	9	4306500438	14
3761	10	176204532	13
3762	1	4306401280	57
3762	2	4306401271	46
3762	3	5677253	23
3762	4	125607027	15
3762	5	4210172589	13
3762	6	200768828	11
3762	7	4306513231	11
3762	8	4210188694	10
3762	9	4306526728	10
3762	10	2738670244	9
3763	1	4306462995	91
3763	2	4306463091	54
3763	3	4210177729	52
3763	4	4306462964	49
3763	5	4306463855	48
3763	6	4306462951	46
3763	7	4306463708	46
3763	8	4210172589	44
3763	9	4306463937	37
3763	10	4317411217	35
3764	1	4210214135	100
3764	2	4306463937	75
3764	3	4306463855	63
3764	4	4306463716	40
3764	5	33125897	34
3764	6	165431477	28
3764	7	4306462964	28
3764	8	2764375719	24
3764	9	4306401280	21
3764	10	4306513872	21
3765	1	4306463937	92
3765	2	4306463855	81
3765	3	4210172589	67
3765	4	4306464232	34
3765	5	4306463716	23
3765	6	4210187067	22
3765	7	4306463708	21
3765	8	4306462995	20
3765	9	4306463122	19
3765	10	4306463717	18
3766	1	4306401280	61
3766	2	1000944648	50
3766	3	989758024	36
3766	4	4210184307	35
3766	5	2737113064	26
3766	6	2739450316	17
3766	7	4210188363	15
3766	8	4306526801	15
3766	9	98708256	14
3766	10	205188871	14
3767	1	4306525036	99
3767	2	171471881	30
3767	3	86308941	29
3767	4	31573680	27
3767	5	199213172	19
3767	6	4306401280	19
3767	7	4210226464	17
3767	8	96989847	15
3767	9	4306463937	15
3767	10	4210191406	14
3768	1	4306525036	154
3768	2	58498366	93
3768	3	14436165	57
3768	4	195000414	55
3768	5	61859066	42
3768	6	30640462	35
3768	7	144270092	27
3768	8	44717366	21
3768	9	62865007	20
3768	10	146061289	19
3769	1	34028136	153
3769	2	4210180321	88
3769	3	104092111	62
3769	4	4210226242	60
3769	5	4210204626	49
3769	6	4306463937	46
3769	7	66354037	45
3769	8	4210235918	32
3769	9	2764696622	30
3769	10	4210187594	29
3770	1	4306525036	126
3770	2	88399355	57
3770	3	4210203888	28
3770	4	77494981	22
3770	5	4306463937	22
3770	6	176204532	14
3770	7	4306401280	14
3770	8	4306463230	12
3770	9	37101086	11
3770	10	4210169481	11
3771	1	4210172589	191
3771	2	138162688	83
3771	3	2764730976	79
3771	4	4210200256	26
3771	5	128754310	23
3771	6	4306463937	18
3771	7	4210187594	16
3771	8	2764513735	14
3771	9	67425620	13
3771	10	100543851	12
3772	1	2764922013	165
3772	2	2764487033	140
3772	3	67425620	105
3772	4	2764457277	88
3772	5	128754310	76
3772	6	2764640149	68
3772	7	2764672716	67
3772	8	130598786	50
3772	9	2764889761	27
3772	10	4210189946	27
3773	1	4210172589	84
3773	2	4306463937	54
3773	3	4306401271	47
3773	4	4306463223	39
3773	5	50174339	36
3773	6	4306462995	33
3773	7	128256000	31
3773	8	4306463855	29
3773	9	79142966	27
3773	10	4210219127	26
3774	1	4210186577	41
3774	2	4306401280	29
3774	3	4317411217	22
3774	4	4210198235	14
3774	5	4210172589	13
3774	6	4306463855	12
3774	7	4210203646	9
3774	8	4210234098	9
3774	9	4306463937	8
3774	10	4393919366	8
3775	1	4306525036	125
3775	2	2764726520	83
3775	3	4306463937	32
3775	4	196734849	28
3775	5	55674637	26
3775	6	45161156	25
3775	7	174819509	24
3775	8	151589183	22
3775	9	202381698	22
3775	10	20935308	21
3776	1	4306525036	92
3776	2	98026630	28
3776	3	134644764	25
3776	4	108911230	21
3776	5	180695361	21
3776	6	4306463937	19
3776	7	4210223422	18
3776	8	29564236	15
3776	9	4210196743	15
3776	10	2764737005	14
3777	1	1145265	125
3777	2	4306463937	52
3777	3	4210240188	42
3777	4	195023472	28
3777	5	4306463855	27
3777	6	4210172589	21
3777	7	106272552	20
3777	8	99313352	13
3777	9	194662844	13
3777	10	4306463230	12
3778	1	4306463855	76
3778	2	4210205729	43
3778	3	2764375719	34
3778	4	4210174583	32
3778	5	4210187147	28
3778	6	4306463708	27
3778	7	2737494141	26
3778	8	4210235179	24
3778	9	4306401280	24
3778	10	4306463937	23
3779	1	4306525036	99
3779	2	200071133	59
3779	3	168522863	57
3779	4	30970080	33
3779	5	126644158	31
3779	6	202381698	30
3779	7	140251998	28
3779	8	128439998	22
3779	9	124357017	21
3779	10	169822654	19
3780	1	86995273	51
3780	2	4306463937	41
3780	3	174377464	32
3780	4	4306401280	31
3780	5	4306463855	31
3780	6	4210172589	29
3780	7	4306463716	24
3780	8	4210204466	20
3780	9	4306521744	20
3780	10	2764375719	16
3781	1	171471881	227
3781	2	4210200519	102
3781	3	201077199	76
3781	4	4306504709	64
3781	5	177710124	59
3781	6	126474381	52
3781	7	4306513441	45
3781	8	199213172	41
3781	9	4306504710	40
3781	10	43805471	32
3782	1	2764689977	608
3782	2	4210172905	71
3782	3	4306463855	66
3782	4	4210224146	55
3782	5	4210197764	47
3782	6	4306401280	26
3782	7	83940053	25
3782	8	4210240188	20
3782	9	4306463937	19
3782	10	4387281812	15
3783	1	4306463855	85
3783	2	4306463697	64
3783	3	4210172589	50
3783	4	4306463937	45
3783	5	4306463122	35
3783	6	4306463708	24
3783	7	4317411217	18
3783	8	4306401280	17
3783	9	4306463716	17
3783	10	2764375719	14
3784	1	206105757	246
3784	2	14028164	179
3784	3	144927310	77
3784	4	4306463937	48
3784	5	4210187022	40
3784	6	4306462964	40
3784	7	2764375719	32
3784	8	4306462763	25
3784	9	4306462995	22
3784	10	4210217112	21
3785	1	64507413	109
3785	2	19800340	57
3785	3	171558512	57
3785	4	4210187594	46
3785	5	4210231456	46
3785	6	149956803	39
3785	7	182375677	38
3785	8	4210186093	38
3785	9	2764900261	32
3785	10	2764971971	31
3786	1	4306463855	45
3786	2	4306401280	38
3786	3	4210171333	36
3786	4	4306463937	20
3786	5	4210210147	19
3786	6	4210196215	15
3786	7	146761321	14
3786	8	2764375719	14
3786	9	4210188931	13
3786	10	4210190813	13
3787	1	4306463937	154
3787	2	4306463091	60
3787	3	4306462964	43
3787	4	4306463855	42
3787	5	4306463667	41
3787	6	4306464262	40
3787	7	4306463491	32
3787	8	4306462951	30
3787	9	4306463708	24
3787	10	4306464022	24
3788	1	4306463855	74
3788	2	2764375719	28
3788	3	4306463708	28
3788	4	4306401280	24
3788	5	4210196476	21
3788	6	4306463937	19
3788	7	4210172589	17
3788	8	4306462964	11
3788	9	4306462995	10
3788	10	4317411217	10
3789	1	4306509235	56
3789	2	4306463937	47
3789	3	4210172589	43
3789	4	4306463855	30
3789	5	104917558	29
3789	6	4306401271	22
3789	7	4306401280	17
3789	8	4210201494	14
3789	9	4210223152	14
3789	10	64594800	13
3790	1	1028545993	99
3790	2	4306524771	61
3790	3	4210199414	58
3790	4	4210171465	45
3790	5	1031674767	38
3790	6	2737588985	38
3790	7	4210201658	35
3790	8	4306508412	35
3790	9	989000335	34
3790	10	1026706133	27
3791	1	91748803	96
3791	2	4306525036	64
3791	3	23243006	34
3791	4	206734468	28
3791	5	40103090	27
3791	6	154078021	27
3791	7	53087977	25
3791	8	119533669	25
3791	9	202381698	21
3791	10	2735126445	18
3792	1	4306525036	65
3792	2	41354064	48
3792	3	108911230	25
3792	4	205999849	22
3792	5	35861910	20
3792	6	4306463937	19
3792	7	39653451	17
3792	8	4306401280	17
3792	9	29564236	16
3792	10	166799026	16
3793	1	2764673505	122
3793	2	4210240353	115
3793	3	4306463937	42
3793	4	4306462844	21
3793	5	5191015	20
3793	6	4306401280	19
3793	7	4210172589	15
3793	8	2738269101	13
3793	9	2765017008	12
3793	10	4210195883	12
3794	1	4210172589	130
3794	2	82262387	40
3794	3	148936004	28
3794	4	4306463937	28
3794	5	4210205371	24
3794	6	2764687399	21
3794	7	38901890	19
3794	8	116843975	15
3794	9	4306463855	14
3794	10	4317411217	13
3795	1	4210186726	159
3795	2	4210212807	87
3795	3	4210168894	52
3795	4	4210229140	47
3795	5	4210220879	34
3795	6	4210186293	32
3795	7	4210234655	32
3795	8	2736393969	30
3795	9	4210193508	29
3795	10	4210186093	28
3796	1	4306525036	163
3796	2	949205458	147
3796	3	4210231845	66
3796	4	4210203888	23
3796	5	14436165	21
3796	6	109304216	18
3796	7	2764594449	18
3796	8	169054600	17
3796	9	62532593	16
3796	10	13557859	15
3797	1	4210223152	44
3797	2	2764856905	31
3797	3	4306518851	31
3797	4	2764644552	30
3797	5	4306525036	28
3797	6	4210195883	25
3797	7	2764663395	22
3797	8	4210186093	20
3797	9	2738906263	19
3797	10	4210213229	19
3798	1	4210196743	65
3798	2	4306517917	54
3798	3	4306525036	42
3798	4	134644764	40
3798	5	27638457	36
3798	6	108911230	32
3798	7	39653451	28
3798	8	4306463230	27
3798	9	192057034	26
3798	10	98026630	21
3799	1	4306401280	59
3799	2	4210206067	41
3799	3	4210189121	37
3799	4	2764393902	32
3799	5	2737963936	22
3799	6	4210175494	22
3799	7	2739345066	19
3799	8	4210173120	18
3799	9	4210179775	17
3799	10	2738345454	16
3800	1	2764385719	124
3800	2	4210171706	86
3800	3	4317411217	47
3800	4	4210225517	45
3800	5	88836445	42
3800	6	2914338665	42
3800	7	4210171732	42
3800	8	137551407	38
3800	9	2764805623	38
3800	10	140111354	33
3801	1	4210206113	203
3801	2	4210172589	81
3801	3	4306526338	33
3801	4	2739064124	29
3801	5	2736936097	28
3801	6	4306401280	23
3801	7	60440357	21
3801	8	2737511393	18
3801	9	4317411217	17
3801	10	189852317	14
3802	1	53566929	72
3802	2	2764375719	72
3802	3	4306462995	62
3802	4	4306463937	45
3802	5	4306463855	44
3802	6	133648787	36
3802	7	4306463475	34
3802	8	4306463122	33
3802	9	112879492	28
3802	10	2736722918	26
3803	1	4210172589	43
3803	2	4306463937	42
3803	3	4306525036	28
3803	4	4306463855	19
3803	5	4317411217	17
3803	6	4306401271	12
3803	7	4306401840	12
3803	8	88856947	11
3803	9	4210178989	11
3803	10	2764575530	10
3804	1	130567056	106
3804	2	4306525036	52
3804	3	2765031898	46
3804	4	2764699309	41
3804	5	32679471	31
3804	6	179157397	26
3804	7	2485537415	24
3804	8	4210194963	22
3804	9	4306496490	20
3804	10	2764486499	19
3805	1	4210195883	43
3805	2	4317411217	38
3805	3	4210200570	33
3805	4	4306401280	27
3805	5	4387290607	19
3805	6	4306463937	16
3805	7	4210229871	14
3805	8	2764825082	12
3805	9	4210173135	10
3805	10	4306463855	9
3806	1	4210172589	109
3806	2	4306400194	74
3806	3	4306463937	32
3806	4	4306463855	26
3806	5	4306462995	20
3806	6	4306463230	20
3806	7	2764375719	15
3806	8	4210189194	15
3806	9	121167460	14
3806	10	106296714	13
3807	1	32024226	187
3807	2	4306402512	60
3807	3	4210211927	37
3807	4	4210204587	32
3807	5	4210195371	28
3807	6	4210173161	26
3807	7	4317411217	26
3807	8	4210171138	25
3807	9	4210179695	25
3807	10	53028522	20
3808	1	4210190133	71
3808	2	46775058	51
3808	3	4210230910	38
3808	4	4306463075	34
3808	5	67425620	33
3808	6	128754310	30
3808	7	4210189194	29
3808	8	165454098	27
3808	9	4210185177	27
3808	10	4210240185	26
3809	1	82409965	35
3809	2	4306401280	35
3809	3	4317411217	19
3809	4	4210175660	18
3809	5	4306525036	14
3809	6	2737395916	9
3809	7	4210172589	9
3809	8	4306514307	9
3809	9	2737643905	8
3809	10	4306401271	8
3810	1	4210172589	42
3810	2	4306463855	22
3810	3	160097506	19
3810	4	4306402512	17
3810	5	4210170263	16
3810	6	4306463937	15
3810	7	4306401271	14
3810	8	4306464201	14
3810	9	4306401280	12
3810	10	4306462964	12
3811	1	2883122597	94
3811	2	4306463937	94
3811	3	4306400194	63
3811	4	4306463708	47
3811	5	4306463997	39
3811	6	4306463855	27
3811	7	109682412	24
3811	8	4306463230	24
3811	9	2764375719	21
3811	10	4210172589	17
3812	1	4210172589	35
3812	2	4306463937	28
3812	3	202201968	23
3812	4	4306463855	18
3812	5	4210169156	17
3812	6	2764905038	16
3812	7	4210180821	16
3812	8	4210188240	14
3812	9	69799158	13
3812	10	2764696622	13
3813	1	4306525036	125
3813	2	200672447	41
3813	3	4210201465	23
3813	4	4306463230	22
3813	5	4306401280	19
3813	6	9886411	16
3813	7	36642063	16
3813	8	200877091	16
3813	9	2738950867	16
3813	10	141953298	15
3814	1	4306401280	83
3814	2	4306508129	28
3814	3	2737963936	17
3814	4	4306521521	17
3814	5	2738131728	14
3814	6	989758024	12
3814	7	4317411217	10
3814	8	4210207438	9
3814	9	4306463855	9
3814	10	2898160451	8
3815	1	4210175185	69
3815	2	4210171420	62
3815	3	4210222278	53
3815	4	2739306764	52
3815	5	4306401840	51
3815	6	4317411217	38
3815	7	4210186913	35
3815	8	4210168236	34
3815	9	4210203483	31
3815	10	4306508062	30
3816	1	4210195883	122
3816	2	4210222116	44
3816	3	4210186093	39
3816	4	4210187594	35
3816	5	4306498743	31
3816	6	4306498869	31
3816	7	4306498744	29
3816	8	4363606026	29
3816	9	4306498574	24
3816	10	4306498575	24
3817	1	4306525036	52
3817	2	4306401280	17
3817	3	124357017	16
3817	4	173499201	16
3817	5	2764378920	16
3817	6	21442059	14
3817	7	134644764	14
3817	8	153285774	14
3817	9	2764874817	14
3817	10	4306463937	13
3818	1	4306463122	89
3818	2	4306463937	83
3818	3	4306463855	37
3818	4	4306401280	28
3818	5	4306464022	27
3818	6	4306462995	22
3818	7	4306463091	19
3818	8	4306463491	19
3818	9	4210172589	17
3818	10	20292787	15
3819	1	157684461	60
3819	2	4306463937	55
3819	3	4210172589	54
3819	4	4306463855	46
3819	5	161860553	23
3819	6	145575934	18
3819	7	4210181764	17
3819	8	10134376	15
3819	9	4210195883	15
3819	10	119171406	14
3820	1	2764525606	108
3820	2	4306463937	62
3820	3	2765021908	38
3820	4	4210172023	33
3820	5	4306511177	29
3820	6	41354064	23
3820	7	2764469865	21
3820	8	2764696622	16
3820	9	4210172589	16
3820	10	4306400194	13
3821	1	4306401280	78
3821	2	4306463855	64
3821	3	4306463937	37
3821	4	4210195605	32
3821	5	2764733234	30
3821	6	180513649	24
3821	7	166157821	22
3821	8	4210172589	21
3821	9	4210188769	21
3821	10	2764923747	17
3822	1	118474221	53
3822	2	4306401280	44
3822	3	4306463191	26
3822	4	197695157	22
3822	5	4306463937	20
3822	6	53297675	18
3822	7	179381287	15
3822	8	2739064124	14
3822	9	66095140	11
3822	10	4210225962	11
3823	1	86165655	50
3823	2	2764658435	43
3823	3	4306401280	41
3823	4	4317411217	38
3823	5	4306507391	35
3823	6	4306519452	29
3823	7	166586055	25
3823	8	4306506794	23
3823	9	4210220945	20
3823	10	2736441819	19
3824	1	4306463937	56
3824	2	2764698611	36
3824	3	147836164	33
3824	4	4306463855	29
3824	5	2738255883	23
3824	6	4306401280	21
3824	7	4210181593	19
3824	8	4210186093	19
3824	9	203723150	18
3824	10	4210189194	18
3825	1	4210172589	916
3825	2	4306401271	305
3825	3	4306463223	14
3825	4	4306463937	13
3825	5	2764944482	12
3825	6	2764376711	10
3825	7	4306463855	7
3825	8	4306463997	7
3825	9	22315241	6
3825	10	4306402512	6
3826	1	4306463855	92
3826	2	4210172589	84
3826	3	4306463937	81
3826	4	4306463708	29
3826	5	121590172	26
3826	6	4306463716	22
3826	7	194011547	21
3826	8	4210220699	18
3826	9	4210222785	17
3826	10	4306462995	17
3827	1	2898246533	49
3827	2	4306463937	42
3827	3	47380182	39
3827	4	2898405271	39
3827	5	183492911	18
3827	6	128754310	16
3827	7	140374062	12
3827	8	4363608752	12
3827	9	4210210737	11
3827	10	4306463230	11
3828	1	4306525036	77
3828	2	94618080	36
3828	3	4306401280	26
3828	4	78718175	21
3828	5	98026630	19
3828	6	108911230	19
3828	7	122731057	16
3828	8	134644764	15
3828	9	4306526265	14
3828	10	160239940	12
3829	1	4210167977	38
3829	2	4210203877	24
3829	3	4306522882	24
3829	4	4306518851	20
3829	5	4210236921	17
3829	6	4306401271	17
3829	7	4306401280	14
3829	8	4306463937	14
3829	9	4306535819	14
3829	10	189771566	13
3830	1	4393919366	68
3830	2	4210191986	53
3830	3	4210236372	52
3830	4	4317411217	45
3830	5	4306401280	30
3830	6	4210205400	22
3830	7	4210182531	19
3830	8	4210193976	19
3830	9	4210192688	17
3830	10	4210214953	17
3831	1	4306401280	56
3831	2	4306527852	46
3831	3	4306535689	41
3831	4	4306525148	27
3831	5	4306525452	24
3831	6	4306402512	21
3831	7	100617624	20
3831	8	4306502886	19
3831	9	4210190226	16
3831	10	4210212117	15
3832	1	128754310	32
3832	2	2764896880	29
3832	3	2764513735	25
3832	4	67425620	23
3832	5	2764825856	19
3832	6	2764380666	17
3832	7	88664677	14
3832	8	183492911	14
3832	9	2764587835	14
3832	10	4210187594	12
3833	1	108008259	200
3833	2	41354064	159
3833	3	134627157	51
3833	4	4924609	43
3833	5	166159787	43
3833	6	16435181	42
3833	7	108911230	36
3833	8	114185612	31
3833	9	133942674	29
3833	10	146636433	28
3834	1	4306525036	82
3834	2	4306463230	51
3834	3	14436165	40
3834	4	4306463937	26
3834	5	53087977	23
3834	6	86692366	23
3834	7	38943393	19
3834	8	38008053	15
3834	9	72350973	15
3834	10	143352558	15
3835	1	4210172589	89
3835	2	4306463855	37
3835	3	4306401271	29
3835	4	4306463937	26
3835	5	4306401280	19
3835	6	4317411217	17
3835	7	4387279453	17
3835	8	4306464262	16
3835	9	4210187311	14
3835	10	4306463708	12
3836	1	6195976	63
3836	2	2764638547	58
3836	3	2764392224	49
3836	4	4210194878	49
3836	5	4210179954	34
3836	6	4210201406	27
3836	7	106296714	26
3836	8	4210173162	26
3836	9	4210192787	24
3836	10	2913924626	21
3837	1	4306463937	53
3837	2	4210186913	33
3837	3	4306401840	29
3837	4	4317411217	26
3837	5	4306463855	22
3837	6	4306463708	20
3837	7	4210197338	18
3837	8	4306464262	17
3837	9	104917558	16
3837	10	4306401280	14
3838	1	4306507410	63
3838	2	4306401280	39
3838	3	2737539069	26
3838	4	4210192191	25
3838	5	4306507409	14
3838	6	4210177649	11
3838	7	4306401271	11
3838	8	4306463122	10
3838	9	4306463937	9
3838	10	4210197581	8
3839	1	4306463855	67
3839	2	4306463937	46
3839	3	2764868064	40
3839	4	167854760	39
3839	5	4306462985	33
3839	6	51885707	27
3839	7	64122990	21
3839	8	2912707458	18
3839	9	4306464201	18
3839	10	165567208	17
3840	1	171495509	279
3840	2	105208853	104
3840	3	100299040	90
3840	4	68950757	53
3840	5	163506364	47
3840	6	4306463230	28
3840	7	4306463708	22
3840	8	4306525036	19
3840	9	2765035337	17
3840	10	2764534471	16
3841	1	4306463937	62
3841	2	4210172589	54
3841	3	148599315	38
3841	4	161350934	35
3841	5	147670119	31
3841	6	4306463855	28
3841	7	170741353	22
3841	8	207176912	20
3841	9	75832472	18
3841	10	150321664	17
3842	1	4210172589	317
3842	2	4317411217	65
3842	3	82472405	57
3842	4	4306463223	55
3842	5	4306462995	54
3842	6	4306463937	42
3842	7	4306463708	25
3842	8	4306463855	14
3842	9	73046715	13
3842	10	2764593405	13
3843	1	4306463855	107
3843	2	4306463937	39
3843	3	4210172589	38
3843	4	4210182734	31
3843	5	2764375719	29
3843	6	196489185	27
3843	7	4306463122	26
3843	8	4306462995	21
3843	9	186804083	20
3843	10	2765008847	20
3844	1	4210210386	45
3844	2	4210239948	41
3844	3	4306463937	37
3844	4	4306463855	31
3844	5	4306522584	26
3844	6	56255037	25
3844	7	2764671384	19
3844	8	4210172619	18
3844	9	104917558	16
3844	10	71191459	15
3845	1	4210230919	69
3845	2	4306462964	46
3845	3	4306401280	43
3845	4	4210238088	32
3845	5	4210172589	23
3845	6	4306502402	20
3845	7	4210184207	19
3845	8	4210222252	19
3845	9	4210205255	17
3845	10	4306463091	17
3846	1	4306525036	51
3846	2	4210195883	27
3846	3	4306401280	17
3846	4	206789554	15
3846	5	187816532	13
3846	6	4306463937	12
3846	7	4317411217	12
3846	8	54485712	11
3846	9	75531928	10
3846	10	202381698	10
3847	1	4210197727	128
3847	2	2764375719	65
3847	3	4306462995	44
3847	4	151424340	31
3847	5	4210224792	23
3847	6	4306463937	23
3847	7	4210229140	20
3847	8	4210213070	17
3847	9	4306463716	17
3847	10	4306463717	17
3848	1	4210186913	57
3848	2	4210171854	43
3848	3	4210225729	40
3848	4	4317411217	29
3848	5	4306401840	28
3848	6	2764722224	27
3848	7	4210207333	26
3848	8	4210226440	25
3848	9	4210194534	24
3848	10	2764902157	23
3849	1	66401815	64
3849	2	132626406	57
3849	3	4306525036	52
3849	4	2484704948	47
3849	5	158228368	40
3849	6	50630504	33
3849	7	28349394	31
3849	8	119525064	31
3849	9	132853619	24
3849	10	35861910	21
3850	1	4306463855	45
3850	2	4306463937	37
3850	3	4210172589	20
3850	4	4306401280	20
3850	5	50366009	16
3850	6	2737847961	14
3850	7	4210195883	13
3850	8	104917558	12
3850	9	4210175227	12
3850	10	4210194878	12
3851	1	4210172589	262
3851	2	4306463937	37
3851	3	4306463855	26
3851	4	4306462995	24
3851	5	4306463223	22
3851	6	4306501905	21
3851	7	4306463708	19
3851	8	2595131146	16
3851	9	118201569	12
3851	10	4306463091	12
3852	1	207543021	94
3852	2	4210178770	38
3852	3	2764566388	35
3852	4	4306463075	30
3852	5	165454098	28
3852	6	145630073	26
3852	7	2764662412	25
3852	8	4306523334	25
3852	9	4306516193	24
3852	10	67425620	21
3853	1	2764979234	53
3853	2	4306463855	29
3853	3	4317411217	24
3853	4	4210223273	20
3853	5	4306530332	19
3853	6	4210172589	17
3853	7	4306463937	17
3853	8	4210176815	16
3853	9	137104927	15
3853	10	89004459	14
3854	1	14252860	42
3854	2	4306463937	39
3854	3	189706386	29
3854	4	4210192129	23
3854	5	4210190054	22
3854	6	4210169249	21
3854	7	4306400194	21
3854	8	33500248	17
3854	9	4210194219	17
3854	10	171471881	16
3855	1	195023472	87
3855	2	134188425	79
3855	3	25157213	31
3855	4	4210227900	28
3855	5	101923274	26
3855	6	4210187594	21
3855	7	4210195130	21
3855	8	4306501117	21
3855	9	4210179954	19
3855	10	2764696622	18
3856	1	170030052	450
3856	2	4210177495	92
3856	3	4210187594	86
3856	4	109691728	57
3856	5	4210189194	25
3856	6	4210237121	22
3856	7	4210195883	20
3856	8	135345724	19
3856	9	162601632	19
3856	10	48860480	18
3857	1	4306534746	87
3857	2	4306524771	85
3857	3	4306519272	57
3857	4	4306514329	45
3857	5	4210202294	44
3857	6	12999175	34
3857	7	1026706133	29
3857	8	4210223152	23
3857	9	4306401280	23
3857	10	4306520473	21
3858	1	2764939280	138
3858	2	2764560423	74
3858	3	162630400	61
3858	4	172448155	55
3858	5	4210202285	52
3858	6	4210175061	47
3858	7	2764484758	41
3858	8	4210202294	41
3858	9	4306518851	40
3858	10	4306523228	34
3859	1	41354064	356
3859	2	4306463937	118
3859	3	4210168331	94
3859	4	133942674	65
3859	5	4306462964	65
3859	6	205754296	60
3859	7	80698544	46
3859	8	197964166	39
3859	9	4306463091	38
3859	10	21317199	37
3860	1	4210173497	124
3860	2	4210178034	58
3860	3	2738849237	49
3860	4	4306401280	33
3860	5	4387283943	28
3860	6	4210173266	26
3860	7	4210191654	23
3860	8	4210237414	21
3860	9	4306463219	21
3860	10	4306463855	19
3861	1	4306401280	66
3861	2	4210227418	37
3861	3	4306525036	24
3861	4	2738013834	21
3861	5	108953488	20
3861	6	4317411217	15
3861	7	155962516	13
3861	8	4210235110	13
3861	9	4306521251	12
3861	10	4306526483	12
3862	1	2764640149	82
3862	2	128754310	76
3862	3	2764487033	63
3862	4	67425620	51
3862	5	4306463937	38
3862	6	2764944905	24
3862	7	4210215495	21
3862	8	4306463230	17
3862	9	4210195883	15
3862	10	162756791	14
3863	1	4306462995	96
3863	2	4306463855	46
3863	3	4306463122	44
3863	4	4306462964	43
3863	5	2764375719	41
3863	6	4306463937	31
3863	7	4306463716	24
3863	8	4306463717	23
3863	9	4210189194	20
3863	10	4306463091	20
3864	1	4306401280	83
3864	2	2738262506	43
3864	3	4210170630	39
3864	4	2738693640	27
3864	5	2737149477	20
3864	6	4210239955	17
3864	7	4306527975	17
3864	8	4306463855	12
3864	9	2739120472	11
3864	10	4210205146	11
3865	1	4306401280	48
3865	2	4306463855	14
3865	3	4306463937	14
3865	4	4210206809	11
3865	5	82884602	10
3865	6	2737040730	9
3865	7	4317411217	9
3865	8	1004904615	8
3865	9	4306525160	8
3865	10	4387283194	8
3866	1	4306525036	149
3866	2	130455057	37
3866	3	4306401280	30
3866	4	121799786	23
3866	5	78692710	22
3866	6	158472458	19
3866	7	176204532	15
3866	8	2912625667	15
3866	9	2755441855	14
3866	10	2755862238	14
3867	1	4210172589	401
3867	2	4306401271	122
3867	3	4306520297	32
3867	4	4306463937	29
3867	5	60370010	26
3867	6	4306463855	23
3867	7	114724389	19
3867	8	4306463708	17
3867	9	33443600	16
3867	10	4317411217	16
3868	1	4306401280	36
3868	2	4306463937	35
3868	3	4306463855	33
3868	4	4210172589	18
3868	5	2764375719	17
3868	6	20292787	13
3868	7	2736396478	13
3868	8	4306464022	12
3868	9	4317411217	12
3868	10	2737460711	10
3869	1	183492911	274
3869	2	4306514087	178
3869	3	43468181	51
3869	4	4306463937	44
3869	5	117354312	43
3869	6	100299040	39
3869	7	4306525036	25
3869	8	2764734955	21
3869	9	175543413	16
3869	10	15540642	15
3870	1	4306401271	42
3870	2	4306401280	32
3870	3	4306508611	25
3870	4	4306463855	15
3870	5	4306463937	12
3870	6	4306527032	12
3870	7	4306503883	11
3870	8	4306511284	10
3870	9	2738458403	8
3870	10	4210172589	8
3871	1	4306525036	49
3871	2	134644764	35
3871	3	4306463230	34
3871	4	98026630	31
3871	5	124795565	30
3871	6	4210190642	28
3871	7	119525064	26
3871	8	170358085	24
3871	9	192559872	21
3871	10	84231135	19
3872	1	4306401280	39
3872	2	4210213420	37
3872	3	4317411217	31
3872	4	2737117660	24
3872	5	4393919366	24
3872	6	4210187594	22
3872	7	4210184207	20
3872	8	4210172589	17
3872	9	4210228009	12
3872	10	4210174134	11
3873	1	4210187594	67
3873	2	4210172086	51
3873	3	4317411217	31
3873	4	4210209884	30
3873	5	4306401280	21
3873	6	2764696622	19
3873	7	4210207561	18
3873	8	4210215328	16
3873	9	4210236386	16
3873	10	4210200385	12
3874	1	180455664	32
3874	2	4306401280	32
3874	3	69682309	23
3874	4	4210204412	22
3874	5	4387283113	19
3874	6	106296714	18
3874	7	2739172281	17
3874	8	4306463937	17
3874	9	200161079	15
3874	10	2738580770	15
3875	1	4210172589	81
3875	2	4210176372	37
3875	3	4210227089	33
3875	4	4210234815	33
3875	5	4210234053	28
3875	6	4210213340	22
3875	7	4306525036	22
3875	8	2753386633	21
3875	9	4210204305	21
3875	10	4210186875	20
3876	1	41354064	386
3876	2	73388172	284
3876	3	180695361	80
3876	4	110436767	79
3876	5	4210168331	79
3876	6	95954025	37
3876	7	46134040	35
3876	8	114185612	24
3876	9	27298842	20
3876	10	80698544	17
3877	1	4210172589	121
3877	2	2764447599	81
3877	3	4306463937	71
3877	4	4306463855	56
3877	5	4306462995	46
3877	6	4306463708	39
3877	7	14949914	23
3877	8	4306463223	20
3877	9	4306463122	18
3877	10	155426891	17
3878	1	14436165	133
3878	2	4306525036	117
3878	3	141953298	46
3878	4	2738950867	26
3878	5	43051214	22
3878	6	154471048	20
3878	7	125174104	18
3878	8	162052592	12
3878	9	4210219855	12
3878	10	2754011711	11
3879	1	4210172589	83
3879	2	4306463855	39
3879	3	4306401280	22
3879	4	4306401271	18
3879	5	4306462967	16
3879	6	4306463223	16
3879	7	4306463708	13
3879	8	82651879	12
3879	9	4306402512	12
3879	10	2736490042	11
3880	1	4210187594	49
3880	2	4306401280	42
3880	3	2764696622	33
3880	4	4317411217	20
3880	5	4210195883	17
3880	6	4393919366	15
3880	7	4306463855	13
3880	8	4210197566	12
3880	9	2764394011	11
3880	10	4210226769	11
3881	1	4306463937	77
3881	2	4306463855	49
3881	3	4306464262	33
3881	4	4306462995	28
3881	5	4306463717	27
3881	6	4306463716	25
3881	7	192729060	24
3881	8	4306512457	24
3881	9	4210180616	23
3881	10	4789869	21
3882	1	67425620	31
3882	2	92829914	30
3882	3	128754310	27
3882	4	88664677	19
3882	5	4210220839	19
3882	6	4387288310	19
3882	7	2764842496	18
3882	8	2764836148	15
3882	9	4210225430	15
3882	10	2764441133	12
3883	1	77494981	43
3883	2	192814187	41
3883	3	3774022	38
3883	4	207294652	35
3883	5	4306463937	34
3883	6	138842040	30
3883	7	49645005	29
3883	8	4306525036	26
3883	9	202200076	25
3883	10	2754649489	24
3884	1	4210195531	52
3884	2	4306400194	37
3884	3	4306463855	37
3884	4	4210172589	32
3884	5	4306463937	19
3884	6	4306525036	18
3884	7	4210217864	17
3884	8	156752806	16
3884	9	4306401280	15
3884	10	4306463075	12
3885	1	59098468	66
3885	2	179357936	51
3885	3	4306463937	47
3885	4	101949793	44
3885	5	183492911	41
3885	6	198209080	29
3885	7	108821158	22
3885	8	179713424	22
3885	9	4306400194	22
3885	10	180314335	20
3886	1	65690446	64
3886	2	4306463937	29
3886	3	4306463806	22
3886	4	4306401280	16
3886	5	4210172589	15
3886	6	4306463075	13
3886	7	4306518851	13
3886	8	2765038058	12
3886	9	184816971	9
3886	10	4210186494	9
3887	1	4306462995	114
3887	2	122938855	95
3887	3	4306463937	54
3887	4	4306462964	44
3887	5	4306463708	41
3887	6	4210224073	33
3887	7	4306463855	33
3887	8	2764375719	22
3887	9	4306463091	20
3887	10	4210175939	18
3888	1	4306463247	99
3888	2	4306463125	56
3888	3	4210220593	53
3888	4	4210169981	42
3888	5	4210197140	28
3888	6	4210211570	28
3888	7	40135354	27
3888	8	4210206849	24
3888	9	4306401271	20
3888	10	4210198363	19
3889	1	4210189194	102
3889	2	4306400194	62
3889	3	4210187594	41
3889	4	4210175061	40
3889	5	2764696622	31
3889	6	95823260	23
3889	7	128754310	22
3889	8	4306463937	21
3889	9	4210186093	19
3889	10	127523745	17
3890	1	2764468969	35
3890	2	2764958491	35
3890	3	183492911	29
3890	4	4306525036	24
3890	5	60589374	21
3890	6	2764567940	21
3890	7	2764967373	19
3890	8	4306500339	19
3890	9	128754310	18
3890	10	173349649	18
3891	1	4210187422	128
3891	2	4210189194	98
3891	3	21590941	77
3891	4	4210187594	61
3891	5	2764696622	46
3891	6	14913209	41
3891	7	127523745	41
3891	8	4210195883	37
3891	9	4210228974	36
3891	10	59886954	30
3892	1	4210195883	99
3892	2	9351502	74
3892	3	104261359	44
3892	4	4317411217	31
3892	5	4210173233	28
3892	6	4210239971	20
3892	7	4210208799	18
3892	8	175181960	17
3892	9	185347631	17
3892	10	4210171257	17
3893	1	4306463937	45
3893	2	4306463855	33
3893	3	4210172589	30
3893	4	2764375719	27
3893	5	4306401271	25
3893	6	4306463717	22
3893	7	171318492	16
3893	8	4210168805	12
3893	9	4306462995	12
3893	10	4306463230	12
3894	1	4210172589	84
3894	2	4306401271	67
3894	3	4306463937	44
3894	4	4306463855	37
3894	5	4306463708	33
3894	6	4306463716	27
3894	7	23010633	20
3894	8	4306462995	19
3894	9	21714707	14
3894	10	119254795	14
3895	1	4306463937	74
3895	2	4306463855	39
3895	3	95725323	24
3895	4	4210172589	17
3895	5	4306525036	15
3895	6	4306401280	14
3895	7	4210187594	12
3895	8	4317411217	10
3895	9	4306463409	9
3895	10	4393919366	9
3896	1	4393917726	891
3896	2	192814187	172
3896	3	4210172589	32
3896	4	191882557	21
3896	5	4306463937	19
3896	6	4306525036	13
3896	7	92370695	9
3896	8	36000085	8
3896	9	4210190470	8
3896	10	128391590	7
3897	1	4210172589	84
3897	2	4306463937	58
3897	3	4306463091	47
3897	4	4306462995	40
3897	5	4306462964	37
3897	6	4306463855	26
3897	7	4306463716	24
3897	8	4306401280	17
3897	9	4306464232	15
3897	10	139143312	14
3898	1	4306523742	41
3898	2	4306463937	36
3898	3	4210169701	26
3898	4	20265620	25
3898	5	4306534746	23
3898	6	4306524127	22
3898	7	2913123441	21
3898	8	4306523840	21
3898	9	4306463307	19
3898	10	2764375719	16
3899	1	2765017008	37
3899	2	146146975	34
3899	3	2764400789	31
3899	4	10134376	28
3899	5	182975812	28
3899	6	2764716694	28
3899	7	60589374	26
3899	8	4306525036	24
3899	9	4210196743	23
3899	10	4210195883	22
3900	1	4306401271	96
3900	2	4306463855	76
3900	3	4306463937	58
3900	4	4210172589	55
3900	5	20755864	34
3900	6	180943771	33
3900	7	4210221211	21
3900	8	4306463708	21
3900	9	2764460092	20
3900	10	4306463716	20
3901	1	4210172589	284
3901	2	4306401271	65
3901	3	4306463937	31
3901	4	4210185570	30
3901	5	4306463855	26
3901	6	4306463223	25
3901	7	4306463708	23
3901	8	4306463716	22
3901	9	87933477	20
3901	10	4306463045	20
3902	1	4306463937	70
3902	2	4306463855	63
3902	3	4306462995	60
3902	4	4306463708	52
3902	5	2764375719	48
3902	6	4210172589	35
3902	7	4306463717	33
3902	8	4306463716	18
3902	9	4210201586	16
3902	10	32869912	12
3903	1	4210216571	86
3903	2	4210210054	85
3903	3	2500184344	54
3903	4	4210185204	40
3903	5	2764905038	22
3903	6	4210228009	21
3903	7	2764513735	19
3903	8	4210192340	16
3903	9	2764551091	15
3903	10	4210187594	14
3904	1	75440718	194
3904	2	4210172589	73
3904	3	4306463937	49
3904	4	4210187594	47
3904	5	91328126	42
3904	6	4306462995	23
3904	7	2764881527	20
3904	8	121340289	19
3904	9	152111507	19
3904	10	129816576	18
3905	1	100142436	149
3905	2	4210179954	59
3905	3	4210177699	36
3905	4	4363606279	32
3905	5	4210211500	15
3905	6	2485537415	14
3905	7	158797327	13
3905	8	4210205637	13
3905	9	204131793	12
3905	10	49967189	8
3906	1	4210172589	53
3906	2	4306401271	39
3906	3	4306463855	28
3906	4	4306463937	25
3906	5	4306463716	21
3906	6	4306463223	20
3906	7	2764375719	18
3906	8	4306463762	11
3906	9	4306463717	10
3906	10	4306401280	9
3907	1	4306463855	32
3907	2	4306401280	30
3907	3	4210174929	18
3907	4	4210210581	15
3907	5	4306463937	15
3907	6	4210172589	13
3907	7	4210202048	12
3907	8	2764375719	11
3907	9	4317411217	11
3907	10	184888067	10
3908	1	4306463937	85
3908	2	2764996027	57
3908	3	4210209047	44
3908	4	4306463855	38
3908	5	4306509155	27
3908	6	4306464262	25
3908	7	4306401271	22
3908	8	4306462964	21
3908	9	2764375719	20
3908	10	4306463697	20
3909	1	60589374	48
3909	2	67425620	30
3909	3	4306525036	29
3909	4	2764394860	21
3909	5	128754310	18
3909	6	2764396693	16
3909	7	2764716694	14
3909	8	2948018973	14
3909	9	4306500498	14
3909	10	88664677	13
3910	1	4210172589	56
3910	2	4306400194	54
3910	3	4306463855	32
3910	4	4306463937	29
3910	5	2913258372	22
3910	6	4306517688	19
3910	7	29331042	18
3910	8	4306463708	18
3910	9	193040567	17
3910	10	4210235366	11
3911	1	4306401280	68
3911	2	4306525677	31
3911	3	4306401271	25
3911	4	82927919	21
3911	5	2736567732	21
3911	6	4210188694	20
3911	7	4306526649	20
3911	8	4306526993	18
3911	9	4210211787	16
3911	10	4306502713	16
3912	1	4210190960	127
3912	2	4306463091	51
3912	3	4210235186	42
3912	4	4306462964	32
3912	5	4306463855	26
3912	6	4210236632	23
3912	7	1709330	21
3912	8	4210172589	20
3912	9	4210171322	19
3912	10	4210204161	19
3913	1	4210212165	86
3913	2	4210208222	69
3913	3	4210222680	58
3913	4	4210193794	42
3913	5	4210198250	40
3913	6	4387283384	38
3913	7	4210200781	37
3913	8	4210170622	35
3913	9	4306401280	33
3913	10	4210219467	32
3914	1	4210170388	125
3914	2	4306462964	42
3914	3	4306463855	30
3914	4	4306463091	18
3914	5	4306401280	16
3914	6	4306463937	16
3914	7	94074959	14
3914	8	4306464232	14
3914	9	100464430	13
3914	10	4306463491	13
3915	1	2737712561	81
3915	2	164583999	65
3915	3	4210170406	64
3915	4	2739064124	57
3915	5	53297675	49
3915	6	118474221	48
3915	7	4210172091	33
3915	8	4306401280	32
3915	9	4306525036	27
3915	10	4210183865	21
3916	1	4210172589	35
3916	2	127769916	30
3916	3	58516903	28
3916	4	2764644427	25
3916	5	4306463937	23
3916	6	2911980775	20
3916	7	15526297	18
3916	8	93626530	18
3916	9	2911927402	16
3916	10	3880285	15
3917	1	4306462873	213
3917	2	189811788	43
3917	3	4306462844	25
3917	4	4306463855	18
3917	5	4306463230	17
3917	6	4306463937	16
3917	7	4306463075	15
3917	8	58867329	12
3917	9	2765032836	9
3917	10	4306496572	6
3918	1	4210179954	96
3918	2	167602672	54
3918	3	4386872602	44
3918	4	2485537415	31
3918	5	4306400194	24
3918	6	4363608016	22
3918	7	113214489	21
3918	8	4210187594	19
3918	9	4210211553	17
3918	10	4306463075	17
3919	1	4306525036	104
3919	2	4306463937	66
3919	3	4210196743	23
3919	4	108911230	19
3919	5	41354064	18
3919	6	4306401280	17
3919	7	4306496400	16
3919	8	39653451	15
3919	9	4210229473	12
3919	10	35861910	11
3920	1	106296714	199
3920	2	4210172046	87
3920	3	10134376	59
3920	4	4210204429	59
3920	5	4306401280	56
3920	6	4210169156	49
3920	7	4210191349	36
3920	8	4306401271	33
3920	9	4210238834	24
3920	10	104917558	23
3921	1	167033782	83
3921	2	41354064	62
3921	3	4306525036	36
3921	4	29564236	31
3921	5	44811770	27
3921	6	205999849	25
3921	7	88226677	24
3921	8	166799026	23
3921	9	3861430	21
3921	10	127984601	21
3922	1	2737523035	82
3922	2	4306462995	68
3922	3	4306463855	40
3922	4	4306463937	39
3922	5	4306463091	36
3922	6	4306463716	34
3922	7	4306463797	34
3922	8	2764375719	33
3922	9	4210238610	33
3922	10	4306462951	32
3923	1	198975824	125
3923	2	82136278	59
3923	3	4306463230	58
3923	4	4306463937	38
3923	5	2764797819	33
3923	6	102681701	32
3923	7	100299040	21
3923	8	4306534637	20
3923	9	197743716	15
3923	10	4210184469	13
3924	1	2912701521	421
3924	2	4306496185	45
3924	3	4210232202	42
3924	4	2913116149	33
3924	5	2946866068	31
3924	6	2915058201	22
3924	7	2912711996	21
3924	8	4306532429	20
3924	9	2764979558	19
3924	10	4210175227	16
3925	1	4363604106	293
3925	2	4306463230	55
3925	3	4306521389	39
3925	4	105811054	17
3925	5	4363608763	16
3925	6	4306521388	13
3925	7	4306463937	12
3925	8	120187538	9
3925	9	4210184925	8
3925	10	66787172	7
3926	1	4306463122	69
3926	2	4306463855	63
3926	3	4210172589	59
3926	4	125270255	58
3926	5	4306462995	34
3926	6	4306463937	24
3926	7	4306463716	20
3926	8	74983385	19
3926	9	4306463717	14
3926	10	2764375719	13
3927	1	4210202393	51
3927	2	4210218013	35
3927	3	4306463409	27
3927	4	204030396	26
3927	5	4210172589	18
3927	6	4387285405	16
3927	7	55433255	14
3927	8	103482838	13
3927	9	63576417	12
3927	10	185153313	12
3928	1	4210187594	62
3928	2	189694085	29
3928	3	86702594	25
3928	4	101949793	25
3928	5	16945967	24
3928	6	2764696622	20
3928	7	4210189194	20
3928	8	31010182	18
3928	9	147767848	18
3928	10	183492911	17
3929	1	4306401280	39
3929	2	974534199	19
3929	3	4210182600	16
3929	4	4210174514	14
3929	5	4210183169	12
3929	6	4210235696	12
3929	7	2737677493	11
3929	8	4210211945	11
3929	9	4210187594	10
3929	10	4306401271	10
3930	1	4306463937	43
3930	2	4306463855	35
3930	3	4210172589	23
3930	4	2764375719	17
3930	5	4306401271	16
3930	6	4306463716	14
3930	7	4306463409	10
3930	8	4306530332	10
3930	9	140374062	9
3930	10	2764961556	9
3931	1	4306463491	116
3931	2	4306463937	81
3931	3	4306463091	69
3931	4	4306463855	22
3931	5	4306464232	20
3931	6	4306462966	19
3931	7	4306401280	17
3931	8	4306462964	17
3931	9	4306463708	17
3931	10	4210185717	16
3932	1	4210172589	28
3932	2	4306463937	19
3932	3	4306401280	18
3932	4	2764900261	16
3932	5	4210180562	16
3932	6	4210227051	16
3932	7	4306401271	14
3932	8	4306463855	14
3932	9	104917558	12
3932	10	2764477435	10
3933	1	125270255	51
3933	2	2764375719	44
3933	3	4306463937	41
3933	4	4210172589	39
3933	5	44763245	33
3933	6	186148613	27
3933	7	4306463855	26
3933	8	2764751909	22
3933	9	4306463091	16
3933	10	2764792803	15
3934	1	2764586457	47
3934	2	4306463855	36
3934	3	4306463937	35
3934	4	201473135	30
3934	5	4306463409	21
3934	6	4210172589	18
3934	7	39919847	17
3934	8	4306401271	15
3934	9	4306401280	15
3934	10	2765017008	14
3935	1	71958379	52
3935	2	4306463937	36
3935	3	2764476468	31
3935	4	4210187899	24
3935	5	17910731	22
3935	6	2764905038	22
3935	7	75286078	18
3935	8	4306401271	17
3935	9	2764636183	16
3935	10	4210227900	16
3936	1	4210226967	58
3936	2	2739448056	47
3936	3	4317411217	41
3936	4	147589591	32
3936	5	2739064124	30
3936	6	4306401280	28
3936	7	2898451984	23
3936	8	4210170075	21
3936	9	4210204721	21
3936	10	2738381912	14
3937	1	86033158	89
3937	2	91767247	52
3937	3	105183386	51
3937	4	19032547	41
3937	5	137773608	39
3937	6	4210239046	31
3937	7	191833357	30
3937	8	4306525036	29
3937	9	4306402567	27
3937	10	4306463937	27
3938	1	4306462995	100
3938	2	2764375719	62
3938	3	4306463708	61
3938	4	4306463855	56
3938	5	4210172589	51
3938	6	4306463937	46
3938	7	163559066	35
3938	8	4306463716	26
3938	9	38600022	22
3938	10	4306463091	22
3939	1	4210234879	465
3939	2	2764375719	58
3939	3	4306487520	30
3939	4	8818862	28
3939	5	135391083	27
3939	6	4306513102	20
3939	7	4210172589	18
3939	8	4306401280	16
3939	9	4306463855	15
3939	10	4306463937	15
3940	1	4306463937	85
3940	2	4306463708	37
3940	3	4306463716	35
3940	4	4306463855	28
3940	5	2764375719	26
3940	6	118474221	16
3940	7	4306463717	15
3940	8	4306462995	14
3940	9	105007214	13
3940	10	2739206013	13
3941	1	4306524771	165
3941	2	12999175	64
3941	3	4306534995	55
3941	4	4306514330	53
3941	5	4306511616	39
3941	6	4306505000	38
3941	7	4306504211	29
3941	8	4306535745	29
3941	9	4210173592	24
3941	10	4306510798	24
3942	1	4306463937	69
3942	2	4210172589	62
3942	3	4306463855	42
3942	4	4306463223	24
3942	5	4306464262	23
3942	6	4306401271	21
3942	7	4306463717	15
3942	8	4210196178	14
3942	9	2765016081	13
3942	10	4306463708	13
3943	1	4306525036	87
3943	2	41354064	68
3943	3	4306463937	26
3943	4	171471881	23
3943	5	62977146	22
3943	6	201989124	20
3943	7	4210168331	13
3943	8	133942674	12
3943	9	30970080	11
3943	10	124357017	11
3944	1	131132109	209
3944	2	4387286376	97
3944	3	62507270	66
3944	4	4306463937	56
3944	5	4306525036	32
3944	6	68436342	28
3944	7	143149996	24
3944	8	151378613	24
3944	9	33786796	23
3944	10	94610253	23
3945	1	116972989	36
3945	2	4210213340	32
3945	3	4306463855	29
3945	4	4210172589	27
3945	5	2764816348	24
3945	6	4306525036	24
3945	7	4210237828	21
3945	8	2764793027	20
3945	9	4210205544	13
3945	10	4306462967	12
3946	1	4306525036	91
3946	2	4306463937	81
3946	3	92685437	42
3946	4	137284937	40
3946	5	128848949	32
3946	6	46247591	28
3946	7	28452599	22
3946	8	44888363	22
3946	9	4210174909	18
3946	10	146294059	17
3947	1	4306401840	42
3947	2	4210186913	32
3947	3	4317411217	29
3947	4	4306463937	22
3947	5	2764722224	20
3947	6	4210197338	18
3947	7	4210224277	15
3947	8	4210199767	14
3947	9	2764848467	12
3947	10	4210183798	12
3948	1	4306463708	42
3948	2	4210172589	38
3948	3	4306463855	27
3948	4	4306462967	25
3948	5	4317411217	24
3948	6	4306463223	23
3948	7	4210193751	20
3948	8	4393919366	20
3948	9	4306463667	19
3948	10	4210172966	17
3949	1	4210172589	45
3949	2	4306463855	39
3949	3	4306401271	27
3949	4	4306463937	18
3949	5	4210176525	16
3949	6	2764959887	14
3949	7	4306401280	13
3949	8	4317411217	11
3949	9	121590172	10
3949	10	164505828	10
3950	1	171471881	365
3950	2	199213172	101
3950	3	133986316	33
3950	4	141665667	29
3950	5	185774633	28
3950	6	24891482	20
3950	7	79992667	19
3950	8	194835164	17
3950	9	88168125	16
3950	10	98049309	16
3951	1	4306400194	94
3951	2	4306463937	36
3951	3	4210202285	34
3951	4	2764696622	24
3951	5	4306463075	22
3951	6	60820437	21
3951	7	4306463230	20
3951	8	4210189194	11
3951	9	128754310	10
3951	10	162630400	10
3952	1	4306402512	48
3952	2	93321691	20
3952	3	4306401271	19
3952	4	4306401280	19
3952	5	4306463937	19
3952	6	36385850	17
3952	7	4210196743	17
3952	8	106296714	15
3952	9	4306507016	15
3952	10	4306463230	14
3953	1	4306525036	85
3953	2	4306463937	64
3953	3	16228288	45
3953	4	110394852	32
3953	5	100736837	26
3953	6	2738950867	20
3953	7	67147237	18
3953	8	176204532	18
3953	9	192814187	16
3953	10	23813625	15
3954	1	2764743394	48
3954	2	160800360	42
3954	3	4306518851	15
3954	4	4210176403	14
3954	5	4220650844	14
3954	6	89329721	13
3954	7	4306463075	12
3954	8	4306515347	12
3954	9	4306534746	12
3954	10	4306463937	10
3955	1	128754310	29
3955	2	67425620	24
3955	3	2764649243	17
3955	4	104863613	13
3955	5	88664677	12
3955	6	4210187594	12
3955	7	2764965669	11
3955	8	2764688642	10
3955	9	2764686623	9
3955	10	2764896880	9
3956	1	4306463855	70
3956	2	4210172589	64
3956	3	4306463937	64
3956	4	4306464009	45
3956	5	4306463716	31
3956	6	4306463708	30
3956	7	4306401271	25
3956	8	2764513390	21
3956	9	4306462995	18
3956	10	4317411217	17
3957	1	2736655138	40
3957	2	4306401280	36
3957	3	4210190595	24
3957	4	4317411217	23
3957	5	4387279523	22
3957	6	4210206906	17
3957	7	4210172589	15
3957	8	4210228009	15
3957	9	4306516783	15
3957	10	2764668145	13
3958	1	4210175428	208
3958	2	161883588	110
3958	3	4306401280	94
3958	4	4306500117	90
3958	5	4317411217	63
3958	6	4210193300	61
3958	7	4306539132	52
3958	8	4210191118	51
3958	9	2764697050	34
3958	10	4210181249	26
3959	1	4306463855	54
3959	2	4306463091	42
3959	3	4306463937	34
3959	4	4306463708	30
3959	5	2764375719	15
3959	6	4317411217	15
3959	7	186034587	14
3959	8	4306401280	13
3959	9	4210175032	12
3959	10	4393919366	12
3960	1	150273397	381
3960	2	18733340	297
3960	3	76668921	69
3960	4	2764836896	56
3960	5	4306525036	53
3960	6	184799261	43
3960	7	4210210271	25
3960	8	86419656	21
3960	9	206696595	12
3960	10	112180171	11
3961	1	4306401271	63
3961	2	4210172589	31
3961	3	35861910	30
3961	4	4306463937	27
3961	5	2764504864	21
3961	6	4306525036	21
3961	7	4306401280	20
3961	8	4306463855	20
3961	9	104917558	15
3961	10	4317411217	12
3962	1	4306525036	101
3962	2	43051214	47
3962	3	5398819	26
3962	4	2738950867	25
3962	5	141953298	19
3962	6	4306463230	17
3962	7	190549722	16
3962	8	131800149	15
3962	9	4210198593	13
3962	10	4357162	12
3963	1	4210172589	42
3963	2	4306401271	34
3963	3	2898531607	20
3963	4	4306463708	18
3963	5	4306401280	17
3963	6	4306463855	17
3963	7	4306463937	16
3963	8	4210187594	10
3963	9	4317411217	10
3963	10	104917558	9
3964	1	2764696622	87
3964	2	147622553	53
3964	3	4306401271	31
3964	4	4306400194	25
3964	5	4210187594	23
3964	6	4306463937	17
3964	7	4210172589	15
3964	8	4210195883	13
3964	9	4306463855	12
3964	10	60589374	11
3965	1	112574528	46
3965	2	67425620	44
3965	3	75411654	44
3965	4	127530304	42
3965	5	183492911	36
3965	6	77056576	34
3965	7	193263997	31
3965	8	43468181	23
3965	9	128754310	22
3965	10	4210219862	22
3966	1	4306525036	68
3966	2	14436165	43
3966	3	141953298	41
3966	4	2738950867	38
3966	5	79704628	37
3966	6	4210209351	32
3966	7	75480959	22
3966	8	4210199565	22
3966	9	4306463230	22
3966	10	145023809	20
3967	1	98137347	83
3967	2	55970647	63
3967	3	4306463937	44
3967	4	71161756	27
3967	5	92941125	23
3967	6	144797041	22
3967	7	4306463855	20
3967	8	137773608	19
3967	9	191833357	19
3967	10	202558507	19
3968	1	4306463855	93
3968	2	4306463937	67
3968	3	31525657	66
3968	4	4306463716	34
3968	5	4306463708	24
3968	6	135446613	21
3968	7	4306463717	19
3968	8	4306462964	16
3968	9	4306463122	16
3968	10	4210172589	14
3969	1	4306401280	28
3969	2	5832799	25
3969	3	4210221979	24
3969	4	4210220879	23
3969	5	4306463075	23
3969	6	4306463855	23
3969	7	4210172589	18
3969	8	4306463937	17
3969	9	4210193339	15
3969	10	4306463230	15
3970	1	2764699316	601
3970	2	2764386467	284
3970	3	4306514729	21
3970	4	2764687680	17
3970	5	4306525036	15
3970	6	110211814	13
3970	7	4210194500	10
3970	8	4306463230	9
3970	9	2764454917	8
3970	10	2737624436	6
3971	1	41354064	307
3971	2	133942674	70
3971	3	205754296	50
3971	4	4210168331	38
3971	5	27298842	33
3971	6	205050996	33
3971	7	201989124	32
3971	8	80698544	28
3971	9	110436767	28
3971	10	46134040	22
3972	1	4210172589	244
3972	2	105700240	65
3972	3	161692689	40
3972	4	4306463937	34
3972	5	4317411217	21
3972	6	4306462995	19
3972	7	19509509	15
3972	8	4306463223	14
3972	9	4306463855	12
3972	10	2764733816	11
3973	1	4210209540	77
3973	2	4210210151	41
3973	3	4210212274	27
3973	4	4210173390	26
3973	5	2764375719	22
3973	6	4210182751	19
3973	7	4210196191	19
3973	8	4210180755	18
3973	9	4210182944	18
3973	10	4210184207	18
3974	1	2739064124	43
3974	2	4306526338	37
3974	3	4210189768	35
3974	4	4306401280	32
3974	5	4210181977	31
3974	6	4210195863	21
3974	7	4210234566	19
3974	8	4210167575	16
3974	9	4306534350	13
3974	10	4317411217	13
3975	1	4306463937	65
3975	2	4210172589	54
3975	3	4306401271	31
3975	4	2764375719	24
3975	5	4210195883	24
3975	6	4306463855	24
3975	7	4306401280	16
3975	8	4210187594	14
3975	9	4210189194	14
3975	10	4210198525	12
3976	1	80113298	65
3976	2	148561398	63
3976	3	4306463937	26
3976	4	68913162	25
3976	5	4306401280	22
3976	6	4306400194	19
3976	7	6910135	17
3976	8	4210168995	17
3976	9	931548824	16
3976	10	10082577	15
3977	1	4306401280	53
3977	2	2898275681	22
3977	3	4210172589	14
3977	4	4306401271	11
3977	5	4210209527	9
3977	6	2736636447	8
3977	7	4210172301	8
3977	8	2736676222	7
3977	9	4210207735	7
3977	10	4317411217	7
3978	1	4210214210	167
3978	2	4210203863	125
3978	3	4210218947	57
3978	4	4210189497	44
3978	5	4210229140	29
3978	6	4210191917	21
3978	7	4210237085	19
3978	8	4210192339	18
3978	9	4210202797	18
3978	10	4210201347	16
3979	1	180455664	40
3979	2	4210190514	39
3979	3	4220651262	26
3979	4	4210224481	25
3979	5	4306401280	25
3979	6	4210239069	24
3979	7	989758024	22
3979	8	4306463937	21
3979	9	4210180090	17
3979	10	4210220846	17
3980	1	4210172589	111
3980	2	4306463937	66
3980	3	4210187594	26
3980	4	4306463491	26
3980	5	4306525036	25
3980	6	2764375719	24
3980	7	4306463855	24
3980	8	4306401280	16
3980	9	3261118	14
3980	10	2764696622	14
3981	1	4210207735	99
3981	2	4210217305	81
3981	3	4306401280	41
3981	4	4210172589	24
3981	5	4210187594	19
3981	6	4317411217	17
3981	7	4210167971	15
3981	8	4306401271	12
3981	9	4210183169	9
3981	10	4306463131	9
3982	1	4210172589	48
3982	2	4306463855	33
3982	3	2764375719	27
3982	4	4306463937	25
3982	5	4317411217	17
3982	6	4306463708	12
3982	7	4306401280	11
3982	8	4306462995	11
3982	9	4210184657	10
3982	10	4306401271	10
3983	1	4210232290	123
3983	2	4210239596	58
3983	3	2764476468	54
3983	4	4210213151	50
3983	5	75286078	25
3983	6	4210188618	25
3983	7	4210216571	23
3983	8	17910731	20
3983	9	2764840912	20
3983	10	4210241083	19
3984	1	4306525036	76
3984	2	4306463230	43
3984	3	159227150	36
3984	4	4306463937	29
3984	5	4210187764	28
3984	6	4306463075	28
3984	7	4218381	26
3984	8	160372861	25
3984	9	137773608	21
3984	10	110785341	20
3985	1	4210193425	37
3985	2	4210172087	29
3985	3	4210227089	29
3985	4	4210215920	27
3985	5	4210172589	25
3985	6	4210231714	23
3985	7	4306401271	20
3985	8	2764989054	19
3985	9	4306401280	18
3985	10	4210171432	17
3986	1	4306463937	191
3986	2	2755541247	165
3986	3	81803001	149
3986	4	140305009	89
3986	5	207734429	70
3986	6	4306463230	55
3986	7	33786796	49
3986	8	114599316	36
3986	9	4306525036	31
3986	10	4306463955	21
3987	1	4317411217	48
3987	2	4210205400	42
3987	3	4306401280	40
3987	4	4210221298	34
3987	5	4393919366	29
3987	6	4210209867	12
3987	7	4210193428	11
3987	8	4387287691	11
3987	9	4210214662	10
3987	10	4210175582	9
3988	1	4306401840	57
3988	2	4306502140	37
3988	3	4210189821	26
3988	4	4210186913	25
3988	5	4210172589	21
3988	6	4210182838	20
3988	7	4317411217	20
3988	8	4210211146	18
3988	9	4306502136	18
3988	10	4306502134	15
3989	1	4210180360	73
3989	2	4306522964	38
3989	3	4210167977	35
3989	4	4210198931	24
3989	5	4210170928	19
3989	6	4306531023	19
3989	7	4210193565	18
3989	8	4210172589	17
3989	9	4210222568	17
3989	10	4210232703	17
3990	1	4306518851	101
3990	2	2764929027	83
3990	3	2764939280	63
3990	4	4306503848	62
3990	5	4210223152	40
3990	6	4306531733	38
3990	7	2764484758	34
3990	8	197975706	32
3990	9	4210202294	29
3990	10	4306535749	29
3991	1	4306525036	55
3991	2	140251998	41
3991	3	202381698	39
3991	4	151589183	32
3991	5	135837084	25
3991	6	57449756	23
3991	7	4306402567	20
3991	8	10623703	17
3991	9	125754415	17
3991	10	25293849	15
3992	1	4210196743	336
3992	2	4306525036	30
3992	3	178362034	26
3992	4	98026630	23
3992	5	137773608	22
3992	6	4306401280	19
3992	7	193620188	17
3992	8	134644764	15
3992	9	183652945	15
3992	10	206789554	15
3993	1	4306463716	61
3993	2	4306463937	53
3993	3	4306463855	44
3993	4	4306462995	43
3993	5	4306464261	41
3993	6	4306464232	26
3993	7	4306463091	24
3993	8	49853356	23
3993	9	4210180322	21
3993	10	2764375719	20
3994	1	4210172589	71
3994	2	4306463855	42
3994	3	4306463937	41
3994	4	2764375719	31
3994	5	4306401271	26
3994	6	4210214616	15
3994	7	4306401280	13
3994	8	14252860	12
3994	9	2765042400	11
3994	10	4210199547	11
3995	1	4306463937	108
3995	2	4306463708	98
3995	3	4306463855	47
3995	4	4210172589	32
3995	5	4306463716	31
3995	6	2764375719	27
3995	7	4306462995	27
3995	8	203532909	24
3995	9	4210170828	16
3995	10	4306462964	14
3996	1	116163757	112
3996	2	4306463855	71
3996	3	4306463708	67
3996	4	4210230924	32
3996	5	198132698	30
3996	6	182105036	25
3996	7	2764783054	25
3996	8	4210175051	25
3996	9	66058762	23
3996	10	5821439	19
3997	1	2764968997	96
3997	2	2764862927	82
3997	3	62230230	27
3997	4	71958379	25
3997	5	2764757615	24
3997	6	4306463937	24
3997	7	4210195883	20
3997	8	4210172766	16
3997	9	4210187736	16
3997	10	4210204637	15
3998	1	4210186093	66
3998	2	4306463937	40
3998	3	49645005	25
3998	4	4306463708	23
3998	5	104917558	22
3998	6	2764375719	22
3998	7	4210172589	21
3998	8	4306463855	21
3998	9	4306462995	20
3998	10	4306525036	17
3999	1	106296714	131
3999	2	4306463937	48
3999	3	4210172589	26
3999	4	2764900261	19
3999	5	112686501	18
3999	6	4306463409	17
3999	7	110206669	12
3999	8	4210238739	10
3999	9	128754310	9
3999	10	4210179954	9
4000	1	2738658678	32
4000	2	4306463855	26
4000	3	4306401280	25
4000	4	4306402512	20
4000	5	4210172589	14
4000	6	4306462841	13
4000	7	4306463937	12
4000	8	196971919	10
4000	9	4210175500	10
4000	10	4210190059	10
4001	1	4210180319	70
4001	2	4306402512	36
4001	3	4210211633	31
4001	4	4306463797	28
4001	5	4306463937	28
4001	6	4306462995	26
4001	7	2764375719	24
4001	8	4306463708	22
4001	9	4306463716	22
4001	10	11977755	21
4002	1	103229351	80
4002	2	4306463937	78
4002	3	2764375719	54
4002	4	4306463855	20
4002	5	106296714	16
4002	6	4210214100	16
4002	7	4210172589	14
4002	8	4220651901	13
4002	9	4306463091	13
4002	10	72842422	11
4003	1	4387284300	73
4003	2	4306525677	60
4003	3	4306531790	52
4003	4	4210185747	48
4003	5	4306526649	41
4003	6	4306500660	28
4003	7	4306502714	25
4003	8	4306527407	25
4003	9	4306502713	24
4003	10	4306521175	23
4004	1	4306463937	63
4004	2	4210186913	50
4004	3	4210225402	49
4004	4	4317411217	29
4004	5	2764722224	23
4004	6	2764902157	23
4004	7	1002628130	21
4004	8	4306462964	20
4004	9	93689439	19
4004	10	4210199767	16
4005	1	4210190470	59
4005	2	4306463855	50
4005	3	4306463716	49
4005	4	4306462995	29
4005	5	4306463937	26
4005	6	2764940489	25
4005	7	4306463708	25
4005	8	37477851	24
4005	9	4210180322	18
4005	10	4306463091	17
4006	1	4306463091	74
4006	2	4210172589	31
4006	3	4210206954	30
4006	4	4210230754	26
4006	5	4210177413	22
4006	6	4306401280	16
4006	7	4210177750	15
4006	8	4306463358	13
4006	9	4306463637	13
4006	10	186034587	12
4007	1	4306463937	60
4007	2	4306463855	55
4007	3	2764579605	36
4007	4	57783494	26
4007	5	2764595180	25
4007	6	4306463895	24
4007	7	4210230173	22
4007	8	2764375719	20
4007	9	4210179013	17
4007	10	94060836	16
4008	1	4210176636	125
4008	2	4210210544	59
4008	3	4210190962	35
4008	4	4306463855	26
4008	5	4210172589	24
4008	6	4210220424	21
4008	7	4210184282	18
4008	8	4306463937	17
4008	9	2736902694	15
4008	10	4210211944	14
4009	1	4306517719	144
4009	2	4210202049	125
4009	3	2764395926	123
4009	4	4210207718	108
4009	5	2911370914	65
4009	6	4306517664	52
4009	7	4210233302	45
4009	8	4306516285	36
4009	9	4210199481	33
4009	10	4306515801	32
4010	1	4210195883	114
4010	2	4210192087	100
4010	3	4210203376	85
4010	4	4210186060	54
4010	5	4210224020	46
4010	6	4210200287	38
4010	7	4210232723	28
4010	8	4210168758	25
4010	9	2764817413	24
4010	10	52332701	23
4011	1	128754310	38
4011	2	146335943	34
4011	3	67425620	30
4011	4	4210179954	24
4011	5	4210187594	20
4011	6	4306463937	18
4011	7	106296714	13
4011	8	2764471703	12
4011	9	4210189194	12
4011	10	4306512848	11
4012	1	4210172589	178
4012	2	4306463708	63
4012	3	4306463855	40
4012	4	4306463223	37
4012	5	4306463359	31
4012	6	4306463937	31
4012	7	4306520684	23
4012	8	108365452	20
4012	9	4210225577	16
4012	10	4210173471	13
4013	1	4210172589	147
4013	2	4306463708	147
4013	3	4306462995	44
4013	4	4306463855	44
4013	5	4306463937	37
4013	6	101945965	31
4013	7	4306463223	28
4013	8	142610861	21
4013	9	4306463091	20
4013	10	4306463716	19
4014	1	4306463937	34
4014	2	4210172589	28
4014	3	4210190110	17
4014	4	13107535	14
4014	5	145575934	13
4014	6	49967189	12
4014	7	4306525036	12
4014	8	2898565713	11
4014	9	2764696622	10
4014	10	4210171587	10
4015	1	14436165	73
4015	2	4306525036	70
4015	3	183989336	35
4015	4	4306463937	35
4015	5	86692366	25
4015	6	200071133	21
4015	7	44888363	20
4015	8	141953298	18
4015	9	154471048	18
4015	10	129376536	17
4016	1	4306401280	44
4016	2	4210172589	25
4016	3	4306463937	12
4016	4	4317411217	11
4016	5	2736687915	8
4016	6	193008421	7
4016	7	2736447579	7
4016	8	4306526338	7
4016	9	2738544047	6
4016	10	2764637064	6
4017	1	4210172589	189
4017	2	4210186426	21
4017	3	4306463855	20
4017	4	2764888445	16
4017	5	2764375719	15
4017	6	2764611187	13
4017	7	156752806	12
4017	8	2764796590	12
4017	9	4306463937	11
4017	10	4317411217	9
4018	1	4210230113	77
4018	2	4210226504	76
4018	3	4210202660	64
4018	4	4210202001	54
4018	5	4210235085	47
4018	6	4210174576	42
4018	7	4210223296	39
4018	8	2764757615	38
4018	9	4210222945	37
4018	10	4210230671	37
4019	1	4210172589	32
4019	2	4210178173	31
4019	3	4210206038	30
4019	4	2737860738	27
4019	5	4210192365	19
4019	6	58059009	17
4019	7	4210182997	16
4019	8	2739160758	15
4019	9	4210171188	15
4019	10	4306401271	15
4020	1	4306401280	67
4020	2	4306525036	47
4020	3	145871435	14
4020	4	4306526462	14
4020	5	4306519610	12
4020	6	121682720	11
4020	7	94779792	10
4020	8	184263677	9
4020	9	4306463230	9
4020	10	79831086	8
4021	1	36505364	94
4021	2	4210174764	69
4021	3	4306402512	63
4021	4	117803934	54
4021	5	4306507423	40
4021	6	4210170882	25
4021	7	4306463091	24
4021	8	164703325	21
4021	9	4210237646	20
4021	10	4306504305	20
4022	1	4306401280	49
4022	2	4317411217	36
4022	3	4393919366	25
4022	4	2736874338	23
4022	5	4210179027	22
4022	6	4210195883	19
4022	7	4210190370	13
4022	8	4210194117	13
4022	9	4210235680	11
4022	10	4210169186	10
4023	1	4306463855	73
4023	2	4306463937	52
4023	3	4306463091	29
4023	4	4306401280	23
4023	5	4210172589	21
4023	6	4210227807	17
4023	7	4210181088	14
4023	8	27731274	13
4023	9	4210234098	10
4023	10	4306463716	8
4024	1	4306463937	96
4024	2	4306463855	51
4024	3	4306463708	45
4024	4	181524514	35
4024	5	4210206124	28
4024	6	146547870	27
4024	7	4306462995	26
4024	8	4306463716	25
4024	9	117564099	20
4024	10	2764375719	19
4025	1	106296714	25
4025	2	2764905038	22
4025	3	128754310	19
4025	4	13144211	18
4025	5	2764896880	18
4025	6	2764825856	17
4025	7	67425620	16
4025	8	2764384989	16
4025	9	4306531733	15
4025	10	4306463937	14
4026	1	2764375719	58
4026	2	4306463937	52
4026	3	4210172589	39
4026	4	4306463855	35
4026	5	4317411217	20
4026	6	192723185	15
4026	7	2764513514	15
4026	8	139265456	14
4026	9	4306462995	14
4026	10	4306522055	14
4027	1	4210172589	32
4027	2	4306463855	29
4027	3	2764816348	24
4027	4	4210189017	19
4027	5	2764375719	15
4027	6	4210195883	13
4027	7	4306463937	13
4027	8	4306401271	12
4027	9	4306525036	11
4027	10	1005771865	10
4028	1	4210213174	88
4028	2	4306525036	63
4028	3	2738527320	56
4028	4	4210195198	48
4028	5	2764655666	46
4028	6	128990672	44
4028	7	2765036032	28
4028	8	42803210	23
4028	9	4306517621	23
4028	10	4210193452	22
4029	1	4306462995	46
4029	2	4306525036	44
4029	3	4306463937	35
4029	4	180407765	28
4029	5	4306463708	24
4029	6	4210169156	17
4029	7	4210175061	16
4029	8	4210172589	15
4029	9	4306463855	15
4029	10	4210225795	13
4030	1	2764746468	131
4030	2	73109968	130
4030	3	4210172589	117
4030	4	4210194099	90
4030	5	2042836	81
4030	6	4317411217	33
4030	7	4387286287	23
4030	8	4306463937	21
4030	9	4210212563	19
4030	10	4306472606	19
4031	1	4306463937	52
4031	2	4306463716	28
4031	3	4210172589	27
4031	4	4306463223	27
4031	5	4306463855	26
4031	6	4210168767	24
4031	7	184846731	18
4031	8	4306401271	16
4031	9	3650429	15
4031	10	4210229274	13
4032	1	4306401280	59
4032	2	4210172589	32
4032	3	4306463855	19
4032	4	2764375719	18
4032	5	2764929848	12
4032	6	4306401271	9
4032	7	4306463937	9
4032	8	158604138	8
4032	9	4210172117	8
4032	10	4210230899	7
4033	1	4306401280	43
4033	2	4210174514	19
4033	3	4210229908	19
4033	4	4317411217	15
4033	5	4306401271	14
4033	6	2736408784	12
4033	7	4306463855	11
4033	8	974534199	10
4033	9	2898580591	10
4033	10	4210182600	10
4034	1	92159261	289
4034	2	4306525036	34
4034	3	9692511	25
4034	4	4306463937	25
4034	5	130455057	22
4034	6	4210233928	22
4034	7	195965714	15
4034	8	4306463230	14
4034	9	4306463075	13
4034	10	152696106	11
4035	1	4306401280	42
4035	2	4306463855	18
4035	3	4317411217	15
4035	4	4210223681	13
4035	5	4210196465	11
4035	6	1035754523	10
4035	7	4306463937	10
4035	8	186663664	8
4035	9	4306402512	8
4035	10	172504065	7
4036	1	4306401280	34
4036	2	4210172589	25
4036	3	4210240848	22
4036	4	20292787	12
4036	5	2764375719	12
4036	6	4210189720	11
4036	7	4306463091	11
4036	8	2898464363	10
4036	9	4306463937	10
4036	10	992149098	9
4037	1	4317411217	37
4037	2	4210170565	32
4037	3	4306401280	31
4037	4	4210174787	28
4037	5	4393919366	26
4037	6	4210183520	24
4037	7	4210188544	24
4037	8	4210231455	21
4037	9	4210201044	16
4037	10	4210214839	16
4038	1	4306401280	31
4038	2	4210172589	22
4038	3	4210172282	19
4038	4	137773608	14
4038	5	4306526338	14
4038	6	188256362	13
4038	7	2737549463	12
4038	8	2737687728	11
4038	9	4306462967	11
4038	10	102196823	10
4039	1	4306463937	25
4039	2	113470943	20
4039	3	114222811	20
4039	4	146329739	17
4039	5	175935889	15
4039	6	203530175	15
4039	7	127668553	14
4039	8	195743144	14
4039	9	4210230782	14
4039	10	86852077	13
4040	1	4306401840	56
4040	2	104917558	32
4040	3	4306525036	20
4040	4	4306463937	19
4040	5	4210187523	15
4040	6	4306401280	15
4040	7	4306462819	11
4040	8	4306507401	11
4040	9	4306509154	11
4040	10	2764556858	10
4041	1	4306463937	34
4041	2	146761321	27
4041	3	4306401280	23
4041	4	5438150	18
4041	5	2764375719	18
4041	6	4306464338	16
4041	7	4210193530	15
4041	8	4306463091	15
4041	9	4306464232	15
4041	10	4306463855	14
4042	1	4306498680	96
4042	2	128754310	28
4042	3	4306498654	26
4042	4	67425620	25
4042	5	4306498656	20
4042	6	2764649243	15
4042	7	4210189194	15
4042	8	57947533	14
4042	9	2764498263	13
4042	10	4210179954	12
4043	1	4306463937	64
4043	2	4306401280	38
4043	3	4210239295	29
4043	4	170967050	22
4043	5	13389975	19
4043	6	4306463855	18
4043	7	4306525036	18
4043	8	4306463230	17
4043	9	4317411217	17
4043	10	48690275	14
4044	1	4210172589	103
4044	2	4306401271	52
4044	3	4210186023	32
4044	4	4306463937	29
4044	5	4210208593	24
4044	6	4306463855	21
4044	7	2764403496	18
4044	8	4210226795	17
4044	9	4306535665	16
4044	10	4210228350	14
4045	1	108953488	137
4045	2	4306401280	31
4045	3	2738013834	23
4045	4	4306509229	22
4045	5	14436165	20
4045	6	2738249359	16
4045	7	4306531558	13
4045	8	4306525954	12
4045	9	98708256	11
4045	10	4317411217	11
4046	1	4210215663	177
4046	2	4306462995	35
4046	3	4306463937	26
4046	4	4306463855	21
4046	5	2764928885	13
4046	6	2764375719	11
4046	7	4306463230	10
4046	8	4317411217	10
4046	9	4210185835	8
4046	10	4960179	7
4047	1	68052730	103
4047	2	4306463937	68
4047	3	4220650844	45
4047	4	59498126	35
4047	5	190853250	33
4047	6	5042006	31
4047	7	51671208	22
4047	8	81624066	21
4047	9	4306401280	21
4047	10	81424476	17
4048	1	2764594479	84
4048	2	2764476686	56
4048	3	2765017008	43
4048	4	2737597353	37
4048	5	4306401280	21
4048	6	2764557943	19
4048	7	4210195883	16
4048	8	2764451038	14
4048	9	4306401271	14
4048	10	2764942208	12
4049	1	100787194	270
4049	2	115394524	108
4049	3	178451187	99
4049	4	138605562	96
4049	5	110937496	54
4049	6	4306401280	45
4049	7	94373075	42
4049	8	4210225022	36
4049	9	26135258	30
4049	10	2765068368	28
4050	1	4210195883	198
4050	2	4210191473	53
4050	3	4306401280	36
4050	4	2738269101	32
4050	5	4210171392	29
4050	6	4210187272	27
4050	7	4210187952	26
4050	8	2764696622	24
4050	9	4210199429	18
4050	10	2737390620	17
4051	1	4306401271	61
4051	2	38825547	25
4051	3	4210172589	20
4051	4	4306534457	20
4051	5	4306463937	19
4051	6	173349649	17
4051	7	4306500339	15
4051	8	4306401280	12
4051	9	128754310	11
4051	10	2764526988	11
4052	1	4306401280	31
4052	2	4306464088	20
4052	3	4210192057	19
4052	4	4306463056	18
4052	5	205274193	16
4052	6	4306463091	15
4052	7	4210199633	14
4052	8	4210233120	14
4052	9	4210214798	12
4052	10	4210172589	11
4053	1	4210195883	28
4053	2	4317411217	28
4053	3	2764750126	24
4053	4	4210196637	24
4053	5	4306401280	23
4053	6	4210207277	21
4053	7	4306516862	13
4053	8	2764535398	12
4053	9	184237522	11
4053	10	4306516861	11
4054	1	2765017008	60
4054	2	4210210567	37
4054	3	2764724548	19
4054	4	4306525036	19
4054	5	2765019825	18
4054	6	36068028	17
4054	7	2764346760	14
4054	8	2764768694	14
4054	9	2764943483	14
4054	10	2764951452	14
4055	1	4210172031	61
4055	2	143715161	23
4055	3	57463191	20
4055	4	99313352	20
4055	5	4306463230	20
4055	6	4210172589	17
4055	7	4210182864	17
4055	8	4210215105	16
4055	9	4306463075	15
4055	10	2737251451	14
4056	1	4210176815	198
4056	2	4306463075	61
4056	3	94432539	36
4056	4	106296714	28
4056	5	72159247	26
4056	6	92539022	20
4056	7	83386566	19
4056	8	2764905038	19
4056	9	31355563	17
4056	10	88439605	16
4057	1	4306525036	88
4057	2	4306463937	38
4057	3	4306463230	22
4057	4	141953298	17
4057	5	14436165	16
4057	6	129376536	15
4057	7	154471048	14
4057	8	1118231	12
4057	9	62468778	12
4057	10	2737168579	12
4058	1	4306463937	23
4058	2	104917558	22
4058	3	2913678714	22
4058	4	4210189194	19
4058	5	2898128736	17
4058	6	128754310	16
4058	7	4317411217	15
4058	8	2764782401	14
4058	9	4210195883	14
4058	10	2764799587	13
4059	1	4306463091	149
4059	2	4210171306	139
4059	3	4306463491	130
4059	4	4306463937	94
4059	5	4210223639	43
4059	6	4210168994	39
4059	7	4210193950	38
4059	8	20068380	31
4059	9	4210193589	18
4059	10	4306464022	18
4060	1	4393919366	45
4060	2	4306401280	41
4060	3	4317411217	28
4060	4	4210218547	16
4060	5	4306463855	13
4060	6	4387285541	13
4060	7	4210215330	12
4060	8	4210219792	12
4060	9	4210197553	11
4060	10	4210187594	10
4061	1	2738068623	47
4061	2	4306401280	31
4061	3	4210172589	25
4061	4	4306525924	15
4061	5	4306508800	14
4061	6	4306508799	12
4061	7	974534199	11
4061	8	4306463855	11
4061	9	4306507326	10
4061	10	4306401271	9
4062	1	4210197873	49
4062	2	4210218440	28
4062	3	4210230486	18
4062	4	4306463855	16
4062	5	4210197140	15
4062	6	4306463937	14
4062	7	2736872681	13
4062	8	4210238526	13
4062	9	4306402512	12
4062	10	4306463525	11
4063	1	2764375719	45
4063	2	4306463855	35
4063	3	4210172589	32
4063	4	4306463937	27
4063	5	126509178	18
4063	6	4306401271	17
4063	7	4306462995	14
4063	8	4306400194	13
4063	9	4306462964	13
4063	10	4210172897	11
4064	1	2764461748	113
4064	2	2764905038	49
4064	3	4210218689	36
4064	4	2764616245	35
4064	5	4210172589	33
4064	6	4387286324	33
4064	7	4363608155	32
4064	8	4210187899	29
4064	9	4363608452	28
4064	10	4387286325	28
4065	1	2765056216	42
4065	2	2764427656	37
4065	3	2764754086	35
4065	4	88812196	33
4065	5	2764832715	30
4065	6	4306525036	26
4065	7	4210172694	25
4065	8	2764514238	24
4065	9	2764945870	24
4065	10	2764463946	21
4066	1	2764887140	231
4066	2	2765046590	52
4066	3	2764481192	37
4066	4	104917558	24
4066	5	4210192726	23
4066	6	4210172589	18
4066	7	4306401271	17
4066	8	67326217	14
4066	9	99985186	13
4066	10	4306401280	13
4067	1	106296714	39
4067	2	128754310	16
4067	3	4306463937	16
4067	4	4306525036	15
4067	5	67072002	14
4067	6	2764900261	13
4067	7	4210179954	11
4067	8	2764825856	10
4067	9	183492911	9
4067	10	4210214645	9
4068	1	41354064	347
4068	2	4210168331	78
4068	3	133942674	67
4068	4	73388172	55
4068	5	197964166	47
4068	6	205754296	43
4068	7	80698544	41
4068	8	205050996	35
4068	9	110436767	29
4068	10	4306463937	24
4069	1	2764905038	68
4069	2	2764476468	38
4069	3	4210200475	35
4069	4	4220650844	32
4069	5	4306400194	30
4069	6	2764683503	29
4069	7	2764429214	23
4069	8	4210214851	23
4069	9	4210197772	16
4069	10	4210220700	14
4070	1	4210217308	77
4070	2	4306526374	48
4070	3	4306401280	37
4070	4	4210210905	29
4070	5	4306463937	12
4070	6	4210183169	10
4070	7	2765034566	9
4070	8	4306401271	9
4070	9	179381287	8
4070	10	4210182600	8
4071	1	2739064124	75
4071	2	4306526338	37
4071	3	4210234566	26
4071	4	4306401280	22
4071	5	4210177346	15
4071	6	4210233092	14
4071	7	4306504532	13
4071	8	4210227523	11
4071	9	4210239051	11
4071	10	4306526703	11
4072	1	145558524	186
4072	2	4306463230	119
4072	3	4306525036	49
4072	4	82112532	41
4072	5	4306463937	41
4072	6	205878144	38
4072	7	4306463075	32
4072	8	4210172139	26
4072	9	4306463421	24
4072	10	87719511	23
4073	1	4210172589	45
4073	2	159568494	27
4073	3	4306463937	23
4073	4	2764375719	19
4073	5	4306401271	19
4073	6	4306525036	17
4073	7	4210222395	16
4073	8	4306401280	16
4073	9	4306463855	12
4073	10	4306463230	11
4074	1	106296714	101
4074	2	4306463937	56
4074	3	2764900261	17
4074	4	2764905038	15
4074	5	4306463230	15
4074	6	165559636	11
4074	7	956242008	11
4074	8	4210172589	11
4074	9	2764756984	10
4074	10	71913804	9
4075	1	4210220468	106
4075	2	4210227139	64
4075	3	4306526338	36
4075	4	4210201347	30
4075	5	4210173126	25
4075	6	4306401280	24
4075	7	4210190753	23
4075	8	4210212134	23
4075	9	4210221612	18
4075	10	4210197447	15
4076	1	56172486	224
4076	2	206364941	68
4076	3	2764766352	52
4076	4	76260180	26
4076	5	4210235870	26
4076	6	2764696622	20
4076	7	4949901	19
4076	8	4210220041	19
4076	9	4210189194	18
4076	10	30184629	17
4077	1	4210172589	83
4077	2	4306463855	67
4077	3	4306463937	50
4077	4	2764375719	44
4077	5	4306463708	39
4077	6	2898453676	24
4077	7	4210171442	21
4077	8	4306464225	16
4077	9	4306527891	15
4077	10	4306401271	13
4078	1	4306525036	184
4078	2	2596394214	25
4078	3	2738950867	25
4078	4	4306402450	23
4078	5	14436165	22
4078	6	15137598	22
4078	7	192926780	16
4078	8	28966261	15
4078	9	5398819	14
4078	10	53738828	14
4079	1	4210188669	132
4079	2	131125421	64
4079	3	3764152	60
4079	4	4210234142	46
4079	5	4306463937	20
4079	6	4306524004	18
4079	7	2764390280	13
4079	8	4306463855	13
4079	9	104917558	10
4079	10	2764671384	10
4080	1	157379221	138
4080	2	4210179819	50
4080	3	4210192951	23
4080	4	4306463937	22
4080	5	4306463125	21
4080	6	4306463247	21
4080	7	4210174521	18
4080	8	4210187654	18
4080	9	4306402512	18
4080	10	196196758	17
4081	1	4210169310	216
4081	2	4210224769	93
4081	3	4306463091	93
4081	4	4306401280	67
4081	5	2764759293	49
4081	6	4210181624	45
4081	7	4210194837	45
4081	8	4306463491	40
4081	9	2739372834	39
4081	10	4306463937	37
4082	1	4210172589	81
4082	2	4306463230	42
4082	3	2764789312	20
4082	4	146707118	16
4082	5	4306401271	14
4082	6	128754310	11
4082	7	4306463937	11
4082	8	4210169156	10
4082	9	2764696622	9
4082	10	75411654	7
4083	1	2898405271	86
4083	2	51360982	73
4083	3	2898246533	55
4083	4	4306400194	52
4083	5	184954342	49
4083	6	133363738	25
4083	7	65092430	19
4083	8	96000363	18
4083	9	88061139	14
4083	10	105928092	12
4084	1	4210172589	65
4084	2	4306463855	26
4084	3	4306400194	23
4084	4	4306463937	23
4084	5	4306401271	22
4084	6	44261829	21
4084	7	2764827054	18
4084	8	4306462995	15
4084	9	2755407099	13
4084	10	4306401280	13
4085	1	4317411217	62
4085	2	4306401280	31
4085	3	4387290607	30
4085	4	4387281314	25
4085	5	4393919366	20
4085	6	4210182301	19
4085	7	4210191680	14
4085	8	4210223937	13
4085	9	4210182680	12
4085	10	4210215312	12
4086	1	4210172589	80
4086	2	4306463855	54
4086	3	2764375719	37
4086	4	4306463937	24
4086	5	4306463708	20
4086	6	4306464262	19
4086	7	2764787750	15
4086	8	4306462995	15
4086	9	142190462	14
4086	10	4306525036	13
4087	1	4317411217	38
4087	2	4306401280	25
4087	3	4306463937	23
4087	4	4306463855	17
4087	5	4210172589	16
4087	6	4210187594	16
4087	7	4387278852	15
4087	8	2764696622	12
4087	9	4210227743	12
4087	10	4393919366	11
4088	1	160800360	30
4088	2	4210172589	20
4088	3	4317411217	18
4088	4	4306401840	17
4088	5	4210172178	15
4088	6	4210210259	14
4088	7	4306463855	14
4088	8	4306463937	14
4088	9	4306463223	11
4088	10	2764689644	10
4089	1	4210167462	36
4089	2	4210173660	35
4089	3	4306463230	32
4089	4	104949663	25
4089	5	4306463937	22
4089	6	105726831	20
4089	7	105208853	19
4089	8	4306463075	19
4089	9	103229351	18
4089	10	2764375719	18
4090	1	49861241	63
4090	2	117204931	42
4090	3	4306525036	42
4090	4	192814187	36
4090	5	4210172589	25
4090	6	4393917726	22
4090	7	77607499	19
4090	8	4210239295	19
4090	9	4306463855	19
4090	10	4306463937	19
4091	1	4210175061	100
4091	2	4306519406	88
4091	3	4306524771	65
4091	4	169219760	43
4091	5	4220650844	35
4091	6	4306534746	32
4091	7	4306534995	25
4091	8	4210172676	23
4091	9	4306522979	19
4091	10	4306506147	18
4092	1	4306463708	73
4092	2	4306463937	67
4092	3	184888067	63
4092	4	26308392	59
4092	5	4306463855	47
4092	6	4306463716	34
4092	7	4306462995	30
4092	8	2764375719	29
4092	9	22755053	24
4092	10	2738733848	22
4093	1	4306401271	111
4093	2	4210172589	59
4093	3	4306525036	57
4093	4	4306402450	28
4093	5	2764876480	19
4093	6	4306463855	16
4093	7	4306463937	13
4093	8	4210240710	12
4093	9	4317411217	12
4093	10	4306401280	11
4094	1	4210172589	622
4094	2	4306401271	163
4094	3	4306463708	36
4094	4	4306462995	25
4094	5	4306463223	25
4094	6	4306463855	25
4094	7	4306463937	17
4094	8	16035445	15
4094	9	4306528643	12
4094	10	4306463716	10
4095	1	4210223424	84
4095	2	4210172589	24
4095	3	4306463855	24
4095	4	4306463708	21
4095	5	4306463937	20
4095	6	2764375719	19
4095	7	4210181908	17
4095	8	4306401280	17
4095	9	4306463716	16
4095	10	57783494	14
4096	1	4210211113	189
4096	2	4306401280	85
4096	3	20440071	81
4096	4	4210201884	73
4096	5	4306535801	45
4096	6	4210202294	36
4096	7	14913209	23
4096	8	67425620	19
4096	9	4210181519	19
4096	10	158178784	18
4097	1	4306463937	48
4097	2	2739064124	39
4097	3	2739237874	28
4097	4	4306401280	27
4097	5	4210234566	24
4097	6	5191015	17
4097	7	4210167575	16
4097	8	4210184977	16
4097	9	4306486118	15
4097	10	4210189768	14
4098	1	4210216571	82
4098	2	2764905038	57
4098	3	4210169156	49
4098	4	4306507326	19
4098	5	4210207561	16
4098	6	42446796	15
4098	7	4306463409	13
4098	8	2764965669	12
4098	9	4210187594	10
4098	10	4210179954	9
4099	1	41354064	240
4099	2	4210168331	139
4099	3	4306463937	50
4099	4	27298842	39
4099	5	46134040	38
4099	6	110436767	38
4099	7	133942674	29
4099	8	108911230	21
4099	9	115241099	20
4099	10	95954025	19
4100	1	4387288571	91
4100	2	4387287557	31
4100	3	4387280997	27
4100	4	4210218856	20
4100	5	2736976235	17
4100	6	4387285573	17
4100	7	4210240886	16
4100	8	2736858385	15
4100	9	4306486511	15
4100	10	2764754086	13
4101	1	137551407	83
4101	2	2764385719	46
4101	3	2764646233	34
4101	4	2764375719	31
4101	5	4306463937	21
4101	6	4306462995	19
4101	7	4210186262	15
4101	8	138564541	13
4101	9	4210171706	13
4101	10	4306462964	13
4102	1	4210172589	190
4102	2	94967567	77
4102	3	126564611	61
4102	4	4306462995	51
4102	5	2764853378	45
4102	6	4306463091	43
4102	7	9871798	41
4102	8	4306463937	40
4102	9	4210199208	29
4102	10	127459061	26
4103	1	4210172589	47
4103	2	4306463937	32
4103	3	4306525036	22
4103	4	3394804	19
4103	5	4317411217	17
4103	6	4306463855	15
4103	7	4306463230	13
4103	8	4210185096	12
4103	9	4306401271	11
4103	10	4306401280	11
4104	1	4306401280	35
4104	2	4306531300	33
4104	3	184263677	29
4104	4	4306533930	19
4104	5	4306525036	14
4104	6	4306533744	12
4104	7	2737133040	10
4104	8	4210214779	9
4104	9	4306521202	9
4104	10	4306463855	8
4105	1	4306401280	28
4105	2	4393919366	27
4105	3	2738758080	26
4105	4	4317411217	24
4105	5	4210210140	18
4105	6	4210172059	16
4105	7	4210225333	16
4105	8	4210180051	15
4105	9	4210195883	15
4105	10	2764696622	12
4106	1	4317411217	25
4106	2	4306463937	24
4106	3	4306463075	13
4106	4	4210189194	12
4106	5	4210199489	12
4106	6	45645249	11
4106	7	2482508668	11
4106	8	4306400194	11
4106	9	135345724	10
4106	10	2764696622	10
4107	1	2764375719	56
4107	2	4306463937	31
4107	3	4210172589	20
4107	4	4306463855	18
4107	5	4306401280	16
4107	6	4306514307	13
4107	7	4306400194	11
4107	8	4306463717	11
4107	9	4295686	10
4107	10	19713811	9
4108	1	4386621849	54
4108	2	4306401280	36
4108	3	4306488297	26
4108	4	4210204807	25
4108	5	4210195463	24
4108	6	4210238988	22
4108	7	4210169158	21
4108	8	4306510900	18
4108	9	4210203542	17
4108	10	4210206257	16
4109	1	36922967	70
4109	2	4306463151	47
4109	3	4306463855	45
4109	4	4306462995	44
4109	5	4306463716	44
4109	6	4306463708	37
4109	7	4306463937	26
4109	8	2764375719	23
4109	9	2765052837	22
4109	10	4306462964	20
4110	1	4317411217	58
4110	2	4306401280	39
4110	3	4393919366	21
4110	4	4210188085	14
4110	5	4210181623	13
4110	6	4210222849	13
4110	7	4210203403	12
4110	8	4210239129	12
4110	9	2736668585	11
4110	10	4210172589	11
4111	1	4210172589	24
4111	2	4306463937	23
4111	3	4306400194	17
4111	4	4306401280	15
4111	5	4210240624	14
4111	6	156070145	12
4111	7	2764898922	12
4111	8	4306463091	12
4111	9	4306463075	10
4111	10	4306463855	10
4112	1	4210172589	225
4112	2	4306401271	63
4112	3	4306463855	49
4112	4	2764857355	32
4112	5	4306463937	29
4112	6	2764375719	23
4112	7	4306401280	18
4112	8	75440718	11
4112	9	4306463716	11
4112	10	4210237797	9
4113	1	4210172589	71
4113	2	4317411217	31
4113	3	4210185500	30
4113	4	4210205371	27
4113	5	4306401280	23
4113	6	4306508607	23
4113	7	4306401271	15
4113	8	4306463855	14
4113	9	4210182286	13
4113	10	4210210058	12
4114	1	4306463937	60
4114	2	4306463855	42
4114	3	117564099	35
4114	4	2765033224	34
4114	5	4306463716	18
4114	6	139573839	16
4114	7	77333486	14
4114	8	4306401280	13
4114	9	4306462964	13
4114	10	47556193	12
4115	1	167080051	55
4115	2	4210172589	54
4115	3	35203962	37
4115	4	140252737	34
4115	5	4210208790	26
4115	6	4306507962	26
4115	7	4210175593	23
4115	8	4306401280	23
4115	9	2738393559	22
4115	10	4210182119	19
4116	1	103229351	30
4116	2	4306401280	24
4116	3	4317411217	21
4116	4	4210213086	17
4116	5	179591353	12
4116	6	2764375719	12
4116	7	4306463937	12
4116	8	8178725	11
4116	9	2764645683	11
4116	10	4306463855	10
4117	1	4220651897	385
4117	2	133646729	176
4117	3	4387279587	22
4117	4	183492911	18
4117	5	4306462866	18
4117	6	128536549	15
4117	7	98208149	10
4117	8	4306463937	7
4117	9	4306463075	6
4117	10	143744711	4
4118	1	4306463937	187
4118	2	4306464262	92
4118	3	4306401271	74
4118	4	136689770	40
4118	5	4306520039	33
4118	6	202177710	31
4118	7	4306463307	22
4118	8	11350316	15
4118	9	33786796	15
4118	10	4306508189	15
4119	1	4210195883	55
4119	2	4210210066	40
4119	3	4306401280	25
4119	4	4317411217	25
4119	5	88529193	22
4119	6	4210193337	18
4119	7	4210186507	14
4119	8	4210214987	12
4119	9	4210228432	12
4119	10	4210186523	11
4120	1	86852077	41
4120	2	4306463937	30
4120	3	145089992	29
4120	4	4306525036	28
4120	5	4306463230	27
4120	6	203465130	26
4120	7	13479253	21
4120	8	87561820	21
4120	9	201530359	21
4120	10	106502101	16
4121	1	4210167887	34
4121	2	4306463937	19
4121	3	940875091	15
4121	4	4210172589	15
4121	5	4306463855	15
4121	6	4317411217	15
4121	7	4306401280	14
4121	8	4306540345	13
4121	9	4210190766	11
4121	10	4210229140	11
4122	1	4210207504	32
4122	2	4210183452	24
4122	3	4306463855	24
4122	4	4387278973	20
4122	5	4210170505	19
4122	6	4306401280	17
4122	7	4210172589	15
4122	8	4387278972	14
4122	9	4387278584	13
4122	10	4317411217	11
4123	1	4306463855	93
4123	2	4306463122	82
4123	3	4306463937	62
4123	4	4306463708	56
4123	5	2764375719	13
4123	6	4306462964	13
4123	7	4306462911	11
4123	8	4306462995	10
4123	9	4306463716	10
4123	10	4306463717	10
4124	1	4306401280	38
4124	2	4210209032	19
4124	3	127986950	13
4124	4	4210206420	12
4124	5	2739064124	11
4124	6	4306486912	11
4124	7	4306508163	11
4124	8	4306525036	11
4124	9	4306463937	10
4124	10	4306509942	9
4125	1	4317411217	38
4125	2	4210235133	23
4125	3	4306401271	22
4125	4	2765027185	17
4125	5	4306463855	17
4125	6	4210198257	16
4125	7	4210172589	15
4125	8	2764375719	14
4125	9	4306401280	14
4125	10	4393919366	11
4126	1	14436165	123
4126	2	4306525036	75
4126	3	27359860	23
4126	4	36000085	16
4126	5	4306401280	15
4126	6	180106345	13
4126	7	2764678925	11
4126	8	4210188702	11
4126	9	4210223348	11
4126	10	137832324	10
4127	1	4210195883	98
4127	2	4317411217	45
4127	3	4306401280	36
4127	4	4210203466	35
4127	5	4210216382	15
4127	6	2764696622	14
4127	7	2765054005	14
4127	8	4210179227	14
4127	9	4210212148	13
4127	10	4210227813	13
4128	1	4306463937	276
4128	2	4210187769	68
4128	3	4306400194	57
4128	4	2764696622	22
4128	5	67716761	18
4128	6	172406362	18
4128	7	4210227409	16
4128	8	4306463230	16
4128	9	19980739	15
4128	10	4210202549	13
4129	1	4306463937	224
4129	2	4306401271	87
4129	3	4210172589	71
4129	4	4210176779	36
4129	5	4306464262	31
4129	6	4306463091	29
4129	7	4210197341	23
4129	8	2764893975	22
4129	9	5486590	15
4129	10	4306463855	15
4130	1	75440718	37
4130	2	4210172589	32
4130	3	4306463855	24
4130	4	4306401271	20
4130	5	4306463937	19
4130	6	4306402512	15
4130	7	4210208320	14
4130	8	4306401280	14
4130	9	2764513295	13
4130	10	2764388918	11
4131	1	4210185062	27
4131	2	4306463855	27
4131	3	2764375719	25
4131	4	4306463091	25
4131	5	4306463937	25
4131	6	4306462995	24
4131	7	4306463708	24
4131	8	4306462964	18
4131	9	4306463717	16
4131	10	157203879	15
4132	1	4306511783	146
4132	2	4306401280	29
4132	3	4317411217	29
4132	4	4210195883	25
4132	5	4210172589	13
4132	6	2764696622	11
4132	7	4220651523	10
4132	8	4210170607	8
4132	9	4210196664	8
4132	10	4210198799	8
4133	1	4210172589	94
4133	2	4306463667	28
4133	3	4306463937	27
4133	4	4306463855	26
4133	5	75440718	18
4133	6	154770346	14
4133	7	4306401271	14
4133	8	4306462995	12
4133	9	196738966	10
4133	10	4306463664	10
4134	1	4210201204	40
4134	2	4306525036	38
4134	3	94779792	33
4134	4	192539729	29
4134	5	4210237309	21
4134	6	4210233421	20
4134	7	4306463937	20
4134	8	182700976	15
4134	9	4210197446	15
4134	10	4210196361	14
4135	1	4306525036	46
4135	2	105208853	37
4135	3	4306463230	35
4135	4	4306463937	23
4135	5	105183386	22
4135	6	4210174953	17
4135	7	4306400194	17
4135	8	4306401280	16
4135	9	183492911	14
4135	10	101987544	13
4136	1	4210234711	50
4136	2	30403725	20
4136	3	4306478302	18
4136	4	4210210386	17
4136	5	4210187594	16
4136	6	21299528	14
4136	7	4306463937	14
4136	8	6089302	13
4136	9	2764539367	12
4136	10	2764740476	12
4137	1	4306517745	166
4137	2	4210181398	154
4137	3	4210191708	121
4137	4	4210197738	105
4137	5	2764903676	84
4137	6	2764997579	54
4137	7	35861910	49
4137	8	2911711721	35
4137	9	4210239551	27
4137	10	1363876	26
4138	1	4306463937	32
4138	2	4306463075	30
4138	3	4306533389	29
4138	4	4210172589	21
4138	5	4210227761	20
4138	6	4306463230	20
4138	7	4306518851	19
4138	8	4210211278	12
4138	9	4306401280	12
4138	10	4210225827	10
4139	1	4210187594	35
4139	2	235346	27
4139	3	4210209777	22
4139	4	152111507	18
4139	5	120683614	16
4139	6	4306463937	16
4139	7	130567056	15
4139	8	10134376	14
4139	9	96783963	14
4139	10	2764905038	14
4140	1	4306463937	73
4140	2	4306463855	57
4140	3	4306462995	32
4140	4	4210172589	31
4140	5	30699777	26
4140	6	4306463716	22
4140	7	2764866836	21
4140	8	4306463708	21
4140	9	2764375719	20
4140	10	131679521	19
4141	1	4306463855	61
4141	2	4306462995	38
4141	3	4306463708	38
4141	4	2764375719	31
4141	5	4306463716	31
4141	6	4306462964	26
4141	7	4306463937	26
4141	8	4210172589	19
4141	9	52863871	16
4141	10	120889147	14
4142	1	4210172589	102
4142	2	4306531004	84
4142	3	4306463855	34
4142	4	4317411217	31
4142	5	153806943	30
4142	6	4306462995	30
4142	7	4306463937	29
4142	8	4306463708	23
4142	9	2764375719	19
4142	10	4306463717	18
4143	1	4210172589	107
4143	2	4306401271	104
4143	3	4306400194	48
4143	4	4306463937	33
4143	5	202381698	27
4143	6	4306463855	21
4143	7	4210171147	20
4143	8	196734849	17
4143	9	4306464009	17
4143	10	195231649	16
4144	1	4306525036	174
4144	2	96638545	24
4144	3	89339265	22
4144	4	81474683	19
4144	5	6525137	18
4144	6	4306402450	16
4144	7	132108250	15
4144	8	118428158	13
4144	9	28966261	12
4144	10	62532593	12
4145	1	4317411217	25
4145	2	4306401280	17
4145	3	4393919366	15
4145	4	4210237956	14
4145	5	2764696622	12
4145	6	4306463855	11
4145	7	4306515648	9
4145	8	4306516637	9
4145	9	4210172589	8
4145	10	4306525036	8
4146	1	4317411217	199
4146	2	4210221029	128
4146	3	4210210567	118
4146	4	4210168923	54
4146	5	4210228746	43
4146	6	2912074200	39
4146	7	4210225517	31
4146	8	71934726	30
4146	9	4387286638	29
4146	10	2764660199	27
4147	1	2764884217	94
4147	2	4306463937	36
4147	3	10134376	31
4147	4	106296714	17
4147	5	4210172589	15
4147	6	4306463855	14
4147	7	4210224919	13
4147	8	4306402512	13
4147	9	4220651532	10
4147	10	4306401280	10
4148	1	4306463937	38
4148	2	4306463855	37
4148	3	2764375719	32
4148	4	4306463091	26
4148	5	104501681	22
4148	6	4306463708	21
4148	7	4393919075	17
4148	8	4306463122	16
4148	9	4306463491	14
4148	10	4306463716	14
4149	1	4210169822	59
4149	2	27514580	31
4149	3	4210213244	20
4149	4	2737523035	19
4149	5	4306462964	17
4149	6	4306509847	17
4149	7	4306463937	16
4149	8	4306401280	14
4149	9	71612694	13
4149	10	117649290	12
4150	1	70979998	36
4150	2	4306463937	29
4150	3	134644764	28
4150	4	158228368	22
4150	5	41354064	18
4150	6	4306463075	16
4150	7	4306463230	15
4150	8	98026630	14
4150	9	63783143	13
4150	10	153285774	13
4151	1	4306401280	27
4151	2	205053445	17
4151	3	2764375719	15
4151	4	4306463937	15
4151	5	4306402512	14
4151	6	163506364	12
4151	7	2739064124	11
4151	8	103229351	9
4151	9	4306464216	9
4151	10	4306463091	8
4152	1	4306525036	164
4152	2	4306463937	29
4152	3	4306401280	28
4152	4	4210172589	20
4152	5	4306463855	19
4152	6	4306401271	14
4152	7	4317411217	12
4152	8	4210238217	11
4152	9	4306400194	10
4152	10	15239247	9
4153	1	4306463855	50
4153	2	4210172589	35
4153	3	4210215985	25
4153	4	2765017008	15
4153	5	4317411217	14
4153	6	2764375719	13
4153	7	4306464262	13
4153	8	4306463937	11
4153	9	4306525036	11
4153	10	4210209736	10
4154	1	4306504014	39
4154	2	4306401271	38
4154	3	4210172589	37
4154	4	4210167977	31
4154	5	4306522965	24
4154	6	4306401280	21
4154	7	4210170443	15
4154	8	4306531023	15
4154	9	4306522964	14
4154	10	4306531060	14
4155	1	4210187594	61
4155	2	195663827	56
4155	3	143715161	21
4155	4	4210216571	18
4155	5	4210195883	17
4155	6	72372694	15
4155	7	178238111	15
4155	8	4210179954	15
4155	9	4210198433	13
4155	10	4210209777	13
4156	1	2764760260	225
4156	2	2946866068	94
4156	3	2764920659	72
4156	4	2913889705	46
4156	5	129278335	41
4156	6	130039360	41
4156	7	207434420	33
4156	8	93626530	31
4156	9	2913070020	31
4156	10	4210184469	29
4157	1	5832799	37
4157	2	60589374	37
4157	3	2764842131	23
4157	4	4306525036	23
4157	5	2764716694	20
4157	6	2764841300	18
4157	7	4306500339	17
4157	8	2764967373	16
4157	9	4306529288	16
4157	10	2764635829	15
4158	1	183492911	302
4158	2	2764734955	63
4158	3	4210218867	51
4158	4	4210212500	44
4158	5	49050747	41
4158	6	4363604596	37
4158	7	4210216686	34
4158	8	950076683	29
4158	9	197797711	27
4158	10	2764877685	27
4159	1	4210229140	74
4159	2	4210197101	72
4159	3	2764710965	51
4159	4	4210220879	30
4159	5	4210182473	26
4159	6	4210208966	26
4159	7	4210241094	26
4159	8	2736393969	23
4159	9	4210240842	22
4159	10	4210187115	19
4160	1	4306463937	67
4160	2	124453322	62
4160	3	134216166	28
4160	4	4306463075	27
4160	5	18195182	26
4160	6	4306463855	22
4160	7	4306462964	16
4160	8	174382924	15
4160	9	4306463230	12
4160	10	10134376	10
4161	1	4306401280	38
4161	2	4317411217	32
4161	3	4387284801	28
4161	4	4210181424	17
4161	5	4210232247	17
4161	6	4210172589	14
4161	7	4210179027	12
4161	8	4393919366	12
4161	9	4210209736	11
4161	10	94618080	9
4162	1	4306463708	116
4162	2	4210176545	43
4162	3	4306462995	36
4162	4	4306462964	30
4162	5	2764375719	27
4162	6	4306463091	19
4162	7	4306463705	18
4162	8	4210229667	15
4162	9	4306401280	15
4162	10	4306463855	13
4163	1	183492911	82
4163	2	4210230702	39
4163	3	4306503539	31
4163	4	4306400194	29
4163	5	4306496610	26
4163	6	97779488	24
4163	7	4306514607	18
4163	8	189694085	16
4163	9	4306463937	16
4163	10	101949793	15
4164	1	4363604106	212
4164	2	4306463230	32
4164	3	4306463937	32
4164	4	4210172589	24
4164	5	56205983	22
4164	6	4306521389	19
4164	7	4210195767	17
4164	8	132226890	14
4164	9	58516903	13
4164	10	105811054	13
4165	1	4306525036	96
4165	2	191417626	51
4165	3	106546978	27
4165	4	153867169	22
4165	5	4306402450	22
4165	6	38008053	18
4165	7	196734849	16
4165	8	202381698	12
4165	9	70396342	11
4165	10	107442880	11
4166	1	4306401271	164
4166	2	4210172589	125
4166	3	4306463937	111
4166	4	11350316	41
4166	5	4306512882	40
4166	6	4306511623	17
4166	7	4306463855	15
4166	8	4306518851	12
4166	9	59289252	11
4166	10	4306463091	11
4167	1	4306463937	201
4167	2	4306464022	75
4167	3	4210173208	54
4167	4	4306463091	52
4167	5	4306463667	45
4167	6	4306464262	40
4167	7	4210172589	25
4167	8	4210178095	24
4167	9	4306463308	17
4167	10	4306463307	16
4168	1	4210174372	167
4168	2	4210223208	110
4168	3	4210172589	38
4168	4	4306401280	25
4168	5	4210186782	13
4168	6	4317411217	13
4168	7	4210207973	12
4168	8	4306463937	11
4168	9	4306525036	10
4168	10	2736492699	8
4169	1	4210182038	34
4169	2	4210172589	30
4169	3	4306401280	23
4169	4	4210188874	20
4169	5	4306463769	19
4169	6	4306490186	15
4169	7	4306507962	14
4169	8	4210200304	11
4169	9	4306463131	11
4169	10	4210196923	8
4170	1	4306463091	63
4170	2	4210175610	42
4170	3	4306462995	39
4170	4	4210172589	38
4170	5	4306463855	38
4170	6	4306463937	31
4170	7	4306462964	30
4170	8	4306463708	26
4170	9	2764375719	18
4170	10	4306463716	12
4171	1	4210172589	56
4171	2	2764964327	27
4171	3	4210236515	26
4171	4	2738249014	25
4171	5	4210173088	23
4171	6	4210229585	20
4171	7	4210239099	20
4171	8	4306463937	19
4171	9	4210169156	17
4171	10	4210173357	17
4172	1	147989425	68
4172	2	32973941	52
4172	3	4306401280	43
4172	4	4306462995	34
4172	5	179037442	24
4172	6	121660858	21
4172	7	71612694	16
4172	8	4210188114	15
4172	9	4210215706	15
4172	10	4306463937	15
4173	1	4306463937	39
4173	2	107880978	28
4173	3	4210172589	25
4173	4	131312063	21
4173	5	4306463855	19
4173	6	112495630	16
4173	7	21220828	15
4173	8	187602988	15
4173	9	4210181989	15
4173	10	68632876	14
4174	1	4387279188	43
4174	2	4387279156	36
4174	3	4387279190	32
4174	4	4387278968	24
4174	5	2764696622	14
4174	6	4306463937	14
4174	7	4210187594	13
4174	8	4387278967	13
4174	9	4317411217	12
4174	10	2764566388	11
4175	1	4210236489	73
4175	2	2764461748	69
4175	3	2764905038	59
4175	4	4210169156	54
4175	5	106296714	37
4175	6	4306463937	23
4175	7	4210169549	22
4175	8	4220651900	22
4175	9	2764696622	20
4175	10	4306463855	17
4176	1	4306463855	301
4176	2	2764375719	28
4176	3	205589970	26
4176	4	4306463708	24
4176	5	2764747195	23
4176	6	4306463937	16
4176	7	4210172589	14
4176	8	4317411217	12
4176	9	4210208841	10
4176	10	4210193241	9
4177	1	64507413	89
4177	2	62230230	82
4177	3	4210195883	79
4177	4	106561314	42
4177	5	4210224389	28
4177	6	4210186093	27
4177	7	88311632	22
4177	8	182375677	19
4177	9	4210192655	19
4177	10	2765016513	18
4178	1	8769786	88
4178	2	4210225552	45
4178	3	122833416	26
4178	4	4210220424	22
4178	5	198573919	21
4178	6	4210172589	21
4178	7	4306463937	20
4178	8	4210223188	19
4178	9	2738126403	14
4178	10	4210187929	12
4179	1	4210195883	36
4179	2	4317411217	34
4179	3	4210181041	24
4179	4	4306401280	23
4179	5	4210222684	19
4179	6	2764696622	18
4179	7	4210189078	15
4179	8	4210216200	15
4179	9	4393919366	14
4179	10	4210182631	13
4180	1	4210172589	83
4180	2	2735436124	48
4180	3	4306463937	44
4180	4	24190753	39
4180	5	4306463855	20
4180	6	2764975523	16
4180	7	4306401280	16
4180	8	180105601	13
4180	9	4210183214	13
4180	10	4210202386	12
4181	1	4210172589	37
4181	2	4306463855	31
4181	3	4306463717	30
4181	4	4306463937	23
4181	5	2764375719	19
4181	6	2764760285	18
4181	7	101267242	17
4181	8	187318745	17
4181	9	24469833	13
4181	10	71257975	13
4182	1	4210177413	27
4182	2	4210187594	24
4182	3	15272795	22
4182	4	2764696622	20
4182	5	4317411217	13
4182	6	4306401280	11
4182	7	4210169156	10
4182	8	4306463855	10
4182	9	4306525036	10
4182	10	32326811	9
4183	1	4306401271	113
4183	2	4210172589	45
4183	3	4210238386	27
4183	4	4306401280	26
4183	5	2764881238	13
4183	6	2764905038	11
4183	7	4210207244	11
4183	8	2764352250	10
4183	9	4306462995	10
4183	10	4306463937	10
4184	1	4306502974	43
4184	2	4306551476	43
4184	3	4210189346	35
4184	4	154732359	23
4184	5	2737696269	23
4184	6	67425620	19
4184	7	87940674	18
4184	8	96167972	18
4184	9	16737290	17
4184	10	152303250	15
4185	1	2765013392	56
4185	2	4210172589	38
4185	3	2764375719	23
4185	4	2764682461	23
4185	5	4306463937	18
4185	6	4306401271	15
4185	7	2764539367	12
4185	8	4306463855	12
4185	9	4306401280	11
4185	10	179017329	10
4186	1	60865174	66
4186	2	4210200750	57
4186	3	4210201381	54
4186	4	4306463775	31
4186	5	4210168362	28
4186	6	4210173118	22
4186	7	4306463855	22
4186	8	4306402512	19
4186	9	4306463708	19
4186	10	4210172589	18
4187	1	2764696622	30
4187	2	4306401280	26
4187	3	4210172087	13
4187	4	4210205108	12
4187	5	4210227089	12
4187	6	4210195883	10
4187	7	4317411217	10
4187	8	4210190275	9
4187	9	4210193425	9
4187	10	4210200385	9
4188	1	4306401280	28
4188	2	4210172589	24
4188	3	4306401271	23
4188	4	4306463855	15
4188	5	4306462995	11
4188	6	4317411217	11
4188	7	44595396	10
4188	8	2738024636	9
4188	9	4306500099	8
4188	10	4306463091	7
4189	1	2764696622	103
4189	2	4210189194	86
4189	3	4306525036	28
4189	4	4210227477	24
4189	5	104698359	22
4189	6	4210202658	20
4189	7	186193465	16
4189	8	36000085	14
4189	9	4306463937	12
4189	10	46058507	10
4190	1	181027741	89
4190	2	2764375719	36
4190	3	4306463937	34
4190	4	4210172589	31
4190	5	4306463855	30
4190	6	4210196962	24
4190	7	4210219728	20
4190	8	4210173577	12
4190	9	104733706	11
4190	10	4210222384	11
4191	1	967022297	88
4191	2	4210197385	48
4191	3	4306517965	37
4191	4	4306401280	31
4191	5	4210192166	17
4191	6	4210203165	15
4191	7	4210221485	14
4191	8	4210239112	14
4191	9	2736398691	13
4191	10	4210175318	13
4192	1	2764375719	63
4192	2	4306463855	43
4192	3	4306463937	26
4192	4	4306462995	24
4192	5	4210172589	16
4192	6	4210223450	13
4192	7	2738791962	12
4192	8	4210179985	11
4192	9	4306401280	11
4192	10	4306509074	11
4193	1	4306463091	109
4193	2	4306463491	104
4193	3	4306463937	52
4193	4	4306462964	44
4193	5	4306463855	34
4193	6	4306464022	34
4193	7	4306462966	32
4193	8	2764375719	24
4193	9	98916771	19
4193	10	141333782	19
4194	1	4306525036	54
4194	2	134644764	30
4194	3	108911230	25
4194	4	69191326	22
4194	5	10623703	15
4194	6	15444899	15
4194	7	27638457	13
4194	8	41354064	13
4194	9	44811770	13
4194	10	39653451	12
4195	1	4210172589	62
4195	2	4306463937	33
4195	3	2764375719	24
4195	4	4306463855	16
4195	5	4210237463	11
4195	6	4306401280	11
4195	7	4306462995	11
4195	8	4306463091	10
4195	9	124444490	8
4195	10	157638965	8
4196	1	4210172589	56
4196	2	2883122597	48
4196	3	4306463937	39
4196	4	4306401271	37
4196	5	4306462995	26
4196	6	4306463855	24
4196	7	2764375719	17
4196	8	4306400194	14
4196	9	4306401280	13
4196	10	4210187900	9
4197	1	170652729	55
4197	2	4210234338	31
4197	3	4306508922	25
4197	4	967022297	24
4197	5	4306401280	23
4197	6	955875	20
4197	7	4210234106	18
4197	8	4306462964	16
4197	9	4210175318	14
4197	10	129965973	13
4198	1	4306401280	40
4198	2	2738397455	36
4198	3	4317411217	14
4198	4	4210190649	12
4198	5	4210198402	12
4198	6	4210232342	12
4198	7	2738967426	9
4198	8	4210217927	8
4198	9	26543813	7
4198	10	4210172589	7
4199	1	4306463937	50
4199	2	4306464237	22
4199	3	4306463708	18
4199	4	4306463855	18
4199	5	4306463230	15
4199	6	4306525036	15
4199	7	205878144	14
4199	8	4306462995	13
4199	9	4387279247	13
4199	10	192059020	12
4200	1	4306463937	43
4200	2	4210172589	32
4200	3	4317411217	24
4200	4	4306463855	22
4200	5	951853888	21
4200	6	4210217970	18
4200	7	121755651	17
4200	8	4306401280	15
4200	9	4306464022	15
4200	10	2764375719	13
4201	1	4306463937	79
4201	2	130340731	50
4201	3	4306463855	35
4201	4	4306463871	29
4201	5	114567169	24
4201	6	4306463716	24
4201	7	4306401280	20
4201	8	125130336	19
4201	9	4210190512	16
4201	10	4210172589	12
4202	1	4306504995	87
4202	2	4210169186	68
4202	3	4317411217	22
4202	4	4210172589	20
4202	5	4306401280	20
4202	6	4306509005	17
4202	7	4210221116	11
4202	8	4306463855	11
4202	9	4387287006	11
4202	10	4210176350	8
4203	1	2764638547	134
4203	2	4210204355	40
4203	3	2765031898	27
4203	4	4210176376	27
4203	5	4306515752	26
4203	6	4210172596	21
4203	7	2764486499	20
4203	8	2913637855	19
4203	9	2764402380	18
4203	10	4210218638	18
4204	1	2898407351	60
4204	2	95954025	51
4204	3	4949901	46
4204	4	4210189194	32
4204	5	4210208990	32
4204	6	67425620	27
4204	7	73388172	27
4204	8	4210203798	27
4204	9	4210241011	27
4204	10	4210195883	21
4205	1	4306401280	38
4205	2	4317411217	38
4205	3	956840341	19
4205	4	4210191118	13
4205	5	41416626	11
4205	6	4210172589	11
4205	7	4306401271	11
4205	8	4306463937	8
4205	9	4210167654	7
4205	10	4306463131	7
4206	1	4210196815	68
4206	2	31525657	40
4206	3	4306463122	35
4206	4	2739064124	27
4206	5	2764375719	18
4206	6	4210172589	18
4206	7	4306500656	17
4206	8	4306463855	15
4206	9	4306463708	12
4206	10	4317411217	12
4207	1	4210200200	142
4207	2	2764701872	77
4207	3	4306463855	48
4207	4	4210197809	33
4207	5	4306463937	30
4207	6	16240985	26
4207	7	4210176587	24
4207	8	135873401	19
4207	9	2737405666	18
4207	10	4306530997	15
4208	1	2898398420	42
4208	2	4306462964	24
4208	3	73780650	22
4208	4	4306463797	21
4208	5	2737523035	16
4208	6	2898571664	15
4208	7	124048381	14
4208	8	4306402512	13
4208	9	4210221979	12
4208	10	4306463125	12
4209	1	4306525036	143
4209	2	4210172589	59
4209	3	4306464262	32
4209	4	4306463708	27
4209	5	4306401280	25
4209	6	4306463937	24
4209	7	4306401271	23
4209	8	64923111	20
4209	9	4210200321	19
4209	10	106296714	14
4210	1	4306462964	143
4210	2	4306463091	83
4210	3	4306463708	45
4210	4	4306463855	34
4210	5	170652729	26
4210	6	4306463333	25
4210	7	143948917	23
4210	8	89912719	21
4210	9	4306463877	20
4210	10	4306464232	20
4211	1	4210172589	73
4211	2	2764691195	39
4211	3	4306463937	33
4211	4	4306463855	27
4211	5	2764375719	22
4211	6	2764595956	17
4211	7	4317411217	14
4211	8	2764820603	13
4211	9	4210171597	12
4211	10	4210230611	11
4212	1	4306525036	73
4212	2	4393917726	44
4212	3	200437886	31
4212	4	79054089	29
4212	5	89353230	28
4212	6	27214173	23
4212	7	8081180	22
4212	8	153257185	20
4212	9	15239247	18
4212	10	4306402450	18
4213	1	4306401271	53
4213	2	4210223446	45
4213	3	4306463937	36
4213	4	4210172589	28
4213	5	4306463855	20
4213	6	4210232943	19
4213	7	39035569	14
4213	8	4210225736	14
4213	9	4306401280	13
4213	10	127917940	12
4214	1	4210202285	94
4214	2	4306463937	59
4214	3	2737020672	46
4214	4	127523745	20
4214	5	179591353	18
4214	6	4306499397	17
4214	7	4306499413	16
4214	8	4306499376	13
4214	9	4306463230	12
4214	10	4306499427	12
4215	1	4306463230	50
4215	2	4306463937	25
4215	3	4306401280	20
4215	4	4306463075	14
4215	5	4210203317	12
4215	6	48710431	10
4215	7	4306400194	10
4215	8	128754310	8
4215	9	2764476468	8
4215	10	149373597	7
4216	1	4210174425	44
4216	2	4210185510	43
4216	3	4210227292	41
4216	4	4317411217	34
4216	5	4210182618	25
4216	6	4210239334	25
4216	7	4387287738	22
4216	8	4210198570	19
4216	9	4210197226	17
4216	10	4210169989	15
4217	1	2764507000	159
4217	2	2764375719	49
4217	3	4306462995	49
4217	4	4210196138	42
4217	5	4210185036	36
4217	6	4306462929	25
4217	7	4306463855	25
4217	8	2739064124	13
4217	9	4210172589	13
4217	10	4306401280	12
4218	1	4210172589	21
4218	2	4306401280	21
4218	3	95587881	14
4218	4	4210187591	12
4218	5	4306463855	12
4218	6	4210205533	11
4218	7	4306463377	10
4218	8	4317411217	10
4218	9	2764725461	8
4218	10	4306401271	7
4219	1	16659855	37
4219	2	4306401271	29
4219	3	201731998	27
4219	4	2764927161	24
4219	5	4306401280	22
4219	6	4210172589	21
4219	7	4306463855	21
4219	8	4210195883	19
4219	9	175110998	18
4219	10	57293400	17
4220	1	15239247	24
4220	2	4306463937	17
4220	3	61509166	16
4220	4	147670119	16
4220	5	4306463223	16
4220	6	4306463855	16
4220	7	4306525036	16
4220	8	9692511	15
4220	9	1027187413	13
4220	10	182336501	12
4221	1	4210172589	43
4221	2	4210173328	37
4221	3	4306463937	34
4221	4	2764462580	27
4221	5	4210209029	26
4221	6	4306463409	26
4221	7	49393431	17
4221	8	2765035252	16
4221	9	4306525036	16
4221	10	36114782	12
4222	1	4210231441	35
4222	2	2764652709	33
4222	3	2764660199	30
4222	4	4210172589	29
4222	5	4210170480	24
4222	6	4210171740	24
4222	7	4306463937	23
4222	8	4210221367	22
4222	9	4210239588	18
4222	10	2764469305	16
4223	1	128164250	109
4223	2	4306401271	66
4223	3	4306463937	48
4223	4	2764375719	29
4223	5	95371767	27
4223	6	4306463855	24
4223	7	4210172589	18
4223	8	4306464194	14
4223	9	4306463708	12
4223	10	4306462995	11
4224	1	4363604106	75
4224	2	183492911	37
4224	3	4306463937	30
4224	4	4306463230	23
4224	5	4210172589	20
4224	6	202680183	19
4224	7	4306463075	15
4224	8	125705681	14
4224	9	166351637	11
4224	10	4210195883	11
4225	1	128754310	30
4225	2	67425620	18
4225	3	183492911	17
4225	4	2764896880	12
4225	5	2764372747	11
4225	6	2764513735	11
4225	7	2764380666	9
4225	8	2764664148	9
4225	9	2764967373	9
4225	10	2764384989	8
4226	1	4210193052	27
4226	2	4306401280	25
4226	3	197695157	21
4226	4	4210183964	18
4226	5	4306463855	14
4226	6	2739064124	11
4226	7	4210172589	10
4226	8	4306463937	10
4226	9	2732126	9
4226	10	4306463195	9
4227	1	2738857974	50
4227	2	2764613475	40
4227	3	4210195015	21
4227	4	4210230561	21
4227	5	4210207392	19
4227	6	4210211929	19
4227	7	4306401280	19
4227	8	2764670390	16
4227	9	4210169186	16
4227	10	2738900308	15
4228	1	4210172589	40
4228	2	4306530635	39
4228	3	27602889	21
4228	4	4210189194	19
4228	5	4317411217	19
4228	6	4306463937	16
4228	7	2764696622	15
4228	8	4210175061	15
4228	9	4210187594	15
4228	10	2764478084	14
4229	1	4306401280	34
4229	2	4306463937	32
4229	3	4306463855	22
4229	4	9692511	19
4229	5	2738013834	16
4229	6	171347946	13
4229	7	34091647	11
4229	8	2489756538	10
4229	9	2736312891	10
4229	10	2738706804	10
4230	1	4210172589	189
4230	2	4306401271	72
4230	3	187239619	67
4230	4	4210176815	39
4230	5	4306525036	25
4230	6	4306463937	23
4230	7	61595665	17
4230	8	137773608	17
4230	9	4306463855	16
4230	10	188045512	15
4231	1	4210172589	214
4231	2	4306401271	95
4231	3	4306463855	38
4231	4	2765070212	26
4231	5	4210184177	26
4231	6	4306463716	23
4231	7	2764375719	22
4231	8	4210176288	14
4231	9	2764785070	11
4231	10	4306462995	11
4232	1	4306401280	36
4232	2	2736475632	14
4232	3	4210182600	10
4232	4	4210181480	9
4232	5	4317411217	9
4232	6	4210175624	8
4232	7	4306401271	8
4232	8	2738517512	7
4232	9	4210222179	7
4232	10	4210220922	6
4233	1	2764383321	43
4233	2	2764486499	34
4233	3	4210175227	32
4233	4	2765031898	27
4233	5	2912101915	25
4233	6	2764934155	23
4233	7	4210175305	22
4233	8	4210240013	20
4233	9	4210173162	19
4233	10	2946866068	18
4234	1	4387283229	30
4234	2	4306401280	28
4234	3	167080051	25
4234	4	75440718	24
4234	5	4210172589	20
4234	6	170222435	13
4234	7	177893221	13
4234	8	4306490186	12
4234	9	134368790	10
4234	10	4306463855	10
4235	1	4210172045	80
4235	2	4210227760	40
4235	3	4210191387	30
4235	4	4317411217	29
4235	5	4210223054	26
4235	6	2764524610	23
4235	7	4210233337	19
4235	8	4210182876	16
4235	9	2736668585	15
4235	10	4210209673	15
4236	1	204851967	27
4236	2	4306402512	24
4236	3	4306401280	23
4236	4	4306463937	19
4236	5	4210201731	12
4236	6	4306463855	12
4236	7	179996353	8
4236	8	4306462987	8
4236	9	106296714	6
4236	10	2764535300	6
4237	1	15976965	16
4237	2	4306462964	16
4237	3	4306402512	15
4237	4	4306463708	15
4237	5	4306463855	15
4237	6	4306463937	15
4237	7	2764375719	12
4237	8	4306463797	12
4237	9	4210222554	11
4237	10	4210178303	10
4238	1	4306463855	55
4238	2	4306463937	43
4238	3	4210172673	21
4238	4	4306463122	19
4238	5	117789028	18
4238	6	2764375719	17
4238	7	109077999	15
4238	8	4306463716	15
4238	9	104733706	14
4238	10	4306462995	14
4239	1	4306401280	32
4239	2	4306509828	28
4239	3	2736551642	27
4239	4	4210186024	23
4239	5	4306507984	19
4239	6	4210190025	18
4239	7	2738013834	16
4239	8	4306511931	15
4239	9	2765034607	13
4239	10	4387283194	13
4240	1	4306463855	24
4240	2	4210172589	17
4240	3	4210212919	15
4240	4	4210193236	14
4240	5	4306401280	14
4240	6	2764905038	13
4240	7	93000103	12
4240	8	4306525036	12
4240	9	4306463937	11
4240	10	2764370743	10
4241	1	2739064124	53
4241	2	4306401280	28
4241	3	4210180283	21
4241	4	4306526338	19
4241	5	4210234566	14
4241	6	2764696622	11
4241	7	4210230971	11
4241	8	2736666618	9
4241	9	4210237110	9
4241	10	2736612050	8
4242	1	115427279	62
4242	2	4306525036	51
4242	3	4210207997	16
4242	4	27514295	14
4242	5	4210172589	13
4242	6	4306401271	12
4242	7	98647789	10
4242	8	155426891	9
4242	9	2753624605	9
4242	10	4210187764	9
4243	1	4210222584	53
4243	2	4210172589	51
4243	3	4306401840	25
4243	4	104917558	18
4243	5	4210186913	18
4243	6	4306463855	18
4243	7	4306509154	16
4243	8	4306463937	13
4243	9	4306400562	11
4243	10	2737377144	10
4244	1	4210170616	31
4244	2	4317411217	24
4244	3	4210228009	19
4244	4	4306401280	15
4244	5	4210171940	14
4244	6	4210227743	14
4244	7	4210207264	13
4244	8	4210180363	12
4244	9	4210206734	12
4244	10	4306509625	12
4245	1	4306525036	57
4245	2	2595292759	29
4245	3	202381698	27
4245	4	4306402450	14
4245	5	38008053	13
4245	6	10623703	11
4245	7	107442880	11
4245	8	199011235	9
4245	9	3485792	8
4245	10	116251202	8
4246	1	2736693445	43
4246	2	4363608200	21
4246	3	4210201646	19
4246	4	4317411217	15
4246	5	106296714	14
4246	6	4306463894	13
4246	7	2764900261	10
4246	8	4210188083	10
4246	9	140374062	8
4246	10	2898421519	8
4247	1	4306462995	68
4247	2	4306534051	40
4247	3	4306463937	35
4247	4	2764375719	25
4247	5	4306463717	22
4247	6	4306401280	18
4247	7	4306462964	17
4247	8	20292787	15
4247	9	4306463122	15
4247	10	4306463402	15
4248	1	2736408784	27
4248	2	4306401280	23
4248	3	4210182600	21
4248	4	2737940936	15
4248	5	4210186024	14
4248	6	4210235175	12
4248	7	4306487183	12
4248	8	4387283194	12
4248	9	4306401271	11
4248	10	4210225987	10
4249	1	2913250823	58
4249	2	53450646	36
4249	3	4306488284	28
4249	4	4306463230	24
4249	5	4306525036	23
4249	6	192559872	19
4249	7	4210187594	16
4249	8	128754310	15
4249	9	98455728	12
4249	10	101949793	12
4250	1	2912681116	94
4250	2	4306517408	46
4250	3	4210221726	39
4250	4	2915058201	30
4250	5	2946866068	30
4250	6	2912535408	22
4250	7	4210199481	19
4250	8	93626530	18
4250	9	4210175227	18
4250	10	2913116149	17
4251	1	4393919366	37
4251	2	4306401280	33
4251	3	4317411217	33
4251	4	4210210942	21
4251	5	4210181623	9
4251	6	4210226769	9
4251	7	4306463855	9
4251	8	4210195883	8
4251	9	2736709917	7
4251	10	4210177544	7
4252	1	4210186093	65
4252	2	36068028	27
4252	3	4210195883	24
4252	4	2737860738	17
4252	5	4210213212	15
4252	6	2479525500	13
4252	7	4306401280	13
4252	8	2737572108	12
4252	9	4210171837	12
4252	10	4210189194	12
4253	1	4306401280	31
4253	2	152450506	21
4253	3	4306463855	15
4253	4	4210233383	14
4253	5	91321807	9
4253	6	4306402512	9
4253	7	4210172589	7
4253	8	4210221853	7
4253	9	4306463937	7
4253	10	4210176889	6
4254	1	4210172589	54
4254	2	4210209777	48
4254	3	4210187594	28
4254	4	2764510822	24
4254	5	152111507	21
4254	6	4306463937	17
4254	7	120683614	14
4254	8	166774750	14
4254	9	4210216571	14
4254	10	96783963	13
4255	1	205798773	47
4255	2	160239386	41
4255	3	4306463937	31
4255	4	4210172589	25
4255	5	4306464262	25
4255	6	127459061	18
4255	7	4210203556	17
4255	8	4306533620	17
4255	9	4210214085	15
4255	10	4306463091	15
4256	1	2739064124	48
4256	2	60440357	47
4256	3	4210234566	36
4256	4	189852317	26
4256	5	4306401280	22
4256	6	4210216705	18
4256	7	54628610	15
4256	8	2738517512	15
4256	9	2736919976	14
4256	10	169320561	13
4257	1	183492911	44
4257	2	2764734955	31
4257	3	67425620	28
4257	4	4306523228	28
4257	5	128754310	27
4257	6	201441698	27
4257	7	4210212500	26
4257	8	2764877685	21
4257	9	2764821970	16
4257	10	189694085	15
4258	1	2738249014	53
4258	2	4210236515	34
4258	3	4210173088	33
4258	4	2764964327	30
4258	5	4210173450	25
4258	6	4210231965	23
4258	7	4210172589	22
4258	8	4210211171	18
4258	9	4306463855	17
4258	10	4210196458	16
4259	1	4210172589	119
4259	2	4306463855	35
4259	3	2764712596	28
4259	4	4306463937	21
4259	5	4306463708	17
4259	6	4306401280	10
4259	7	2764375719	8
4259	8	4306462995	8
4259	9	4317411217	8
4259	10	95818940	6
4260	1	2764575496	60
4260	2	2764959887	49
4260	3	4210216736	48
4260	4	4210202797	40
4260	5	2765071574	38
4260	6	2764410520	35
4260	7	4210197939	29
4260	8	4210216293	24
4260	9	2764538546	20
4260	10	4210172589	20
4261	1	4306463708	73
4261	2	4210195883	27
4261	3	4306401271	26
4261	4	4306463855	24
4261	5	4306463223	20
4261	6	4306401280	19
4261	7	4317411217	19
4261	8	4306463937	16
4261	9	4210172589	15
4261	10	2764696622	12
4262	1	128754310	37
4262	2	67425620	29
4262	3	104863613	26
4262	4	120348307	26
4262	5	4210203317	19
4262	6	2764905038	14
4262	7	143715161	12
4262	8	4210240396	11
4262	9	106296714	10
4262	10	2764663606	10
4263	1	4210204670	31
4263	2	4306463937	20
4263	3	4210217201	19
4263	4	27554591	18
4263	5	4306463855	17
4263	6	4210172589	14
4263	7	4306400194	13
4263	8	4306401280	13
4263	9	73564533	11
4263	10	70381317	10
4264	1	4306401280	33
4264	2	4210203887	28
4264	3	4210172589	13
4264	4	4306519211	10
4264	5	4306531222	10
4264	6	4210215132	9
4264	7	4210230647	8
4264	8	4306525036	8
4264	9	4317411217	8
4264	10	135262353	7
4265	1	4210184372	44
4265	2	2737259216	41
4265	3	4210195013	25
4265	4	4210218947	19
4265	5	4210225429	14
4265	6	4210190690	13
4265	7	4210197101	13
4265	8	4210240559	13
4265	9	4317411217	12
4265	10	4210179853	11
4266	1	4306463937	77
4266	2	4210172589	28
4266	3	4306463855	22
4266	4	4306462964	20
4266	5	4306401280	13
4266	6	4306463091	13
4266	7	2739000297	11
4266	8	4306463708	10
4266	9	4306462995	9
4266	10	4306464262	9
4267	1	4306401280	23
4267	2	4210237886	20
4267	3	4306508241	12
4267	4	2738549720	11
4267	5	4210171346	10
4267	6	4306463855	10
4267	7	2764696622	9
4267	8	4210172589	9
4267	9	4210182600	9
4267	10	4306487592	9
4268	1	4210172589	104
4268	2	4306463855	39
4268	3	4306462995	26
4268	4	4306463937	22
4268	5	4306463708	20
4268	6	2764461766	17
4268	7	4306462964	15
4268	8	2764375719	13
4268	9	4306401271	13
4268	10	4210210684	11
4269	1	4210195883	57
4269	2	4306401280	46
4269	3	4317411217	23
4269	4	2764696622	11
4269	5	4210173981	10
4269	6	4210178495	8
4269	7	4210186523	8
4269	8	2764381730	7
4269	9	4210186093	7
4269	10	4393919366	7
4270	1	2764513735	70
4270	2	105431777	34
4270	3	67425620	31
4270	4	4210238739	23
4270	5	112686501	22
4270	6	2764825856	22
4270	7	4306500546	22
4270	8	128754310	19
4270	9	2764384989	14
4270	10	75032094	12
4271	1	4306401280	32
4271	2	4387283194	14
4271	3	4210214779	9
4271	4	4317411217	9
4271	5	4210167574	8
4271	6	4210187746	8
4271	7	4210186024	7
4271	8	4306463131	7
4271	9	4210182600	6
4271	10	4210207775	6
4272	1	4306401280	40
4272	2	4306526061	26
4272	3	4306401271	15
4272	4	972034074	12
4272	5	2482385801	12
4272	6	4210239166	12
4272	7	4306525036	12
4272	8	4210192191	10
4272	9	4306525923	10
4272	10	153378758	9
4273	1	181027741	54
4273	2	4306463937	39
4273	3	4306462995	34
4273	4	92370695	33
4273	5	4306463855	30
4273	6	4306463708	22
4273	7	4306463716	18
4273	8	68051293	15
4273	9	4306462964	14
4273	10	2764375719	12
4274	1	4210187594	18
4274	2	4210209736	17
4274	3	4306401280	17
4274	4	4317411217	17
4274	5	4306463937	16
4274	6	4306463855	14
4274	7	104917558	12
4274	8	2764524610	12
4274	9	4210172589	11
4274	10	2765072668	9
4275	1	4306463230	127
4275	2	4306525036	54
4275	3	4306463937	33
4275	4	2764375719	22
4275	5	126033908	18
4275	6	156983221	17
4275	7	4210176779	13
4275	8	4210228861	13
4275	9	4210173430	12
4275	10	125323095	10
4276	1	2764498263	39
4276	2	128754310	38
4276	3	2764649243	30
4276	4	67425620	26
4276	5	4306525687	20
4276	6	205083296	13
4276	7	2764384989	13
4276	8	2764761917	12
4276	9	2764567417	11
4276	10	201921491	9
4277	1	4306401280	23
4277	2	4387283194	14
4277	3	4210182600	13
4277	4	4306400562	12
4277	5	2738484073	9
4277	6	4317411217	9
4277	7	2737873557	8
4277	8	4210195222	8
4277	9	4387287957	8
4277	10	2737482418	7
4278	1	4306463855	38
4278	2	33125897	30
4278	3	4306463937	23
4278	4	4306463122	21
4278	5	2764375719	15
4278	6	165431477	13
4278	7	4306463716	11
4278	8	149853692	10
4278	9	4306462936	10
4278	10	4306462995	10
4279	1	4306463855	51
4279	2	4210172589	48
4279	3	2764375719	24
4279	4	4306401271	16
4279	5	107880978	15
4279	6	174634489	13
4279	7	4306463937	12
4279	8	4210198316	9
4279	9	4306402512	9
4279	10	4306463708	8
4280	1	4210172589	28
4280	2	2764375719	16
4280	3	4210168087	16
4280	4	4210201727	15
4280	5	4306400194	13
4280	6	4306463937	13
4280	7	2764905038	10
4280	8	4210216571	10
4280	9	4306463230	10
4280	10	180513649	9
4281	1	4317411217	38
4281	2	4387279013	34
4281	3	4306401280	32
4281	4	4210225882	26
4281	5	4387283754	26
4281	6	4393919366	18
4281	7	4210186506	16
4281	8	2738566346	9
4281	9	4210213420	9
4281	10	4306463855	9
4282	1	4210172589	32
4282	2	4306463855	27
4282	3	4210236515	23
4282	4	4210233615	21
4282	5	4210214372	19
4282	6	1005771865	18
4282	7	15075267	12
4282	8	2739000297	12
4282	9	4210240337	12
4282	10	4306463937	11
4283	1	4306463855	38
4283	2	4210172023	34
4283	3	47246245	33
4283	4	4306525036	27
4283	5	4306463937	16
4283	6	4306401280	13
4283	7	2764375288	11
4283	8	4210172589	11
4283	9	4306401271	11
4283	10	2764375719	10
4284	1	2739104340	47
4284	2	4306401280	26
4284	3	11168779	15
4284	4	4210172589	15
4284	5	4306463339	14
4284	6	2738988793	12
4284	7	4306463855	12
4284	8	4306463055	8
4284	9	1025827383	7
4284	10	2738013834	7
4285	1	21442059	31
4285	2	153285774	26
4285	3	70307536	24
4285	4	70979998	23
4285	5	63783143	22
4285	6	173499201	22
4285	7	137312515	21
4285	8	35861910	17
4285	9	83853393	17
4285	10	134644764	17
4286	1	14436165	74
4286	2	163027424	37
4286	3	4306525036	34
4286	4	147691530	31
4286	5	3349026	21
4286	6	2764712647	17
4286	7	79704628	15
4286	8	134773490	15
4286	9	175814247	15
4286	10	100227592	14
4287	1	4306463937	27
4287	2	4210186913	23
4287	3	4317411217	22
4287	4	4210182710	21
4287	5	4306401840	18
4287	6	4210199767	15
4287	7	4210203823	14
4287	8	4210217037	14
4287	9	4306401280	14
4287	10	4306463855	14
4288	1	4210172589	228
4288	2	4306462995	35
4288	3	2764375719	21
4288	4	4306463855	17
4288	5	172107878	14
4288	6	189310978	10
4288	7	69429964	9
4288	8	142409771	9
4288	9	151944519	9
4288	10	161743634	9
4289	1	167378199	76
4289	2	4210169994	55
4289	3	121529132	49
4289	4	2764787750	47
4289	5	4306463122	46
4289	6	4306463855	38
4289	7	4210230149	29
4289	8	2764375719	27
4289	9	102499938	23
4289	10	4306463937	20
4290	1	4306463937	45
4290	2	4306520212	36
4290	3	4210200561	33
4290	4	2764725224	22
4290	5	2764629744	21
4290	6	4306463855	18
4290	7	4306401280	16
4290	8	4306462793	13
4290	9	104917558	9
4290	10	105170393	9
4291	1	4387289755	54
4291	2	4317411217	34
4291	3	4210222162	28
4291	4	4210172589	27
4291	5	4306401280	26
4291	6	4210185931	24
4291	7	4210180887	18
4291	8	4210192270	18
4291	9	4210226779	17
4291	10	4393919366	17
4292	1	4306401271	41
4292	2	4306463855	31
4292	3	4306463937	24
4292	4	4210172589	20
4292	5	4306463223	15
4292	6	2764375719	14
4292	7	4210178585	14
4292	8	4306463067	13
4292	9	4306463716	12
4292	10	4306525892	11
4293	1	106963461	135
4293	2	137773608	98
4293	3	20248291	36
4293	4	4210212063	36
4293	5	4210228956	30
4293	6	4210177211	28
4293	7	4306525036	27
4293	8	3880285	17
4293	9	4210172589	16
4293	10	186543748	14
4294	1	4306486091	67
4294	2	4210240707	52
4294	3	4306505925	24
4294	4	4210237253	20
4294	5	4210187035	16
4294	6	2739000297	15
4294	7	4210225429	13
4294	8	4210178460	12
4294	9	4210169156	11
4294	10	4210183085	11
4295	1	4306463937	42
4295	2	2739306764	31
4295	3	4210225545	31
4295	4	4306401840	25
4295	5	4317411217	24
4295	6	4306463855	23
4295	7	4387288954	20
4295	8	2738898801	19
4295	9	4210214023	18
4295	10	4306463223	17
4296	1	4210169079	116
4296	2	4306463937	77
4296	3	4210172589	42
4296	4	4210216402	19
4296	5	4306463855	19
4296	6	4210181474	14
4296	7	67425620	11
4296	8	4210230910	11
4296	9	4306401271	11
4296	10	4306463973	10
4297	1	166799026	27
4297	2	2764693772	25
4297	3	4306525036	18
4297	4	29564236	14
4297	5	41354064	14
4297	6	105208853	12
4297	7	55509983	10
4297	8	100464430	10
4297	9	4306463937	10
4297	10	39653451	9
4298	1	4306463855	40
4298	2	4210172589	38
4298	3	4306463937	29
4298	4	4210185570	16
4298	5	4393919366	14
4298	6	4306463091	12
4298	7	2735436124	11
4298	8	4317411217	10
4298	9	4306401280	9
4298	10	4306462964	9
4299	1	4306463937	51
4299	2	4306400194	46
4299	3	14913209	32
4299	4	95587881	30
4299	5	4306463075	21
4299	6	4210189194	17
4299	7	105208853	16
4299	8	2764696622	13
4299	9	4210187594	12
4299	10	21590941	10
4300	1	4306463937	53
4300	2	4306462995	44
4300	3	4306463708	36
4300	4	4306463855	30
4300	5	4306463716	29
4300	6	2764375719	14
4300	7	4306500668	14
4300	8	4306402512	12
4300	9	113166945	10
4300	10	113227419	10
4301	1	4306401280	34
4301	2	2738491459	15
4301	3	4306527492	14
4301	4	4210214779	9
4301	5	4317411217	9
4301	6	2739228948	8
4301	7	4210182600	8
4301	8	2737250393	7
4301	9	2738609645	7
4301	10	4210183169	7
4302	1	4210200657	30
4302	2	4306463855	23
4302	3	4306517826	23
4302	4	4210209425	21
4302	5	4210172589	19
4302	6	4306463937	18
4302	7	4306520419	18
4302	8	4306534987	16
4302	9	2739274081	14
4302	10	4210174505	12
4303	1	4210168331	578
4303	2	41354064	40
4303	3	73388172	30
4303	4	200764475	24
4303	5	95954025	20
4303	6	2898407351	20
4303	7	112851140	10
4303	8	178325816	10
4303	9	4306463937	10
4303	10	110436767	9
4304	1	101949793	21
4304	2	145575934	17
4304	3	2764900261	17
4304	4	128754310	15
4304	5	4210189194	14
4304	6	10892749	9
4304	7	185842587	9
4304	8	2764737845	9
4304	9	4306463075	9
4304	10	67425620	8
4305	1	4210221714	144
4305	2	4306462995	69
4305	3	2764375719	53
4305	4	4306464022	26
4305	5	4306463937	25
4305	6	4306463716	22
4305	7	140689941	21
4305	8	4210178583	20
4305	9	13209173	18
4305	10	2737140617	16
4306	1	56956632	32
4306	2	2764852979	24
4306	3	4210185121	23
4306	4	4210172589	22
4306	5	4306523228	21
4306	6	4210211349	13
4306	7	4306463937	13
4306	8	153020912	12
4306	9	2913678714	10
4306	10	52073566	9
4307	1	4306463937	76
4307	2	4306401280	18
4307	3	2764375719	16
4307	4	4306464022	12
4307	5	4306462995	11
4307	6	4306463855	11
4307	7	4306518051	10
4307	8	4306462964	9
4307	9	4306525105	9
4307	10	4210172589	8
4308	1	4306463937	33
4308	2	151331055	23
4308	3	4210172589	17
4308	4	4306463855	15
4308	5	4306401280	10
4308	6	9692511	9
4308	7	40137911	9
4308	8	106296714	9
4308	9	2764598273	8
4308	10	2764981087	8
4309	1	4317411217	26
4309	2	4306401280	15
4309	3	4210205026	14
4309	4	4210172589	13
4309	5	2737251451	12
4309	6	4210191680	12
4309	7	4210176521	9
4309	8	4210180363	9
4309	9	4210208244	8
4309	10	4210228009	8
4310	1	4210175528	173
4310	2	91797957	71
4310	3	183652945	27
4310	4	4306401280	24
4310	5	100787194	17
4310	6	159699259	17
4310	7	4306462987	15
4310	8	285199	14
4310	9	86567873	14
4310	10	197152527	14
4311	1	4306463937	52
4311	2	4306400194	43
4311	3	163506364	25
4311	4	4210219897	24
4311	5	4210187594	15
4311	6	182375677	13
4311	7	2764375719	13
4311	8	44010765	12
4311	9	201045332	12
4311	10	84376829	11
4312	1	4210172589	24
4312	2	4210238967	22
4312	3	4210175528	17
4312	4	4306463937	16
4312	5	4306401271	14
4312	6	4306463855	14
4312	7	4306401280	12
4312	8	2764375719	11
4312	9	4210230152	10
4312	10	4306534608	10
4313	1	4306401280	136
4313	2	2764504601	41
4313	3	4306525036	30
4313	4	2764411140	18
4313	5	2764538118	16
4313	6	2739236929	14
4313	7	2764577231	14
4313	8	2764553348	13
4313	9	2737758398	12
4313	10	2739406086	12
4314	1	35120675	98
4314	2	2764375719	27
4314	3	4306463717	27
4314	4	4306463937	26
4314	5	4306463855	24
4314	6	4306463122	21
4314	7	4210186721	19
4314	8	4306463708	16
4314	9	4210192012	15
4314	10	4306462995	12
4315	1	4306463855	137
4315	2	4210172589	29
4315	3	2764375719	19
4315	4	4306463937	17
4315	5	4306463708	14
4315	6	4306463122	13
4315	7	4306401280	12
4315	8	82796368	10
4315	9	4317411217	8
4315	10	4210184386	7
4316	1	21627236	57
4316	2	4306525036	54
4316	3	71650151	51
4316	4	128894006	20
4316	5	95299427	16
4316	6	203226007	16
4316	7	5303612	13
4316	8	163228481	13
4316	9	36000085	12
4316	10	152990921	12
4317	1	4210172589	43
4317	2	4306504014	38
4317	3	4210167977	36
4317	4	4306522964	34
4317	5	4306401271	16
4317	6	4306535819	16
4317	7	4306535821	15
4317	8	4306463937	14
4317	9	4306522965	14
4317	10	4306528935	14
4318	1	75741262	46
4318	2	98455728	36
4318	3	94313546	33
4318	4	164001016	32
4318	5	177196338	31
4318	6	194131194	28
4318	7	152760256	26
4318	8	135204980	25
4318	9	111155417	24
4318	10	204609040	22
4319	1	106296714	35
4319	2	2764566388	26
4319	3	2738940720	24
4319	4	183492911	17
4319	5	2764900261	16
4319	6	4210206007	16
4319	7	101949793	14
4319	8	2764905038	14
4319	9	4210177413	12
4319	10	4306463937	12
4320	1	183492911	102
4320	2	4210187899	58
4320	3	16499038	20
4320	4	902750600	16
4320	5	59896594	15
4320	6	16603589	13
4320	7	4306401280	13
4320	8	120348307	10
4320	9	4306463937	9
4320	10	4210172589	8
4321	1	4306464232	116
4321	2	4306463937	115
4321	3	4306464261	87
4321	4	4306463091	54
4321	5	4306464022	32
4321	6	4306463491	29
4321	7	4306463667	28
4321	8	4306464262	26
4321	9	2042836	24
4321	10	4306462964	22
4322	1	4306463937	133
4322	2	4306463491	64
4322	3	4306462966	54
4322	4	4306464022	50
4322	5	4306463091	46
4322	6	4210180528	35
4322	7	4306464262	29
4322	8	4210186253	20
4322	9	4306462951	17
4322	10	4306462833	15
4323	1	4306525036	34
4323	2	4306401271	29
4323	3	2764443815	20
4323	4	4306463937	18
4323	5	2737465529	15
4323	6	4210206555	13
4323	7	4306463855	13
4323	8	2736736441	12
4323	9	4306463230	12
4323	10	4210171399	10
4324	1	146976949	84
4324	2	4306525036	67
4324	3	23314063	25
4324	4	4147745	23
4324	5	80921037	22
4324	6	4210197683	22
4324	7	4306401280	13
4324	8	9324707	10
4324	9	31777576	10
4324	10	26596028	9
4325	1	4306401271	163
4325	2	4306463937	88
4325	3	4210172589	57
4325	4	4306463308	43
4325	5	4306464262	31
4325	6	4306463104	17
4325	7	36000085	13
4325	8	4306463307	13
4325	9	4210209907	11
4325	10	4306463855	11
4326	1	4306525036	84
4326	2	19176856	57
4326	3	4306463937	36
4326	4	4306463230	34
4326	5	86387881	30
4326	6	163740676	29
4326	7	4210201749	26
4326	8	2755060417	25
4326	9	4210189610	25
4326	10	110757056	24
4327	1	4210189194	47
4327	2	185347286	38
4327	3	4210186093	38
4327	4	4210195883	38
4327	5	4210178770	29
4327	6	45645249	27
4327	7	105243760	26
4327	8	4210169156	26
4327	9	4210187594	23
4327	10	4210175061	21
4328	1	4306401280	19
4328	2	2739064124	15
4328	3	4210187594	14
4328	4	4306523864	12
4328	5	45645249	11
4328	6	2765017008	9
4328	7	4210189194	9
4328	8	2736745348	8
4328	9	2764727293	8
4328	10	106296714	7
4329	1	192525298	49
4329	2	2765042497	44
4329	3	60820437	37
4329	4	4306463855	28
4329	5	4306525036	24
4329	6	4210172589	15
4329	7	2752738199	14
4329	8	2764375719	13
4329	9	4210203212	12
4329	10	141864345	11
4330	1	202064188	166
4330	2	4306401280	69
4330	3	144865546	38
4330	4	79704879	34
4330	5	4306463091	30
4330	6	49429790	26
4330	7	75440718	24
4330	8	94385113	23
4330	9	4210196195	21
4330	10	205857434	20
4331	1	4306525036	135
4331	2	2756327665	29
4331	3	3012652961	26
4331	4	108911230	20
4331	5	205999849	19
4331	6	15111687	16
4331	7	174893293	16
4331	8	187816532	15
4331	9	2764911966	14
4331	10	132108250	13
4332	1	47189229	103
4332	2	4306463937	34
4332	3	4306463855	20
4332	4	4210227966	18
4332	5	2764375719	15
4332	6	4210178419	13
4332	7	4317411217	11
4332	8	21488524	10
4332	9	2764522215	10
4332	10	4306463491	10
4333	1	4306525036	55
4333	2	4306401280	18
4333	3	4210172589	14
4333	4	4210170031	13
4333	5	4210186913	12
4333	6	4210239912	11
4333	7	4210225289	10
4333	8	4317411217	10
4333	9	2737465529	9
4333	10	44987850	8
4334	1	4306401271	57
4334	2	4210172589	50
4334	3	4210186072	23
4334	4	4306463708	18
4334	5	4306463855	18
4334	6	4306525036	15
4334	7	74263619	10
4334	8	2764898862	10
4334	9	90392387	8
4334	10	4306401280	8
4335	1	2764639374	444
4335	2	2764886168	52
4335	3	2913450704	50
4335	4	4210229544	45
4335	5	2764501496	25
4335	6	88836445	15
4335	7	2764783054	9
4335	8	2764574754	8
4335	9	4210230924	8
4335	10	4210180562	7
4336	1	4210212880	93
4336	2	4210172589	43
4336	3	4210202660	40
4336	4	4210182925	26
4336	5	4210178929	21
4336	6	4306463855	20
4336	7	2764968997	13
4336	8	4306463937	13
4336	9	4210197281	11
4336	10	4390297214	11
4337	1	1003217925	142
4337	2	4210186293	50
4337	3	4210193594	41
4337	4	4210207301	40
4337	5	4210176240	32
4337	6	2764771993	26
4337	7	4210184207	21
4337	8	4306462964	18
4337	9	4306463937	15
4337	10	4306463091	14
4338	1	4210172589	42
4338	2	4210217002	38
4338	3	4210167977	27
4338	4	4306522965	25
4338	5	4306463855	21
4338	6	4306463937	19
4338	7	4306518851	16
4338	8	4306521640	16
4338	9	2764375719	15
4338	10	4306522055	12
4339	1	106296714	46
4339	2	4306400194	34
4339	3	4210203472	29
4339	4	4210184050	15
4339	5	151820558	11
4339	6	183492911	11
4339	7	190270160	11
4339	8	4210193438	9
4339	9	4306463705	9
4339	10	110206669	8
4340	1	4394736634	69
4340	2	2764788217	65
4340	3	4210176194	35
4340	4	4306401280	33
4340	5	4210179027	28
4340	6	2764899039	24
4340	7	4394736635	18
4340	8	4317411217	16
4340	9	137773608	15
4340	10	4210191239	15
4341	1	4210172589	31
4341	2	4306463937	30
4341	3	4306463855	29
4341	4	25293849	19
4341	5	16603589	16
4341	6	4306401280	14
4341	7	4306509979	14
4341	8	3880285	12
4341	9	2764375719	11
4341	10	4306462995	10
4342	1	4210206723	27
4342	2	2764787750	21
4342	3	4210172589	17
4342	4	4306463855	14
4342	5	4306463937	13
4342	6	4306463091	10
4342	7	4306463716	10
4342	8	4306462995	9
4342	9	2764690424	8
4342	10	4210187654	8
4343	1	4306463937	32
4343	2	2764375719	25
4343	3	4306401280	21
4343	4	4306463855	19
4343	5	54158622	17
4343	6	114942565	17
4343	7	100870220	11
4343	8	2764588810	11
4343	9	2736788736	10
4343	10	4210169387	9
4344	1	14436165	128
4344	2	4306525036	56
4344	3	138136365	45
4344	4	4306463230	19
4344	5	4306463937	17
4344	6	2738950867	16
4344	7	28966261	12
4344	8	185238781	12
4344	9	3349026	10
4344	10	141953298	10
4345	1	189109583	101
4345	2	18350981	48
4345	3	4210184238	48
4345	4	4306463937	30
4345	5	4210188915	22
4345	6	4210172589	17
4345	7	4306463855	16
4345	8	4306539589	16
4345	9	4210214681	14
4345	10	4210212824	13
4346	1	2764696622	121
4346	2	4306462995	27
4346	3	4306463855	27
4346	4	4220650844	26
4346	5	4306463937	21
4346	6	137773608	19
4346	7	144246672	14
4346	8	4306525036	12
4346	9	4306537683	12
4346	10	4306463708	11
4347	1	106296714	98
4347	2	4306463937	29
4347	3	17910731	25
4347	4	11258463	22
4347	5	4306400194	14
4347	6	104920066	9
4347	7	2764905038	9
4347	8	4210172589	9
4347	9	75286078	8
4347	10	2764900261	8
4348	1	4306401280	34
4348	2	4317411217	32
4348	3	4306515840	19
4348	4	4393919366	17
4348	5	4210205794	16
4348	6	4210193751	12
4348	7	4390297044	12
4348	8	4210173148	11
4348	9	4210187863	11
4348	10	4210211042	11
4349	1	1005771865	43
4349	2	4210230713	32
4349	3	4210226233	30
4349	4	4210214372	25
4349	5	4210172589	24
4349	6	4210182789	20
4349	7	4210183428	18
4349	8	4306463937	16
4349	9	4210197684	14
4349	10	4210200377	14
4350	1	4306463937	68
4350	2	4210172589	27
4350	3	4306463855	22
4350	4	4210189240	21
4350	5	4306463409	19
4350	6	3880285	13
4350	7	121830084	13
4350	8	4210239172	13
4350	9	4306401280	11
4350	10	4306463230	11
4351	1	2764905038	27
4351	2	4363608254	23
4351	3	2764816348	20
4351	4	4306463937	16
4351	5	4210212210	15
4351	6	4210223913	13
4351	7	104439334	12
4351	8	2738584858	12
4351	9	106296714	11
4351	10	4210222669	11
4352	1	4210172589	33
4352	2	4306463855	31
4352	3	4210231043	22
4352	4	4210187067	21
4352	5	4306401271	19
4352	6	4210169156	17
4352	7	4306463937	16
4352	8	171036940	15
4352	9	2764375719	15
4352	10	4306401280	11
4353	1	106296714	51
4353	2	2898246533	44
4353	3	2898405271	33
4353	4	4306463937	30
4353	5	4210179954	27
4353	6	4210169992	26
4353	7	30479993	25
4353	8	2764905038	20
4353	9	183492911	19
4353	10	4210202285	14
4354	1	4210238988	121
4354	2	4210240133	40
4354	3	170806771	30
4354	4	4210189415	30
4354	5	2480469109	21
4354	6	4306521521	20
4354	7	2764867013	18
4354	8	4210172589	16
4354	9	4317411217	16
4354	10	2737918976	14
4355	1	4306462995	118
4355	2	4306463855	46
4355	3	4306463708	38
4355	4	2764375719	26
4355	5	4306462964	24
4355	6	4306463937	23
4355	7	4306463091	19
4355	8	4306463716	18
4355	9	56601287	16
4355	10	4306464232	15
4356	1	4210209736	45
4356	2	4306463937	29
4356	3	4210172589	27
4356	4	4306463855	24
4356	5	2737251451	18
4356	6	4317411217	14
4356	7	51184730	13
4356	8	4306463223	12
4356	9	4210171797	10
4356	10	4210192839	10
4357	1	85906241	82
4357	2	2764472168	52
4357	3	4306463937	45
4357	4	173589923	43
4357	5	4306463855	22
4357	6	4210236398	16
4357	7	168512290	15
4357	8	59003305	13
4357	9	11201563	12
4357	10	2764375719	11
4358	1	4317411217	28
4358	2	4306401280	17
4358	3	4210229378	15
4358	4	4387292361	15
4358	5	2764689247	12
4358	6	4210205286	12
4358	7	4306516864	12
4358	8	2764603850	11
4358	9	4210185248	11
4358	10	4210201469	11
4359	1	4306401280	37
4359	2	4210195883	35
4359	3	4317411217	18
4359	4	4210186093	13
4359	5	4387287787	11
4359	6	4210198140	10
4359	7	4210236386	10
4359	8	2737955884	9
4359	9	4210172589	9
4359	10	4393919366	9
4360	1	4210196743	40
4360	2	4306525036	32
4360	3	205999849	15
4360	4	2765017008	15
4360	5	2765019825	12
4360	6	4317411217	12
4360	7	4306526261	11
4360	8	51894404	10
4360	9	2764998023	10
4360	10	4306463230	10
4361	1	4317411217	24
4361	2	4306401280	23
4361	3	2736655138	22
4361	4	2764668145	15
4361	5	4306516783	15
4361	6	4387279523	15
4361	7	4210219716	13
4361	8	4306516611	13
4361	9	4306516956	13
4361	10	4210176955	12
4362	1	4306463937	81
4362	2	4210172589	76
4362	3	4210176779	29
4362	4	4306502136	21
4362	5	20475639	20
4362	6	4306463091	20
4362	7	4306502140	20
4362	8	4210185323	19
4362	9	4210211146	19
4362	10	4210182838	15
4363	1	183492911	136
4363	2	64486668	36
4363	3	199247034	33
4363	4	178776955	29
4363	5	4306400194	26
4363	6	105243760	24
4363	7	188673600	24
4363	8	187991544	23
4363	9	4306418073	21
4363	10	134390580	19
4364	1	4306525036	72
4364	2	151589183	20
4364	3	202381698	19
4364	4	168522863	16
4364	5	169378627	16
4364	6	140251998	14
4364	7	196734849	14
4364	8	4306402450	13
4364	9	10623703	12
4364	10	4306463937	11
4365	1	2764696622	23
4365	2	201514771	20
4365	3	35664357	17
4365	4	64108887	17
4365	5	174013774	17
4365	6	193620188	16
4365	7	2765017008	15
4365	8	4306401280	14
4365	9	140190424	13
4365	10	4210186936	12
4366	1	4306463937	24
4366	2	2764375719	20
4366	3	4306463491	20
4366	4	4306463091	18
4366	5	4306463855	18
4366	6	4306401280	15
4366	7	4210171621	12
4366	8	4306464262	12
4366	9	4210229262	11
4366	10	4210173197	10
4367	1	4210172589	16
4367	2	4210186093	13
4367	3	4306401280	13
4367	4	4306463937	13
4367	5	2764796954	12
4367	6	4306463855	12
4367	7	4317411217	12
4367	8	4210195883	10
4367	9	4306401271	10
4367	10	4306486882	10
4368	1	128754310	32
4368	2	88664677	20
4368	3	2764441133	13
4368	4	2764634861	13
4368	5	2764928885	13
4368	6	104863613	12
4368	7	2764663606	10
4368	8	2765048027	10
4368	9	67425620	9
4368	10	2764640149	9
4369	1	4306463937	36
4369	2	88664677	16
4369	3	153731000	15
4369	4	128754310	12
4369	5	4210218883	12
4369	6	4210194878	11
4369	7	106296714	10
4369	8	4210172589	10
4369	9	4210212400	10
4369	10	2764402380	9
4370	1	4210172589	35
4370	2	4306401271	32
4370	3	4306401840	24
4370	4	4306463855	19
4370	5	4306401280	15
4370	6	4306463937	15
4370	7	56288242	12
4370	8	2764375719	8
4370	9	4306463230	8
4370	10	4306525036	8
4371	1	4306401280	24
4371	2	4210172589	17
4371	3	4306463937	15
4371	4	4306464022	15
4371	5	4306525313	14
4371	6	4306463491	13
4371	7	4317411217	12
4371	8	4306463855	10
4371	9	4210223639	9
4371	10	4306402512	9
4372	1	4210170763	59
4372	2	4210212106	59
4372	3	4210172589	55
4372	4	4210203366	53
4372	5	4210171147	21
4372	6	25675866	20
4372	7	4210180570	20
4372	8	8769786	18
4372	9	4306463855	16
4372	10	4306463937	16
4373	1	4210172589	90
4373	2	4306463716	58
4373	3	4306518851	50
4373	4	4306463717	33
4373	5	4306462882	28
4373	6	4306463937	26
4373	7	2764887140	12
4373	8	4210173534	11
4373	9	4306462995	11
4373	10	4306463223	9
4374	1	4306463937	20
4374	2	4306400194	12
4374	3	13537917	10
4374	4	4210172589	10
4374	5	4306401280	9
4374	6	4387281017	9
4374	7	4210187399	7
4374	8	4306525036	7
4374	9	20109229	6
4374	10	4210223168	6
4375	1	2764887140	81
4375	2	4210219507	47
4375	3	4306401280	26
4375	4	4306401840	18
4375	5	2764968517	17
4375	6	4210220879	15
4375	7	2736682840	13
4375	8	2737777163	12
4375	9	2764793027	12
4375	10	4210172589	12
4376	1	2739064124	115
4376	2	4210234566	29
4376	3	4210167575	16
4376	4	4306401280	16
4376	5	2736745348	12
4376	6	4210213417	12
4376	7	2738187160	11
4376	8	4210171484	10
4376	9	4210189768	10
4376	10	4210213407	10
4377	1	4210186072	39
4377	2	2764732019	34
4377	3	4306493986	24
4377	4	2946866068	21
4377	5	2764678622	18
4377	6	4210199481	18
4377	7	4306496937	18
4377	8	2915058201	16
4377	9	4210233835	16
4377	10	2913258372	15
4378	1	4210218336	140
4378	2	42803210	36
4378	3	4306525036	30
4378	4	4306463937	22
4378	5	27810548	15
4378	6	195255895	14
4378	7	2765017008	13
4378	8	4306402512	11
4378	9	191336577	10
4378	10	4210167999	10
4379	1	183330462	27
4379	2	4306463159	27
4379	3	4210172582	17
4379	4	4210178419	15
4379	5	4306402512	15
4379	6	4210172673	14
4379	7	4306463043	13
4379	8	2764993106	11
4379	9	4317411217	11
4379	10	4210174978	10
4380	1	4306463091	161
4380	2	4306464022	144
4380	3	4210195681	100
4380	4	89564548	75
4380	5	4306463937	46
4380	6	4210221291	37
4380	7	4306463491	31
4380	8	4210180528	27
4380	9	4306462966	25
4380	10	4306462951	23
4381	1	4306463937	83
4381	2	4210202566	59
4381	3	4306463491	30
4381	4	4306463855	30
4381	5	4306464262	25
4381	6	4306463091	20
4381	7	4306401280	16
4381	8	4306464022	13
4381	9	4306496610	11
4381	10	4306464261	10
4382	1	75411654	92
4382	2	158447136	60
4382	3	26125866	44
4382	4	53162366	33
4382	5	106928643	27
4382	6	4210205452	25
4382	7	55626769	24
4382	8	87940674	24
4382	9	76010543	19
4382	10	204609040	19
4383	1	4210172589	78
4383	2	4306463937	47
4383	3	4306463855	38
4383	4	158964946	21
4383	5	4306463359	15
4383	6	4306463708	15
4383	7	32664174	12
4383	8	59003305	10
4383	9	4306463716	10
4383	10	4306462964	8
4384	1	4306401280	38
4384	2	4306525036	36
4384	3	2764504601	30
4384	4	4306463937	23
4384	5	195816289	21
4384	6	4210231128	19
4384	7	54816476	17
4384	8	4210185783	17
4384	9	4306529286	15
4384	10	167047176	14
4385	1	4306462995	42
4385	2	4306463091	33
4385	3	4306463491	33
4385	4	4306463937	27
4385	5	180862878	20
4385	6	176974017	19
4385	7	141333782	17
4385	8	2764375719	17
4385	9	4306464022	16
4385	10	4210172589	15
4386	1	4306401280	41
4386	2	4210184764	12
4386	3	4210172642	10
4386	4	2737650051	9
4386	5	2738381027	8
4386	6	2898232462	8
4386	7	4306463091	8
4386	8	4306463855	7
4386	9	154977142	6
4386	10	2764375719	6
4387	1	4306463937	72
4387	2	4210181122	25
4387	3	42930874	22
4387	4	4210186093	21
4387	5	4387279157	18
4387	6	4210169156	14
4387	7	4210230910	14
4387	8	2764385719	11
4387	9	130567056	10
4387	10	21299057	9
4388	1	2736581153	37
4388	2	4210184950	33
4388	3	4210172687	26
4388	4	4306401280	22
4388	5	4210210892	21
4388	6	4210240124	19
4388	7	4306463937	18
4388	8	92130131	16
4388	9	124048381	14
4388	10	189820690	14
4389	1	4306463937	274
4389	2	4306464262	68
4389	3	4306463223	26
4389	4	4306463667	24
4389	5	4306401271	20
4389	6	4306463091	18
4389	7	4306464022	16
4389	8	106296714	15
4389	9	4306463664	15
4389	10	4210216715	14
4390	1	4306463937	218
4390	2	4210189194	35
4390	3	4306401271	34
4390	4	4210172589	23
4390	5	4306463308	23
4390	6	4210186093	17
4390	7	4210195883	16
4390	8	2764797225	15
4390	9	4306463307	15
4390	10	4210224320	14
4391	1	60589374	71
4391	2	2765011114	37
4391	3	4306525036	37
4391	4	4306463937	25
4391	5	4210222162	24
4391	6	2948018973	17
4391	7	4306500284	16
4391	8	178260689	15
4391	9	2764469696	15
4391	10	4210227226	14
4392	1	2764922013	74
4392	2	2764487033	53
4392	3	2764672716	44
4392	4	2764457277	39
4392	5	67425620	37
4392	6	128754310	26
4392	7	2764649270	25
4392	8	130598786	19
4392	9	45645249	18
4392	10	2764640149	14
4393	1	4210218052	63
4393	2	4306525036	44
4393	3	4306463230	26
4393	4	4306463937	24
4393	5	4306400573	23
4393	6	10446503	22
4393	7	143381477	21
4393	8	10652568	20
4393	9	134018196	18
4393	10	13389975	13
4394	1	183492911	79
4394	2	4306400194	34
4394	3	4306463937	27
4394	4	78119372	19
4394	5	4210172589	18
4394	6	7560371	15
4394	7	4306463409	13
4394	8	4210207873	12
4394	9	106296714	9
4394	10	2737218437	9
4395	1	2764375719	51
4395	2	4306462995	35
4395	3	4306463855	34
4395	4	4306463937	24
4395	5	138564541	20
4395	6	4210172589	20
4395	7	4306463716	18
4395	8	4306463717	17
4395	9	4306462964	14
4395	10	3091228	12
4396	1	2739064124	53
4396	2	4306526338	35
4396	3	4210234566	22
4396	4	4306526703	22
4396	5	4210170900	17
4396	6	4210177346	16
4396	7	2738381912	15
4396	8	4306401280	14
4396	9	2765060077	12
4396	10	4317411217	11
4397	1	2737493358	37
4397	2	4210172589	31
4397	3	4317411217	21
4397	4	4210185931	19
4397	5	4306401280	19
4397	6	4210227789	16
4397	7	4210235111	16
4397	8	2738208430	15
4397	9	4210192270	14
4397	10	4306463855	14
4398	1	4306401280	26
4398	2	4210192191	23
4398	3	4306401271	14
4398	4	106708032	12
4398	5	4210206809	12
4398	6	4210239537	11
4398	7	4306463937	11
4398	8	2737539069	9
4398	9	4306463855	9
4398	10	4317411217	9
4399	1	171471881	113
4399	2	126894729	46
4399	3	194835164	35
4399	4	133986316	33
4399	5	5754067	31
4399	6	2736378075	30
4399	7	4210171287	22
4399	8	48434751	20
4399	9	199213172	20
4399	10	96989847	17
4400	1	4306525036	213
4400	2	2764630493	86
4400	3	2755060417	27
4400	4	175879142	23
4400	5	2764904655	20
4400	6	169605324	18
4400	7	192814187	15
4400	8	4210204626	15
4400	9	12898181	12
4400	10	2765034150	12
4401	1	4306463937	111
4401	2	4306464022	59
4401	3	4306463091	41
4401	4	4306463491	39
4401	5	4306464262	20
4401	6	4306463667	18
4401	7	4210172589	15
4401	8	4306463855	15
4401	9	4210169925	13
4401	10	4210204756	13
4402	1	4306463937	36
4402	2	4210193289	34
4402	3	4306463091	25
4402	4	4306463491	23
4402	5	4306464232	22
4402	6	4306464262	22
4402	7	4306463855	18
4402	8	4210214987	17
4402	9	4306463716	17
4402	10	4306464261	13
4403	1	58389884	35
4403	2	4306401280	21
4403	3	4210173953	18
4403	4	4210172589	16
4403	5	4210180119	15
4403	6	4210215423	15
4403	7	4210230734	14
4403	8	185441699	13
4403	9	2737788663	13
4403	10	4306463855	13
4404	1	2764693658	102
4404	2	4210228398	83
4404	3	4306464262	48
4404	4	4306463937	46
4404	5	4306401271	40
4404	6	4210172589	39
4404	7	4306463667	18
4404	8	4306402512	17
4404	9	4306463855	17
4404	10	4306463716	16
4405	1	4210195883	60
4405	2	144753198	21
4405	3	2764737005	20
4405	4	4306401271	17
4405	5	2764391556	15
4405	6	2764914670	13
4405	7	2764677069	11
4405	8	4210172589	11
4405	9	4306463937	11
4405	10	4306401280	10
4406	1	4306463937	18
4406	2	4306400194	17
4406	3	4306401280	17
4406	4	4210187594	10
4406	5	4210186913	9
4406	6	4306525036	9
4406	7	191417626	8
4406	8	4210194898	8
4406	9	4317411217	8
4406	10	2736513269	7
4407	1	2765025892	189
4407	2	143305869	155
4407	3	4306525036	94
4407	4	87028008	45
4407	5	2764480370	45
4407	6	4210217645	27
4407	7	67345041	25
4407	8	4210233109	22
4407	9	135287143	9
4407	10	4306463855	9
4408	1	4317411217	40
4408	2	4306401280	22
4408	3	4210195883	21
4408	4	2764696622	18
4408	5	4393919366	15
4408	6	4210181041	12
4408	7	4210172589	11
4408	8	4210180292	11
4408	9	4210187594	10
4408	10	4210202681	9
4409	1	4210173162	59
4409	2	2915058201	31
4409	3	2764550306	21
4409	4	2946866068	19
4409	5	2913258372	18
4409	6	2764563260	15
4409	7	4210172596	14
4409	8	2764853565	13
4409	9	4210223003	12
4409	10	4306496053	12
4410	1	2764431038	45
4410	2	128754310	33
4410	3	2764441133	22
4410	4	67425620	20
4410	5	2764922013	17
4410	6	45645249	13
4410	7	2764672716	13
4410	8	88664677	10
4410	9	2764470041	10
4410	10	2764399000	9
4411	1	4306525036	112
4411	2	4306463937	16
4411	3	4306463855	14
4411	4	4306401280	12
4411	5	1003890252	11
4411	6	171130801	9
4411	7	2764375719	9
4411	8	4210172589	9
4411	9	4306463716	9
4411	10	2736976235	7
4412	1	4210173162	76
4412	2	4210182870	53
4412	3	4210172596	30
4412	4	2764657967	28
4412	5	4210229904	26
4412	6	2764565698	24
4412	7	4306420977	24
4412	8	2946866068	18
4412	9	2911235747	17
4412	10	4306532365	17
4413	1	65753830	85
4413	2	130567056	30
4413	3	72372694	28
4413	4	178238111	24
4413	5	36625193	23
4413	6	4306525036	18
4413	7	130298280	17
4413	8	152111507	15
4413	9	205498627	13
4413	10	235346	12
4414	1	4210240405	49
4414	2	4210239084	46
4414	3	4210222492	24
4414	4	4210169156	14
4414	5	4210192447	13
4414	6	2764905038	10
4414	7	4210187594	10
4414	8	4210220879	10
4414	9	4306463937	10
4414	10	13557859	9
4415	1	25178087	60
4415	2	4306463937	56
4415	3	4306525036	40
4415	4	186577254	27
4415	5	42433034	26
4415	6	3774022	24
4415	7	14436165	15
4415	8	115693375	15
4415	9	4306402567	15
4415	10	186113128	14
4416	1	4210230440	91
4416	2	4210171106	55
4416	3	4210179904	33
4416	4	2764462303	31
4416	5	4210205382	18
4416	6	4317411217	12
4416	7	2736655138	10
4416	8	2764646233	10
4416	9	4306525036	10
4416	10	2764869365	9
4417	1	4210207101	33
4417	2	4210234655	30
4417	3	4306463855	26
4417	4	4210212463	16
4417	5	4306401280	14
4417	6	4306463937	13
4417	7	2764599068	12
4417	8	4210187162	12
4417	9	1005771865	11
4417	10	4210192793	10
4418	1	4306463855	35
4418	2	64923488	28
4418	3	4306462964	24
4418	4	4306463708	17
4418	5	4306463937	13
4418	6	4210174717	12
4418	7	4306401280	11
4418	8	4306464027	10
4418	9	4317411217	10
4418	10	68478772	9
4419	1	4306522965	39
4419	2	4306504014	35
4419	3	4306528759	28
4419	4	4210167977	24
4419	5	4306401271	24
4419	6	4210172589	22
4419	7	4306522964	20
4419	8	4210193565	17
4419	9	4306504215	17
4419	10	4210191167	15
4420	1	2764900261	79
4420	2	134188425	43
4420	3	4210187899	31
4420	4	2898405271	23
4420	5	4210187594	21
4420	6	58266129	14
4420	7	2898246533	14
4420	8	4210169156	14
4420	9	44010765	11
4420	10	4210168725	11
4421	1	4306463937	43
4421	2	4306463855	31
4421	3	4317411217	22
4421	4	4210197043	19
4421	5	181524514	16
4421	6	187520691	13
4421	7	4306462995	13
4421	8	4210172589	11
4421	9	4306463091	11
4421	10	4210202567	10
4422	1	4306401280	26
4422	2	2736628705	15
4422	3	4306401271	13
4422	4	4306526937	11
4422	5	4210172589	8
4422	6	4317411217	8
4422	7	4210174113	7
4422	8	4306463855	7
4422	9	86099896	6
4422	10	4210186485	6
4423	1	4210184305	147
4423	2	4210187349	122
4423	3	4210218975	108
4423	4	4210210742	50
4423	5	4210210058	40
4423	6	4210188618	38
4423	7	4210204093	30
4423	8	4210223501	30
4423	9	4210232290	29
4423	10	4210217841	24
4424	1	4210172589	77
4424	2	4306401271	53
4424	3	4210186093	22
4424	4	4306401280	22
4424	5	4306463855	16
4424	6	4210203259	11
4424	7	4210227089	9
4424	8	4317411217	9
4424	9	4210193425	8
4424	10	4306400194	7
4425	1	4306401280	39
4425	2	4210224593	23
4425	3	4306531772	14
4425	4	2739064124	12
4425	5	2737552301	11
4425	6	4210214779	9
4425	7	4210172589	8
4425	8	4210182600	8
4425	9	4306525036	7
4425	10	4306463855	6
4426	1	2764663388	71
4426	2	4306463855	59
4426	3	4306463708	56
4426	4	4306462995	48
4426	5	4306463937	38
4426	6	2764375719	31
4426	7	4210172589	29
4426	8	207023805	22
4426	9	4306464261	21
4426	10	4306462964	20
4427	1	18736814	39
4427	2	4306463937	38
4427	3	4306501062	16
4427	4	82969710	14
4427	5	113611870	14
4427	6	4306525036	14
4427	7	4306501063	13
4427	8	92941125	11
4427	9	4210170953	10
4427	10	4210176183	10
4428	1	189275470	491
4428	2	4306517284	72
4428	3	4210231019	39
4428	4	4949901	32
4428	5	4210186093	26
4428	6	56676470	22
4428	7	2764418452	18
4428	8	112851140	17
4428	9	1026706133	10
4428	10	4210171465	9
4429	1	4306463855	63
4429	2	4306463937	42
4429	3	2764375719	21
4429	4	101120184	20
4429	5	4210172589	15
4429	6	4317411217	14
4429	7	75796200	12
4429	8	4306401271	12
4429	9	4306401280	12
4429	10	4306518851	11
4430	1	4210208846	26
4430	2	4210179954	25
4430	3	2764900261	18
4430	4	67425620	15
4430	5	4210187594	14
4430	6	104917558	13
4430	7	128754310	13
4430	8	2764469928	12
4430	9	4210189194	12
4430	10	117080907	11
4431	1	4363604106	67
4431	2	4306518851	31
4431	3	4306463855	19
4431	4	4210172589	15
4431	5	105811054	12
4431	6	60973665	11
4431	7	4306511623	11
4431	8	2764563436	10
4431	9	4210224800	10
4431	10	4306522964	10
4432	1	4210172589	114
4432	2	4306463708	65
4432	3	4306462995	63
4432	4	4306463937	35
4432	5	4306463091	24
4432	6	4306463491	22
4432	7	4306462964	21
4432	8	146518762	18
4432	9	4306464022	16
4432	10	4306463855	14
4433	1	4306463937	73
4433	2	4210172589	45
4433	3	104354167	31
4433	4	4306401271	20
4433	5	4306463855	20
4433	6	4306463716	19
4433	7	4306463125	15
4433	8	2764780593	14
4433	9	4306402512	13
4433	10	4210172832	12
4434	1	4306401280	29
4434	2	4210187133	21
4434	3	1035754523	20
4434	4	111847983	16
4434	5	184263677	16
4434	6	4306500695	12
4434	7	992900967	11
4434	8	2738849237	11
4434	9	4210169842	11
4434	10	4210168279	10
4435	1	4210187594	43
4435	2	4210189194	20
4435	3	2764696622	17
4435	4	4306400194	16
4435	5	4317411217	13
4435	6	4210172589	10
4435	7	4210182618	10
4435	8	2764855249	9
4435	9	4210169156	9
4435	10	4210195181	9
4436	1	3096383	32
4436	2	4306515648	29
4436	3	4210209847	24
4436	4	4210191163	23
4436	5	4210232956	23
4436	6	4210180946	21
4436	7	4317411217	17
4436	8	4210169186	15
4436	9	4210195680	15
4436	10	4210172589	14
4437	1	4306463937	90
4437	2	4393917726	43
4437	3	192814187	30
4437	4	4306525036	28
4437	5	70185877	24
4437	6	77494981	23
4437	7	112538619	22
4437	8	4210172589	22
4437	9	155245387	16
4437	10	207294652	16
4438	1	183492911	72
4438	2	17910731	56
4438	3	131208185	53
4438	4	4306522471	44
4438	5	4210231673	39
4438	6	4306522470	33
4438	7	2764476468	28
4438	8	197975706	27
4438	9	4210176297	27
4438	10	4210180580	21
4439	1	4210196754	30
4439	2	4306463937	24
4439	3	4306401280	22
4439	4	4306463855	22
4439	5	4210183005	15
4439	6	28909093	11
4439	7	4306401271	9
4439	8	4306463091	9
4439	9	62458012	7
4439	10	4210186470	7
4440	1	4210172589	44
4440	2	4306401271	44
4440	3	4306463937	28
4440	4	4306401280	19
4440	5	112952035	16
4440	6	2738677470	11
4440	7	4210204334	10
4440	8	10134376	9
4440	9	61727081	8
4440	10	104921184	7
4441	1	4306464232	127
4441	2	4306463937	54
4441	3	4306463091	50
4441	4	4306464261	32
4441	5	4306462964	27
4441	6	4306462951	25
4441	7	4210234641	22
4441	8	4210174457	21
4441	9	4306464262	16
4441	10	4306462995	15
4442	1	4210172589	40
4442	2	4306518826	25
4442	3	4306463855	18
4442	4	1043533966	17
4442	5	4306463937	16
4442	6	4306401280	15
4442	7	75440718	13
4442	8	4306463708	13
4442	9	4306462964	10
4442	10	4306463223	10
4443	1	4306463937	35
4443	2	4210172589	32
4443	3	4210182789	23
4443	4	4210217739	22
4443	5	1005771865	20
4443	6	4306463667	20
4443	7	4210172410	15
4443	8	4210169156	14
4443	9	4306463855	12
4443	10	4210170915	9
4444	1	2764498263	83
4444	2	2764649243	64
4444	3	4306524031	44
4444	4	2764567417	32
4444	5	2764761917	26
4444	6	2764675181	19
4444	7	128754310	18
4444	8	4210195883	13
4444	9	67425620	12
4444	10	2764414023	11
4445	1	145575934	119
4445	2	161318153	57
4445	3	4210189194	16
4445	4	152303250	11
4445	5	4210173371	11
4445	6	4306519036	11
4445	7	2764742516	10
4445	8	4210194109	10
4445	9	4210202285	10
4445	10	164469738	9
4446	1	67425620	67
4446	2	128754310	60
4446	3	2764640149	52
4446	4	2764944905	23
4446	5	4210189194	23
4446	6	2764487033	19
4446	7	4210195883	14
4446	8	4306463937	13
4446	9	75411654	11
4446	10	2764513735	11
4447	1	4210172589	50
4447	2	4306525036	34
4447	3	4306463937	22
4447	4	4306463409	19
4447	5	4306463855	17
4447	6	4306462995	12
4447	7	4306401280	11
4447	8	4306463223	9
4447	9	104917558	8
4447	10	2764566839	8
4448	1	2764915627	224
4448	2	4210172589	86
4448	3	4306472606	34
4448	4	4306463708	30
4448	5	4306463223	28
4448	6	4306506673	28
4448	7	5565318	23
4448	8	127459061	23
4448	9	2042836	20
4448	10	20475639	20
4449	1	4317411217	48
4449	2	4306401280	26
4449	3	4393919366	21
4449	4	4210195883	15
4449	5	4306463855	11
4449	6	4210187594	10
4449	7	4210227743	10
4449	8	4306464262	10
4449	9	4387286738	10
4449	10	2738033516	9
4450	1	4210172589	65
4450	2	4306401271	42
4450	3	4210182472	17
4450	4	2913258372	13
4450	5	4306463855	13
4450	6	4306463409	9
4450	7	4306463937	8
4450	8	4306462964	7
4450	9	4317411217	7
4450	10	2764550306	6
4451	1	4306462995	118
4451	2	4306462964	74
4451	3	4306463091	48
4451	4	4306463855	29
4451	5	4306463708	19
4451	6	4210193438	18
4451	7	4210214656	14
4451	8	4210183095	12
4451	9	2764375719	10
4451	10	2764783810	10
4452	1	4306401271	23
4452	2	4306401280	20
4452	3	4210181480	19
4452	4	2736636447	14
4452	5	4306525769	14
4452	6	2737171870	10
4452	7	4210192191	8
4452	8	4306402512	8
4452	9	110762155	6
4452	10	68410441	5
4453	1	4210186093	39
4453	2	4210172023	37
4453	3	4210204670	25
4453	4	4306463937	20
4453	5	2764697050	19
4453	6	4210227089	19
4453	7	4306488541	19
4453	8	4210187422	14
4453	9	4210195883	14
4453	10	4306463855	14
4454	1	127707501	83
4454	2	75411654	34
4454	3	3133755	32
4454	4	4949901	27
4454	5	4210184193	26
4454	6	4210177238	24
4454	7	14913209	22
4454	8	159297047	22
4454	9	178325816	18
4454	10	4210232352	18
4455	1	4210172589	26
4455	2	4306463937	20
4455	3	2912701521	19
4455	4	4210232202	17
4455	5	56112914	12
4455	6	4306496874	11
4455	7	4210214916	9
4455	8	4306463230	9
4455	9	4306514607	9
4455	10	4210175534	8
4456	1	2764487033	38
4456	2	2764640149	38
4456	3	67425620	24
4456	4	128754310	19
4456	5	2764468969	19
4456	6	2764944905	19
4456	7	4210203317	16
4456	8	183492911	15
4456	9	75032094	14
4456	10	4210172589	13
4457	1	4210172589	25
4457	2	4210167977	24
4457	3	4210189977	24
4457	4	4306463937	21
4457	5	4210208998	17
4457	6	4306401280	14
4457	7	4306514211	14
4457	8	4210172507	13
4457	9	4210194402	12
4457	10	4306534779	11
4458	1	4306463122	49
4458	2	2765025303	27
4458	3	2764869412	14
4458	4	4306463937	11
4458	5	4306496604	10
4458	6	102196823	9
4458	7	106296714	9
4458	8	2739064124	9
4458	9	4210199623	9
4458	10	4306401280	9
4459	1	41354064	248
4459	2	4210168331	41
4459	3	110436767	36
4459	4	133942674	36
4459	5	205754296	34
4459	6	4306463937	34
4459	7	73388172	32
4459	8	95954025	30
4459	9	46134040	27
4459	10	80698544	22
4460	1	2764375719	33
4460	2	4210172589	31
4460	3	4306463855	18
4460	4	4306400194	16
4460	5	76475234	15
4460	6	193857462	15
4460	7	4210239305	13
4460	8	4306463937	13
4460	9	96892332	12
4460	10	4306401280	11
4461	1	4306463937	20
4461	2	4306525036	20
4461	3	96284662	19
4461	4	111449618	16
4461	5	4210223152	15
4461	6	4317411217	12
4461	7	138136365	11
4461	8	4306463855	11
4461	9	2765063060	10
4461	10	108911230	9
4462	1	4210205400	26
4462	2	4317411217	26
4462	3	4393919366	17
4462	4	4306401280	15
4462	5	4210213420	12
4462	6	4210187594	10
4462	7	4210241177	10
4462	8	174098469	9
4462	9	4210191986	9
4462	10	4387280581	9
4463	1	2764805652	116
4463	2	2764737005	114
4463	3	4210228335	65
4463	4	2764576475	64
4463	5	2764913497	36
4463	6	4210201586	34
4463	7	2765058431	31
4463	8	2764611285	29
4463	9	2764923428	27
4463	10	2764524052	17
4464	1	4210172589	62
4464	2	4306463937	39
4464	3	4306463708	35
4464	4	4306463855	28
4464	5	2764635682	25
4464	6	4306401271	17
4464	7	87681011	16
4464	8	10134376	15
4464	9	4306463223	13
4464	10	4210170626	12
4465	1	4306463937	57
4465	2	4210172589	46
4465	3	4306401271	24
4465	4	4210204316	18
4465	5	2764375719	14
4465	6	4306515894	13
4465	7	4306400194	10
4465	8	4306463075	10
4465	9	4306463230	10
4465	10	4306463855	10
4466	1	4306401280	21
4466	2	2764375719	14
4466	3	4306463855	13
4466	4	4306401271	12
4466	5	4210194567	11
4466	6	4306463716	11
4466	7	4306463937	11
4466	8	198035802	10
4466	9	4210195110	10
4466	10	4306463122	10
4467	1	4306401271	42
4467	2	4210172589	26
4467	3	4306401280	9
4467	4	4210167977	7
4467	5	4210202480	7
4467	6	4306463937	7
4467	7	4306508261	7
4467	8	119682046	6
4467	9	4210169925	6
4467	10	4306463855	6
4468	1	4306401280	31
4468	2	4306522518	27
4468	3	60589374	25
4468	4	4306525036	17
4468	5	2764389030	15
4468	6	2764469696	14
4468	7	2764671611	10
4468	8	2764792803	10
4468	9	4210178584	9
4468	10	4306500339	9
4469	1	44595396	55
4469	2	4210194858	40
4469	3	102986953	24
4469	4	4306462964	23
4469	5	4306463855	20
4469	6	115629255	19
4469	7	4306463937	19
4469	8	2764375719	17
4469	9	26445087	16
4469	10	77503192	16
4470	1	4210187594	35
4470	2	2738455068	28
4470	3	4210189194	24
4470	4	4210208593	19
4470	5	4306519893	17
4470	6	4210195883	16
4470	7	30479993	13
4470	8	2764377292	13
4470	9	4210177130	13
4470	10	2764900261	12
4471	1	4210194964	29
4471	2	4210223563	26
4471	3	4306463855	26
4471	4	2764679938	24
4471	5	4306463937	13
4471	6	4210217528	12
4471	7	4210206299	11
4471	8	4210184238	9
4471	9	4210229140	9
4471	10	4210169156	8
4472	1	4210229495	73
4472	2	4306463937	47
4472	3	111449618	39
4472	4	4306463855	31
4472	5	65744445	27
4472	6	4306463708	19
4472	7	87438066	15
4472	8	4306401280	14
4472	9	141015964	13
4472	10	4210209654	13
4473	1	4306401271	203
4473	2	4306463716	31
4473	3	4210172589	29
4473	4	4306463855	27
4473	5	4306463937	22
4473	6	119254795	18
4473	7	47244669	11
4473	8	4210180322	11
4473	9	156070145	9
4473	10	2764919162	8
4474	1	128754310	24
4474	2	2764513735	24
4474	3	104863613	21
4474	4	67425620	14
4474	5	2764959842	12
4474	6	4210187068	12
4474	7	4210187594	11
4474	8	4210240396	11
4474	9	4210179954	10
4474	10	4306496587	9
4475	1	142731909	185
4475	2	192525298	182
4475	3	88020226	88
4475	4	160765276	74
4475	5	4210193276	68
4475	6	143903698	46
4475	7	29894199	33
4475	8	191549482	32
4475	9	120468566	28
4475	10	147718537	24
4476	1	4306401280	40
4476	2	4317411217	37
4476	3	4393919366	19
4476	4	4210237956	12
4476	5	4210172589	10
4476	6	4306463855	10
4476	7	4387288474	9
4476	8	4387278410	8
4476	9	2738208430	7
4476	10	4210217105	7
4477	1	4210222380	127
4477	2	2764723101	46
4477	3	4210172589	40
4477	4	2739402792	21
4477	5	4306401271	17
4477	6	4363604035	13
4477	7	4306463091	11
4477	8	4306463855	11
4477	9	4306401280	9
4477	10	4306464242	9
4478	1	4306525036	46
4478	2	4210196743	19
4478	3	4210195883	14
4478	4	2764737005	10
4478	5	2765019825	10
4478	6	4317411217	10
4478	7	29564236	9
4478	8	2764968390	9
4478	9	4306463230	9
4478	10	4306516065	9
4479	1	86512602	57
4479	2	137362610	44
4479	3	2764476468	27
4479	4	129676613	17
4479	5	124203677	15
4479	6	69753523	14
4479	7	4210199614	12
4479	8	130676932	11
4479	9	151747869	11
4479	10	166351637	11
4480	1	4306401280	28
4480	2	989485474	17
4480	3	2739149530	17
4480	4	2764943781	16
4480	5	194633539	13
4480	6	4306463937	12
4480	7	2736586265	10
4480	8	4306401271	10
4480	9	2737246607	9
4480	10	4210188647	9
4481	1	4306463937	104
4481	2	79332557	39
4481	3	4306401271	23
4481	4	9749920	18
4481	5	4306464262	17
4481	6	4306512880	14
4481	7	2764375719	10
4481	8	4210169854	10
4481	9	4210198198	10
4481	10	4306463091	9
4482	1	4306463855	25
4482	2	4317411217	17
4482	3	4393919366	14
4482	4	2764807737	9
4482	5	4210172589	9
4482	6	4306402512	9
4482	7	4306463937	6
4482	8	2764853565	5
4482	9	4210180037	5
4482	10	4306401280	5
4483	1	4210182600	38
4483	2	4306401280	26
4483	3	4317411217	18
4483	4	4210174514	16
4483	5	4210235661	13
4483	6	4210186024	11
4483	7	4210214779	10
4483	8	2737133040	8
4483	9	4210233512	8
4483	10	4306522074	8
4484	1	2764852979	119
4484	2	4210207363	65
4484	3	2913258372	38
4484	4	2946866068	26
4484	5	4210201406	19
4484	6	4210223500	15
4484	7	2764979558	14
4484	8	2912711996	14
4484	9	2915058201	14
4484	10	129278335	13
4485	1	4317411217	46
4485	2	4210205400	27
4485	3	4210204670	26
4485	4	4210186093	14
4485	5	4306401280	14
4485	6	4393919366	13
4485	7	4210236386	12
4485	8	4210170505	9
4485	9	4210172589	8
4485	10	2738145777	7
4486	1	120382301	92
4486	2	4306525036	53
4486	3	55107261	32
4486	4	162030435	21
4486	5	202381698	21
4486	6	187816532	19
4486	7	163817903	18
4486	8	12418545	14
4486	9	30970080	13
4486	10	159534381	12
4487	1	163629250	30
4487	2	163506364	21
4487	3	4306401280	20
4487	4	42168930	13
4487	5	2737422535	12
4487	6	137773608	9
4487	7	2739064124	9
4487	8	4210230971	9
4487	9	4317411217	8
4487	10	5191015	7
4488	1	4306525036	74
4488	2	133600554	44
4488	3	58730030	29
4488	4	114185612	24
4488	5	141734485	23
4488	6	4306463937	22
4488	7	1019606	20
4488	8	185621672	16
4488	9	67425620	14
4488	10	53701631	13
4489	1	4210215705	115
4489	2	4306502511	59
4489	3	4210237741	49
4489	4	4306401280	46
4489	5	4387290529	33
4489	6	4306510190	30
4489	7	4306510688	19
4489	8	4317411217	19
4489	9	4306535482	18
4489	10	4210224692	16
4490	1	4210229073	51
4490	2	951853888	30
4490	3	4210172589	30
4490	4	4210224023	26
4490	5	4210185747	25
4490	6	4306526623	24
4490	7	14636018	19
4490	8	4306506368	18
4490	9	4210198957	16
4490	10	4306463937	15
4491	1	2764723101	41
4491	2	4306401280	31
4491	3	4306401271	29
4491	4	4210230010	21
4491	5	4306500955	20
4491	6	4306504532	17
4491	7	4210172589	15
4491	8	4306508645	15
4491	9	4306520297	15
4491	10	4306508649	13
4492	1	4210172589	23
4492	2	4210237828	23
4492	3	4210201347	17
4492	4	4210223808	17
4492	5	4210221612	16
4492	6	4306463855	12
4492	7	4386621731	12
4492	8	4210190322	11
4492	9	4210205544	11
4492	10	4210196456	10
4493	1	4210172589	145
4493	2	112693977	25
4493	3	4306462995	21
4493	4	4306463855	19
4493	5	4306463937	19
4493	6	4210185638	17
4493	7	4306463708	17
4493	8	4306463667	14
4493	9	25774322	11
4493	10	4210191334	11
4494	1	157703734	291
4494	2	2764375719	43
4494	3	4306462964	36
4494	4	3172136	20
4494	5	4306463855	15
4494	6	4210172589	11
4494	7	4306463937	10
4494	8	66322658	9
4494	9	4306401280	9
4494	10	4306463716	8
4495	1	4210180791	72
4495	2	4387279565	41
4495	3	4317411217	31
4495	4	4210181041	26
4495	5	4306401280	17
4495	6	4210233172	15
4495	7	4393919366	8
4495	8	4210169190	7
4495	9	4210181392	7
4495	10	4210182631	7
4496	1	4210187594	24
4496	2	4317411217	20
4496	3	4306401280	14
4496	4	4393919366	13
4496	5	2764696622	11
4496	6	4210179954	11
4496	7	4306463855	10
4496	8	2764456761	8
4496	9	4210194370	8
4496	10	15272795	7
4497	1	4210194748	84
4497	2	4306401280	32
4497	3	4387283688	24
4497	4	4210193748	15
4497	5	4317411217	11
4497	6	2739465854	9
4497	7	4210182600	8
4497	8	4306401271	7
4497	9	4306528029	7
4497	10	4306527265	6
4498	1	4306401280	30
4498	2	4306508785	13
4498	3	2738810609	8
4498	4	2738707920	7
4498	5	2738706804	6
4498	6	2738708330	6
4498	7	4210170367	6
4498	8	4210172589	5
4498	9	4210206772	5
4498	10	4306510277	5
4499	1	4210195883	121
4499	2	4210214974	37
4499	3	4210172901	34
4499	4	4210186093	25
4499	5	4306401280	22
4499	6	4210180434	21
4499	7	4210212193	20
4499	8	4210170569	15
4499	9	4210173981	15
4499	10	2738560451	14
4500	1	2883122597	203
4500	2	4306400562	87
4500	3	4306400194	64
4500	4	2764429714	63
4500	5	4306463937	15
4500	6	52343387	12
4500	7	4306463708	12
4500	8	142173848	10
4500	9	4306401280	7
4500	10	976474146	6
4501	1	4306463855	141
4501	2	4306463937	46
4501	3	4210172589	38
4501	4	4306401271	25
4501	5	4306463708	20
4501	6	4210227089	13
4501	7	4306462995	11
4501	8	4210172087	9
4501	9	4306463716	9
4501	10	4306464262	8
4502	1	2764649243	101
4502	2	2764603912	71
4502	3	2764498263	60
4502	4	4306524031	40
4502	5	2764761917	31
4502	6	2764567417	30
4502	7	2764675181	17
4502	8	2764490911	15
4502	9	2764526531	14
4502	10	2764374787	13
4503	1	4210167977	49
4503	2	4210172589	33
4503	3	4306401271	25
4503	4	4306531023	21
4503	5	2764449760	15
4503	6	4306522964	15
4503	7	4306523009	13
4503	8	4306531032	12
4503	9	4306535713	12
4503	10	4210174505	11
4504	1	4306517408	43
4504	2	2912681116	31
4504	3	4210172589	26
4504	4	4220651471	24
4504	5	2764685664	15
4504	6	4306493614	14
4504	7	4306516122	14
4504	8	4306495615	13
4504	9	4210186072	12
4504	10	4210221726	12
4505	1	4210195883	46
4505	2	2764696622	31
4505	3	4306401280	27
4505	4	4317411217	22
4505	5	4210203466	19
4505	6	4210187594	12
4505	7	4210185867	11
4505	8	4210185921	8
4505	9	4306523297	8
4505	10	4210196743	7
4506	1	4210172589	62
4506	2	4306400194	51
4506	3	4306462964	46
4506	4	2764375719	27
4506	5	4306463855	27
4506	6	4306402512	23
4506	7	4306463937	17
4506	8	147718537	16
4506	9	19713811	12
4506	10	27801547	9
4507	1	4210178034	24
4507	2	4306401280	24
4507	3	2738849237	21
4507	4	4306463855	13
4507	5	2739475197	9
4507	6	4210169842	8
4507	7	2737940936	7
4507	8	4210235946	7
4507	9	4306402512	7
4507	10	144968344	6
4508	1	4306463937	184
4508	2	4210205294	70
4508	3	4306464262	57
4508	4	4306463855	23
4508	5	4306464240	17
4508	6	4210212461	14
4508	7	4306463667	14
4508	8	3035624105	13
4508	9	4210209634	12
4508	10	4306463104	12
4509	1	4306401271	60
4509	2	4306463937	45
4509	3	4210172589	25
4509	4	4210167454	13
4509	5	4306463855	13
4509	6	60115552	10
4509	7	127118166	9
4509	8	4306514685	9
4509	9	4210171077	8
4509	10	53719608	7
4510	1	106296714	94
4510	2	183492911	44
4510	3	4306400194	44
4510	4	4210192511	31
4510	5	116571295	25
4510	6	58069681	21
4510	7	198823948	18
4510	8	181408163	17
4510	9	138959710	13
4510	10	20241394	12
4511	1	4306463937	28
4511	2	4306401280	19
4511	3	4306525036	15
4511	4	2764375719	12
4511	5	4210172589	10
4511	6	4306509194	10
4511	7	4306463855	8
4511	8	4306469445	8
4511	9	136689770	7
4511	10	2737650051	6
4512	1	4210226409	90
4512	2	106296714	20
4512	3	2764725461	18
4512	4	4306463937	16
4512	5	2738862193	15
4512	6	4210169156	13
4512	7	173526038	11
4512	8	4210187594	11
4512	9	2764696622	10
4512	10	4306525036	10
4513	1	4306463937	156
4513	2	4306463855	36
4513	3	207414187	22
4513	4	4306463869	20
4513	5	4210229750	18
4513	6	84268765	17
4513	7	2764375719	15
4513	8	4210172589	15
4513	9	4306462819	13
4513	10	9692511	11
4514	1	4306525036	108
4514	2	4306462952	25
4514	3	4210187966	23
4514	4	192814187	21
4514	5	2764630493	17
4514	6	2764904655	16
4514	7	106099243	14
4514	8	37101086	12
4514	9	68436342	12
4514	10	2755361679	12
4515	1	17964695	82
4515	2	4210172589	76
4515	3	4306463937	74
4515	4	4306462995	29
4515	5	2764759150	23
4515	6	160097506	21
4515	7	2735436124	19
4515	8	4210207331	18
4515	9	4306463855	15
4515	10	4210176888	13
4516	1	4306401280	21
4516	2	4210230561	18
4516	3	4393919366	17
4516	4	4210187594	13
4516	5	4317411217	13
4516	6	4210172589	12
4516	7	4210169186	10
4516	8	4210208133	8
4516	9	4210233637	8
4516	10	106296714	7
4517	1	192525298	214
4517	2	76796937	164
4517	3	4210203212	86
4517	4	12513068	80
4517	5	71642434	62
4517	6	147718537	51
4517	7	70812101	40
4517	8	95667342	25
4517	9	128255347	21
4517	10	107525555	20
4518	1	4210180602	122
4518	2	2764375719	109
4518	3	4306463855	64
4518	4	4306463937	22
4518	5	4210172589	19
4518	6	4306462995	16
4518	7	4306463708	13
4518	8	2765063641	11
4518	9	4210218049	8
4518	10	4306462964	8
4519	1	4210169156	89
4519	2	4210220879	68
4519	3	2738008561	22
4519	4	4210186093	21
4519	5	4210189194	17
4519	6	2764905038	15
4519	7	4210172589	15
4519	8	2764951345	11
4519	9	4306463937	11
4519	10	4306463855	10
4520	1	4306463855	22
4520	2	4210171487	20
4520	3	4210190664	18
4520	4	4306463937	18
4520	5	10134376	13
4520	6	4306401280	10
4520	7	4210172589	9
4520	8	4210189194	9
4520	9	4210209777	9
4520	10	4317411217	9
4521	1	4210195883	25
4521	2	4306401280	20
4521	3	4210195173	15
4521	4	4306525036	14
4521	5	4317411217	12
4521	6	39653451	11
4521	7	2764696622	10
4521	8	4210180337	9
4521	9	30130650	8
4521	10	2738387300	8
