micro_cluster_id	main_field_seq	main_field_id	weight	is_primary_main_field
1	1	4	1	True
2	1	3	1	True
3	1	1	1	True
4	1	4	1	True
5	1	4	1	True
6	1	1	1	True
7	1	1	1	True
8	1	1	1	True
9	1	2	1	True
10	1	2	0.5	True
10	2	1	0.5	False
11	1	1	1	True
12	1	4	0.5	True
12	2	2	0.5	False
13	1	3	1	True
14	1	4	0.5	True
14	2	2	0.5	False
15	1	2	0.5	True
15	2	4	0.5	False
16	1	3	1	True
17	1	4	1	True
18	1	3	1	True
19	1	1	1	True
20	1	3	0.5	True
20	2	5	0.5	False
21	1	1	1	True
22	1	3	1	True
23	1	2	1	True
24	1	3	1	True
25	1	3	0.5	True
25	2	5	0.5	False
26	1	3	1	True
27	1	2	1	True
28	1	5	1	True
29	1	4	1	True
30	1	3	1	True
31	1	2	1	True
32	1	4	1	True
33	1	3	1	True
34	1	1	1	True
35	1	4	0.3333333333333333	True
35	2	2	0.3333333333333333	False
35	3	3	0.3333333333333333	False
36	1	5	1	True
37	1	3	1	True
38	1	2	1	True
39	1	3	1	True
40	1	5	1	True
41	1	2	1	True
42	1	1	0.5	True
42	2	2	0.5	False
43	1	2	0.5	True
43	2	1	0.5	False
44	1	3	0.5	True
44	2	2	0.5	False
45	1	3	1	True
46	1	5	1	True
47	1	1	1	True
48	1	3	1	True
49	1	3	1	True
50	1	5	1	True
51	1	2	1	True
52	1	5	1	True
53	1	1	1	True
54	1	5	1	True
55	1	1	1	True
56	1	2	1	True
57	1	5	1	True
58	1	1	1	True
59	1	3	0.5	True
59	2	2	0.5	False
60	1	2	1	True
61	1	5	1	True
62	1	2	1	True
63	1	3	0.5	True
63	2	2	0.5	False
64	1	5	1	True
65	1	2	1	True
66	1	2	1	True
67	1	5	0.5	True
67	2	1	0.5	False
68	1	1	0.5	True
68	2	5	0.5	False
69	1	5	0.5	True
69	2	3	0.5	False
70	1	1	1	True
71	1	2	1	True
72	1	1	1	True
73	1	2	1	True
74	1	3	1	True
75	1	4	0.5	True
75	2	3	0.5	False
76	1	4	0.5	True
76	2	2	0.5	False
77	1	2	1	True
78	1	3	1	True
79	1	3	0.5	True
79	2	2	0.5	False
80	1	5	1	True
81	1	1	1	True
82	1	2	1	True
83	1	3	1	True
84	1	2	1	True
85	1	2	1	True
86	1	2	1	True
87	1	4	0.5	True
87	2	1	0.5	False
88	1	3	0.5	True
88	2	4	0.5	False
89	1	4	1	True
90	1	3	1	True
91	1	2	1	True
92	1	3	1	True
93	1	3	1	True
94	1	2	1	True
95	1	3	1	True
96	1	3	1	True
97	1	3	1	True
98	1	4	1	True
99	1	3	1	True
100	1	5	1	True
101	1	5	1	True
102	1	1	0.5	True
102	2	5	0.5	False
103	1	1	1	True
104	1	3	1	True
105	1	2	1	True
106	1	1	0.5	True
106	2	2	0.5	False
107	1	3	1	True
108	1	1	1	True
109	1	4	1	True
110	1	4	1	True
111	1	4	1	True
112	1	2	1	True
113	1	3	0.5	True
113	2	2	0.5	False
114	1	2	1	True
115	1	1	1	True
116	1	2	1	True
117	1	3	1	True
118	1	2	1	True
119	1	1	0.5	True
119	2	4	0.5	False
120	1	2	1	True
121	1	3	0.5	True
121	2	5	0.5	False
122	1	4	0.5	True
122	2	2	0.5	False
123	1	2	1	True
124	1	2	1	True
125	1	5	1	True
126	1	5	1	True
127	1	1	1	True
128	1	1	1	True
129	1	2	1	True
130	1	1	1	True
131	1	3	1	True
132	1	3	1	True
133	1	1	1	True
134	1	2	1	True
135	1	4	1	True
136	1	5	1	True
137	1	2	1	True
138	1	5	1	True
139	1	4	1	True
140	1	4	1	True
141	1	2	0.5	True
141	2	4	0.5	False
142	1	5	1	True
143	1	2	1	True
144	1	2	1	True
145	1	1	1	True
146	1	2	1	True
147	1	2	1	True
148	1	5	1	True
149	1	1	1	True
150	1	2	1	True
151	1	2	1	True
152	1	4	0.5	True
152	2	2	0.5	False
153	1	1	1	True
154	1	1	1	True
155	1	2	1	True
156	1	1	0.5	True
156	2	2	0.5	False
157	1	2	1	True
158	1	2	1	True
159	1	4	0.5	True
159	2	3	0.5	False
160	1	3	0.5	True
160	2	4	0.5	False
161	1	3	1	True
162	1	1	0.5	True
162	2	5	0.5	False
163	1	3	1	True
164	1	1	1	True
165	1	1	1	True
166	1	2	1	True
167	1	2	1	True
168	1	2	0.5	True
168	2	1	0.5	False
169	1	2	1	True
170	1	2	1	True
171	1	4	0.3333333333333333	True
171	2	3	0.3333333333333333	False
171	3	2	0.3333333333333333	False
172	1	2	1	True
173	1	3	0.5	True
173	2	5	0.5	False
174	1	4	1	True
175	1	5	1	True
176	1	2	1	True
177	1	2	0.5	True
177	2	1	0.5	False
178	1	2	1	True
179	1	3	1	True
180	1	3	1	True
181	1	5	1	True
182	1	1	0.5	True
182	2	2	0.5	False
183	1	2	1	True
184	1	2	0.5	True
184	2	4	0.5	False
185	1	2	1	True
186	1	2	0.5	True
186	2	1	0.5	False
187	1	5	0.5	True
187	2	3	0.5	False
188	1	3	1	True
189	1	2	1	True
190	1	2	0.5	True
190	2	4	0.5	False
191	1	5	1	True
192	1	3	1	True
193	1	2	1	True
194	1	5	1	True
195	1	2	1	True
196	1	2	1	True
197	1	3	1	True
198	1	2	1	True
199	1	4	1	True
200	1	2	1	True
201	1	5	1	True
202	1	2	1	True
203	1	5	1	True
204	1	3	1	True
205	1	3	1	True
206	1	2	0.3333333333333333	True
206	2	1	0.3333333333333333	False
206	3	5	0.3333333333333333	False
207	1	3	0.5	True
207	2	2	0.5	False
208	1	1	1	True
209	1	2	0.5	True
209	2	1	0.5	False
210	1	3	0.5	True
210	2	4	0.5	False
211	1	2	0.3333333333333333	True
211	2	5	0.3333333333333333	False
211	3	3	0.3333333333333333	False
212	1	3	1	True
213	1	1	1	True
214	1	1	1	True
215	1	5	1	True
216	1	1	1	True
217	1	2	1	True
218	1	2	1	True
219	1	3	1	True
220	1	5	0.5	True
220	2	3	0.5	False
221	1	3	0.5	True
221	2	5	0.5	False
222	1	2	1	True
223	1	5	1	True
224	1	3	1	True
225	1	4	0.5	True
225	2	2	0.5	False
226	1	4	0.5	True
226	2	1	0.5	False
227	1	2	1	True
228	1	5	1	True
229	1	5	1	True
230	1	4	1	True
231	1	2	1	True
232	1	3	0.5	True
232	2	5	0.5	False
233	1	3	1	True
234	1	2	1	True
235	1	2	0.5	True
235	2	1	0.5	False
236	1	4	1	True
237	1	5	1	True
238	1	2	1	True
239	1	1	1	True
240	1	4	1	True
241	1	2	0.5	True
241	2	5	0.5	False
242	1	2	0.5	True
242	2	1	0.5	False
243	1	5	0.5	True
243	2	1	0.5	False
244	1	5	0.5	True
244	2	3	0.5	False
245	1	3	1	True
246	1	5	1	True
247	1	3	1	True
248	1	5	0.5	True
248	2	3	0.5	False
249	1	5	1	True
250	1	2	1	True
251	1	3	1	True
252	1	2	0.5	True
252	2	3	0.5	False
253	1	2	1	True
254	1	2	0.5	True
254	2	1	0.5	False
255	1	4	1	True
256	1	3	0.5	True
256	2	2	0.5	False
257	1	2	1	True
258	1	1	1	True
259	1	1	1	True
260	1	5	1	True
261	1	2	1	True
262	1	5	0.5	True
262	2	3	0.5	False
263	1	2	0.5	True
263	2	1	0.5	False
264	1	3	1	True
265	1	1	1	True
266	1	4	1	True
267	1	1	1	True
268	1	2	1	True
269	1	2	1	True
270	1	5	0.5	True
270	2	1	0.5	False
271	1	5	0.3333333333333333	True
271	2	4	0.3333333333333333	False
271	3	3	0.3333333333333333	False
272	1	2	0.5	True
272	2	1	0.5	False
273	1	5	1	True
274	1	3	1	True
275	1	3	1	True
276	1	2	1	True
277	1	2	1	True
278	1	3	0.5	True
278	2	5	0.5	False
279	1	2	1	True
280	1	2	1	True
281	1	3	1	True
282	1	1	0.5	True
282	2	5	0.5	False
283	1	2	0.5	True
283	2	5	0.5	False
284	1	4	0.5	True
284	2	3	0.5	False
285	1	2	1	True
286	1	5	0.5	True
286	2	1	0.5	False
287	1	5	1	True
288	1	5	1	True
289	1	1	1	True
290	1	2	1	True
291	1	2	1	True
292	1	2	1	True
293	1	2	1	True
294	1	2	1	True
295	1	3	1	True
296	1	2	0.5	True
296	2	4	0.5	False
297	1	1	1	True
298	1	1	0.5	True
298	2	3	0.5	False
299	1	3	1	True
300	1	2	1	True
301	1	2	1	True
302	1	4	1	True
303	1	2	0.5	True
303	2	3	0.5	False
304	1	5	1	True
305	1	5	1	True
306	1	3	1	True
307	1	2	1	True
308	1	2	1	True
309	1	2	1	True
310	1	3	1	True
311	1	3	1	True
312	1	1	0.5	True
312	2	2	0.5	False
313	1	3	1	True
314	1	1	1	True
315	1	1	0.5	True
315	2	5	0.5	False
316	1	2	1	True
317	1	5	1	True
318	1	1	1	True
319	1	4	0.5	True
319	2	1	0.5	False
320	1	5	1	True
321	1	3	1	True
322	1	2	1	True
323	1	5	1	True
324	1	4	0.5	True
324	2	3	0.5	False
325	1	3	0.5	True
325	2	4	0.5	False
326	1	5	1	True
327	1	2	0.5	True
327	2	1	0.5	False
328	1	1	0.5	True
328	2	5	0.5	False
329	1	2	1	True
330	1	4	1	True
331	1	5	1	True
332	1	4	1	True
333	1	4	1	True
334	1	2	1	True
335	1	2	1	True
336	1	2	1	True
337	1	2	1	True
338	1	3	0.5	True
338	2	5	0.5	False
339	1	5	1	True
340	1	2	1	True
341	1	4	1	True
342	1	2	1	True
343	1	3	1	True
344	1	1	1	True
345	1	2	1	True
346	1	3	1	True
347	1	4	1	True
348	1	1	1	True
349	1	1	1	True
350	1	2	0.3333333333333333	True
350	2	5	0.3333333333333333	False
350	3	1	0.3333333333333333	False
351	1	2	1	True
352	1	2	1	True
353	1	3	1	True
354	1	3	1	True
355	1	1	0.5	True
355	2	2	0.5	False
356	1	2	1	True
357	1	1	0.5	True
357	2	5	0.5	False
358	1	2	0.5	True
358	2	3	0.5	False
359	1	2	1	True
360	1	3	1	True
361	1	3	0.5	True
361	2	5	0.5	False
362	1	1	1	True
363	1	5	1	True
364	1	2	1	True
365	1	2	1	True
366	1	1	1	True
367	1	1	0.5	True
367	2	4	0.5	False
368	1	2	1	True
369	1	3	0.5	True
369	2	5	0.5	False
370	1	3	0.5	True
370	2	5	0.5	False
371	1	2	1	True
372	1	2	1	True
373	1	2	1	True
374	1	5	1	True
375	1	2	1	True
376	1	2	0.5	True
376	2	1	0.5	False
377	1	3	1	True
378	1	2	0.3333333333333333	True
378	2	3	0.3333333333333333	False
378	3	5	0.3333333333333333	False
379	1	2	1	True
380	1	1	0.5	True
380	2	2	0.5	False
381	1	2	1	True
382	1	3	1	True
383	1	1	1	True
384	1	3	1	True
385	1	4	1	True
386	1	3	1	True
387	1	2	0.5	True
387	2	4	0.5	False
388	1	5	1	True
389	1	3	1	True
390	1	2	1	True
391	1	1	0.5	True
391	2	2	0.5	False
392	1	2	1	True
393	1	1	1	True
394	1	2	1	True
395	1	1	0.5	True
395	2	5	0.5	False
396	1	3	1	True
397	1	2	1	True
398	1	4	1	True
399	1	4	0.5	True
399	2	3	0.5	False
400	1	5	1	True
401	1	2	1	True
402	1	3	1	True
403	1	1	0.5	True
403	2	5	0.5	False
404	1	3	0.5	True
404	2	2	0.5	False
405	1	3	1	True
406	1	4	0.5	True
406	2	3	0.5	False
407	1	3	0.5	True
407	2	2	0.5	False
408	1	2	1	True
409	1	3	1	True
410	1	2	0.3333333333333333	True
410	2	1	0.3333333333333333	False
410	3	5	0.3333333333333333	False
411	1	3	0.5	True
411	2	4	0.5	False
412	1	3	1	True
413	1	3	0.5	True
413	2	4	0.5	False
414	1	2	1	True
415	1	1	1	True
416	1	2	1	True
417	1	2	1	True
418	1	2	1	True
419	1	4	0.3333333333333333	True
419	2	2	0.3333333333333333	False
419	3	3	0.3333333333333333	False
420	1	2	1	True
421	1	4	0.5	True
421	2	1	0.5	False
422	1	2	1	True
423	1	2	0.5	True
423	2	4	0.5	False
424	1	5	0.5	True
424	2	1	0.5	False
425	1	3	1	True
426	1	2	0.5	True
426	2	1	0.5	False
427	1	5	0.3333333333333333	True
427	2	2	0.3333333333333333	False
427	3	1	0.3333333333333333	False
428	1	2	1	True
429	1	5	1	True
430	1	5	0.5	True
430	2	1	0.5	False
431	1	2	0.5	True
431	2	4	0.5	False
432	1	3	0.5	True
432	2	2	0.5	False
433	1	2	0.5	True
433	2	4	0.5	False
434	1	2	0.5	True
434	2	4	0.5	False
435	1	4	0.5	True
435	2	1	0.5	False
436	1	2	1	True
437	1	1	1	True
438	1	1	0.5	True
438	2	4	0.5	False
439	1	4	0.5	True
439	2	1	0.5	False
440	1	3	1	True
441	1	2	1	True
442	1	2	1	True
443	1	1	1	True
444	1	5	1	True
445	1	2	0.5	True
445	2	4	0.5	False
446	1	1	1	True
447	1	4	1	True
448	1	2	0.5	True
448	2	1	0.5	False
449	1	2	1	True
450	1	4	1	True
451	1	4	1	True
452	1	2	1	True
453	1	2	1	True
454	1	5	1	True
455	1	2	1	True
456	1	5	0.5	True
456	2	1	0.5	False
457	1	1	1	True
458	1	2	1	True
459	1	2	1	True
460	1	3	1	True
461	1	3	1	True
462	1	5	1	True
463	1	3	1	True
464	1	3	1	True
465	1	1	1	True
466	1	4	1	True
467	1	1	0.5	True
467	2	5	0.5	False
468	1	5	0.5	True
468	2	3	0.5	False
469	1	2	1	True
470	1	5	0.5	True
470	2	1	0.5	False
471	1	1	0.5	True
471	2	4	0.5	False
472	1	3	0.5	True
472	2	5	0.5	False
473	1	4	1	True
474	1	3	1	True
475	1	1	1	True
476	1	4	0.5	True
476	2	3	0.5	False
477	1	3	1	True
478	1	3	1	True
479	1	3	1	True
480	1	3	1	True
481	1	5	1	True
482	1	5	1	True
483	1	2	1	True
484	1	3	0.5	True
484	2	4	0.5	False
485	1	1	0.5	True
485	2	2	0.5	False
486	1	2	0.5	True
486	2	4	0.5	False
487	1	4	1	True
488	1	3	0.5	True
488	2	4	0.5	False
489	1	2	1	True
490	1	3	1	True
491	1	3	1	True
492	1	2	1	True
493	1	2	1	True
494	1	2	0.5	True
494	2	4	0.5	False
495	1	3	1	True
496	1	2	1	True
497	1	2	1	True
498	1	2	1	True
499	1	2	1	True
500	1	5	1	True
501	1	3	1	True
502	1	5	0.5	True
502	2	3	0.5	False
503	1	1	1	True
504	1	5	1	True
505	1	2	1	True
506	1	2	0.5	True
506	2	4	0.5	False
507	1	3	0.5	True
507	2	4	0.5	False
508	1	2	0.5	True
508	2	1	0.5	False
509	1	1	0.5	True
509	2	2	0.5	False
510	1	2	1	True
511	1	3	0.5	True
511	2	5	0.5	False
512	1	2	0.5	True
512	2	3	0.5	False
513	1	3	1	True
514	1	5	0.5	True
514	2	3	0.5	False
515	1	2	1	True
516	1	2	1	True
517	1	1	1	True
518	1	2	1	True
519	1	2	0.5	True
519	2	3	0.5	False
520	1	4	0.5	True
520	2	2	0.5	False
521	1	2	1	True
522	1	2	0.5	True
522	2	5	0.5	False
523	1	3	1	True
524	1	5	0.5	True
524	2	3	0.5	False
525	1	5	0.5	True
525	2	1	0.5	False
526	1	2	0.5	True
526	2	3	0.5	False
527	1	3	1	True
528	1	2	1	True
529	1	2	1	True
530	1	3	1	True
531	1	5	1	True
532	1	3	1	True
533	1	5	0.5	True
533	2	1	0.5	False
534	1	3	0.5	True
534	2	5	0.5	False
535	1	4	0.5	True
535	2	3	0.5	False
536	1	2	1	True
537	1	2	0.5	True
537	2	1	0.5	False
538	1	5	1	True
539	1	1	1	True
540	1	3	0.5	True
540	2	2	0.5	False
541	1	5	1	True
542	1	2	1	True
543	1	2	1	True
544	1	3	1	True
545	1	5	1	True
546	1	1	1	True
547	1	1	1	True
548	1	3	1	True
549	1	2	1	True
550	1	2	1	True
551	1	5	1	True
552	1	2	1	True
553	1	3	1	True
554	1	2	1	True
555	1	4	1	True
556	1	2	1	True
557	1	1	1	True
558	1	3	0.5	True
558	2	5	0.5	False
559	1	3	1	True
560	1	2	1	True
561	1	1	1	True
562	1	2	1	True
563	1	2	1	True
564	1	4	0.5	True
564	2	3	0.5	False
565	1	1	0.5	True
565	2	2	0.5	False
566	1	3	1	True
567	1	5	1	True
568	1	3	1	True
569	1	2	1	True
570	1	2	1	True
571	1	5	1	True
572	1	4	0.3333333333333333	True
572	2	5	0.3333333333333333	False
572	3	3	0.3333333333333333	False
573	1	5	1	True
574	1	1	1	True
575	1	5	1	True
576	1	2	1	True
577	1	4	0.5	True
577	2	3	0.5	False
578	1	3	1	True
579	1	5	1	True
580	1	2	1	True
581	1	2	0.5	True
581	2	5	0.5	False
582	1	2	0.5	True
582	2	1	0.5	False
583	1	2	1	True
584	1	2	0.5	True
584	2	4	0.5	False
585	1	1	1	True
586	1	5	1	True
587	1	2	1	True
588	1	5	1	True
589	1	1	1	True
590	1	3	1	True
591	1	3	0.5	True
591	2	5	0.5	False
592	1	3	1	True
593	1	2	1	True
594	1	4	0.5	True
594	2	2	0.5	False
595	1	1	1	True
596	1	2	0.5	True
596	2	1	0.5	False
597	1	3	1	True
598	1	2	1	True
599	1	2	1	True
600	1	2	0.5	True
600	2	1	0.5	False
601	1	5	1	True
602	1	2	1	True
603	1	5	0.5	True
603	2	1	0.5	False
604	1	2	1	True
605	1	1	1	True
606	1	2	1	True
607	1	3	1	True
608	1	2	1	True
609	1	1	1	True
610	1	3	1	True
611	1	3	1	True
612	1	3	1	True
613	1	2	1	True
614	1	2	1	True
615	1	3	1	True
616	1	5	0.5	True
616	2	4	0.5	False
617	1	2	1	True
618	1	2	1	True
619	1	2	1	True
620	1	2	1	True
621	1	5	0.5	True
621	2	2	0.5	False
622	1	3	0.5	True
622	2	5	0.5	False
623	1	3	1	True
624	1	3	1	True
625	1	2	1	True
626	1	3	1	True
627	1	5	1	True
628	1	1	1	True
629	1	1	0.5	True
629	2	2	0.5	False
630	1	2	1	True
631	1	2	1	True
632	1	1	1	True
633	1	3	1	True
634	1	2	1	True
635	1	3	1	True
636	1	1	0.5	True
636	2	5	0.5	False
637	1	5	1	True
638	1	3	0.5	True
638	2	5	0.5	False
639	1	5	1	True
640	1	5	0.3333333333333333	True
640	2	3	0.3333333333333333	False
640	3	4	0.3333333333333333	False
641	1	2	1	True
642	1	3	1	True
643	1	4	1	True
644	1	4	1	True
645	1	2	1	True
646	1	1	1	True
647	1	4	0.5	True
647	2	3	0.5	False
648	1	5	0.5	True
648	2	1	0.5	False
649	1	2	1	True
650	1	3	0.5	True
650	2	4	0.5	False
651	1	5	1	True
652	1	1	0.5	True
652	2	2	0.5	False
653	1	5	1	True
654	1	2	1	True
655	1	5	0.5	True
655	2	4	0.5	False
656	1	1	1	True
657	1	3	1	True
658	1	2	1	True
659	1	4	1	True
660	1	3	1	True
661	1	3	1	True
662	1	3	1	True
663	1	3	0.5	True
663	2	5	0.5	False
664	1	5	1	True
665	1	2	1	True
666	1	3	1	True
667	1	5	1	True
668	1	2	1	True
669	1	4	1	True
670	1	3	1	True
671	1	2	1	True
672	1	1	0.5	True
672	2	5	0.5	False
673	1	2	1	True
674	1	1	1	True
675	1	2	1	True
676	1	2	1	True
677	1	1	1	True
678	1	2	1	True
679	1	5	1	True
680	1	3	0.5	True
680	2	4	0.5	False
681	1	3	1	True
682	1	5	0.5	True
682	2	3	0.5	False
683	1	3	1	True
684	1	2	1	True
685	1	2	1	True
686	1	2	0.5	True
686	2	4	0.5	False
687	1	3	1	True
688	1	5	1	True
689	1	5	0.5	True
689	2	4	0.5	False
690	1	3	0.5	True
690	2	5	0.5	False
691	1	2	1	True
692	1	1	0.5	True
692	2	4	0.5	False
693	1	2	1	True
694	1	2	1	True
695	1	2	0.5	True
695	2	4	0.5	False
696	1	2	1	True
697	1	2	1	True
698	1	5	0.3333333333333333	True
698	2	3	0.3333333333333333	False
698	3	1	0.3333333333333333	False
699	1	4	0.5	True
699	2	1	0.5	False
700	1	3	1	True
701	1	3	1	True
702	1	4	1	True
703	1	5	0.5	True
703	2	1	0.5	False
704	1	2	0.5	True
704	2	3	0.5	False
705	1	3	1	True
706	1	2	1	True
707	1	3	1	True
708	1	2	0.5	True
708	2	1	0.5	False
709	1	5	0.5	True
709	2	1	0.5	False
710	1	4	0.3333333333333333	True
710	2	3	0.3333333333333333	False
710	3	2	0.3333333333333333	False
711	1	5	1	True
712	1	1	0.5	True
712	2	5	0.5	False
713	1	3	1	True
714	1	5	1	True
715	1	5	1	True
716	1	3	0.5	True
716	2	4	0.5	False
717	1	3	1	True
718	1	1	1	True
719	1	5	1	True
720	1	5	1	True
721	1	3	1	True
722	1	1	1	True
723	1	3	1	True
724	1	2	1	True
725	1	2	0.5	True
725	2	3	0.5	False
726	1	1	1	True
727	1	3	0.3333333333333333	True
727	2	5	0.3333333333333333	False
727	3	2	0.3333333333333333	False
728	1	2	1	True
729	1	3	0.5	True
729	2	2	0.5	False
730	1	1	1	True
731	1	1	0.5	True
731	2	5	0.5	False
732	1	3	1	True
733	1	4	0.5	True
733	2	2	0.5	False
734	1	5	0.5	True
734	2	1	0.5	False
735	1	3	1	True
736	1	3	1	True
737	1	2	0.5	True
737	2	1	0.5	False
738	1	1	1	True
739	1	5	0.5	True
739	2	3	0.5	False
740	1	5	0.5	True
740	2	3	0.5	False
741	1	5	1	True
742	1	5	1	True
743	1	5	1	True
744	1	3	1	True
745	1	2	1	True
746	1	2	1	True
747	1	1	0.5	True
747	2	4	0.5	False
748	1	2	1	True
749	1	1	1	True
750	1	4	0.5	True
750	2	3	0.5	False
751	1	2	0.5	True
751	2	1	0.5	False
752	1	3	1	True
753	1	4	1	True
754	1	2	1	True
755	1	2	1	True
756	1	2	1	True
757	1	5	0.5	True
757	2	1	0.5	False
758	1	1	1	True
759	1	1	1	True
760	1	2	1	True
761	1	5	1	True
762	1	1	0.5	True
762	2	2	0.5	False
763	1	1	0.3333333333333333	True
763	2	5	0.3333333333333333	False
763	3	3	0.3333333333333333	False
764	1	5	1	True
765	1	4	1	True
766	1	4	1	True
767	1	5	0.5	True
767	2	3	0.5	False
768	1	3	0.3333333333333333	True
768	2	5	0.3333333333333333	False
768	3	1	0.3333333333333333	False
769	1	2	1	True
770	1	4	0.5	True
770	2	5	0.5	False
771	1	2	1	True
772	1	5	1	True
773	1	2	1	True
774	1	4	1	True
775	1	5	1	True
776	1	2	1	True
777	1	1	1	True
778	1	1	1	True
779	1	4	1	True
780	1	5	0.5	True
780	2	3	0.5	False
781	1	3	1	True
782	1	2	0.5	True
782	2	3	0.5	False
783	1	3	1	True
784	1	2	0.5	True
784	2	5	0.5	False
785	1	1	1	True
786	1	2	1	True
787	1	5	0.3333333333333333	True
787	2	3	0.3333333333333333	False
787	3	4	0.3333333333333333	False
788	1	1	0.5	True
788	2	2	0.5	False
789	1	5	1	True
790	1	2	1	True
791	1	5	1	True
792	1	5	1	True
793	1	2	1	True
794	1	1	1	True
795	1	2	0.5	True
795	2	1	0.5	False
796	1	5	1	True
797	1	1	1	True
798	1	3	1	True
799	1	5	1	True
800	1	2	0.5	True
800	2	3	0.5	False
801	1	4	0.5	True
801	2	5	0.5	False
802	1	1	1	True
803	1	5	0.5	True
803	2	1	0.5	False
804	1	2	0.5	True
804	2	1	0.5	False
805	1	3	0.5	True
805	2	5	0.5	False
806	1	3	1	True
807	1	3	1	True
808	1	3	0.5	True
808	2	5	0.5	False
809	1	1	0.5	True
809	2	5	0.5	False
810	1	3	1	True
811	1	3	1	True
812	1	5	1	True
813	1	1	0.5	True
813	2	2	0.5	False
814	1	2	1	True
815	1	4	1	True
816	1	2	1	True
817	1	3	1	True
818	1	3	1	True
819	1	4	1	True
820	1	5	1	True
821	1	2	1	True
822	1	3	1	True
823	1	2	1	True
824	1	5	1	True
825	1	4	1	True
826	1	1	1	True
827	1	2	0.5	True
827	2	1	0.5	False
828	1	5	1	True
829	1	5	1	True
830	1	2	1	True
831	1	2	1	True
832	1	2	1	True
833	1	2	0.5	True
833	2	1	0.5	False
834	1	3	1	True
835	1	3	1	True
836	1	2	0.5	True
836	2	3	0.5	False
837	1	2	1	True
838	1	4	0.5	True
838	2	2	0.5	False
839	1	2	1	True
840	1	3	1	True
841	1	1	0.5	True
841	2	4	0.5	False
842	1	3	1	True
843	1	2	0.5	True
843	2	1	0.5	False
844	1	2	1	True
845	1	1	0.5	True
845	2	5	0.5	False
846	1	3	1	True
847	1	5	1	True
848	1	5	1	True
849	1	5	1	True
850	1	3	1	True
851	1	5	0.5	True
851	2	3	0.5	False
852	1	2	1	True
853	1	2	0.5	True
853	2	1	0.5	False
854	1	2	1	True
855	1	2	1	True
856	1	1	1	True
857	1	3	1	True
858	1	2	1	True
859	1	3	1	True
860	1	5	1	True
861	1	2	1	True
862	1	5	0.5	True
862	2	2	0.5	False
863	1	2	0.5	True
863	2	5	0.5	False
864	1	3	1	True
865	1	3	1	True
866	1	2	1	True
867	1	2	1	True
868	1	5	0.5	True
868	2	3	0.5	False
869	1	2	0.3333333333333333	True
869	2	4	0.3333333333333333	False
869	3	3	0.3333333333333333	False
870	1	2	1	True
871	1	3	1	True
872	1	2	1	True
873	1	2	1	True
874	1	2	0.3333333333333333	True
874	2	5	0.3333333333333333	False
874	3	3	0.3333333333333333	False
875	1	2	0.5	True
875	2	4	0.5	False
876	1	5	1	True
877	1	2	1	True
878	1	2	1	True
879	1	5	1	True
880	1	1	1	True
881	1	2	1	True
882	1	2	1	True
883	1	1	0.5	True
883	2	5	0.5	False
884	1	5	1	True
885	1	5	0.5	True
885	2	2	0.5	False
886	1	3	1	True
887	1	2	0.5	True
887	2	5	0.5	False
888	1	5	0.5	True
888	2	1	0.5	False
889	1	4	1	True
890	1	2	1	True
891	1	5	1	True
892	1	3	1	True
893	1	1	1	True
894	1	3	0.5	True
894	2	4	0.5	False
895	1	4	1	True
896	1	5	1	True
897	1	2	1	True
898	1	1	1	True
899	1	5	1	True
900	1	4	0.5	True
900	2	2	0.5	False
901	1	5	1	True
902	1	2	1	True
903	1	3	1	True
904	1	5	1	True
905	1	3	1	True
906	1	5	1	True
907	1	1	1	True
908	1	3	1	True
909	1	4	0.5	True
909	2	3	0.5	False
910	1	1	1	True
911	1	3	1	True
912	1	2	0.5	True
912	2	1	0.5	False
913	1	3	1	True
914	1	5	1	True
915	1	2	1	True
916	1	2	0.5	True
916	2	5	0.5	False
917	1	5	1	True
918	1	1	1	True
919	1	2	1	True
920	1	3	0.5	True
920	2	2	0.5	False
921	1	3	1	True
922	1	3	1	True
923	1	3	1	True
924	1	2	1	True
925	1	2	1	True
926	1	2	1	True
927	1	5	1	True
928	1	5	0.5	True
928	2	3	0.5	False
929	1	2	1	True
930	1	4	1	True
931	1	5	1	True
932	1	2	1	True
933	1	5	1	True
934	1	2	1	True
935	1	2	1	True
936	1	5	1	True
937	1	2	1	True
938	1	3	1	True
939	1	3	1	True
940	1	5	0.5	True
940	2	3	0.5	False
941	1	1	1	True
942	1	1	1	True
943	1	2	1	True
944	1	3	1	True
945	1	2	1	True
946	1	4	0.5	True
946	2	3	0.5	False
947	1	3	1	True
948	1	5	1	True
949	1	2	1	True
950	1	2	1	True
951	1	5	1	True
952	1	2	1	True
953	1	1	1	True
954	1	2	1	True
955	1	4	1	True
956	1	3	1	True
957	1	2	0.5	True
957	2	3	0.5	False
958	1	2	0.5	True
958	2	3	0.5	False
959	1	1	1	True
960	1	2	1	True
961	1	2	1	True
962	1	3	1	True
963	1	5	1	True
964	1	5	1	True
965	1	4	1	True
966	1	2	1	True
967	1	3	1	True
968	1	5	1	True
969	1	4	0.5	True
969	2	1	0.5	False
970	1	1	0.5	True
970	2	5	0.5	False
971	1	2	1	True
972	1	5	1	True
973	1	3	1	True
974	1	5	1	True
975	1	2	1	True
976	1	2	1	True
977	1	2	0.5	True
977	2	3	0.5	False
978	1	2	1	True
979	1	2	0.5	True
979	2	1	0.5	False
980	1	2	1	True
981	1	2	1	True
982	1	2	0.3333333333333333	True
982	2	5	0.3333333333333333	False
982	3	1	0.3333333333333333	False
983	1	2	1	True
984	1	2	1	True
985	1	2	1	True
986	1	5	1	True
987	1	1	1	True
988	1	3	1	True
989	1	2	1	True
990	1	2	0.5	True
990	2	3	0.5	False
991	1	5	0.5	True
991	2	1	0.5	False
992	1	2	0.5	True
992	2	1	0.5	False
993	1	2	1	True
994	1	1	1	True
995	1	3	0.5	True
995	2	4	0.5	False
996	1	5	1	True
997	1	2	1	True
998	1	3	1	True
999	1	2	1	True
1000	1	2	1	True
1001	1	2	1	True
1002	1	4	0.5	True
1002	2	2	0.5	False
1003	1	1	1	True
1004	1	4	1	True
1005	1	5	0.5	True
1005	2	3	0.5	False
1006	1	3	0.3333333333333333	True
1006	2	5	0.3333333333333333	False
1006	3	1	0.3333333333333333	False
1007	1	3	0.5	True
1007	2	5	0.5	False
1008	1	3	1	True
1009	1	3	1	True
1010	1	5	1	True
1011	1	2	1	True
1012	1	3	1	True
1013	1	2	1	True
1014	1	1	1	True
1015	1	2	0.5	True
1015	2	1	0.5	False
1016	1	2	1	True
1017	1	5	1	True
1018	1	2	1	True
1019	1	5	1	True
1020	1	2	1	True
1021	1	5	1	True
1022	1	5	0.5	True
1022	2	3	0.5	False
1023	1	5	0.5	True
1023	2	2	0.5	False
1024	1	1	1	True
1025	1	3	1	True
1026	1	2	1	True
1027	1	2	1	True
1028	1	1	1	True
1029	1	2	1	True
1030	1	2	1	True
1031	1	5	0.5	True
1031	2	1	0.5	False
1032	1	5	1	True
1033	1	2	1	True
1034	1	5	1	True
1035	1	2	1	True
1036	1	2	0.5	True
1036	2	3	0.5	False
1037	1	2	1	True
1038	1	5	1	True
1039	1	1	1	True
1040	1	1	1	True
1041	1	2	1	True
1042	1	1	1	True
1043	1	1	1	True
1044	1	3	0.5	True
1044	2	5	0.5	False
1045	1	5	0.5	True
1045	2	1	0.5	False
1046	1	3	1	True
1047	1	1	1	True
1048	1	2	1	True
1049	1	5	1	True
1050	1	3	1	True
1051	1	2	1	True
1052	1	5	1	True
1053	1	3	0.5	True
1053	2	5	0.5	False
1054	1	2	1	True
1055	1	2	1	True
1056	1	4	0.5	True
1056	2	2	0.5	False
1057	1	2	1	True
1058	1	1	1	True
1059	1	1	1	True
1060	1	2	0.5	True
1060	2	1	0.5	False
1061	1	4	0.5	True
1061	2	3	0.5	False
1062	1	3	1	True
1063	1	5	1	True
1064	1	2	1	True
1065	1	4	1	True
1066	1	1	0.5	True
1066	2	4	0.5	False
1067	1	2	1	True
1068	1	2	1	True
1069	1	2	1	True
1070	1	1	1	True
1071	1	2	1	True
1072	1	2	1	True
1073	1	3	0.5	True
1073	2	4	0.5	False
1074	1	4	0.5	True
1074	2	2	0.5	False
1075	1	4	0.5	True
1075	2	2	0.5	False
1076	1	1	1	True
1077	1	2	1	True
1078	1	2	1	True
1079	1	1	1	True
1080	1	2	1	True
1081	1	5	1	True
1082	1	3	0.5	True
1082	2	5	0.5	False
1083	1	2	1	True
1084	1	2	0.5	True
1084	2	1	0.5	False
1085	1	4	0.5	True
1085	2	2	0.5	False
1086	1	2	0.5	True
1086	2	4	0.5	False
1087	1	3	1	True
1088	1	4	1	True
1089	1	4	0.5	True
1089	2	3	0.5	False
1090	1	3	1	True
1091	1	3	1	True
1092	1	2	1	True
1093	1	2	0.5	True
1093	2	1	0.5	False
1094	1	1	0.5	True
1094	2	5	0.5	False
1095	1	2	1	True
1096	1	3	0.5	True
1096	2	5	0.5	False
1097	1	2	1	True
1098	1	4	1	True
1099	1	5	1	True
1100	1	3	1	True
1101	1	1	1	True
1102	1	5	1	True
1103	1	2	1	True
1104	1	1	1	True
1105	1	5	1	True
1106	1	5	1	True
1107	1	2	0.5	True
1107	2	4	0.5	False
1108	1	4	0.5	True
1108	2	1	0.5	False
1109	1	2	1	True
1110	1	5	1	True
1111	1	3	1	True
1112	1	2	1	True
1113	1	1	1	True
1114	1	1	1	True
1115	1	5	0.5	True
1115	2	3	0.5	False
1116	1	2	1	True
1117	1	2	1	True
1118	1	1	1	True
1119	1	4	0.5	True
1119	2	3	0.5	False
1120	1	1	1	True
1121	1	1	1	True
1122	1	5	0.5	True
1122	2	1	0.5	False
1123	1	2	0.5	True
1123	2	1	0.5	False
1124	1	3	0.5	True
1124	2	2	0.5	False
1125	1	5	1	True
1126	1	3	1	True
1127	1	3	1	True
1128	1	3	1	True
1129	1	3	1	True
1130	1	5	1	True
1131	1	2	1	True
1132	1	1	1	True
1133	1	5	1	True
1134	1	2	1	True
1135	1	2	1	True
1136	1	3	0.3333333333333333	True
1136	2	4	0.3333333333333333	False
1136	3	2	0.3333333333333333	False
1137	1	1	1	True
1138	1	3	1	True
1139	1	2	1	True
1140	1	2	1	True
1141	1	2	1	True
1142	1	2	1	True
1143	1	3	1	True
1144	1	2	1	True
1145	1	3	1	True
1146	1	2	1	True
1147	1	1	0.5	True
1147	2	5	0.5	False
1148	1	1	1	True
1149	1	2	1	True
1150	1	2	1	True
1151	1	5	1	True
1152	1	5	0.5	True
1152	2	3	0.5	False
1153	1	2	1	True
1154	1	2	1	True
1155	1	2	1	True
1156	1	1	0.5	True
1156	2	2	0.5	False
1157	1	2	1	True
1158	1	5	1	True
1159	1	3	0.5	True
1159	2	5	0.5	False
1160	1	3	1	True
1161	1	1	1	True
1162	1	3	0.5	True
1162	2	2	0.5	False
1163	1	2	0.5	True
1163	2	1	0.5	False
1164	1	4	0.5	True
1164	2	5	0.5	False
1165	1	5	1	True
1166	1	5	1	True
1167	1	2	1	True
1168	1	1	1	True
1169	1	3	1	True
1170	1	3	1	True
1171	1	2	1	True
1172	1	2	1	True
1173	1	2	1	True
1174	1	2	1	True
1175	1	3	0.5	True
1175	2	5	0.5	False
1176	1	3	0.5	True
1176	2	2	0.5	False
1177	1	3	1	True
1178	1	2	1	True
1179	1	4	1	True
1180	1	4	1	True
1181	1	5	1	True
1182	1	1	0.5	True
1182	2	5	0.5	False
1183	1	3	1	True
1184	1	2	1	True
1185	1	5	0.3333333333333333	True
1185	2	1	0.3333333333333333	False
1185	3	3	0.3333333333333333	False
1186	1	4	0.5	True
1186	2	5	0.5	False
1187	1	3	0.5	True
1187	2	5	0.5	False
1188	1	3	0.5	True
1188	2	4	0.5	False
1189	1	2	1	True
1190	1	2	0.5	True
1190	2	3	0.5	False
1191	1	5	1	True
1192	1	5	0.5	True
1192	2	3	0.5	False
1193	1	2	1	True
1194	1	2	1	True
1195	1	5	1	True
1196	1	5	0.5	True
1196	2	2	0.5	False
1197	1	1	0.5	True
1197	2	5	0.5	False
1198	1	1	1	True
1199	1	2	1	True
1200	1	3	1	True
1201	1	3	1	True
1202	1	3	1	True
1203	1	1	1	True
1204	1	2	1	True
1205	1	5	1	True
1206	1	5	1	True
1207	1	2	1	True
1208	1	3	1	True
1209	1	2	1	True
1210	1	5	1	True
1211	1	5	0.5	True
1211	2	4	0.5	False
1212	1	3	0.3333333333333333	True
1212	2	4	0.3333333333333333	False
1212	3	1	0.3333333333333333	False
1213	1	2	1	True
1214	1	1	0.5	True
1214	2	2	0.5	False
1215	1	2	1	True
1216	1	3	1	True
1217	1	2	1	True
1218	1	2	1	True
1219	1	2	1	True
1220	1	5	0.5	True
1220	2	3	0.5	False
1221	1	2	1	True
1222	1	3	0.5	True
1222	2	5	0.5	False
1223	1	1	0.5	True
1223	2	5	0.5	False
1224	1	3	1	True
1225	1	3	0.5	True
1225	2	4	0.5	False
1226	1	4	0.5	True
1226	2	2	0.5	False
1227	1	2	1	True
1228	1	4	1	True
1229	1	4	1	True
1230	1	3	0.5	True
1230	2	5	0.5	False
1231	1	3	0.5	True
1231	2	4	0.5	False
1232	1	2	1	True
1233	1	5	1	True
1234	1	4	1	True
1235	1	5	0.5	True
1235	2	2	0.5	False
1236	1	5	1	True
1237	1	2	0.5	True
1237	2	4	0.5	False
1238	1	2	0.5	True
1238	2	1	0.5	False
1239	1	1	1	True
1240	1	3	1	True
1241	1	5	1	True
1242	1	3	1	True
1243	1	2	1	True
1244	1	2	0.5	True
1244	2	4	0.5	False
1245	1	5	1	True
1246	1	2	1	True
1247	1	4	0.5	True
1247	2	2	0.5	False
1248	1	5	1	True
1249	1	5	1	True
1250	1	3	1	True
1251	1	2	1	True
1252	1	1	0.5	True
1252	2	5	0.5	False
1253	1	2	1	True
1254	1	3	1	True
1255	1	3	1	True
1256	1	1	1	True
1257	1	1	1	True
1258	1	2	1	True
1259	1	4	0.5	True
1259	2	1	0.5	False
1260	1	2	1	True
1261	1	3	0.5	True
1261	2	5	0.5	False
1262	1	3	0.5	True
1262	2	5	0.5	False
1263	1	5	0.5	True
1263	2	3	0.5	False
1264	1	2	0.5	True
1264	2	4	0.5	False
1265	1	1	0.5	True
1265	2	2	0.5	False
1266	1	2	1	True
1267	1	2	1	True
1268	1	4	0.5	True
1268	2	2	0.5	False
1269	1	5	1	True
1270	1	1	0.5	True
1270	2	5	0.5	False
1271	1	2	1	True
1272	1	3	1	True
1273	1	5	1	True
1274	1	2	1	True
1275	1	4	1	True
1276	1	4	0.5	True
1276	2	5	0.5	False
1277	1	3	1	True
1278	1	3	1	True
1279	1	3	0.5	True
1279	2	2	0.5	False
1280	1	2	1	True
1281	1	3	1	True
1282	1	2	1	True
1283	1	5	0.5	True
1283	2	1	0.5	False
1284	1	3	0.5	True
1284	2	4	0.5	False
1285	1	1	1	True
1286	1	3	1	True
1287	1	2	1	True
1288	1	2	1	True
1289	1	2	0.5	True
1289	2	5	0.5	False
1290	1	2	1	True
1291	1	2	1	True
1292	1	2	1	True
1293	1	2	1	True
1294	1	2	1	True
1295	1	1	0.5	True
1295	2	2	0.5	False
1296	1	2	1	True
1297	1	2	1	True
1298	1	3	1	True
1299	1	1	1	True
1300	1	1	1	True
1301	1	3	1	True
1302	1	3	0.5	True
1302	2	4	0.5	False
1303	1	5	1	True
1304	1	2	0.5	True
1304	2	5	0.5	False
1305	1	2	1	True
1306	1	2	1	True
1307	1	5	1	True
1308	1	2	1	True
1309	1	5	1	True
1310	1	2	1	True
1311	1	4	1	True
1312	1	4	1	True
1313	1	2	1	True
1314	1	2	1	True
1315	1	3	1	True
1316	1	2	1	True
1317	1	3	1	True
1318	1	2	0.5	True
1318	2	4	0.5	False
1319	1	2	1	True
1320	1	4	1	True
1321	1	5	1	True
1322	1	2	1	True
1323	1	3	1	True
1324	1	3	0.5	True
1324	2	2	0.5	False
1325	1	5	0.5	True
1325	2	3	0.5	False
1326	1	5	0.5	True
1326	2	1	0.5	False
1327	1	2	1	True
1328	1	2	1	True
1329	1	5	1	True
1330	1	2	1	True
1331	1	4	1	True
1332	1	2	0.5	True
1332	2	4	0.5	False
1333	1	4	0.5	True
1333	2	3	0.5	False
1334	1	2	0.5	True
1334	2	1	0.5	False
1335	1	2	1	True
1336	1	1	0.5	True
1336	2	4	0.5	False
1337	1	2	1	True
1338	1	3	1	True
1339	1	2	1	True
1340	1	3	0.5	True
1340	2	4	0.5	False
1341	1	3	1	True
1342	1	3	1	True
1343	1	3	0.5	True
1343	2	5	0.5	False
1344	1	5	1	True
1345	1	1	1	True
1346	1	2	1	True
1347	1	5	1	True
1348	1	2	1	True
1349	1	5	0.5	True
1349	2	1	0.5	False
1350	1	1	0.5	True
1350	2	2	0.5	False
1351	1	3	1	True
1352	1	3	1	True
1353	1	2	0.5	True
1353	2	4	0.5	False
1354	1	4	1	True
1355	1	2	1	True
1356	1	2	1	True
1357	1	5	0.5	True
1357	2	3	0.5	False
1358	1	2	1	True
1359	1	2	1	True
1360	1	3	1	True
1361	1	2	0.5	True
1361	2	5	0.5	False
1362	1	3	1	True
1363	1	2	1	True
1364	1	2	1	True
1365	1	1	1	True
1366	1	3	0.5	True
1366	2	5	0.5	False
1367	1	3	1	True
1368	1	2	1	True
1369	1	2	1	True
1370	1	1	0.5	True
1370	2	5	0.5	False
1371	1	3	0.5	True
1371	2	4	0.5	False
1372	1	3	0.5	True
1372	2	5	0.5	False
1373	1	2	0.5	True
1373	2	5	0.5	False
1374	1	2	1	True
1375	1	3	1	True
1376	1	2	0.5	True
1376	2	1	0.5	False
1377	1	2	1	True
1378	1	2	1	True
1379	1	3	1	True
1380	1	1	0.5	True
1380	2	2	0.5	False
1381	1	2	1	True
1382	1	3	1	True
1383	1	3	0.5	True
1383	2	5	0.5	False
1384	1	1	1	True
1385	1	2	0.5	True
1385	2	3	0.5	False
1386	1	2	0.5	True
1386	2	4	0.5	False
1387	1	4	1	True
1388	1	1	0.5	True
1388	2	2	0.5	False
1389	1	2	1	True
1390	1	2	0.3333333333333333	True
1390	2	4	0.3333333333333333	False
1390	3	3	0.3333333333333333	False
1391	1	1	1	True
1392	1	5	1	True
1393	1	3	0.5	True
1393	2	2	0.5	False
1394	1	5	0.5	True
1394	2	3	0.5	False
1395	1	3	0.5	True
1395	2	2	0.5	False
1396	1	5	1	True
1397	1	1	1	True
1398	1	5	1	True
1399	1	2	1	True
1400	1	1	1	True
1401	1	3	0.5	True
1401	2	4	0.5	False
1402	1	2	1	True
1403	1	2	0.5	True
1403	2	4	0.5	False
1404	1	4	1	True
1405	1	4	1	True
1406	1	2	1	True
1407	1	3	1	True
1408	1	5	0.5	True
1408	2	3	0.5	False
1409	1	5	1	True
1410	1	1	1	True
1411	1	2	0.5	True
1411	2	4	0.5	False
1412	1	2	1	True
1413	1	5	0.5	True
1413	2	1	0.5	False
1414	1	3	1	True
1415	1	3	1	True
1416	1	5	1	True
1417	1	5	1	True
1418	1	4	1	True
1419	1	3	1	True
1420	1	1	1	True
1421	1	1	1	True
1422	1	2	1	True
1423	1	3	0.5	True
1423	2	4	0.5	False
1424	1	5	1	True
1425	1	1	1	True
1426	1	4	0.5	True
1426	2	1	0.5	False
1427	1	2	1	True
1428	1	5	1	True
1429	1	3	1	True
1430	1	2	1	True
1431	1	1	0.5	True
1431	2	2	0.5	False
1432	1	1	1	True
1433	1	1	1	True
1434	1	3	1	True
1435	1	5	1	True
1436	1	4	1	True
1437	1	1	1	True
1438	1	5	0.5	True
1438	2	2	0.5	False
1439	1	5	1	True
1440	1	3	0.5	True
1440	2	2	0.5	False
1441	1	3	1	True
1442	1	3	1	True
1443	1	5	1	True
1444	1	5	1	True
1445	1	3	0.5	True
1445	2	1	0.5	False
1446	1	2	0.5	True
1446	2	5	0.5	False
1447	1	5	1	True
1448	1	5	1	True
1449	1	3	1	True
1450	1	5	1	True
1451	1	3	1	True
1452	1	2	1	True
1453	1	2	1	True
1454	1	1	1	True
1455	1	2	0.3333333333333333	True
1455	2	4	0.3333333333333333	False
1455	3	3	0.3333333333333333	False
1456	1	2	1	True
1457	1	2	1	True
1458	1	5	1	True
1459	1	4	1	True
1460	1	3	1	True
1461	1	1	1	True
1462	1	1	1	True
1463	1	1	1	True
1464	1	1	0.5	True
1464	2	2	0.5	False
1465	1	2	1	True
1466	1	1	1	True
1467	1	2	1	True
1468	1	2	0.5	True
1468	2	4	0.5	False
1469	1	2	1	True
1470	1	4	0.5	True
1470	2	2	0.5	False
1471	1	3	1	True
1472	1	3	1	True
1473	1	2	1	True
1474	1	1	1	True
1475	1	1	1	True
1476	1	5	1	True
1477	1	1	1	True
1478	1	5	1	True
1479	1	1	0.5	True
1479	2	5	0.5	False
1480	1	2	1	True
1481	1	2	0.5	True
1481	2	3	0.5	False
1482	1	2	1	True
1483	1	4	1	True
1484	1	3	1	True
1485	1	2	1	True
1486	1	3	1	True
1487	1	3	0.5	True
1487	2	2	0.5	False
1488	1	1	1	True
1489	1	5	0.5	True
1489	2	3	0.5	False
1490	1	5	0.5	True
1490	2	4	0.5	False
1491	1	2	1	True
1492	1	1	0.5	True
1492	2	5	0.5	False
1493	1	4	0.5	True
1493	2	3	0.5	False
1494	1	4	1	True
1495	1	2	1	True
1496	1	1	1	True
1497	1	2	0.5	True
1497	2	1	0.5	False
1498	1	5	1	True
1499	1	1	0.5	True
1499	2	5	0.5	False
1500	1	5	0.5	True
1500	2	3	0.5	False
1501	1	2	1	True
1502	1	5	1	True
1503	1	2	1	True
1504	1	5	1	True
1505	1	4	0.5	True
1505	2	2	0.5	False
1506	1	1	1	True
1507	1	1	1	True
1508	1	1	1	True
1509	1	2	1	True
1510	1	2	1	True
1511	1	3	1	True
1512	1	5	1	True
1513	1	3	0.5	True
1513	2	5	0.5	False
1514	1	1	0.5	True
1514	2	2	0.5	False
1515	1	2	1	True
1516	1	1	0.5	True
1516	2	5	0.5	False
1517	1	3	1	True
1518	1	2	1	True
1519	1	2	0.5	True
1519	2	1	0.5	False
1520	1	3	1	True
1521	1	2	1	True
1522	1	5	1	True
1523	1	3	1	True
1524	1	3	1	True
1525	1	3	0.5	True
1525	2	5	0.5	False
1526	1	1	1	True
1527	1	3	0.5	True
1527	2	5	0.5	False
1528	1	4	1	True
1529	1	3	1	True
1530	1	1	1	True
1531	1	1	0.5	True
1531	2	2	0.5	False
1532	1	2	1	True
1533	1	2	1	True
1534	1	2	1	True
1535	1	2	1	True
1536	1	1	1	True
1537	1	1	0.5	True
1537	2	2	0.5	False
1538	1	2	1	True
1539	1	1	0.3333333333333333	True
1539	2	5	0.3333333333333333	False
1539	3	2	0.3333333333333333	False
1540	1	1	1	True
1541	1	2	0.5	True
1541	2	1	0.5	False
1542	1	1	1	True
1543	1	1	1	True
1544	1	1	1	True
1545	1	5	1	True
1546	1	4	1	True
1547	1	2	0.3333333333333333	True
1547	2	4	0.3333333333333333	False
1547	3	3	0.3333333333333333	False
1548	1	1	0.5	True
1548	2	2	0.5	False
1549	1	3	1	True
1550	1	5	1	True
1551	1	2	1	True
1552	1	1	1	True
1553	1	2	1	True
1554	1	2	1	True
1555	1	2	0.5	True
1555	2	1	0.5	False
1556	1	1	1	True
1557	1	3	1	True
1558	1	3	0.5	True
1558	2	5	0.5	False
1559	1	2	1	True
1560	1	2	0.5	True
1560	2	4	0.5	False
1561	1	2	0.5	True
1561	2	4	0.5	False
1562	1	2	1	True
1563	1	1	1	True
1564	1	5	1	True
1565	1	3	0.5	True
1565	2	5	0.5	False
1566	1	2	1	True
1567	1	5	1	True
1568	1	5	0.5	True
1568	2	3	0.5	False
1569	1	3	0.5	True
1569	2	2	0.5	False
1570	1	2	1	True
1571	1	2	1	True
1572	1	1	1	True
1573	1	1	1	True
1574	1	5	1	True
1575	1	3	1	True
1576	1	2	1	True
1577	1	1	0.5	True
1577	2	2	0.5	False
1578	1	4	0.5	True
1578	2	2	0.5	False
1579	1	2	1	True
1580	1	2	1	True
1581	1	2	1	True
1582	1	3	1	True
1583	1	3	0.5	True
1583	2	5	0.5	False
1584	1	2	0.5	True
1584	2	4	0.5	False
1585	1	2	1	True
1586	1	2	1	True
1587	1	1	0.5	True
1587	2	5	0.5	False
1588	1	4	1	True
1589	1	2	1	True
1590	1	2	0.5	True
1590	2	1	0.5	False
1591	1	2	1	True
1592	1	1	1	True
1593	1	3	1	True
1594	1	4	1	True
1595	1	3	1	True
1596	1	5	1	True
1597	1	2	1	True
1598	1	5	1	True
1599	1	1	0.5	True
1599	2	3	0.5	False
1600	1	2	1	True
1601	1	2	0.3333333333333333	True
1601	2	3	0.3333333333333333	False
1601	3	5	0.3333333333333333	False
1602	1	3	0.5	True
1602	2	5	0.5	False
1603	1	3	1	True
1604	1	3	0.5	True
1604	2	5	0.5	False
1605	1	5	1	True
1606	1	5	0.5	True
1606	2	3	0.5	False
1607	1	3	0.5	True
1607	2	5	0.5	False
1608	1	3	1	True
1609	1	4	0.3333333333333333	True
1609	2	3	0.3333333333333333	False
1609	3	5	0.3333333333333333	False
1610	1	2	0.5	True
1610	2	1	0.5	False
1611	1	3	1	True
1612	1	5	1	True
1613	1	2	0.3333333333333333	True
1613	2	3	0.3333333333333333	False
1613	3	4	0.3333333333333333	False
1614	1	5	1	True
1615	1	5	1	True
1616	1	2	1	True
1617	1	2	0.3333333333333333	True
1617	2	4	0.3333333333333333	False
1617	3	3	0.3333333333333333	False
1618	1	2	1	True
1619	1	3	1	True
1620	1	2	1	True
1621	1	1	1	True
1622	1	5	0.5	True
1622	2	3	0.5	False
1623	1	2	1	True
1624	1	4	1	True
1625	1	2	1	True
1626	1	3	0.5	True
1626	2	2	0.5	False
1627	1	2	1	True
1628	1	2	1	True
1629	1	2	1	True
1630	1	3	1	True
1631	1	1	0.5	True
1631	2	2	0.5	False
1632	1	1	0.5	True
1632	2	2	0.5	False
1633	1	2	1	True
1634	1	4	1	True
1635	1	2	1	True
1636	1	5	0.3333333333333333	True
1636	2	1	0.3333333333333333	False
1636	3	2	0.3333333333333333	False
1637	1	3	1	True
1638	1	2	1	True
1639	1	1	0.5	True
1639	2	2	0.5	False
1640	1	1	1	True
1641	1	4	0.5	True
1641	2	2	0.5	False
1642	1	2	1	True
1643	1	4	0.5	True
1643	2	3	0.5	False
1644	1	5	1	True
1645	1	1	1	True
1646	1	3	0.5	True
1646	2	5	0.5	False
1647	1	1	0.5	True
1647	2	2	0.5	False
1648	1	1	1	True
1649	1	1	0.5	True
1649	2	2	0.5	False
1650	1	2	1	True
1651	1	2	0.5	True
1651	2	3	0.5	False
1652	1	5	1	True
1653	1	1	0.5	True
1653	2	5	0.5	False
1654	1	5	0.5	True
1654	2	3	0.5	False
1655	1	2	1	True
1656	1	4	1	True
1657	1	1	0.5	True
1657	2	5	0.5	False
1658	1	2	1	True
1659	1	5	1	True
1660	1	2	1	True
1661	1	3	1	True
1662	1	1	1	True
1663	1	2	1	True
1664	1	3	1	True
1665	1	4	0.5	True
1665	2	1	0.5	False
1666	1	5	0.5	True
1666	2	3	0.5	False
1667	1	3	0.3333333333333333	True
1667	2	5	0.3333333333333333	False
1667	3	2	0.3333333333333333	False
1668	1	2	1	True
1669	1	2	1	True
1670	1	2	1	True
1671	1	5	1	True
1672	1	3	0.5	True
1672	2	4	0.5	False
1673	1	5	1	True
1674	1	1	0.5	True
1674	2	5	0.5	False
1675	1	1	0.5	True
1675	2	5	0.5	False
1676	1	1	1	True
1677	1	2	1	True
1678	1	2	0.5	True
1678	2	1	0.5	False
1679	1	2	1	True
1680	1	5	1	True
1681	1	2	1	True
1682	1	3	1	True
1683	1	3	1	True
1684	1	2	1	True
1685	1	2	1	True
1686	1	3	1	True
1687	1	5	1	True
1688	1	2	1	True
1689	1	5	1	True
1690	1	3	1	True
1691	1	4	1	True
1692	1	3	0.5	True
1692	2	2	0.5	False
1693	1	5	1	True
1694	1	3	1	True
1695	1	1	1	True
1696	1	1	1	True
1697	1	5	1	True
1698	1	3	0.3333333333333333	True
1698	2	5	0.3333333333333333	False
1698	3	4	0.3333333333333333	False
1699	1	3	1	True
1700	1	2	1	True
1701	1	3	0.5	True
1701	2	5	0.5	False
1702	1	2	0.5	True
1702	2	4	0.5	False
1703	1	5	1	True
1704	1	5	1	True
1705	1	1	0.5	True
1705	2	2	0.5	False
1706	1	4	0.5	True
1706	2	2	0.5	False
1707	1	5	1	True
1708	1	3	1	True
1709	1	2	0.5	True
1709	2	3	0.5	False
1710	1	5	1	True
1711	1	1	1	True
1712	1	1	0.5	True
1712	2	2	0.5	False
1713	1	2	1	True
1714	1	5	1	True
1715	1	1	1	True
1716	1	5	1	True
1717	1	1	1	True
1718	1	1	1	True
1719	1	5	1	True
1720	1	5	0.5	True
1720	2	1	0.5	False
1721	1	2	0.5	True
1721	2	3	0.5	False
1722	1	2	0.5	True
1722	2	1	0.5	False
1723	1	3	1	True
1724	1	2	1	True
1725	1	2	1	True
1726	1	1	1	True
1727	1	5	1	True
1728	1	2	1	True
1729	1	5	0.3333333333333333	True
1729	2	3	0.3333333333333333	False
1729	3	1	0.3333333333333333	False
1730	1	2	1	True
1731	1	2	0.5	True
1731	2	1	0.5	False
1732	1	2	1	True
1733	1	3	1	True
1734	1	1	0.5	True
1734	2	5	0.5	False
1735	1	2	1	True
1736	1	2	1	True
1737	1	3	0.5	True
1737	2	5	0.5	False
1738	1	2	1	True
1739	1	5	0.5	True
1739	2	3	0.5	False
1740	1	4	1	True
1741	1	5	0.3333333333333333	True
1741	2	3	0.3333333333333333	False
1741	3	1	0.3333333333333333	False
1742	1	1	1	True
1743	1	1	1	True
1744	1	2	0.5	True
1744	2	1	0.5	False
1745	1	4	1	True
1746	1	3	1	True
1747	1	3	1	True
1748	1	3	1	True
1749	1	5	1	True
1750	1	4	1	True
1751	1	3	0.5	True
1751	2	5	0.5	False
1752	1	2	1	True
1753	1	4	0.5	True
1753	2	1	0.5	False
1754	1	2	1	True
1755	1	4	0.5	True
1755	2	1	0.5	False
1756	1	1	0.5	True
1756	2	2	0.5	False
1757	1	4	0.5	True
1757	2	3	0.5	False
1758	1	3	1	True
1759	1	2	0.5	True
1759	2	1	0.5	False
1760	1	4	1	True
1761	1	1	0.5	True
1761	2	2	0.5	False
1762	1	1	1	True
1763	1	2	1	True
1764	1	4	0.5	True
1764	2	2	0.5	False
1765	1	2	1	True
1766	1	3	1	True
1767	1	2	1	True
1768	1	2	0.5	True
1768	2	1	0.5	False
1769	1	1	1	True
1770	1	1	1	True
1771	1	4	1	True
1772	1	2	1	True
1773	1	5	0.5	True
1773	2	2	0.5	False
1774	1	3	1	True
1775	1	5	1	True
1776	1	1	1	True
1777	1	5	1	True
1778	1	5	0.5	True
1778	2	3	0.5	False
1779	1	1	1	True
1780	1	2	1	True
1781	1	4	1	True
1782	1	3	1	True
1783	1	1	1	True
1784	1	3	1	True
1785	1	2	1	True
1786	1	4	0.5	True
1786	2	3	0.5	False
1787	1	2	1	True
1788	1	3	1	True
1789	1	1	0.5	True
1789	2	4	0.5	False
1790	1	3	1	True
1791	1	4	1	True
1792	1	1	0.5	True
1792	2	2	0.5	False
1793	1	1	1	True
1794	1	1	1	True
1795	1	1	1	True
1796	1	4	1	True
1797	1	5	1	True
1798	1	5	1	True
1799	1	3	1	True
1800	1	5	1	True
1801	1	5	0.5	True
1801	2	3	0.5	False
1802	1	3	1	True
1803	1	3	1	True
1804	1	3	1	True
1805	1	1	0.5	True
1805	2	4	0.5	False
1806	1	1	1	True
1807	1	5	1	True
1808	1	3	1	True
1809	1	3	1	True
1810	1	1	0.5	True
1810	2	5	0.5	False
1811	1	2	1	True
1812	1	2	1	True
1813	1	1	0.5	True
1813	2	5	0.5	False
1814	1	5	0.5	True
1814	2	3	0.5	False
1815	1	2	1	True
1816	1	2	1	True
1817	1	1	1	True
1818	1	2	1	True
1819	1	5	0.5	True
1819	2	2	0.5	False
1820	1	1	0.5	True
1820	2	5	0.5	False
1821	1	4	0.5	True
1821	2	3	0.5	False
1822	1	5	1	True
1823	1	1	1	True
1824	1	2	1	True
1825	1	3	1	True
1826	1	2	1	True
1827	1	2	1	True
1828	1	2	1	True
1829	1	5	0.5	True
1829	2	2	0.5	False
1830	1	5	1	True
1831	1	3	1	True
1832	1	1	1	True
1833	1	2	1	True
1834	1	2	1	True
1835	1	1	1	True
1836	1	4	1	True
1837	1	3	1	True
1838	1	1	1	True
1839	1	2	1	True
1840	1	2	1	True
1841	1	2	1	True
1842	1	3	1	True
1843	1	1	1	True
1844	1	2	0.5	True
1844	2	4	0.5	False
1845	1	2	0.5	True
1845	2	3	0.5	False
1846	1	1	0.5	True
1846	2	4	0.5	False
1847	1	3	0.5	True
1847	2	4	0.5	False
1848	1	2	1	True
1849	1	1	1	True
1850	1	3	1	True
1851	1	5	0.5	True
1851	2	3	0.5	False
1852	1	3	0.5	True
1852	2	4	0.5	False
1853	1	3	1	True
1854	1	3	1	True
1855	1	2	1	True
1856	1	3	1	True
1857	1	1	1	True
1858	1	1	1	True
1859	1	1	1	True
1860	1	2	0.5	True
1860	2	1	0.5	False
1861	1	2	1	True
1862	1	1	0.5	True
1862	2	4	0.5	False
1863	1	1	1	True
1864	1	1	0.5	True
1864	2	5	0.5	False
1865	1	2	1	True
1866	1	2	1	True
1867	1	2	1	True
1868	1	2	1	True
1869	1	4	0.3333333333333333	True
1869	2	2	0.3333333333333333	False
1869	3	3	0.3333333333333333	False
1870	1	3	0.5	True
1870	2	5	0.5	False
1871	1	5	1	True
1872	1	2	1	True
1873	1	5	1	True
1874	1	3	1	True
1875	1	1	0.5	True
1875	2	5	0.5	False
1876	1	1	1	True
1877	1	3	1	True
1878	1	3	1	True
1879	1	4	0.5	True
1879	2	2	0.5	False
1880	1	4	1	True
1881	1	3	1	True
1882	1	2	0.3333333333333333	True
1882	2	4	0.3333333333333333	False
1882	3	3	0.3333333333333333	False
1883	1	1	1	True
1884	1	2	1	True
1885	1	2	1	True
1886	1	1	1	True
1887	1	3	0.5	True
1887	2	5	0.5	False
1888	1	1	1	True
1889	1	2	1	True
1890	1	3	0.5	True
1890	2	5	0.5	False
1891	1	1	0.5	True
1891	2	5	0.5	False
1892	1	2	1	True
1893	1	1	1	True
1894	1	2	1	True
1895	1	1	1	True
1896	1	5	1	True
1897	1	3	0.5	True
1897	2	5	0.5	False
1898	1	1	1	True
1899	1	2	0.5	True
1899	2	4	0.5	False
1900	1	4	1	True
1901	1	5	1	True
1902	1	5	0.5	True
1902	2	1	0.5	False
1903	1	1	1	True
1904	1	1	0.5	True
1904	2	5	0.5	False
1905	1	2	1	True
1906	1	1	1	True
1907	1	3	1	True
1908	1	3	0.5	True
1908	2	2	0.5	False
1909	1	2	1	True
1910	1	2	1	True
1911	1	1	0.5	True
1911	2	5	0.5	False
1912	1	1	1	True
1913	1	4	1	True
1914	1	2	1	True
1915	1	3	1	True
1916	1	2	1	True
1917	1	2	1	True
1918	1	5	0.5	True
1918	2	1	0.5	False
1919	1	2	1	True
1920	1	3	0.5	True
1920	2	5	0.5	False
1921	1	2	1	True
1922	1	2	1	True
1923	1	4	0.5	True
1923	2	3	0.5	False
1924	1	2	0.5	True
1924	2	4	0.5	False
1925	1	1	1	True
1926	1	4	1	True
1927	1	4	0.5	True
1927	2	2	0.5	False
1928	1	2	1	True
1929	1	2	1	True
1930	1	2	1	True
1931	1	3	1	True
1932	1	5	1	True
1933	1	1	0.5	True
1933	2	4	0.5	False
1934	1	2	1	True
1935	1	1	1	True
1936	1	3	1	True
1937	1	5	0.5	True
1937	2	1	0.5	False
1938	1	1	1	True
1939	1	1	1	True
1940	1	3	1	True
1941	1	3	0.5	True
1941	2	5	0.5	False
1942	1	5	0.3333333333333333	True
1942	2	1	0.3333333333333333	False
1942	3	3	0.3333333333333333	False
1943	1	2	1	True
1944	1	1	1	True
1945	1	3	1	True
1946	1	5	0.5	True
1946	2	3	0.5	False
1947	1	3	1	True
1948	1	5	0.5	True
1948	2	3	0.5	False
1949	1	3	1	True
1950	1	2	1	True
1951	1	2	1	True
1952	1	4	0.5	True
1952	2	3	0.5	False
1953	1	1	1	True
1954	1	1	0.5	True
1954	2	3	0.5	False
1955	1	1	0.5	True
1955	2	4	0.5	False
1956	1	2	1	True
1957	1	1	0.3333333333333333	True
1957	2	2	0.3333333333333333	False
1957	3	4	0.3333333333333333	False
1958	1	2	1	True
1959	1	1	0.5	True
1959	2	2	0.5	False
1960	1	3	0.5	True
1960	2	1	0.5	False
1961	1	2	1	True
1962	1	2	1	True
1963	1	4	0.3333333333333333	True
1963	2	5	0.3333333333333333	False
1963	3	3	0.3333333333333333	False
1964	1	2	1	True
1965	1	3	1	True
1966	1	3	0.5	True
1966	2	2	0.5	False
1967	1	2	1	True
1968	1	2	1	True
1969	1	2	0.3333333333333333	True
1969	2	4	0.3333333333333333	False
1969	3	3	0.3333333333333333	False
1970	1	2	1	True
1971	1	1	1	True
1972	1	4	0.3333333333333333	True
1972	2	2	0.3333333333333333	False
1972	3	3	0.3333333333333333	False
1973	1	2	0.3333333333333333	True
1973	2	3	0.3333333333333333	False
1973	3	4	0.3333333333333333	False
1974	1	4	1	True
1975	1	5	1	True
1976	1	1	1	True
1977	1	1	0.3333333333333333	True
1977	2	5	0.3333333333333333	False
1977	3	2	0.3333333333333333	False
1978	1	3	0.5	True
1978	2	4	0.5	False
1979	1	4	0.5	True
1979	2	2	0.5	False
1980	1	5	1	True
1981	1	1	1	True
1982	1	1	1	True
1983	1	1	1	True
1984	1	2	1	True
1985	1	4	0.3333333333333333	True
1985	2	2	0.3333333333333333	False
1985	3	3	0.3333333333333333	False
1986	1	5	1	True
1987	1	2	1	True
1988	1	1	0.3333333333333333	True
1988	2	3	0.3333333333333333	False
1988	3	4	0.3333333333333333	False
1989	1	3	1	True
1990	1	2	0.5	True
1990	2	1	0.5	False
1991	1	2	1	True
1992	1	5	0.5	True
1992	2	3	0.5	False
1993	1	3	1	True
1994	1	1	1	True
1995	1	1	1	True
1996	1	3	0.5	True
1996	2	5	0.5	False
1997	1	1	1	True
1998	1	1	1	True
1999	1	1	0.5	True
1999	2	2	0.5	False
2000	1	5	0.3333333333333333	True
2000	2	3	0.3333333333333333	False
2000	3	1	0.3333333333333333	False
2001	1	4	1	True
2002	1	5	1	True
2003	1	4	1	True
2004	1	3	0.5	True
2004	2	5	0.5	False
2005	1	2	0.5	True
2005	2	3	0.5	False
2006	1	5	0.5	True
2006	2	2	0.5	False
2007	1	3	1	True
2008	1	3	0.5	True
2008	2	4	0.5	False
2009	1	2	1	True
2010	1	1	1	True
2011	1	1	0.5	True
2011	2	2	0.5	False
2012	1	4	0.5	True
2012	2	3	0.5	False
2013	1	1	0.5	True
2013	2	4	0.5	False
2014	1	4	1	True
2015	1	3	0.5	True
2015	2	2	0.5	False
2016	1	5	1	True
2017	1	3	0.5	True
2017	2	4	0.5	False
2018	1	2	1	True
2019	1	3	0.5	True
2019	2	4	0.5	False
2020	1	2	1	True
2021	1	1	1	True
2022	1	3	1	True
2023	1	2	0.5	True
2023	2	3	0.5	False
2024	1	5	1	True
2025	1	2	1	True
2026	1	5	1	True
2027	1	2	0.3333333333333333	True
2027	2	1	0.3333333333333333	False
2027	3	5	0.3333333333333333	False
2028	1	1	1	True
2029	1	5	1	True
2030	1	2	1	True
2031	1	5	1	True
2032	1	1	0.5	True
2032	2	2	0.5	False
2033	1	1	0.5	True
2033	2	4	0.5	False
2034	1	5	1	True
2035	1	2	0.5	True
2035	2	1	0.5	False
2036	1	1	1	True
2037	1	5	0.5	True
2037	2	3	0.5	False
2038	1	3	1	True
2039	1	3	1	True
2040	1	1	1	True
2041	1	1	0.5	True
2041	2	2	0.5	False
2042	1	5	1	True
2043	1	4	1	True
2044	1	3	1	True
2045	1	4	1	True
2046	1	3	1	True
2047	1	2	1	True
2048	1	3	0.5	True
2048	2	4	0.5	False
2049	1	2	1	True
2050	1	3	1	True
2051	1	1	1	True
2052	1	1	1	True
2053	1	2	1	True
2054	1	2	1	True
2055	1	3	1	True
2056	1	5	1	True
2057	1	1	0.3333333333333333	True
2057	2	2	0.3333333333333333	False
2057	3	4	0.3333333333333333	False
2058	1	4	1	True
2059	1	2	0.5	True
2059	2	3	0.5	False
2060	1	1	1	True
2061	1	2	1	True
2062	1	5	1	True
2063	1	3	1	True
2064	1	2	1	True
2065	1	2	1	True
2066	1	2	0.5	True
2066	2	1	0.5	False
2067	1	2	1	True
2068	1	2	1	True
2069	1	5	1	True
2070	1	1	1	True
2071	1	4	0.5	True
2071	2	3	0.5	False
2072	1	5	1	True
2073	1	4	1	True
2074	1	3	1	True
2075	1	2	1	True
2076	1	1	1	True
2077	1	3	0.5	True
2077	2	5	0.5	False
2078	1	3	0.5	True
2078	2	4	0.5	False
2079	1	5	1	True
2080	1	3	1	True
2081	1	3	1	True
2082	1	2	1	True
2083	1	4	1	True
2084	1	3	1	True
2085	1	3	0.5	True
2085	2	2	0.5	False
2086	1	3	1	True
2087	1	2	0.5	True
2087	2	3	0.5	False
2088	1	1	1	True
2089	1	2	1	True
2090	1	1	0.5	True
2090	2	5	0.5	False
2091	1	4	1	True
2092	1	3	1	True
2093	1	4	1	True
2094	1	2	0.5	True
2094	2	3	0.5	False
2095	1	3	1	True
2096	1	2	1	True
2097	1	4	1	True
2098	1	1	1	True
2099	1	3	1	True
2100	1	5	0.5	True
2100	2	3	0.5	False
2101	1	5	1	True
2102	1	3	1	True
2103	1	2	1	True
2104	1	2	1	True
2105	1	3	1	True
2106	1	3	1	True
2107	1	2	1	True
2108	1	2	1	True
2109	1	1	1	True
2110	1	2	1	True
2111	1	5	1	True
2112	1	3	1	True
2113	1	4	1	True
2114	1	1	0.3333333333333333	True
2114	2	4	0.3333333333333333	False
2114	3	5	0.3333333333333333	False
2115	1	4	1	True
2116	1	2	0.5	True
2116	2	4	0.5	False
2117	1	2	1	True
2118	1	4	1	True
2119	1	1	1	True
2120	1	5	0.5	True
2120	2	4	0.5	False
2121	1	1	1	True
2122	1	5	1	True
2123	1	1	1	True
2124	1	1	1	True
2125	1	5	0.5	True
2125	2	3	0.5	False
2126	1	3	0.3333333333333333	True
2126	2	4	0.3333333333333333	False
2126	3	5	0.3333333333333333	False
2127	1	5	1	True
2128	1	5	0.5	True
2128	2	1	0.5	False
2129	1	1	1	True
2130	1	1	1	True
2131	1	5	1	True
2132	1	4	1	True
2133	1	1	1	True
2134	1	4	0.5	True
2134	2	2	0.5	False
2135	1	5	1	True
2136	1	3	1	True
2137	1	1	0.5	True
2137	2	5	0.5	False
2138	1	2	1	True
2139	1	3	1	True
2140	1	2	1	True
2141	1	3	1	True
2142	1	4	0.5	True
2142	2	2	0.5	False
2143	1	1	1	True
2144	1	1	1	True
2145	1	2	1	True
2146	1	5	1	True
2147	1	1	1	True
2148	1	1	1	True
2149	1	3	1	True
2150	1	2	1	True
2151	1	1	0.5	True
2151	2	2	0.5	False
2152	1	3	1	True
2153	1	3	0.5	True
2153	2	5	0.5	False
2154	1	2	1	True
2155	1	3	0.5	True
2155	2	4	0.5	False
2156	1	1	1	True
2157	1	4	0.5	True
2157	2	5	0.5	False
2158	1	5	0.5	True
2158	2	3	0.5	False
2159	1	2	1	True
2160	1	1	1	True
2161	1	4	0.5	True
2161	2	3	0.5	False
2162	1	5	1	True
2163	1	3	1	True
2164	1	1	1	True
2165	1	1	1	True
2166	1	3	1	True
2167	1	2	1	True
2168	1	2	0.5	True
2168	2	1	0.5	False
2169	1	3	0.5	True
2169	2	5	0.5	False
2170	1	1	0.5	True
2170	2	5	0.5	False
2171	1	1	0.5	True
2171	2	5	0.5	False
2172	1	2	1	True
2173	1	2	1	True
2174	1	2	1	True
2175	1	1	1	True
2176	1	5	1	True
2177	1	5	1	True
2178	1	4	0.5	True
2178	2	2	0.5	False
2179	1	1	1	True
2180	1	4	1	True
2181	1	4	0.5	True
2181	2	2	0.5	False
2182	1	1	1	True
2183	1	2	1	True
2184	1	1	1	True
2185	1	1	1	True
2186	1	3	0.5	True
2186	2	4	0.5	False
2187	1	2	1	True
2188	1	1	1	True
2189	1	3	1	True
2190	1	3	1	True
2191	1	3	1	True
2192	1	4	0.5	True
2192	2	3	0.5	False
2193	1	2	1	True
2194	1	2	0.5	True
2194	2	1	0.5	False
2195	1	3	1	True
2196	1	1	1	True
2197	1	3	1	True
2198	1	2	1	True
2199	1	2	1	True
2200	1	3	1	True
2201	1	4	0.5	True
2201	2	3	0.5	False
2202	1	3	1	True
2203	1	5	1	True
2204	1	1	1	True
2205	1	5	1	True
2206	1	3	0.5	True
2206	2	5	0.5	False
2207	1	1	0.3333333333333333	True
2207	2	2	0.3333333333333333	False
2207	3	5	0.3333333333333333	False
2208	1	2	1	True
2209	1	2	1	True
2210	1	1	1	True
2211	1	2	0.5	True
2211	2	4	0.5	False
2212	1	2	1	True
2213	1	4	1	True
2214	1	1	1	True
2215	1	2	0.3333333333333333	True
2215	2	3	0.3333333333333333	False
2215	3	4	0.3333333333333333	False
2216	1	5	1	True
2217	1	1	1	True
2218	1	4	0.5	True
2218	2	3	0.5	False
2219	1	1	1	True
2220	1	3	1	True
2221	1	1	0.5	True
2221	2	5	0.5	False
2222	1	5	1	True
2223	1	2	0.5	True
2223	2	4	0.5	False
2224	1	3	1	True
2225	1	1	1	True
2226	1	2	1	True
2227	1	4	0.5	True
2227	2	1	0.5	False
2228	1	3	1	True
2229	1	2	1	True
2230	1	2	1	True
2231	1	1	1	True
2232	1	2	0.5	True
2232	2	4	0.5	False
2233	1	3	1	True
2234	1	4	1	True
2235	1	2	1	True
2236	1	3	0.5	True
2236	2	2	0.5	False
2237	1	2	1	True
2238	1	5	0.5	True
2238	2	1	0.5	False
2239	1	1	0.5	True
2239	2	3	0.5	False
2240	1	3	1	True
2241	1	1	0.5	True
2241	2	2	0.5	False
2242	1	1	1	True
2243	1	4	0.5	True
2243	2	2	0.5	False
2244	1	1	0.5	True
2244	2	2	0.5	False
2245	1	1	1	True
2246	1	2	1	True
2247	1	3	0.5	True
2247	2	4	0.5	False
2248	1	1	0.5	True
2248	2	4	0.5	False
2249	1	2	1	True
2250	1	3	0.3333333333333333	True
2250	2	5	0.3333333333333333	False
2250	3	1	0.3333333333333333	False
2251	1	3	1	True
2252	1	3	1	True
2253	1	1	0.5	True
2253	2	4	0.5	False
2254	1	5	0.5	True
2254	2	2	0.5	False
2255	1	2	1	True
2256	1	1	1	True
2257	1	2	0.5	True
2257	2	3	0.5	False
2258	1	1	0.5	True
2258	2	2	0.5	False
2259	1	1	0.5	True
2259	2	4	0.5	False
2260	1	5	0.5	True
2260	2	1	0.5	False
2261	1	3	0.5	True
2261	2	5	0.5	False
2262	1	5	0.5	True
2262	2	1	0.5	False
2263	1	1	1	True
2264	1	2	1	True
2265	1	1	0.5	True
2265	2	2	0.5	False
2266	1	1	1	True
2267	1	2	1	True
2268	1	1	1	True
2269	1	2	0.5	True
2269	2	3	0.5	False
2270	1	3	1	True
2271	1	1	0.3333333333333333	True
2271	2	4	0.3333333333333333	False
2271	3	3	0.3333333333333333	False
2272	1	2	1	True
2273	1	1	1	True
2274	1	3	1	True
2275	1	1	1	True
2276	1	1	1	True
2277	1	5	1	True
2278	1	2	1	True
2279	1	2	1	True
2280	1	2	1	True
2281	1	2	0.5	True
2281	2	1	0.5	False
2282	1	3	0.5	True
2282	2	5	0.5	False
2283	1	1	1	True
2284	1	1	1	True
2285	1	3	1	True
2286	1	2	1	True
2287	1	2	1	True
2288	1	5	1	True
2289	1	1	1	True
2290	1	5	1	True
2291	1	2	1	True
2292	1	5	1	True
2293	1	3	1	True
2294	1	4	1	True
2295	1	1	1	True
2296	1	2	1	True
2297	1	2	1	True
2298	1	2	1	True
2299	1	3	1	True
2300	1	5	1	True
2301	1	2	1	True
2302	1	3	0.5	True
2302	2	2	0.5	False
2303	1	5	1	True
2304	1	3	0.5	True
2304	2	5	0.5	False
2305	1	4	0.5	True
2305	2	2	0.5	False
2306	1	1	0.5	True
2306	2	3	0.5	False
2307	1	1	1	True
2308	1	1	0.5	True
2308	2	2	0.5	False
2309	1	3	1	True
2310	1	4	1	True
2311	1	1	1	True
2312	1	1	1	True
2313	1	1	1	True
2314	1	4	0.5	True
2314	2	2	0.5	False
2315	1	2	0.5	True
2315	2	1	0.5	False
2316	1	4	0.5	True
2316	2	3	0.5	False
2317	1	2	1	True
2318	1	3	0.5	True
2318	2	2	0.5	False
2319	1	4	1	True
2320	1	1	1	True
2321	1	4	1	True
2322	1	2	0.5	True
2322	2	4	0.5	False
2323	1	1	1	True
2324	1	1	0.5	True
2324	2	2	0.5	False
2325	1	1	0.3333333333333333	True
2325	2	5	0.3333333333333333	False
2325	3	3	0.3333333333333333	False
2326	1	5	1	True
2327	1	3	0.5	True
2327	2	1	0.5	False
2328	1	2	1	True
2329	1	4	1	True
2330	1	4	1	True
2331	1	2	1	True
2332	1	1	1	True
2333	1	2	1	True
2334	1	2	1	True
2335	1	1	1	True
2336	1	4	1	True
2337	1	1	1	True
2338	1	1	1	True
2339	1	1	0.5	True
2339	2	2	0.5	False
2340	1	3	1	True
2341	1	1	1	True
2342	1	2	1	True
2343	1	1	1	True
2344	1	4	1	True
2345	1	1	1	True
2346	1	2	1	True
2347	1	2	0.5	True
2347	2	4	0.5	False
2348	1	1	1	True
2349	1	4	0.5	True
2349	2	3	0.5	False
2350	1	3	1	True
2351	1	5	1	True
2352	1	2	1	True
2353	1	1	0.5	True
2353	2	5	0.5	False
2354	1	1	1	True
2355	1	2	1	True
2356	1	3	0.5	True
2356	2	2	0.5	False
2357	1	5	1	True
2358	1	3	1	True
2359	1	4	1	True
2360	1	2	0.5	True
2360	2	3	0.5	False
2361	1	4	1	True
2362	1	3	1	True
2363	1	1	1	True
2364	1	1	0.5	True
2364	2	4	0.5	False
2365	1	4	0.5	True
2365	2	2	0.5	False
2366	1	1	1	True
2367	1	2	1	True
2368	1	5	0.5	True
2368	2	1	0.5	False
2369	1	2	1	True
2370	1	4	0.5	True
2370	2	2	0.5	False
2371	1	3	0.5	True
2371	2	5	0.5	False
2372	1	1	0.5	True
2372	2	2	0.5	False
2373	1	1	1	True
2374	1	1	1	True
2375	1	1	1	True
2376	1	1	1	True
2377	1	1	0.5	True
2377	2	5	0.5	False
2378	1	1	1	True
2379	1	2	1	True
2380	1	5	0.5	True
2380	2	1	0.5	False
2381	1	3	1	True
2382	1	1	1	True
2383	1	4	1	True
2384	1	5	0.5	True
2384	2	1	0.5	False
2385	1	4	0.5	True
2385	2	2	0.5	False
2386	1	2	0.3333333333333333	True
2386	2	5	0.3333333333333333	False
2386	3	3	0.3333333333333333	False
2387	1	2	1	True
2388	1	4	0.5	True
2388	2	2	0.5	False
2389	1	5	0.5	True
2389	2	3	0.5	False
2390	1	1	1	True
2391	1	5	1	True
2392	1	1	1	True
2393	1	1	1	True
2394	1	1	1	True
2395	1	1	1	True
2396	1	5	1	True
2397	1	1	1	True
2398	1	1	1	True
2399	1	1	1	True
2400	1	2	1	True
2401	1	5	1	True
2402	1	2	1	True
2403	1	4	1	True
2404	1	5	1	True
2405	1	3	1	True
2406	1	5	1	True
2407	1	4	1	True
2408	1	1	1	True
2409	1	1	1	True
2410	1	3	1	True
2411	1	2	1	True
2412	1	2	0.5	True
2412	2	3	0.5	False
2413	1	1	1	True
2414	1	4	0.5	True
2414	2	1	0.5	False
2415	1	1	1	True
2416	1	3	1	True
2417	1	4	0.5	True
2417	2	5	0.5	False
2418	1	2	1	True
2419	1	5	0.5	True
2419	2	2	0.5	False
2420	1	3	1	True
2421	1	2	1	True
2422	1	2	0.5	True
2422	2	5	0.5	False
2423	1	5	0.5	True
2423	2	3	0.5	False
2424	1	4	0.5	True
2424	2	3	0.5	False
2425	1	3	0.5	True
2425	2	4	0.5	False
2426	1	2	1	True
2427	1	3	1	True
2428	1	1	1	True
2429	1	2	1	True
2430	1	1	1	True
2431	1	4	1	True
2432	1	1	0.5	True
2432	2	4	0.5	False
2433	1	2	1	True
2434	1	2	1	True
2435	1	3	0.5	True
2435	2	5	0.5	False
2436	1	4	1	True
2437	1	1	1	True
2438	1	2	1	True
2439	1	2	1	True
2440	1	1	1	True
2441	1	2	0.5	True
2441	2	3	0.5	False
2442	1	3	1	True
2443	1	1	0.5	True
2443	2	2	0.5	False
2444	1	1	1	True
2445	1	1	1	True
2446	1	1	1	True
2447	1	4	1	True
2448	1	1	1	True
2449	1	3	0.5	True
2449	2	5	0.5	False
2450	1	3	0.5	True
2450	2	5	0.5	False
2451	1	5	0.5	True
2451	2	3	0.5	False
2452	1	3	0.5	True
2452	2	5	0.5	False
2453	1	2	1	True
2454	1	1	1	True
2455	1	4	0.5	True
2455	2	1	0.5	False
2456	1	4	0.5	True
2456	2	1	0.5	False
2457	1	1	1	True
2458	1	3	1	True
2459	1	2	1	True
2460	1	2	1	True
2461	1	1	1	True
2462	1	2	0.5	True
2462	2	1	0.5	False
2463	1	2	1	True
2464	1	2	1	True
2465	1	2	1	True
2466	1	3	1	True
2467	1	4	0.5	True
2467	2	1	0.5	False
2468	1	3	0.5	True
2468	2	4	0.5	False
2469	1	1	1	True
2470	1	1	1	True
2471	1	1	1	True
2472	1	4	1	True
2473	1	4	0.5	True
2473	2	1	0.5	False
2474	1	1	1	True
2475	1	4	1	True
2476	1	2	1	True
2477	1	2	1	True
2478	1	5	0.5	True
2478	2	1	0.5	False
2479	1	5	1	True
2480	1	2	0.5	True
2480	2	1	0.5	False
2481	1	5	0.5	True
2481	2	1	0.5	False
2482	1	3	1	True
2483	1	1	1	True
2484	1	2	1	True
2485	1	1	0.5	True
2485	2	2	0.5	False
2486	1	5	0.5	True
2486	2	1	0.5	False
2487	1	3	1	True
2488	1	1	0.3333333333333333	True
2488	2	5	0.3333333333333333	False
2488	3	2	0.3333333333333333	False
2489	1	4	0.5	True
2489	2	2	0.5	False
2490	1	5	0.5	True
2490	2	1	0.5	False
2491	1	3	1	True
2492	1	1	0.3333333333333333	True
2492	2	2	0.3333333333333333	False
2492	3	4	0.3333333333333333	False
2493	1	1	1	True
2494	1	2	1	True
2495	1	5	0.5	True
2495	2	3	0.5	False
2496	1	5	0.5	True
2496	2	1	0.5	False
2497	1	3	0.5	True
2497	2	2	0.5	False
2498	1	1	1	True
2499	1	2	1	True
2500	1	1	1	True
2501	1	1	1	True
2502	1	1	1	True
2503	1	1	0.5	True
2503	2	4	0.5	False
2504	1	5	1	True
2505	1	2	1	True
2506	1	3	1	True
2507	1	1	1	True
2508	1	5	1	True
2509	1	1	1	True
2510	1	3	0.5	True
2510	2	5	0.5	False
2511	1	1	1	True
2512	1	1	1	True
2513	1	3	1	True
2514	1	1	1	True
2515	1	1	1	True
2516	1	5	0.5	True
2516	2	3	0.5	False
2517	1	1	1	True
2518	1	2	1	True
2519	1	1	0.5	True
2519	2	5	0.5	False
2520	1	1	1	True
2521	1	1	0.5	True
2521	2	2	0.5	False
2522	1	1	1	True
2523	1	2	1	True
2524	1	3	1	True
2525	1	1	1	True
2526	1	3	0.5	True
2526	2	2	0.5	False
2527	1	1	1	True
2528	1	2	1	True
2529	1	3	1	True
2530	1	2	0.5	True
2530	2	3	0.5	False
2531	1	1	1	True
2532	1	1	0.5	True
2532	2	4	0.5	False
2533	1	2	1	True
2534	1	2	1	True
2535	1	5	1	True
2536	1	5	1	True
2537	1	3	0.5	True
2537	2	5	0.5	False
2538	1	2	1	True
2539	1	2	1	True
2540	1	3	0.5	True
2540	2	4	0.5	False
2541	1	5	1	True
2542	1	1	1	True
2543	1	4	1	True
2544	1	1	1	True
2545	1	1	1	True
2546	1	5	0.5	True
2546	2	3	0.5	False
2547	1	2	1	True
2548	1	2	1	True
2549	1	5	1	True
2550	1	1	1	True
2551	1	1	1	True
2552	1	2	1	True
2553	1	2	0.5	True
2553	2	1	0.5	False
2554	1	2	1	True
2555	1	1	1	True
2556	1	1	1	True
2557	1	3	1	True
2558	1	1	1	True
2559	1	1	1	True
2560	1	3	1	True
2561	1	2	0.5	True
2561	2	3	0.5	False
2562	1	3	1	True
2563	1	1	1	True
2564	1	5	0.5	True
2564	2	3	0.5	False
2565	1	1	0.3333333333333333	True
2565	2	3	0.3333333333333333	False
2565	3	5	0.3333333333333333	False
2566	1	4	1	True
2567	1	3	1	True
2568	1	4	1	True
2569	1	2	1	True
2570	1	3	1	True
2571	1	4	1	True
2572	1	1	0.5	True
2572	2	5	0.5	False
2573	1	1	1	True
2574	1	2	0.5	True
2574	2	1	0.5	False
2575	1	1	0.5	True
2575	2	2	0.5	False
2576	1	2	1	True
2577	1	1	0.5	True
2577	2	4	0.5	False
2578	1	2	1	True
2579	1	3	1	True
2580	1	2	1	True
2581	1	3	1	True
2582	1	2	1	True
2583	1	1	0.5	True
2583	2	4	0.5	False
2584	1	1	1	True
2585	1	1	1	True
2586	1	1	1	True
2587	1	2	1	True
2588	1	3	1	True
2589	1	5	1	True
2590	1	1	1	True
2591	1	1	1	True
2592	1	5	0.5	True
2592	2	1	0.5	False
2593	1	1	1	True
2594	1	1	0.5	True
2594	2	5	0.5	False
2595	1	1	1	True
2596	1	4	1	True
2597	1	5	1	True
2598	1	2	1	True
2599	1	2	1	True
2600	1	2	1	True
2601	1	5	1	True
2602	1	2	0.5	True
2602	2	1	0.5	False
2603	1	3	1	True
2604	1	2	1	True
2605	1	4	1	True
2606	1	4	1	True
2607	1	5	0.5	True
2607	2	1	0.5	False
2608	1	2	0.5	True
2608	2	1	0.5	False
2609	1	1	1	True
2610	1	2	1	True
2611	1	5	0.5	True
2611	2	3	0.5	False
2612	1	3	1	True
2613	1	3	1	True
2614	1	1	0.5	True
2614	2	4	0.5	False
2615	1	1	0.5	True
2615	2	4	0.5	False
2616	1	1	1	True
2617	1	1	1	True
2618	1	4	1	True
2619	1	1	1	True
2620	1	2	1	True
2621	1	1	0.5	True
2621	2	2	0.5	False
2622	1	2	1	True
2623	1	1	1	True
2624	1	4	0.5	True
2624	2	1	0.5	False
2625	1	2	1	True
2626	1	2	1	True
2627	1	3	0.5	True
2627	2	2	0.5	False
2628	1	3	1	True
2629	1	1	1	True
2630	1	4	1	True
2631	1	2	1	True
2632	1	1	1	True
2633	1	1	1	True
2634	1	2	1	True
2635	1	1	1	True
2636	1	1	1	True
2637	1	4	1	True
2638	1	2	0.5	True
2638	2	4	0.5	False
2639	1	1	0.5	True
2639	2	4	0.5	False
2640	1	4	1	True
2641	1	1	1	True
2642	1	4	0.5	True
2642	2	3	0.5	False
2643	1	4	0.5	True
2643	2	1	0.5	False
2644	1	4	1	True
2645	1	1	1	True
2646	1	3	1	True
2647	1	2	0.5	True
2647	2	5	0.5	False
2648	1	1	0.5	True
2648	2	2	0.5	False
2649	1	2	0.5	True
2649	2	3	0.5	False
2650	1	1	0.5	True
2650	2	5	0.5	False
2651	1	1	1	True
2652	1	1	0.5	True
2652	2	4	0.5	False
2653	1	3	1	True
2654	1	2	1	True
2655	1	2	0.5	True
2655	2	1	0.5	False
2656	1	1	0.5	True
2656	2	4	0.5	False
2657	1	2	0.3333333333333333	True
2657	2	1	0.3333333333333333	False
2657	3	4	0.3333333333333333	False
2658	1	1	1	True
2659	1	1	0.5	True
2659	2	5	0.5	False
2660	1	4	1	True
2661	1	5	1	True
2662	1	1	1	True
2663	1	2	0.5	True
2663	2	1	0.5	False
2664	1	2	0.5	True
2664	2	1	0.5	False
2665	1	3	0.5	True
2665	2	4	0.5	False
2666	1	1	0.5	True
2666	2	2	0.5	False
2667	1	1	1	True
2668	1	4	1	True
2669	1	1	1	True
2670	1	1	1	True
2671	1	1	1	True
2672	1	2	1	True
2673	1	2	0.5	True
2673	2	4	0.5	False
2674	1	4	0.5	True
2674	2	2	0.5	False
2675	1	1	1	True
2676	1	5	1	True
2677	1	5	0.5	True
2677	2	3	0.5	False
2678	1	1	1	True
2679	1	1	1	True
2680	1	1	1	True
2681	1	1	1	True
2682	1	3	0.5	True
2682	2	4	0.5	False
2683	1	2	1	True
2684	1	1	0.5	True
2684	2	2	0.5	False
2685	1	2	0.5	True
2685	2	3	0.5	False
2686	1	1	1	True
2687	1	1	1	True
2688	1	2	0.5	True
2688	2	3	0.5	False
2689	1	2	1	True
2690	1	1	1	True
2691	1	4	0.5	True
2691	2	2	0.5	False
2692	1	5	0.5	True
2692	2	3	0.5	False
2693	1	1	1	True
2694	1	1	1	True
2695	1	2	1	True
2696	1	3	0.5	True
2696	2	4	0.5	False
2697	1	5	0.5	True
2697	2	4	0.5	False
2698	1	5	1	True
2699	1	3	0.5	True
2699	2	5	0.5	False
2700	1	1	1	True
2701	1	4	1	True
2702	1	5	1	True
2703	1	4	0.5	True
2703	2	1	0.5	False
2704	1	1	1	True
2705	1	1	1	True
2706	1	3	1	True
2707	1	5	1	True
2708	1	2	1	True
2709	1	5	1	True
2710	1	3	0.3333333333333333	True
2710	2	4	0.3333333333333333	False
2710	3	5	0.3333333333333333	False
2711	1	1	1	True
2712	1	2	1	True
2713	1	4	1	True
2714	1	1	1	True
2715	1	2	1	True
2716	1	2	1	True
2717	1	1	0.5	True
2717	2	3	0.5	False
2718	1	1	1	True
2719	1	3	0.5	True
2719	2	5	0.5	False
2720	1	5	1	True
2721	1	4	0.5	True
2721	2	2	0.5	False
2722	1	1	1	True
2723	1	1	1	True
2724	1	4	0.5	True
2724	2	1	0.5	False
2725	1	1	0.5	True
2725	2	3	0.5	False
2726	1	1	1	True
2727	1	5	1	True
2728	1	1	0.5	True
2728	2	2	0.5	False
2729	1	4	0.5	True
2729	2	3	0.5	False
2730	1	1	1	True
2731	1	2	1	True
2732	1	2	0.5	True
2732	2	1	0.5	False
2733	1	2	0.5	True
2733	2	4	0.5	False
2734	1	5	0.5	True
2734	2	1	0.5	False
2735	1	2	0.5	True
2735	2	1	0.5	False
2736	1	1	1	True
2737	1	5	0.5	True
2737	2	3	0.5	False
2738	1	1	1	True
2739	1	1	1	True
2740	1	5	1	True
2741	1	2	0.5	True
2741	2	1	0.5	False
2742	1	4	1	True
2743	1	1	1	True
2744	1	2	1	True
2745	1	2	1	True
2746	1	1	0.5	True
2746	2	4	0.5	False
2747	1	2	1	True
2748	1	3	1	True
2749	1	1	1	True
2750	1	2	1	True
2751	1	1	1	True
2752	1	1	1	True
2753	1	1	1	True
2754	1	4	1	True
2755	1	1	1	True
2756	1	2	0.3333333333333333	True
2756	2	4	0.3333333333333333	False
2756	3	3	0.3333333333333333	False
2757	1	1	1	True
2758	1	2	0.5	True
2758	2	4	0.5	False
2759	1	3	0.5	True
2759	2	5	0.5	False
2760	1	3	1	True
2761	1	5	1	True
2762	1	3	1	True
2763	1	2	0.5	True
2763	2	3	0.5	False
2764	1	1	1	True
2765	1	1	1	True
2766	1	1	1	True
2767	1	1	1	True
2768	1	1	1	True
2769	1	2	1	True
2770	1	2	1	True
2771	1	4	1	True
2772	1	5	0.5	True
2772	2	3	0.5	False
2773	1	4	1	True
2774	1	3	0.5	True
2774	2	4	0.5	False
2775	1	1	1	True
2776	1	3	1	True
2777	1	1	1	True
2778	1	1	1	True
2779	1	1	1	True
2780	1	4	1	True
2781	1	1	0.5	True
2781	2	2	0.5	False
2782	1	5	0.5	True
2782	2	3	0.5	False
2783	1	1	1	True
2784	1	5	0.5	True
2784	2	3	0.5	False
2785	1	1	1	True
2786	1	1	1	True
2787	1	1	1	True
2788	1	1	0.5	True
2788	2	3	0.5	False
2789	1	2	0.5	True
2789	2	4	0.5	False
2790	1	2	0.5	True
2790	2	1	0.5	False
2791	1	5	1	True
2792	1	4	1	True
2793	1	2	1	True
2794	1	5	1	True
2795	1	4	1	True
2796	1	2	1	True
2797	1	1	0.5	True
2797	2	5	0.5	False
2798	1	1	1	True
2799	1	5	0.5	True
2799	2	1	0.5	False
2800	1	2	1	True
2801	1	5	1	True
2802	1	1	1	True
2803	1	1	1	True
2804	1	5	0.5	True
2804	2	3	0.5	False
2805	1	5	0.5	True
2805	2	1	0.5	False
2806	1	4	1	True
2807	1	1	1	True
2808	1	3	0.5	True
2808	2	5	0.5	False
2809	1	5	0.5	True
2809	2	3	0.5	False
2810	1	5	1	True
2811	1	1	1	True
2812	1	5	1	True
2813	1	4	1	True
2814	1	5	1	True
2815	1	1	1	True
2816	1	1	0.5	True
2816	2	2	0.5	False
2817	1	2	1	True
2818	1	2	1	True
2819	1	1	1	True
2820	1	2	1	True
2821	1	4	1	True
2822	1	4	1	True
2823	1	2	1	True
2824	1	2	1	True
2825	1	1	1	True
2826	1	1	1	True
2827	1	2	0.5	True
2827	2	3	0.5	False
2828	1	4	0.5	True
2828	2	2	0.5	False
2829	1	2	1	True
2830	1	2	1	True
2831	1	2	0.5	True
2831	2	1	0.5	False
2832	1	4	1	True
2833	1	2	1	True
2834	1	4	1	True
2835	1	2	1	True
2836	1	3	0.5	True
2836	2	1	0.5	False
2837	1	1	0.5	True
2837	2	4	0.5	False
2838	1	4	0.3333333333333333	True
2838	2	1	0.3333333333333333	False
2838	3	3	0.3333333333333333	False
2839	1	1	1	True
2840	1	2	1	True
2841	1	4	0.5	True
2841	2	2	0.5	False
2842	1	1	0.5	True
2842	2	2	0.5	False
2843	1	1	1	True
2844	1	1	1	True
2845	1	2	1	True
2846	1	2	1	True
2847	1	1	0.5	True
2847	2	2	0.5	False
2848	1	1	1	True
2849	1	2	1	True
2850	1	3	1	True
2851	1	1	1	True
2852	1	3	1	True
2853	1	1	1	True
2854	1	1	0.5	True
2854	2	2	0.5	False
2855	1	4	1	True
2856	1	2	0.5	True
2856	2	4	0.5	False
2857	1	1	1	True
2858	1	4	0.5	True
2858	2	2	0.5	False
2859	1	5	0.5	True
2859	2	2	0.5	False
2860	1	2	0.5	True
2860	2	1	0.5	False
2861	1	1	1	True
2862	1	1	1	True
2863	1	1	0.5	True
2863	2	5	0.5	False
2864	1	1	1	True
2865	1	3	1	True
2866	1	2	1	True
2867	1	2	0.5	True
2867	2	3	0.5	False
2868	1	1	1	True
2869	1	1	0.5	True
2869	2	2	0.5	False
2870	1	4	1	True
2871	1	2	0.5	True
2871	2	1	0.5	False
2872	1	1	1	True
2873	1	2	0.5	True
2873	2	1	0.5	False
2874	1	5	1	True
2875	1	3	1	True
2876	1	2	1	True
2877	1	1	1	True
2878	1	2	0.5	True
2878	2	1	0.5	False
2879	1	5	1	True
2880	1	1	1	True
2881	1	1	1	True
2882	1	1	1	True
2883	1	1	0.5	True
2883	2	4	0.5	False
2884	1	1	1	True
2885	1	1	1	True
2886	1	1	1	True
2887	1	1	1	True
2888	1	1	0.5	True
2888	2	5	0.5	False
2889	1	1	1	True
2890	1	1	1	True
2891	1	2	1	True
2892	1	1	1	True
2893	1	3	1	True
2894	1	4	1	True
2895	1	1	1	True
2896	1	4	0.5	True
2896	2	1	0.5	False
2897	1	3	1	True
2898	1	5	0.5	True
2898	2	3	0.5	False
2899	1	5	0.5	True
2899	2	1	0.5	False
2900	1	2	1	True
2901	1	2	0.5	True
2901	2	1	0.5	False
2902	1	1	1	True
2903	1	1	1	True
2904	1	1	1	True
2905	1	1	1	True
2906	1	2	1	True
2907	1	3	1	True
2908	1	1	1	True
2909	1	1	1	True
2910	1	2	1	True
2911	1	4	0.5	True
2911	2	1	0.5	False
2912	1	1	1	True
2913	1	1	1	True
2914	1	2	1	True
2915	1	2	0.5	True
2915	2	3	0.5	False
2916	1	4	0.5	True
2916	2	1	0.5	False
2917	1	3	1	True
2918	1	2	0.5	True
2918	2	1	0.5	False
2919	1	2	1	True
2920	1	4	0.5	True
2920	2	2	0.5	False
2921	1	1	1	True
2922	1	1	1	True
2923	1	5	1	True
2924	1	2	1	True
2925	1	1	1	True
2926	1	1	1	True
2927	1	1	1	True
2928	1	1	1	True
2929	1	2	0.5	True
2929	2	4	0.5	False
2930	1	2	0.5	True
2930	2	1	0.5	False
2931	1	1	1	True
2932	1	3	1	True
2933	1	1	1	True
2934	1	4	1	True
2935	1	2	0.5	True
2935	2	1	0.5	False
2936	1	1	1	True
2937	1	2	1	True
2938	1	3	1	True
2939	1	1	1	True
2940	1	3	0.5	True
2940	2	1	0.5	False
2941	1	5	1	True
2942	1	1	1	True
2943	1	1	0.5	True
2943	2	5	0.5	False
2944	1	4	1	True
2945	1	1	0.3333333333333333	True
2945	2	5	0.3333333333333333	False
2945	3	3	0.3333333333333333	False
2946	1	5	0.5	True
2946	2	2	0.5	False
2947	1	1	0.5	True
2947	2	2	0.5	False
2948	1	1	0.5	True
2948	2	2	0.5	False
2949	1	1	1	True
2950	1	1	1	True
2951	1	2	1	True
2952	1	1	1	True
2953	1	1	1	True
2954	1	1	1	True
2955	1	2	1	True
2956	1	1	1	True
2957	1	1	1	True
2958	1	1	1	True
2959	1	3	0.5	True
2959	2	1	0.5	False
2960	1	2	1	True
2961	1	1	1	True
2962	1	2	1	True
2963	1	2	1	True
2964	1	2	1	True
2965	1	1	0.5	True
2965	2	4	0.5	False
2966	1	1	1	True
2967	1	3	1	True
2968	1	4	1	True
2969	1	1	1	True
2970	1	1	1	True
2971	1	3	1	True
2972	1	1	1	True
2973	1	3	1	True
2974	1	1	1	True
2975	1	2	1	True
2976	1	4	0.5	True
2976	2	3	0.5	False
2977	1	1	1	True
2978	1	1	1	True
2979	1	2	1	True
2980	1	2	0.5	True
2980	2	1	0.5	False
2981	1	4	0.3333333333333333	True
2981	2	1	0.3333333333333333	False
2981	3	3	0.3333333333333333	False
2982	1	1	1	True
2983	1	5	0.5	True
2983	2	4	0.5	False
2984	1	1	0.3333333333333333	True
2984	2	3	0.3333333333333333	False
2984	3	5	0.3333333333333333	False
2985	1	1	1	True
2986	1	1	1	True
2987	1	1	1	True
2988	1	1	1	True
2989	1	2	1	True
2990	1	1	0.5	True
2990	2	2	0.5	False
2991	1	4	0.5	True
2991	2	2	0.5	False
2992	1	2	1	True
2993	1	1	1	True
2994	1	2	0.5	True
2994	2	5	0.5	False
2995	1	1	1	True
2996	1	2	1	True
2997	1	1	1	True
2998	1	1	1	True
2999	1	1	1	True
3000	1	1	1	True
3001	1	2	1	True
3002	1	1	1	True
3003	1	1	0.5	True
3003	2	4	0.5	False
3004	1	2	1	True
3005	1	1	1	True
3006	1	1	1	True
3007	1	1	1	True
3008	1	4	1	True
3009	1	4	1	True
3010	1	1	0.5	True
3010	2	4	0.5	False
3011	1	1	1	True
3012	1	2	1	True
3013	1	3	1	True
3014	1	1	1	True
3015	1	4	1	True
3016	1	1	0.5	True
3016	2	5	0.5	False
3017	1	1	1	True
3018	1	5	0.5	True
3018	2	4	0.5	False
3019	1	1	1	True
3020	1	3	0.3333333333333333	True
3020	2	1	0.3333333333333333	False
3020	3	5	0.3333333333333333	False
3021	1	1	0.5	True
3021	2	4	0.5	False
3022	1	2	0.5	True
3022	2	1	0.5	False
3023	1	3	1	True
3024	1	1	1	True
3025	1	1	1	True
3026	1	2	1	True
3027	1	5	0.5	True
3027	2	1	0.5	False
3028	1	1	1	True
3029	1	1	1	True
3030	1	5	0.5	True
3030	2	1	0.5	False
3031	1	1	0.5	True
3031	2	3	0.5	False
3032	1	1	0.5	True
3032	2	2	0.5	False
3033	1	1	1	True
3034	1	1	0.5	True
3034	2	5	0.5	False
3035	1	1	1	True
3036	1	2	0.3333333333333333	True
3036	2	1	0.3333333333333333	False
3036	3	4	0.3333333333333333	False
3037	1	2	0.3333333333333333	True
3037	2	4	0.3333333333333333	False
3037	3	3	0.3333333333333333	False
3038	1	5	1	True
3039	1	3	1	True
3040	1	1	1	True
3041	1	1	1	True
3042	1	1	1	True
3043	1	1	1	True
3044	1	2	0.5	True
3044	2	3	0.5	False
3045	1	3	1	True
3046	1	4	0.5	True
3046	2	3	0.5	False
3047	1	2	0.5	True
3047	2	3	0.5	False
3048	1	1	0.5	True
3048	2	2	0.5	False
3049	1	3	0.5	True
3049	2	5	0.5	False
3050	1	3	0.5	True
3050	2	5	0.5	False
3051	1	1	1	True
3052	1	5	0.5	True
3052	2	3	0.5	False
3053	1	1	1	True
3054	1	1	1	True
3055	1	1	1	True
3056	1	1	1	True
3057	1	1	1	True
3058	1	4	1	True
3059	1	1	1	True
3060	1	1	1	True
3061	1	1	1	True
3062	1	5	0.5	True
3062	2	1	0.5	False
3063	1	1	1	True
3064	1	1	1	True
3065	1	5	0.5	True
3065	2	3	0.5	False
3066	1	1	1	True
3067	1	5	0.3333333333333333	True
3067	2	4	0.3333333333333333	False
3067	3	3	0.3333333333333333	False
3068	1	1	0.5	True
3068	2	4	0.5	False
3069	1	4	0.5	True
3069	2	1	0.5	False
3070	1	1	1	True
3071	1	1	1	True
3072	1	1	1	True
3073	1	1	1	True
3074	1	1	1	True
3075	1	1	1	True
3076	1	1	1	True
3077	1	2	1	True
3078	1	1	1	True
3079	1	4	0.5	True
3079	2	2	0.5	False
3080	1	5	1	True
3081	1	1	1	True
3082	1	4	0.5	True
3082	2	1	0.5	False
3083	1	5	1	True
3084	1	1	1	True
3085	1	1	1	True
3086	1	1	1	True
3087	1	1	1	True
3088	1	1	1	True
3089	1	1	1	True
3090	1	2	1	True
3091	1	2	0.5	True
3091	2	1	0.5	False
3092	1	3	0.5	True
3092	2	4	0.5	False
3093	1	3	0.5	True
3093	2	5	0.5	False
3094	1	3	0.5	True
3094	2	4	0.5	False
3095	1	2	0.5	True
3095	2	3	0.5	False
3096	1	1	1	True
3097	1	2	1	True
3098	1	1	1	True
3099	1	1	1	True
3100	1	2	1	True
3101	1	1	1	True
3102	1	4	1	True
3103	1	1	1	True
3104	1	3	1	True
3105	1	3	1	True
3106	1	1	1	True
3107	1	2	1	True
3108	1	2	0.5	True
3108	2	4	0.5	False
3109	1	1	1	True
3110	1	2	1	True
3111	1	1	0.5	True
3111	2	2	0.5	False
3112	1	1	0.3333333333333333	True
3112	2	2	0.3333333333333333	False
3112	3	4	0.3333333333333333	False
3113	1	3	1	True
3114	1	5	1	True
3115	1	3	1	True
3116	1	3	0.5	True
3116	2	5	0.5	False
3117	1	1	0.5	True
3117	2	2	0.5	False
3118	1	1	1	True
3119	1	1	1	True
3120	1	1	1	True
3121	1	5	0.3333333333333333	True
3121	2	4	0.3333333333333333	False
3121	3	3	0.3333333333333333	False
3122	1	1	1	True
3123	1	2	1	True
3124	1	3	0.3333333333333333	True
3124	2	2	0.3333333333333333	False
3124	3	4	0.3333333333333333	False
3125	1	4	1	True
3126	1	3	0.5	True
3126	2	5	0.5	False
3127	1	2	1	True
3128	1	3	0.5	True
3128	2	2	0.5	False
3129	1	3	1	True
3130	1	2	0.3333333333333333	True
3130	2	3	0.3333333333333333	False
3130	3	4	0.3333333333333333	False
3131	1	1	1	True
3132	1	1	0.5	True
3132	2	4	0.5	False
3133	1	1	1	True
3134	1	1	1	True
3135	1	1	1	True
3136	1	1	1	True
3137	1	1	1	True
3138	1	1	1	True
3139	1	1	1	True
3140	1	3	1	True
3141	1	1	0.5	True
3141	2	5	0.5	False
3142	1	4	0.5	True
3142	2	2	0.5	False
3143	1	1	1	True
3144	1	1	1	True
3145	1	1	1	True
3146	1	1	1	True
3147	1	1	1	True
3148	1	1	1	True
3149	1	1	1	True
3150	1	1	1	True
3151	1	1	1	True
3152	1	1	1	True
3153	1	1	1	True
3154	1	1	1	True
3155	1	1	0.5	True
3155	2	5	0.5	False
3156	1	1	1	True
3157	1	2	1	True
3158	1	1	1	True
3159	1	3	1	True
3160	1	3	1	True
3161	1	1	0.5	True
3161	2	5	0.5	False
3162	1	1	1	True
3163	1	1	1	True
3164	1	1	1	True
3165	1	4	0.5	True
3165	2	2	0.5	False
3166	1	1	1	True
3167	1	1	1	True
3168	1	4	1	True
3169	1	1	1	True
3170	1	1	1	True
3171	1	3	1	True
3172	1	1	1	True
3173	1	1	1	True
3174	1	1	1	True
3175	1	1	1	True
3176	1	2	0.5	True
3176	2	3	0.5	False
3177	1	4	1	True
3178	1	1	1	True
3179	1	1	1	True
3180	1	1	0.5	True
3180	2	3	0.5	False
3181	1	1	0.5	True
3181	2	5	0.5	False
3182	1	5	1	True
3183	1	5	1	True
3184	1	1	1	True
3185	1	2	0.5	True
3185	2	3	0.5	False
3186	1	1	1	True
3187	1	5	0.5	True
3187	2	3	0.5	False
3188	1	3	0.5	True
3188	2	2	0.5	False
3189	1	1	0.5	True
3189	2	2	0.5	False
3190	1	3	0.5	True
3190	2	1	0.5	False
3191	1	1	1	True
3192	1	3	1	True
3193	1	4	1	True
3194	1	5	0.5	True
3194	2	1	0.5	False
3195	1	1	1	True
3196	1	1	1	True
3197	1	5	0.5	True
3197	2	1	0.5	False
3198	1	1	1	True
3199	1	2	1	True
3200	1	3	1	True
3201	1	2	1	True
3202	1	2	1	True
3203	1	4	1	True
3204	1	1	1	True
3205	1	4	1	True
3206	1	2	1	True
3207	1	1	0.5	True
3207	2	2	0.5	False
3208	1	3	1	True
3209	1	3	0.5	True
3209	2	1	0.5	False
3210	1	1	1	True
3211	1	1	1	True
3212	1	1	1	True
3213	1	3	1	True
3214	1	4	1	True
3215	1	1	1	True
3216	1	1	1	True
3217	1	3	1	True
3218	1	4	0.5	True
3218	2	2	0.5	False
3219	1	1	1	True
3220	1	2	0.5	True
3220	2	4	0.5	False
3221	1	3	0.5	True
3221	2	2	0.5	False
3222	1	1	1	True
3223	1	2	1	True
3224	1	1	1	True
3225	1	1	1	True
3226	1	1	1	True
3227	1	1	1	True
3228	1	1	1	True
3229	1	1	1	True
3230	1	3	1	True
3231	1	1	1	True
3232	1	3	1	True
3233	1	1	0.5	True
3233	2	2	0.5	False
3234	1	5	0.5	True
3234	2	3	0.5	False
3235	1	1	1	True
3236	1	3	0.5	True
3236	2	4	0.5	False
3237	1	1	1	True
3238	1	4	0.5	True
3238	2	2	0.5	False
3239	1	3	1	True
3240	1	1	0.5	True
3240	2	4	0.5	False
3241	1	1	1	True
3242	1	2	0.5	True
3242	2	1	0.5	False
3243	1	5	0.5	True
3243	2	1	0.5	False
3244	1	5	0.5	True
3244	2	3	0.5	False
3245	1	1	1	True
3246	1	4	1	True
3247	1	1	1	True
3248	1	5	0.5	True
3248	2	2	0.5	False
3249	1	3	1	True
3250	1	1	1	True
3251	1	3	1	True
3252	1	2	0.5	True
3252	2	1	0.5	False
3253	1	3	1	True
3254	1	2	1	True
3255	1	1	1	True
3256	1	1	0.5	True
3256	2	4	0.5	False
3257	1	5	0.5	True
3257	2	3	0.5	False
3258	1	2	0.5	True
3258	2	1	0.5	False
3259	1	1	1	True
3260	1	1	1	True
3261	1	3	0.5	True
3261	2	5	0.5	False
3262	1	1	1	True
3263	1	1	0.5	True
3263	2	3	0.5	False
3264	1	1	1	True
3265	1	3	1	True
3266	1	1	1	True
3267	1	3	0.5	True
3267	2	5	0.5	False
3268	1	1	1	True
3269	1	4	1	True
3270	1	5	1	True
3271	1	1	1	True
3272	1	1	0.5	True
3272	2	2	0.5	False
3273	1	1	1	True
3274	1	5	0.5	True
3274	2	1	0.5	False
3275	1	1	0.5	True
3275	2	2	0.5	False
3276	1	1	1	True
3277	1	1	1	True
3278	1	1	1	True
3279	1	2	1	True
3280	1	1	0.5	True
3280	2	5	0.5	False
3281	1	2	1	True
3282	1	5	1	True
3283	1	2	0.5	True
3283	2	1	0.5	False
3284	1	1	1	True
3285	1	1	1	True
3286	1	5	0.5	True
3286	2	3	0.5	False
3287	1	1	0.5	True
3287	2	5	0.5	False
3288	1	1	1	True
3289	1	2	0.3333333333333333	True
3289	2	1	0.3333333333333333	False
3289	3	5	0.3333333333333333	False
3290	1	3	0.5	True
3290	2	5	0.5	False
3291	1	1	1	True
3292	1	5	1	True
3293	1	5	0.5	True
3293	2	3	0.5	False
3294	1	4	0.5	True
3294	2	1	0.5	False
3295	1	5	0.5	True
3295	2	3	0.5	False
3296	1	1	1	True
3297	1	1	0.3333333333333333	True
3297	2	5	0.3333333333333333	False
3297	3	3	0.3333333333333333	False
3298	1	3	0.5	True
3298	2	4	0.5	False
3299	1	1	1	True
3300	1	1	1	True
3301	1	1	1	True
3302	1	1	0.5	True
3302	2	4	0.5	False
3303	1	1	1	True
3304	1	3	1	True
3305	1	1	1	True
3306	1	1	1	True
3307	1	1	0.5	True
3307	2	5	0.5	False
3308	1	1	1	True
3309	1	5	0.3333333333333333	True
3309	2	1	0.3333333333333333	False
3309	3	2	0.3333333333333333	False
3310	1	1	0.5	True
3310	2	5	0.5	False
3311	1	1	1	True
3312	1	3	0.5	True
3312	2	5	0.5	False
3313	1	2	1	True
3314	1	2	1	True
3315	1	1	1	True
3316	1	1	1	True
3317	1	1	1	True
3318	1	1	0.5	True
3318	2	4	0.5	False
3319	1	1	1	True
3320	1	1	1	True
3321	1	1	1	True
3322	1	4	0.5	True
3322	2	2	0.5	False
3323	1	2	1	True
3324	1	5	0.3333333333333333	True
3324	2	2	0.3333333333333333	False
3324	3	3	0.3333333333333333	False
3325	1	3	1	True
3326	1	2	0.5	True
3326	2	3	0.5	False
3327	1	1	1	True
3328	1	2	1	True
3329	1	1	1	True
3330	1	1	1	True
3331	1	1	1	True
3332	1	1	1	True
3333	1	1	1	True
3334	1	1	1	True
3335	1	2	1	True
3336	1	1	1	True
3337	1	1	1	True
3338	1	3	0.3333333333333333	True
3338	2	2	0.3333333333333333	False
3338	3	4	0.3333333333333333	False
3339	1	1	0.5	True
3339	2	4	0.5	False
3340	1	1	0.5	True
3340	2	2	0.5	False
3341	1	3	0.5	True
3341	2	5	0.5	False
3342	1	1	1	True
3343	1	1	1	True
3344	1	5	0.5	True
3344	2	3	0.5	False
3345	1	5	0.5	True
3345	2	1	0.5	False
3346	1	1	1	True
3347	1	1	1	True
3348	1	1	1	True
3349	1	1	1	True
3350	1	4	0.5	True
3350	2	2	0.5	False
3351	1	1	1	True
3352	1	1	1	True
3353	1	1	1	True
3354	1	2	1	True
3355	1	1	1	True
3356	1	1	1	True
3357	1	1	1	True
3358	1	1	0.5	True
3358	2	4	0.5	False
3359	1	1	0.5	True
3359	2	2	0.5	False
3360	1	1	1	True
3361	1	4	0.5	True
3361	2	2	0.5	False
3362	1	4	0.5	True
3362	2	5	0.5	False
3363	1	2	1	True
3364	1	1	1	True
3365	1	2	1	True
3366	1	1	1	True
3367	1	1	1	True
3368	1	1	1	True
3369	1	1	1	True
3370	1	1	1	True
3371	1	5	0.5	True
3371	2	3	0.5	False
3372	1	1	0.5	True
3372	2	4	0.5	False
3373	1	1	0.5	True
3373	2	5	0.5	False
3374	1	2	1	True
3375	1	4	0.5	True
3375	2	1	0.5	False
3376	1	1	1	True
3377	1	4	1	True
3378	1	1	0.5	True
3378	2	4	0.5	False
3379	1	1	1	True
3380	1	1	1	True
3381	1	2	1	True
3382	1	5	1	True
3383	1	2	1	True
3384	1	1	1	True
3385	1	2	1	True
3386	1	1	1	True
3387	1	1	1	True
3388	1	4	1	True
3389	1	1	1	True
3390	1	1	1	True
3391	1	4	1	True
3392	1	1	1	True
3393	1	2	0.5	True
3393	2	1	0.5	False
3394	1	1	0.5	True
3394	2	4	0.5	False
3395	1	1	1	True
3396	1	1	0.5	True
3396	2	4	0.5	False
3397	1	1	0.5	True
3397	2	2	0.5	False
3398	1	5	0.5	True
3398	2	1	0.5	False
3399	1	1	1	True
3400	1	5	1	True
3401	1	1	1	True
3402	1	1	1	True
3403	1	1	1	True
3404	1	1	0.5	True
3404	2	4	0.5	False
3405	1	1	1	True
3406	1	1	1	True
3407	1	1	1	True
3408	1	1	1	True
3409	1	4	0.3333333333333333	True
3409	2	1	0.3333333333333333	False
3409	3	2	0.3333333333333333	False
3410	1	2	1	True
3411	1	1	1	True
3412	1	1	1	True
3413	1	1	1	True
3414	1	3	1	True
3415	1	2	1	True
3416	1	1	1	True
3417	1	1	0.5	True
3417	2	2	0.5	False
3418	1	3	1	True
3419	1	1	1	True
3420	1	5	0.5	True
3420	2	1	0.5	False
3421	1	1	1	True
3422	1	4	0.5	True
3422	2	2	0.5	False
3423	1	1	0.5	True
3423	2	2	0.5	False
3424	1	1	1	True
3425	1	1	1	True
3426	1	2	1	True
3427	1	1	1	True
3428	1	1	1	True
3429	1	5	1	True
3430	1	2	1	True
3431	1	1	1	True
3432	1	1	0.5	True
3432	2	4	0.5	False
3433	1	1	1	True
3434	1	2	1	True
3435	1	1	0.5	True
3435	2	4	0.5	False
3436	1	5	0.3333333333333333	True
3436	2	1	0.3333333333333333	False
3436	3	3	0.3333333333333333	False
3437	1	2	1	True
3438	1	4	0.5	True
3438	2	1	0.5	False
3439	1	1	0.5	True
3439	2	3	0.5	False
3440	1	3	1	True
3441	1	1	1	True
3442	1	1	0.5	True
3442	2	4	0.5	False
3443	1	4	0.5	True
3443	2	3	0.5	False
3444	1	2	0.5	True
3444	2	1	0.5	False
3445	1	1	1	True
3446	1	2	1	True
3447	1	1	1	True
3448	1	1	1	True
3449	1	1	1	True
3450	1	1	1	True
3451	1	3	0.5	True
3451	2	5	0.5	False
3452	1	2	1	True
3453	1	2	1	True
3454	1	3	1	True
3455	1	1	1	True
3456	1	1	1	True
3457	1	2	0.5	True
3457	2	1	0.5	False
3458	1	3	1	True
3459	1	1	1	True
3460	1	1	1	True
3461	1	1	1	True
3462	1	1	1	True
3463	1	3	1	True
3464	1	1	1	True
3465	1	3	1	True
3466	1	1	1	True
3467	1	2	1	True
3468	1	1	1	True
3469	1	1	1	True
3470	1	3	1	True
3471	1	1	0.5	True
3471	2	2	0.5	False
3472	1	1	1	True
3473	1	1	1	True
3474	1	1	1	True
3475	1	1	1	True
3476	1	1	1	True
3477	1	1	1	True
3478	1	4	0.5	True
3478	2	1	0.5	False
3479	1	4	0.5	True
3479	2	2	0.5	False
3480	1	1	1	True
3481	1	2	1	True
3482	1	1	0.5	True
3482	2	5	0.5	False
3483	1	2	0.5	True
3483	2	4	0.5	False
3484	1	1	1	True
3485	1	4	0.5	True
3485	2	1	0.5	False
3486	1	1	1	True
3487	1	5	1	True
3488	1	1	1	True
3489	1	3	1	True
3490	1	4	1	True
3491	1	1	1	True
3492	1	1	1	True
3493	1	3	1	True
3494	1	1	1	True
3495	1	1	1	True
3496	1	1	1	True
3497	1	1	1	True
3498	1	1	1	True
3499	1	1	1	True
3500	1	1	0.5	True
3500	2	5	0.5	False
3501	1	1	1	True
3502	1	1	1	True
3503	1	1	1	True
3504	1	1	1	True
3505	1	2	1	True
3506	1	4	1	True
3507	1	1	1	True
3508	1	4	0.5	True
3508	2	1	0.5	False
3509	1	1	1	True
3510	1	1	1	True
3511	1	3	0.3333333333333333	True
3511	2	4	0.3333333333333333	False
3511	3	5	0.3333333333333333	False
3512	1	1	1	True
3513	1	1	1	True
3514	1	1	0.5	True
3514	2	5	0.5	False
3515	1	1	1	True
3516	1	1	1	True
3517	1	3	0.5	True
3517	2	4	0.5	False
3518	1	1	0.3333333333333333	True
3518	2	5	0.3333333333333333	False
3518	3	3	0.3333333333333333	False
3519	1	1	1	True
3520	1	1	1	True
3521	1	1	1	True
3522	1	2	1	True
3523	1	5	0.5	True
3523	2	1	0.5	False
3524	1	1	1	True
3525	1	1	1	True
3526	1	2	1	True
3527	1	3	0.5	True
3527	2	5	0.5	False
3528	1	1	1	True
3529	1	1	1	True
3530	1	4	0.5	True
3530	2	1	0.5	False
3531	1	3	1	True
3532	1	1	1	True
3533	1	2	1	True
3534	1	1	1	True
3535	1	5	1	True
3536	1	1	1	True
3537	1	1	1	True
3538	1	1	1	True
3539	1	3	0.5	True
3539	2	2	0.5	False
3540	1	4	0.5	True
3540	2	2	0.5	False
3541	1	5	0.5	True
3541	2	1	0.5	False
3542	1	1	1	True
3543	1	2	1	True
3544	1	1	0.5	True
3544	2	2	0.5	False
3545	1	1	1	True
3546	1	1	0.5	True
3546	2	5	0.5	False
3547	1	1	1	True
3548	1	1	0.5	True
3548	2	4	0.5	False
3549	1	1	1	True
3550	1	1	1	True
3551	1	2	1	True
3552	1	3	1	True
3553	1	5	1	True
3554	1	1	1	True
3555	1	2	0.5	True
3555	2	1	0.5	False
3556	1	1	1	True
3557	1	1	1	True
3558	1	1	1	True
3559	1	1	0.5	True
3559	2	5	0.5	False
3560	1	1	1	True
3561	1	3	0.5	True
3561	2	2	0.5	False
3562	1	1	1	True
3563	1	4	0.3333333333333333	True
3563	2	3	0.3333333333333333	False
3563	3	2	0.3333333333333333	False
3564	1	1	1	True
3565	1	1	1	True
3566	1	1	1	True
3567	1	5	1	True
3568	1	4	0.5	True
3568	2	2	0.5	False
3569	1	2	1	True
3570	1	1	1	True
3571	1	1	1	True
3572	1	1	1	True
3573	1	1	1	True
3574	1	2	0.5	True
3574	2	1	0.5	False
3575	1	1	1	True
3576	1	1	1	True
3577	1	1	1	True
3578	1	1	0.5	True
3578	2	5	0.5	False
3579	1	5	1	True
3580	1	1	1	True
3581	1	1	1	True
3582	1	1	0.5	True
3582	2	2	0.5	False
3583	1	1	1	True
3584	1	3	0.5	True
3584	2	4	0.5	False
3585	1	1	1	True
3586	1	1	1	True
3587	1	1	0.5	True
3587	2	4	0.5	False
3588	1	1	1	True
3589	1	1	1	True
3590	1	1	1	True
3591	1	4	0.5	True
3591	2	1	0.5	False
3592	1	3	0.5	True
3592	2	4	0.5	False
3593	1	1	0.5	True
3593	2	4	0.5	False
3594	1	1	0.5	True
3594	2	2	0.5	False
3595	1	1	1	True
3596	1	3	1	True
3597	1	1	0.5	True
3597	2	2	0.5	False
3598	1	1	1	True
3599	1	1	1	True
3600	1	1	1	True
3601	1	1	0.3333333333333333	True
3601	2	3	0.3333333333333333	False
3601	3	5	0.3333333333333333	False
3602	1	1	1	True
3603	1	1	1	True
3604	1	3	1	True
3605	1	1	0.5	True
3605	2	2	0.5	False
3606	1	1	1	True
3607	1	1	0.5	True
3607	2	5	0.5	False
3608	1	5	1	True
3609	1	1	1	True
3610	1	1	1	True
3611	1	1	1	True
3612	1	5	1	True
3613	1	1	1	True
3614	1	1	1	True
3615	1	5	0.5	True
3615	2	3	0.5	False
3616	1	1	1	True
3617	1	1	1	True
3618	1	1	1	True
3619	1	3	1	True
3620	1	1	1	True
3621	1	1	0.5	True
3621	2	4	0.5	False
3622	1	1	1	True
3623	1	1	1	True
3624	1	1	1	True
3625	1	1	1	True
3626	1	1	1	True
3627	1	1	1	True
3628	1	4	1	True
3629	1	5	0.5	True
3629	2	1	0.5	False
3630	1	1	0.5	True
3630	2	4	0.5	False
3631	1	1	1	True
3632	1	1	1	True
3633	1	1	1	True
3634	1	1	1	True
3635	1	1	1	True
3636	1	1	1	True
3637	1	2	1	True
3638	1	1	0.5	True
3638	2	5	0.5	False
3639	1	2	1	True
3640	1	3	0.5	True
3640	2	1	0.5	False
3641	1	1	1	True
3642	1	1	1	True
3643	1	1	0.5	True
3643	2	5	0.5	False
3644	1	5	0.5	True
3644	2	3	0.5	False
3645	1	3	1	True
3646	1	1	1	True
3647	1	5	0.5	True
3647	2	1	0.5	False
3648	1	2	1	True
3649	1	3	1	True
3650	1	5	0.5	True
3650	2	3	0.5	False
3651	1	2	1	True
3652	1	1	1	True
3653	1	1	1	True
3654	1	1	0.5	True
3654	2	4	0.5	False
3655	1	1	1	True
3656	1	1	0.5	True
3656	2	2	0.5	False
3657	1	2	1	True
3658	1	1	1	True
3659	1	1	1	True
3660	1	1	1	True
3661	1	1	1	True
3662	1	1	1	True
3663	1	1	0.5	True
3663	2	5	0.5	False
3664	1	5	0.5	True
3664	2	2	0.5	False
3665	1	1	1	True
3666	1	1	1	True
3667	1	1	1	True
3668	1	1	0.5	True
3668	2	4	0.5	False
3669	1	1	1	True
3670	1	4	0.5	True
3670	2	2	0.5	False
3671	1	1	1	True
3672	1	1	1	True
3673	1	1	0.5	True
3673	2	5	0.5	False
3674	1	5	0.5	True
3674	2	1	0.5	False
3675	1	3	1	True
3676	1	1	0.5	True
3676	2	5	0.5	False
3677	1	2	0.5	True
3677	2	3	0.5	False
3678	1	4	0.5	True
3678	2	1	0.5	False
3679	1	4	0.5	True
3679	2	2	0.5	False
3680	1	1	1	True
3681	1	1	0.5	True
3681	2	5	0.5	False
3682	1	1	0.5	True
3682	2	5	0.5	False
3683	1	1	1	True
3684	1	1	1	True
3685	1	3	1	True
3686	1	5	0.3333333333333333	True
3686	2	1	0.3333333333333333	False
3686	3	3	0.3333333333333333	False
3687	1	1	1	True
3688	1	4	0.5	True
3688	2	1	0.5	False
3689	1	3	0.5	True
3689	2	4	0.5	False
3690	1	1	0.5	True
3690	2	5	0.5	False
3691	1	3	0.3333333333333333	True
3691	2	4	0.3333333333333333	False
3691	3	1	0.3333333333333333	False
3692	1	1	1	True
3693	1	5	0.5	True
3693	2	1	0.5	False
3694	1	1	1	True
3695	1	1	1	True
3696	1	1	0.5	True
3696	2	5	0.5	False
3697	1	2	1	True
3698	1	1	1	True
3699	1	1	1	True
3700	1	1	1	True
3701	1	1	1	True
3702	1	5	1	True
3703	1	1	1	True
3704	1	1	1	True
3705	1	1	1	True
3706	1	1	0.5	True
3706	2	5	0.5	False
3707	1	1	1	True
3708	1	1	1	True
3709	1	1	1	True
3710	1	1	1	True
3711	1	1	1	True
3712	1	1	1	True
3713	1	1	1	True
3714	1	1	1	True
3715	1	5	0.5	True
3715	2	3	0.5	False
3716	1	1	1	True
3717	1	5	1	True
3718	1	1	1	True
3719	1	2	0.5	True
3719	2	3	0.5	False
3720	1	5	0.5	True
3720	2	1	0.5	False
3721	1	1	1	True
3722	1	1	0.3333333333333333	True
3722	2	5	0.3333333333333333	False
3722	3	3	0.3333333333333333	False
3723	1	5	0.3333333333333333	True
3723	2	3	0.3333333333333333	False
3723	3	4	0.3333333333333333	False
3724	1	1	1	True
3725	1	4	0.5	True
3725	2	2	0.5	False
3726	1	1	1	True
3727	1	1	1	True
3728	1	1	1	True
3729	1	1	1	True
3730	1	1	1	True
3731	1	5	1	True
3732	1	3	0.5	True
3732	2	5	0.5	False
3733	1	1	1	True
3734	1	5	1	True
3735	1	2	0.5	True
3735	2	1	0.5	False
3736	1	2	0.5	True
3736	2	3	0.5	False
3737	1	1	1	True
3738	1	2	1	True
3739	1	1	1	True
3740	1	1	0.5	True
3740	2	4	0.5	False
3741	1	1	1	True
3742	1	1	0.5	True
3742	2	3	0.5	False
3743	1	1	1	True
3744	1	1	1	True
3745	1	1	1	True
3746	1	3	1	True
3747	1	1	1	True
3748	1	5	0.5	True
3748	2	1	0.5	False
3749	1	1	1	True
3750	1	1	1	True
3751	1	1	0.5	True
3751	2	2	0.5	False
3752	1	3	0.3333333333333333	True
3752	2	1	0.3333333333333333	False
3752	3	5	0.3333333333333333	False
3753	1	1	1	True
3754	1	1	1	True
3755	1	1	1	True
3756	1	1	1	True
3757	1	1	1	True
3758	1	1	1	True
3759	1	2	1	True
3760	1	1	1	True
3761	1	2	1	True
3762	1	1	1	True
3763	1	1	1	True
3764	1	1	1	True
3765	1	1	1	True
3766	1	1	1	True
3767	1	2	0.5	True
3767	2	4	0.5	False
3768	1	2	1	True
3769	1	3	1	True
3770	1	2	1	True
3771	1	1	0.5	True
3771	2	5	0.5	False
3772	1	3	1	True
3773	1	1	1	True
3774	1	1	1	True
3775	1	2	1	True
3776	1	4	0.5	True
3776	2	2	0.5	False
3777	1	1	1	True
3778	1	1	1	True
3779	1	2	1	True
3780	1	1	1	True
3781	1	4	1	True
3782	1	1	1	True
3783	1	1	1	True
3784	1	1	1	True
3785	1	4	0.5	True
3785	2	5	0.5	False
3786	1	1	1	True
3787	1	1	1	True
3788	1	1	1	True
3789	1	1	1	True
3790	1	3	0.3333333333333333	True
3790	2	4	0.3333333333333333	False
3790	3	1	0.3333333333333333	False
3791	1	2	1	True
3792	1	2	0.5	True
3792	2	3	0.5	False
3793	1	4	0.5	True
3793	2	3	0.5	False
3794	1	1	1	True
3795	1	1	1	True
3796	1	2	1	True
3797	1	2	0.3333333333333333	True
3797	2	1	0.3333333333333333	False
3797	3	5	0.3333333333333333	False
3798	1	2	0.5	True
3798	2	4	0.5	False
3799	1	1	1	True
3800	1	4	0.3333333333333333	True
3800	2	1	0.3333333333333333	False
3800	3	3	0.3333333333333333	False
3801	1	1	0.5	True
3801	2	4	0.5	False
3802	1	1	1	True
3803	1	1	1	True
3804	1	5	0.5	True
3804	2	1	0.5	False
3805	1	1	0.5	True
3805	2	2	0.5	False
3806	1	1	0.5	True
3806	2	5	0.5	False
3807	1	1	1	True
3808	1	3	0.5	True
3808	2	1	0.5	False
3809	1	1	1	True
3810	1	1	1	True
3811	1	1	0.3333333333333333	True
3811	2	4	0.3333333333333333	False
3811	3	3	0.3333333333333333	False
3812	1	1	0.5	True
3812	2	5	0.5	False
3813	1	2	1	True
3814	1	1	1	True
3815	1	1	1	True
3816	1	5	0.5	True
3816	2	1	0.5	False
3817	1	2	0.5	True
3817	2	4	0.5	False
3818	1	1	1	True
3819	1	1	1	True
3820	1	5	0.5	True
3820	2	3	0.5	False
3821	1	1	1	True
3822	1	1	1	True
3823	1	1	1	True
3824	1	1	1	True
3825	1	1	1	True
3826	1	1	1	True
3827	1	5	0.3333333333333333	True
3827	2	1	0.3333333333333333	False
3827	3	3	0.3333333333333333	False
3828	1	2	0.5	True
3828	2	4	0.5	False
3829	1	1	1	True
3830	1	1	1	True
3831	1	1	0.5	True
3831	2	4	0.5	False
3832	1	5	1	True
3833	1	3	1	True
3834	1	2	1	True
3835	1	1	1	True
3836	1	1	0.5	True
3836	2	5	0.5	False
3837	1	1	1	True
3838	1	1	0.5	True
3838	2	4	0.5	False
3839	1	1	1	True
3840	1	1	0.5	True
3840	2	5	0.5	False
3841	1	1	1	True
3842	1	1	1	True
3843	1	1	1	True
3844	1	1	1	True
3845	1	1	1	True
3846	1	2	0.5	True
3846	2	4	0.5	False
3847	1	1	1	True
3848	1	1	1	True
3849	1	2	0.5	True
3849	2	4	0.5	False
3850	1	1	1	True
3851	1	1	1	True
3852	1	3	1	True
3853	1	1	1	True
3854	1	5	0.3333333333333333	True
3854	2	1	0.3333333333333333	False
3854	3	4	0.3333333333333333	False
3855	1	5	0.5	True
3855	2	3	0.5	False
3856	1	3	0.5	True
3856	2	4	0.5	False
3857	1	1	0.5	True
3857	2	3	0.5	False
3858	1	3	0.5	True
3858	2	5	0.5	False
3859	1	3	1	True
3860	1	1	1	True
3861	1	1	0.5	True
3861	2	2	0.5	False
3862	1	3	0.5	True
3862	2	5	0.5	False
3863	1	1	1	True
3864	1	1	1	True
3865	1	1	1	True
3866	1	2	1	True
3867	1	1	1	True
3868	1	1	1	True
3869	1	3	0.5	True
3869	2	2	0.5	False
3870	1	1	1	True
3871	1	3	0.5	True
3871	2	2	0.5	False
3872	1	1	1	True
3873	1	1	0.5	True
3873	2	5	0.5	False
3874	1	1	0.5	True
3874	2	5	0.5	False
3875	1	1	1	True
3876	1	3	1	True
3877	1	1	1	True
3878	1	2	1	True
3879	1	1	1	True
3880	1	1	1	True
3881	1	1	1	True
3882	1	5	0.5	True
3882	2	3	0.5	False
3883	1	1	0.5	True
3883	2	2	0.5	False
3884	1	1	1	True
3885	1	3	1	True
3886	1	1	0.5	True
3886	2	5	0.5	False
3887	1	1	1	True
3888	1	1	1	True
3889	1	3	0.5	True
3889	2	5	0.5	False
3890	1	4	0.5	True
3890	2	5	0.5	False
3891	1	3	0.5	True
3891	2	5	0.5	False
3892	1	4	1	True
3893	1	1	1	True
3894	1	1	1	True
3895	1	1	1	True
3896	1	1	0.5	True
3896	2	2	0.5	False
3897	1	1	1	True
3898	1	1	0.5	True
3898	2	5	0.5	False
3899	1	4	0.5	True
3899	2	1	0.5	False
3900	1	1	1	True
3901	1	1	1	True
3902	1	1	1	True
3903	1	1	0.5	True
3903	2	5	0.5	False
3904	1	1	0.5	True
3904	2	5	0.5	False
3905	1	5	1	True
3906	1	1	1	True
3907	1	1	1	True
3908	1	1	1	True
3909	1	4	0.5	True
3909	2	5	0.5	False
3910	1	1	0.5	True
3910	2	5	0.5	False
3911	1	1	1	True
3912	1	1	1	True
3913	1	1	0.5	True
3913	2	5	0.5	False
3914	1	1	1	True
3915	1	1	0.5	True
3915	2	2	0.5	False
3916	1	1	0.5	True
3916	2	4	0.5	False
3917	1	3	1	True
3918	1	5	1	True
3919	1	2	0.5	True
3919	2	4	0.5	False
3920	1	1	0.5	True
3920	2	4	0.5	False
3921	1	2	0.5	True
3921	2	3	0.5	False
3922	1	1	1	True
3923	1	3	0.5	True
3923	2	4	0.5	False
3924	1	5	1	True
3925	1	3	1	True
3926	1	1	1	True
3927	1	1	1	True
3928	1	3	1	True
3929	1	1	1	True
3930	1	1	1	True
3931	1	1	1	True
3932	1	1	1	True
3933	1	1	1	True
3934	1	1	0.5	True
3934	2	4	0.5	False
3935	1	5	0.5	True
3935	2	1	0.5	False
3936	1	1	1	True
3937	1	1	0.3333333333333333	True
3937	2	2	0.3333333333333333	False
3937	3	5	0.3333333333333333	False
3938	1	1	1	True
3939	1	4	0.5	True
3939	2	1	0.5	False
3940	1	1	1	True
3941	1	3	0.5	True
3941	2	1	0.5	False
3942	1	1	1	True
3943	1	2	0.3333333333333333	True
3943	2	4	0.3333333333333333	False
3943	3	3	0.3333333333333333	False
3944	1	2	0.5	True
3944	2	1	0.5	False
3945	1	1	1	True
3946	1	2	1	True
3947	1	1	1	True
3948	1	1	1	True
3949	1	1	1	True
3950	1	4	1	True
3951	1	3	1	True
3952	1	1	1	True
3953	1	2	0.5	True
3953	2	1	0.5	False
3954	1	5	0.5	True
3954	2	3	0.5	False
3955	1	5	0.5	True
3955	2	3	0.5	False
3956	1	1	1	True
3957	1	1	1	True
3958	1	1	1	True
3959	1	1	1	True
3960	1	2	0.5	True
3960	2	1	0.5	False
3961	1	1	0.5	True
3961	2	4	0.5	False
3962	1	2	1	True
3963	1	1	1	True
3964	1	1	0.5	True
3964	2	5	0.5	False
3965	1	3	1	True
3966	1	2	1	True
3967	1	1	0.5	True
3967	2	4	0.5	False
3968	1	1	1	True
3969	1	1	1	True
3970	1	2	1	True
3971	1	3	1	True
3972	1	1	1	True
3973	1	1	1	True
3974	1	1	1	True
3975	1	1	1	True
3976	1	5	0.5	True
3976	2	1	0.5	False
3977	1	1	1	True
3978	1	1	1	True
3979	1	1	1	True
3980	1	1	1	True
3981	1	1	1	True
3982	1	1	1	True
3983	1	5	1	True
3984	1	2	0.5	True
3984	2	1	0.5	False
3985	1	1	1	True
3986	1	2	0.5	True
3986	2	1	0.5	False
3987	1	1	1	True
3988	1	1	1	True
3989	1	1	1	True
3990	1	3	0.3333333333333333	True
3990	2	1	0.3333333333333333	False
3990	3	5	0.3333333333333333	False
3991	1	2	1	True
3992	1	4	0.5	True
3992	2	2	0.5	False
3993	1	1	1	True
3994	1	1	1	True
3995	1	1	1	True
3996	1	1	1	True
3997	1	1	0.5	True
3997	2	4	0.5	False
3998	1	1	1	True
3999	1	5	1	True
4000	1	1	1	True
4001	1	1	1	True
4002	1	1	0.5	True
4002	2	5	0.5	False
4003	1	1	1	True
4004	1	1	1	True
4005	1	1	1	True
4006	1	1	1	True
4007	1	1	1	True
4008	1	1	1	True
4009	1	4	1	True
4010	1	4	0.5	True
4010	2	1	0.5	False
4011	1	5	0.5	True
4011	2	3	0.5	False
4012	1	1	1	True
4013	1	1	1	True
4014	1	1	0.5	True
4014	2	5	0.5	False
4015	1	2	1	True
4016	1	1	1	True
4017	1	1	1	True
4018	1	4	1	True
4019	1	1	1	True
4020	1	1	0.5	True
4020	2	2	0.5	False
4021	1	1	1	True
4022	1	1	1	True
4023	1	1	1	True
4024	1	1	1	True
4025	1	5	0.5	True
4025	2	1	0.5	False
4026	1	1	1	True
4027	1	1	1	True
4028	1	2	1	True
4029	1	1	1	True
4030	1	1	1	True
4031	1	1	1	True
4032	1	1	1	True
4033	1	1	1	True
4034	1	2	0.5	True
4034	2	1	0.5	False
4035	1	1	1	True
4036	1	1	1	True
4037	1	1	1	True
4038	1	1	1	True
4039	1	4	1	True
4040	1	1	0.5	True
4040	2	2	0.5	False
4041	1	1	1	True
4042	1	5	1	True
4043	1	1	0.5	True
4043	2	2	0.5	False
4044	1	1	0.5	True
4044	2	2	0.5	False
4045	1	1	1	True
4046	1	1	1	True
4047	1	4	1	True
4048	1	4	1	True
4049	1	4	1	True
4050	1	4	1	True
4051	1	1	1	True
4052	1	1	1	True
4053	1	4	0.5	True
4053	2	2	0.5	False
4054	1	4	0.5	True
4054	2	2	0.5	False
4055	1	1	1	True
4056	1	5	0.5	True
4056	2	1	0.5	False
4057	1	2	1	True
4058	1	1	0.3333333333333333	True
4058	2	5	0.3333333333333333	False
4058	3	3	0.3333333333333333	False
4059	1	1	1	True
4060	1	1	1	True
4061	1	1	1	True
4062	1	1	1	True
4063	1	1	1	True
4064	1	1	0.5	True
4064	2	5	0.5	False
4065	1	2	0.5	True
4065	2	4	0.5	False
4066	1	1	1	True
4067	1	5	1	True
4068	1	3	1	True
4069	1	5	0.5	True
4069	2	4	0.5	False
4070	1	1	1	True
4071	1	1	1	True
4072	1	2	1	True
4073	1	1	1	True
4074	1	5	0.5	True
4074	2	1	0.5	False
4075	1	1	1	True
4076	1	3	1	True
4077	1	1	1	True
4078	1	2	1	True
4079	1	1	1	True
4080	1	1	1	True
4081	1	1	1	True
4082	1	5	0.3333333333333333	True
4082	2	3	0.3333333333333333	False
4082	3	1	0.3333333333333333	False
4083	1	5	1	True
4084	1	1	1	True
4085	1	1	1	True
4086	1	1	1	True
4087	1	1	1	True
4088	1	1	1	True
4089	1	3	0.5	True
4089	2	1	0.5	False
4090	1	1	0.5	True
4090	2	2	0.5	False
4091	1	5	0.3333333333333333	True
4091	2	3	0.3333333333333333	False
4091	3	1	0.3333333333333333	False
4092	1	1	1	True
4093	1	2	0.5	True
4093	2	1	0.5	False
4094	1	1	1	True
4095	1	1	1	True
4096	1	3	1	True
4097	1	1	1	True
4098	1	5	1	True
4099	1	3	1	True
4100	1	1	1	True
4101	1	1	1	True
4102	1	1	1	True
4103	1	1	1	True
4104	1	1	1	True
4105	1	1	1	True
4106	1	3	1	True
4107	1	1	1	True
4108	1	1	1	True
4109	1	1	1	True
4110	1	1	1	True
4111	1	1	0.5	True
4111	2	5	0.5	False
4112	1	1	1	True
4113	1	1	1	True
4114	1	1	1	True
4115	1	1	1	True
4116	1	1	1	True
4117	1	3	0.5	True
4117	2	5	0.5	False
4118	1	1	0.5	True
4118	2	2	0.5	False
4119	1	1	0.5	True
4119	2	4	0.5	False
4120	1	4	0.3333333333333333	True
4120	2	2	0.3333333333333333	False
4120	3	3	0.3333333333333333	False
4121	1	1	1	True
4122	1	1	1	True
4123	1	1	1	True
4124	1	1	1	True
4125	1	1	1	True
4126	1	2	1	True
4127	1	4	1	True
4128	1	3	1	True
4129	1	1	1	True
4130	1	1	1	True
4131	1	1	1	True
4132	1	1	1	True
4133	1	1	1	True
4134	1	1	0.5	True
4134	2	2	0.5	False
4135	1	2	1	True
4136	1	1	0.5	True
4136	2	2	0.5	False
4137	1	4	1	True
4138	1	1	0.3333333333333333	True
4138	2	3	0.3333333333333333	False
4138	3	5	0.3333333333333333	False
4139	1	1	0.5	True
4139	2	5	0.5	False
4140	1	1	1	True
4141	1	1	1	True
4142	1	1	1	True
4143	1	1	1	True
4144	1	2	1	True
4145	1	1	1	True
4146	1	3	0.5	True
4146	2	4	0.5	False
4147	1	1	1	True
4148	1	1	1	True
4149	1	1	1	True
4150	1	3	0.3333333333333333	True
4150	2	4	0.3333333333333333	False
4150	3	2	0.3333333333333333	False
4151	1	1	1	True
4152	1	1	1	True
4153	1	1	1	True
4154	1	1	1	True
4155	1	5	0.5	True
4155	2	1	0.5	False
4156	1	3	1	True
4157	1	4	1	True
4158	1	3	0.5	True
4158	2	5	0.5	False
4159	1	1	1	True
4160	1	4	0.5	True
4160	2	1	0.5	False
4161	1	1	1	True
4162	1	1	1	True
4163	1	5	0.5	True
4163	2	3	0.5	False
4164	1	3	0.3333333333333333	True
4164	2	4	0.3333333333333333	False
4164	3	1	0.3333333333333333	False
4165	1	2	1	True
4166	1	1	1	True
4167	1	1	1	True
4168	1	1	1	True
4169	1	1	1	True
4170	1	1	1	True
4171	1	1	1	True
4172	1	1	1	True
4173	1	1	1	True
4174	1	5	0.5	True
4174	2	1	0.5	False
4175	1	5	0.5	True
4175	2	1	0.5	False
4176	1	1	1	True
4177	1	4	1	True
4178	1	1	0.5	True
4178	2	4	0.5	False
4179	1	1	0.5	True
4179	2	4	0.5	False
4180	1	1	1	True
4181	1	1	1	True
4182	1	1	0.5	True
4182	2	5	0.5	False
4183	1	1	1	True
4184	1	3	1	True
4185	1	1	1	True
4186	1	1	1	True
4187	1	1	0.5	True
4187	2	5	0.5	False
4188	1	1	1	True
4189	1	5	0.5	True
4189	2	2	0.5	False
4190	1	1	1	True
4191	1	1	1	True
4192	1	1	1	True
4193	1	1	1	True
4194	1	2	1	True
4195	1	1	1	True
4196	1	1	1	True
4197	1	1	1	True
4198	1	1	1	True
4199	1	1	1	True
4200	1	1	1	True
4201	1	1	1	True
4202	1	1	1	True
4203	1	1	1	True
4204	1	3	1	True
4205	1	1	1	True
4206	1	1	1	True
4207	1	1	1	True
4208	1	1	1	True
4209	1	1	0.5	True
4209	2	2	0.5	False
4210	1	1	1	True
4211	1	1	1	True
4212	1	2	1	True
4213	1	1	1	True
4214	1	3	0.5	True
4214	2	5	0.5	False
4215	1	3	1	True
4216	1	1	0.5	True
4216	2	5	0.5	False
4217	1	1	1	True
4218	1	1	1	True
4219	1	1	1	True
4220	1	1	0.5	True
4220	2	2	0.5	False
4221	1	1	1	True
4222	1	1	0.5	True
4222	2	5	0.5	False
4223	1	1	1	True
4224	1	4	0.3333333333333333	True
4224	2	3	0.3333333333333333	False
4224	3	1	0.3333333333333333	False
4225	1	5	1	True
4226	1	1	1	True
4227	1	1	1	True
4228	1	1	0.5	True
4228	2	5	0.5	False
4229	1	1	1	True
4230	1	1	1	True
4231	1	1	1	True
4232	1	1	1	True
4233	1	1	1	True
4234	1	1	1	True
4235	1	1	1	True
4236	1	1	0.5	True
4236	2	5	0.5	False
4237	1	1	1	True
4238	1	1	1	True
4239	1	1	1	True
4240	1	1	1	True
4241	1	1	1	True
4242	1	1	1	True
4243	1	1	1	True
4244	1	1	1	True
4245	1	2	1	True
4246	1	1	1	True
4247	1	1	1	True
4248	1	1	1	True
4249	1	3	0.3333333333333333	True
4249	2	4	0.3333333333333333	False
4249	3	5	0.3333333333333333	False
4250	1	5	0.3333333333333333	True
4250	2	1	0.3333333333333333	False
4250	3	3	0.3333333333333333	False
4251	1	1	1	True
4252	1	1	1	True
4253	1	1	1	True
4254	1	5	0.5	True
4254	2	1	0.5	False
4255	1	1	1	True
4256	1	1	0.5	True
4256	2	4	0.5	False
4257	1	5	0.5	True
4257	2	3	0.5	False
4258	1	1	1	True
4259	1	1	1	True
4260	1	1	0.5	True
4260	2	5	0.5	False
4261	1	1	0.5	True
4261	2	4	0.5	False
4262	1	5	0.5	True
4262	2	3	0.5	False
4263	1	1	1	True
4264	1	1	1	True
4265	1	1	0.5	True
4265	2	2	0.5	False
4266	1	1	1	True
4267	1	1	1	True
4268	1	1	1	True
4269	1	1	0.5	True
4269	2	4	0.5	False
4270	1	5	0.5	True
4270	2	3	0.5	False
4271	1	1	1	True
4272	1	1	1	True
4273	1	1	1	True
4274	1	1	1	True
4275	1	1	0.5	True
4275	2	2	0.5	False
4276	1	5	0.5	True
4276	2	3	0.5	False
4277	1	1	1	True
4278	1	1	1	True
4279	1	1	1	True
4280	1	5	0.5	True
4280	2	1	0.5	False
4281	1	1	1	True
4282	1	1	1	True
4283	1	1	1	True
4284	1	1	1	True
4285	1	2	0.3333333333333333	True
4285	2	3	0.3333333333333333	False
4285	3	4	0.3333333333333333	False
4286	1	2	1	True
4287	1	1	1	True
4288	1	1	1	True
4289	1	1	1	True
4290	1	1	1	True
4291	1	1	1	True
4292	1	1	1	True
4293	1	1	1	True
4294	1	1	1	True
4295	1	1	1	True
4296	1	1	0.5	True
4296	2	4	0.5	False
4297	1	2	0.3333333333333333	True
4297	2	4	0.3333333333333333	False
4297	3	3	0.3333333333333333	False
4298	1	1	1	True
4299	1	1	0.5	True
4299	2	3	0.5	False
4300	1	1	1	True
4301	1	1	1	True
4302	1	1	1	True
4303	1	3	1	True
4304	1	5	0.5	True
4304	2	3	0.5	False
4305	1	1	1	True
4306	1	1	0.3333333333333333	True
4306	2	3	0.3333333333333333	False
4306	3	5	0.3333333333333333	False
4307	1	1	1	True
4308	1	1	1	True
4309	1	1	1	True
4310	1	4	0.5	True
4310	2	1	0.5	False
4311	1	1	0.5	True
4311	2	3	0.5	False
4312	1	1	1	True
4313	1	2	0.5	True
4313	2	1	0.5	False
4314	1	1	1	True
4315	1	1	1	True
4316	1	1	0.5	True
4316	2	2	0.5	False
4317	1	1	1	True
4318	1	3	1	True
4319	1	5	1	True
4320	1	5	0.5	True
4320	2	1	0.5	False
4321	1	1	1	True
4322	1	1	1	True
4323	1	4	0.5	True
4323	2	1	0.5	False
4324	1	4	0.5	True
4324	2	2	0.5	False
4325	1	1	1	True
4326	1	2	1	True
4327	1	3	1	True
4328	1	1	1	True
4329	1	1	0.5	True
4329	2	4	0.5	False
4330	1	1	0.5	True
4330	2	5	0.5	False
4331	1	2	0.5	True
4331	2	3	0.5	False
4332	1	1	1	True
4333	1	2	0.5	True
4333	2	1	0.5	False
4334	1	1	1	True
4335	1	1	0.5	True
4335	2	5	0.5	False
4336	1	1	0.5	True
4336	2	4	0.5	False
4337	1	1	1	True
4338	1	1	1	True
4339	1	5	1	True
4340	1	1	1	True
4341	1	1	1	True
4342	1	1	1	True
4343	1	1	1	True
4344	1	2	1	True
4345	1	1	0.5	True
4345	2	5	0.5	False
4346	1	1	1	True
4347	1	5	0.5	True
4347	2	1	0.5	False
4348	1	1	1	True
4349	1	1	1	True
4350	1	1	1	True
4351	1	5	0.5	True
4351	2	1	0.5	False
4352	1	1	1	True
4353	1	5	1	True
4354	1	1	1	True
4355	1	1	1	True
4356	1	1	1	True
4357	1	1	1	True
4358	1	2	0.5	True
4358	2	1	0.5	False
4359	1	1	0.5	True
4359	2	4	0.5	False
4360	1	2	0.5	True
4360	2	4	0.5	False
4361	1	1	1	True
4362	1	1	1	True
4363	1	3	1	True
4364	1	2	1	True
4365	1	4	1	True
4366	1	1	1	True
4367	1	1	0.5	True
4367	2	4	0.5	False
4368	1	5	0.3333333333333333	True
4368	2	3	0.3333333333333333	False
4368	3	1	0.3333333333333333	False
4369	1	1	0.5	True
4369	2	5	0.5	False
4370	1	1	1	True
4371	1	1	1	True
4372	1	1	0.5	True
4372	2	4	0.5	False
4373	1	1	1	True
4374	1	1	0.5	True
4374	2	5	0.5	False
4375	1	1	1	True
4376	1	1	1	True
4377	1	1	1	True
4378	1	4	0.5	True
4378	2	2	0.5	False
4379	1	1	1	True
4380	1	1	1	True
4381	1	1	0.5	True
4381	2	5	0.5	False
4382	1	3	1	True
4383	1	1	1	True
4384	1	2	0.5	True
4384	2	1	0.5	False
4385	1	1	1	True
4386	1	1	1	True
4387	1	1	0.5	True
4387	2	5	0.5	False
4388	1	1	1	True
4389	1	1	1	True
4390	1	1	1	True
4391	1	4	1	True
4392	1	3	0.5	True
4392	2	5	0.5	False
4393	1	2	1	True
4394	1	1	0.5	True
4394	2	5	0.5	False
4395	1	1	1	True
4396	1	1	0.5	True
4396	2	2	0.5	False
4397	1	1	1	True
4398	1	1	1	True
4399	1	4	1	True
4400	1	2	0.3333333333333333	True
4400	2	5	0.3333333333333333	False
4400	3	1	0.3333333333333333	False
4401	1	1	1	True
4402	1	1	1	True
4403	1	1	1	True
4404	1	1	1	True
4405	1	1	0.5	True
4405	2	4	0.5	False
4406	1	1	0.5	True
4406	2	5	0.5	False
4407	1	2	0.5	True
4407	2	1	0.5	False
4408	1	1	0.5	True
4408	2	4	0.5	False
4409	1	1	1	True
4410	1	5	0.3333333333333333	True
4410	2	3	0.3333333333333333	False
4410	3	1	0.3333333333333333	False
4411	1	1	1	True
4412	1	3	0.5	True
4412	2	5	0.5	False
4413	1	5	0.5	True
4413	2	1	0.5	False
4414	1	1	0.5	True
4414	2	5	0.5	False
4415	1	2	1	True
4416	1	1	1	True
4417	1	1	1	True
4418	1	1	1	True
4419	1	1	0.5	True
4419	2	5	0.5	False
4420	1	5	0.3333333333333333	True
4420	2	3	0.3333333333333333	False
4420	3	1	0.3333333333333333	False
4421	1	1	1	True
4422	1	1	1	True
4423	1	5	0.5	True
4423	2	3	0.5	False
4424	1	1	1	True
4425	1	1	1	True
4426	1	1	1	True
4427	1	5	0.5	True
4427	2	1	0.5	False
4428	1	3	0.5	True
4428	2	4	0.5	False
4429	1	1	1	True
4430	1	1	0.5	True
4430	2	5	0.5	False
4431	1	1	0.5	True
4431	2	5	0.5	False
4432	1	1	1	True
4433	1	1	1	True
4434	1	1	1	True
4435	1	1	0.5	True
4435	2	5	0.5	False
4436	1	1	1	True
4437	1	1	0.5	True
4437	2	2	0.5	False
4438	1	5	0.3333333333333333	True
4438	2	3	0.3333333333333333	False
4438	3	4	0.3333333333333333	False
4439	1	1	1	True
4440	1	1	1	True
4441	1	1	1	True
4442	1	1	1	True
4443	1	1	1	True
4444	1	5	0.5	True
4444	2	3	0.5	False
4445	1	3	1	True
4446	1	3	0.5	True
4446	2	5	0.5	False
4447	1	1	1	True
4448	1	1	1	True
4449	1	1	1	True
4450	1	1	1	True
4451	1	1	1	True
4452	1	1	1	True
4453	1	1	1	True
4454	1	3	1	True
4455	1	5	0.5	True
4455	2	1	0.5	False
4456	1	3	0.3333333333333333	True
4456	2	5	0.3333333333333333	False
4456	3	1	0.3333333333333333	False
4457	1	1	1	True
4458	1	1	1	True
4459	1	3	1	True
4460	1	1	1	True
4461	1	4	0.3333333333333333	True
4461	2	1	0.3333333333333333	False
4461	3	2	0.3333333333333333	False
4462	1	1	1	True
4463	1	2	0.5	True
4463	2	1	0.5	False
4464	1	1	1	True
4465	1	1	1	True
4466	1	1	1	True
4467	1	1	1	True
4468	1	4	1	True
4469	1	1	1	True
4470	1	5	1	True
4471	1	1	1	True
4472	1	1	0.5	True
4472	2	4	0.5	False
4473	1	1	1	True
4474	1	5	0.5	True
4474	2	3	0.5	False
4475	1	1	1	True
4476	1	1	1	True
4477	1	1	1	True
4478	1	2	0.5	True
4478	2	4	0.5	False
4479	1	3	0.5	True
4479	2	4	0.5	False
4480	1	1	1	True
4481	1	1	1	True
4482	1	1	1	True
4483	1	1	1	True
4484	1	1	0.5	True
4484	2	5	0.5	False
4485	1	1	1	True
4486	1	2	1	True
4487	1	1	1	True
4488	1	3	0.3333333333333333	True
4488	2	2	0.3333333333333333	False
4488	3	4	0.3333333333333333	False
4489	1	1	1	True
4490	1	1	1	True
4491	1	1	1	True
4492	1	1	1	True
4493	1	1	1	True
4494	1	1	1	True
4495	1	2	0.5	True
4495	2	1	0.5	False
4496	1	1	1	True
4497	1	1	1	True
4498	1	1	1	True
4499	1	4	0.5	True
4499	2	1	0.5	False
4500	1	5	0.5	True
4500	2	1	0.5	False
4501	1	1	1	True
4502	1	5	1	True
4503	1	1	1	True
4504	1	1	1	True
4505	1	4	0.5	True
4505	2	2	0.5	False
4506	1	1	1	True
4507	1	1	1	True
4508	1	1	1	True
4509	1	1	0.5	True
4509	2	5	0.5	False
4510	1	5	0.5	True
4510	2	2	0.5	False
4511	1	1	1	True
4512	1	1	0.5	True
4512	2	5	0.5	False
4513	1	1	1	True
4514	1	1	0.5	True
4514	2	2	0.5	False
4515	1	1	1	True
4516	1	1	1	True
4517	1	1	1	True
4518	1	1	1	True
4519	1	1	1	True
4520	1	1	1	True
4521	1	2	0.5	True
4521	2	4	0.5	False
